210MfSKGtOL,376,500,06/06582a57.jpg
215t48tHnyL,500,376,06/065d24e5.jpg
217e6WfO3DL,376,500,06/06a3e66b.jpg
21Vgz40arJL,500,375,06/06d0037a.jpg
21c3Pm6ZbXL,58,500,06/06558ceb.jpg
21d7xPtiy+L,500,375,06/0686d641.jpg
31+c8Y+pKaL,65,500,06/06aabb61.jpg
31+yy5J6bHL,500,375,06/06c6cc2f.jpg
31-Svzdpk0L,140,500,06/064bd46c.jpg
310J0I2iLQL,376,500,06/060ca377.jpg
3124RhMNH-L,500,375,06/06878f6a.jpg
318OM1wv5wL,500,375,06/068bc373.jpg
31BvgeHDxNL,500,375,06/064fe98f.jpg
31Dx31vRSuL,500,375,06/06f8f5f7.jpg
31Gsrjx3vkL,500,500,06/066c4f52.jpg
31MT+R2582L,500,164,06/06d74f7b.jpg
31O3TO+AbKL,500,500,06/06304487.jpg
31OZuGQOGLL,500,375,06/0677ccc4.jpg
31QB0jQ3giL,500,375,06/063985be.jpg
31QVQ5awzhL,500,375,06/06f68cc5.jpg
31S2egKp9tL,500,375,06/0622dd75.jpg
31Xp3BoWWFL,500,375,06/06f9eecc.jpg
31YM7dIGtML,500,375,06/06e5c488.jpg
31YyWtR4sXL,500,375,06/068ddc12.jpg
31ZmjDNcQgL,500,375,06/06e47b51.jpg
31cQWn0KIlL,500,375,06/0635c82a.jpg
31hhAMh8dSL,500,500,06/06230fa5.jpg
31hx6WVrAuL,81,500,06/06423ff5.jpg
31jZypfsqgL,500,375,06/06f70aa3.jpg
31jjZ5Fc6uL,500,375,06/06d3202b.jpg
31thKrh2p6L,500,375,06/06cfa151.jpg
41-CJnRB7rL,1000,1000,06/0616d610.jpg
412aTCSYhEL,1000,1000,06/0665a8fe.jpg
4134uZz211L,1000,1000,06/06d57874.jpg
416Krk-BJPL,1000,1000,06/06b33403.jpg
41727PKBSVL,500,500,06/06b3c5c6.jpg
417UUlMThJL,1000,1000,06/06642c85.jpg
418lgjFkuvL,1200,1200,06/060cb36b.jpg
419IT4S4LJL,1000,1000,06/06d11a04.jpg
41BACH8kWAL,500,500,06/0636f0a0.jpg
41BKu8PIbfL,500,500,06/0679f409.jpg
41BoSIIhTpL,500,359,06/06087bd7.jpg
41CN7D43MPL,306,500,06/061e208f.jpg
41DKW8UblGL,548,1148,06/06a5f54e.jpg
41DMkVh6zTL,1000,1000,06/0689474b.jpg
41EVeafYhGL,213,500,06/06984bf4.jpg
41HhGJLEp5L,338,500,06/06d5ab42.jpg
41M3nDu3OaL,1000,1000,06/0644012a.jpg
41O+RuAi6DL,115,500,06/0639b10d.jpg
41OeUMsX8hL,500,500,06/06e7730c.jpg
41PFSoocMXL,1050,295,06/06c581dd.jpg
41SGV1Vx0NL,1200,1200,06/06cf2289.jpg
41SP1mXWCLL,500,343,06/068c9685.jpg
41UmxYNRfFL,181,1160,06/069af5e5.jpg
41XF2munGWL,657,1204,06/06b33d90.jpg
41ZrYKAjyGL,1200,1200,06/069192c2.jpg
41fmV7DA0pL,500,500,06/06e16ccb.jpg
41iH1yZU4lL,1000,1000,06/06a85540.jpg
41nHDNEdaGL,1200,1200,06/06bf8815.jpg
41nm+DNqCFL,500,466,06/06f0d040.jpg
41ntfBH8U+L,1000,1000,06/066eb6d1.jpg
41qRx1WVQfL,193,500,06/06f6e0f5.jpg
41rbhMp8XYL,500,500,06/069f32c4.jpg
41tNiShhiUL,399,500,06/06f83245.jpg
41vH47vOtML,132,1231,06/0603adfa.jpg
41z8+cfUtUL,500,375,06/0640098c.jpg
41zI5bBkM0L,471,500,06/06257c19.jpg
51-UxSm4TqL,1001,1001,06/0647f685.jpg
5103jnJQ0WL,1000,1000,06/061c69c5.jpg
5107HpQx9DL,1001,1001,06/0645aa40.jpg
510DCShojuL,1444,755,06/0615431b.jpg
510OVufhjgL,1000,1000,06/06a9f909.jpg
511Eg0qFwPL,1100,1100,06/06b86d5d.jpg
511rqo10vaL,1444,755,06/068ab82c.jpg
511sA-wHNNL,500,500,06/061fd315.jpg
511yPT7HaVL,1353,1353,06/063d3e92.jpg
512tU7ozajL,500,370,06/06cae431.jpg
513+QThPwPL,1000,1000,06/06a53c43.jpg
513YKC9ObzL,1000,1000,06/06928ef3.jpg
514MpwOVYtL,1500,1500,06/065cf19d.jpg
514qAeBnpcL,1050,788,06/068a9304.jpg
515H4UxUQhL,1000,1000,06/06d97c67.jpg
515Vz5ibAdL,2268,656,06/069db13f.jpg
515c47lU7FL,1000,1000,06/0694e936.jpg
516kIoqI4EL,1000,1000,06/061d0a7b.jpg
51735jUxexL,1200,1200,06/064fd455.jpg
517KcJuyQhL,751,1000,06/06b1f59a.jpg
517S8IfrgmL,1000,1000,06/06279223.jpg
5193+L+JhxL,500,332,06/061bbc73.jpg
519nYPGX0jL,1200,1200,06/0605651e.jpg
51ASoLxYnBL,1200,1200,06/06c6b92b.jpg
51Aq19FDRyL,1000,520,06/06ff6d03.jpg
51B5yz7N+jL,1100,1100,06/06941d98.jpg
51B8l7XtOWL,1500,1500,06/065baf86.jpg
51DVMsnCI-L,1000,1000,06/06fff895.jpg
51DseQUxNUL,1000,1000,06/064a15df.jpg
51DuKpy1DCL,1500,1500,06/06da611d.jpg
51FDWED9ZKL,1500,1500,06/067cf2c9.jpg
51FGbA5HNyL,1000,219,06/060c6ca1.jpg
51FjIM9XTML,1001,1001,06/06986ac2.jpg
51FlU4f8vTL,243,500,06/069ca770.jpg
51H5MXXlThL,1000,1000,06/06d91ae2.jpg
51HffPiIVsL,1200,1200,06/061756a9.jpg
51HgQO2ATXL,375,1018,06/06b3daeb.jpg
51IoV0zha1L,1000,1000,06/06300c7b.jpg
51JLRBZodeL,1200,1200,06/063e7918.jpg
51JMnywl0uL,1000,1000,06/0696a8f5.jpg
51JoZIv9-dL,500,500,06/06c1898d.jpg
51K5xAzLfSL,1400,1400,06/0645fafb.jpg
51KGQ3k0kZL,900,1200,06/06f3e3fd.jpg
51KWYVquQoL,1200,1200,06/06ff849b.jpg
51KZUodS8ZL,1100,1100,06/0679afd4.jpg
51Kzyw14tJL,1000,1000,06/06898904.jpg
51LAXLlqveL,1022,1274,06/067949df.jpg
51LT9i6gSoL,1000,1000,06/06c80623.jpg
51LXJCpT2WL,256,500,06/06bf3135.jpg
51LpZWe+UQL,1160,1160,06/06b87514.jpg
51N2XBGk6LL,751,1024,06/06a2f2f4.jpg
51PF1SBA7tL,357,1359,06/0672be95.jpg
51PTooCPh9L,1001,1001,06/0669e216.jpg
51PWe1lJrtL,2560,549,06/066e003f.jpg
51Pd35lfeML,1200,1200,06/06c6d141.jpg
51Pdv+YZFCL,1000,1000,06/06ea88f3.jpg
51QG8WNVMyL,486,500,06/06e973e9.jpg
51RhRPlgEbL,2560,968,06/0624faf7.jpg
51T7HkJGJNL,623,2560,06/06834645.jpg
51TVVxCXQvL,1230,1050,06/06931dd5.jpg
51TgIHDbSyL,1365,1380,06/06d6f862.jpg
51Ty-BtZEHL,2560,957,06/06ad3c8a.jpg
51U2b1jx3jL,1001,1001,06/064f9239.jpg
51UMjWH65aL,1000,366,06/0643a3d8.jpg
51UQ0xIJQVL,1000,1000,06/066074f7.jpg
51V-hfNM2RL,1400,1400,06/062190d7.jpg
51V8Yx1fqBL,900,1200,06/069361bf.jpg
51Vo3EtZQtL,1010,1010,06/0612154e.jpg
51W0ZZ184ZL,1000,334,06/06455923.jpg
51Wq7GtbIZL,1000,1000,06/06226e45.jpg
51XSKQmVq0L,1000,1000,06/0649fdbe.jpg
51XoVFoaLOL,1050,1050,06/0601b21e.jpg
51YVLjuD2wL,371,500,06/06598151.jpg
51YrIUHZCIL,1210,1210,06/06f5ae79.jpg
51Z2YaRjreL,333,500,06/066894e2.jpg
51Z5irRNqdL,1000,1000,06/06066449.jpg
51Z77Csy9WL,1000,1000,06/06542a37.jpg
51a2zS3kekL,1500,1500,06/0693b9f4.jpg
51cVDRST30L,333,500,06/068eb161.jpg
51crsOWVV4L,470,1234,06/0654a616.jpg
51f+E4fQTaL,500,500,06/06d7d414.jpg
51fOMLcX2XL,1000,1000,06/06a2a4a9.jpg
51fzAOqsWRL,233,500,06/0609632e.jpg
51g7g+MYHOL,1200,1200,06/069aa418.jpg
51gUKahdhlL,183,500,06/0616fac7.jpg
51gYgiedvHL,513,1530,06/064cabd2.jpg
51h9ahsfL0L,648,1024,06/06adfd5b.jpg
51i47eOU7PL,1444,755,06/06a730ee.jpg
51iAkr998KL,1000,1000,06/06b0a08e.jpg
51nP4D6xgjL,418,1640,06/068f151a.jpg
51o1-4uFSKL,1000,1000,06/063b19aa.jpg
51oiOOAChgL,1000,1000,06/06adefed.jpg
51ovT4xqTrL,1000,1000,06/06170288.jpg
51p3-vmw9yL,1200,1200,06/06ceb7b0.jpg
51qMedesI2L,251,2560,06/06e6c4d0.jpg
51rpLiX83bL,1000,1000,06/06cedb83.jpg
51s9FvDYJhL,1100,1100,06/062ee08a.jpg
51sS+oJoUeL,1000,1000,06/064f9f64.jpg
51ssze7iyPL,1000,1000,06/06da352f.jpg
51szexpXHIL,1001,1001,06/06c04472.jpg
51tLMc9I0xL,1000,1000,06/0681474f.jpg
51tQZNNaSiL,1000,1000,06/061de5d8.jpg
51u8hFkMAfL,667,1000,06/06093d61.jpg
51uZlvWChgL,495,500,06/06d5bec8.jpg
51vz5Coj3dL,229,1000,06/0609079c.jpg
51wPFm6zlVL,737,1900,06/06aa7864.jpg
51yvIqliuUL,1001,1001,06/06d50942.jpg
51yz2eciF7L,800,1200,06/06992f7a.jpg
51z5SgPTpdL,719,1455,06/06303597.jpg
51zSmKwPIVL,500,500,06/064104a3.jpg
51zisQck7AL,1200,1200,06/061e5e1b.jpg
61+1P8QQV9L,1200,1200,06/0612abef.jpg
61+BaWq8A5L,1000,1000,06/06cd4b64.jpg
61+Cr8UyLhL,1089,262,06/06b5a351.jpg
61+GWIYgdYL,1500,1500,06/06d5c621.jpg
61+Vftrb--L,1500,1500,06/06d28087.jpg
61+ewc5uAEL,1770,1534,06/069eb477.jpg
61+qmzA2uRL,2560,2560,06/062e843a.jpg
61+v29DvWmL,2560,619,06/06f2966e.jpg
61--CPvhEVL,2200,1879,06/064269d7.jpg
61-V3jWdD+L,1500,1500,06/06df51c0.jpg
61-WsUsvJLL,500,500,06/06457bdc.jpg
61-a4q08ibL,1706,1175,06/06b3bf7d.jpg
61-i7YnsDEL,1444,755,06/0645268d.jpg
61-x-tElQPL,1314,1301,06/0657ac1c.jpg
6107jSlPUjL,1200,1200,06/06a5c9d9.jpg
6108vMPSEeL,1000,1000,06/066f39eb.jpg
610LklhkxVL,1001,1001,06/068e6b91.jpg
610NtYrBETL,1200,1200,06/0621d5b2.jpg
610R99IgvSL,1487,2560,06/0652f0eb.jpg
6113kM5hsWL,1200,1200,06/06403ad8.jpg
611ZYFpkTAL,1881,1498,06/0641c8c8.jpg
612O-7WAlPL,1316,1308,06/06e5ba55.jpg
612SD3+NYFL,1000,1000,06/06de6afa.jpg
612yLHeFv7L,2200,1879,06/06de4d39.jpg
613H4t7HzJL,1083,2362,06/0646922c.jpg
614HMVGtByL,1500,1500,06/062735ba.jpg
614MSMf6aML,2560,1950,06/066cc577.jpg
614RfD8YvkL,1131,1772,06/06c11234.jpg
614inM2oKcL,2000,2000,06/064330cf.jpg
614nWw6VoML,2000,2000,06/0661c21c.jpg
615+fb9qNAL,1315,1239,06/06dcb0e7.jpg
615-60kXR1L,2560,1933,06/064dd2a1.jpg
615aoiYFRcL,1500,1500,06/06bc5060.jpg
61674U8xY1L,2200,1879,06/0611ed4e.jpg
616LSo45FwL,1000,1000,06/068ff8e0.jpg
616eYgMZBmL,1444,755,06/06b9e916.jpg
616mM3xClPL,1000,1000,06/064d5e2d.jpg
616v3bFuV+L,1266,2439,06/06e0161f.jpg
616zKiUTtbL,528,1000,06/06165688.jpg
617G91+A-ML,2000,2000,06/06b90d29.jpg
617X1eWwTzL,432,500,06/067f6484.jpg
617drobh7fL,1500,1500,06/06ccee66.jpg
617ukku0UQL,306,1372,06/06549b3c.jpg
6183ZpX6vXL,605,1000,06/06fd6ae8.jpg
618a45DlA7L,1050,1050,06/06d309e0.jpg
618acHLr4NL,868,1368,06/066ba33d.jpg
618h5dHeigL,1707,2560,06/065f4239.jpg
618nDF7X0CL,1500,1500,06/061f8e45.jpg
618xAb0GP2L,1200,2560,06/06f5a9c2.jpg
6198QiwUgkL,2000,2000,06/0648262b.jpg
619J50T0FJL,2114,620,06/065711dd.jpg
619TU5T71fL,691,1500,06/067e7603.jpg
619ab5sn+EL,1000,1000,06/06d77007.jpg
619uS+PGfgL,1200,1200,06/06b24937.jpg
61A8X2M6+FL,1100,1100,06/06d24e9d.jpg
61ADyNjHLGL,1001,1001,06/069c49b5.jpg
61AHvugs02L,2200,1879,06/060c292c.jpg
61AJaTN9QpL,1000,1000,06/0695ee1c.jpg
61ASMo7nE9L,1100,1100,06/06a12300.jpg
61Ateswx01L,1850,594,06/06a8bc89.jpg
61B0pF-hpfL,1384,1384,06/06f8df6b.jpg
61B2N4Q3S8L,2115,2115,06/06862b23.jpg
61BUr8ZlVNL,2320,2320,06/066edcbb.jpg
61BV9W6Q8rL,1000,1000,06/06c6bf8e.jpg
61BaI9+s9YL,1100,1100,06/066c1fb7.jpg
61BaQzmPwrL,1100,1100,06/0670b30a.jpg
61BxPPqUblL,1100,1100,06/0679eb37.jpg
61CW0YjKFgL,1315,1239,06/06b7f162.jpg
61Ch+IxdShL,1200,1200,06/06eac90f.jpg
61Cmyk-MgSL,644,1500,06/06988890.jpg
61CxcY09zGS,1374,1248,06/064c14f2.jpg
61D4f3AhWUL,1200,1200,06/06678bc2.jpg
61DCj6twerL,1000,1000,06/06eee74a.jpg
61DF0Z9THGL,1444,755,06/065746ed.jpg
61DMCu2bOHL,1100,1100,06/060f48bd.jpg
61DOmAGBByL,1000,424,06/0611f2f0.jpg
61DRj1AODoL,450,500,06/06c6011e.jpg
61DfnxaN5PL,1000,1000,06/06d19a70.jpg
61DiB3b4jLL,2560,1784,06/069602ed.jpg
61DqKbqWDQL,1500,1500,06/0611b6ab.jpg
61EA+bpzpuL,1398,1398,06/06243796.jpg
61EAO9tV+bL,1000,1500,06/06970ff2.jpg
61EamUBEhyL,1200,1200,06/0689517f.jpg
61EcY69bO7L,1625,850,06/06be3fc2.jpg
61FHjgikiHL,2560,1955,06/0602f838.jpg
61FMmuyl3vL,1000,1000,06/06331e7b.jpg
61FXpD4ivUL,1500,1500,06/06b3adad.jpg
61FhILVa0zL,1000,1000,06/06c81b94.jpg
61FpMk0BVGL,2200,1879,06/06a2e71a.jpg
61FzcyuzTUL,603,1498,06/06914718.jpg
61G4GNBLC4L,1625,850,06/062809c1.jpg
61GEM6o-aiL,1200,1200,06/0685ec3c.jpg
61GJ3U-ZtlL,1100,1100,06/062fc14a.jpg
61GKyyn1HUL,1200,1200,06/065b771e.jpg
61GZCpxAV-L,1315,1239,06/06f41137.jpg
61GcNfqyoNL,2560,553,06/06d90a05.jpg
61GdhAlufOL,1000,1000,06/067417b9.jpg
61GlpwuvtJL,2000,2000,06/062cf650.jpg
61H3VTGfAwL,1001,1001,06/06a12933.jpg
61HAVrCVSmL,1500,1500,06/063b1293.jpg
61HQ5xOrZBL,2200,1879,06/064f1996.jpg
61HYefiMz7L,1100,1100,06/06ed42ff.jpg
61HwLITuyRL,2000,2000,06/063bed47.jpg
61I+jrO+dFL,1000,1000,06/061f1422.jpg
61I8mf5GbsL,1353,2213,06/06afacd9.jpg
61IGLqlyYDL,1495,2560,06/0698a31e.jpg
61Ibmn0aJQL,555,1305,06/06f4e0dd.jpg
61Id9Gju2jL,1000,1000,06/064597d9.jpg
61IwUZVAI-L,1694,1694,06/063c9301.jpg
61J1Xu2IHjL,1707,2560,06/06ca4a95.jpg
61J48Edl3eL,435,2560,06/06a0928a.jpg
61JWnFQfYwL,1001,1001,06/06ab3f38.jpg
61Jnlt9T+eL,1100,1100,06/06303273.jpg
61KkcAo3A9L,1001,1001,06/0664046e.jpg
61Ko2FgUkxL,1000,1000,06/060fd718.jpg
61LBlXaFerL,1529,1529,06/06db7290.jpg
61LlgjTJYrL,1415,1293,06/06721f0c.jpg
61LrcEqoXxL,1200,1200,06/06a0266a.jpg
61MANfV3RtL,1500,1500,06/06a66fe2.jpg
61MY7BdvYwL,2200,1879,06/066227f1.jpg
61MuRaaUwNL,1200,1200,06/06b3dee0.jpg
61NAOg5O6hL,1200,1200,06/06e31382.jpg
61NaY2RFNgL,506,2560,06/069aa84c.jpg
61NccX3xl+L,598,2560,06/061cc85e.jpg
61O1kdmcGEL,2200,1879,06/06915fb8.jpg
61OE9vuRy9L,1100,1100,06/0666d755.jpg
61OLm+g-nHL,1907,1907,06/062e224e.jpg
61OMP42eWAL,274,1201,06/066c4e79.jpg
61OuW5NDAoL,1707,2560,06/06047c35.jpg
61PBPJVKhiL,1444,755,06/06852869.jpg
61PBVlb8mZL,1000,527,06/0669522e.jpg
61PEeVxaszL,2200,1879,06/065e5d88.jpg
61PSj2wRVtL,1008,911,06/06a76a72.jpg
61QC8oONrRL,2560,1739,06/06905a01.jpg
61QIYs5FoqL,272,2019,06/06e6048a.jpg
61QeSSODwtL,2200,1879,06/0612ec26.jpg
61QvUKvqFWL,1200,1200,06/060e09f1.jpg
61R5xJ-UJvL,2039,667,06/06046437.jpg
61R7y3wgFML,1555,2560,06/066e5027.jpg
61S1WkYIZ8L,2200,1879,06/06923fa8.jpg
61SATrMZt2L,1800,1114,06/066f4f12.jpg
61SFs0EmfHL,1618,1618,06/06537ca3.jpg
61SPxJvNt2L,1000,1000,06/065d7ce8.jpg
61SrEvPKvbL,1000,576,06/068ff45e.jpg
61SwtjEkSfL,1316,1308,06/06538e1a.jpg
61T9lbND2TL,1000,1000,06/0697fe17.jpg
61TZ0Vl5xSL,1000,1000,06/06876081.jpg
61Tbo4SoVfL,1126,1500,06/0606a164.jpg
61TqMfky0SL,797,2560,06/063833ff.jpg
61Tv1yPwSIL,1500,1500,06/06d6bc13.jpg
61U0WufZHQL,2200,1879,06/066a9cc7.jpg
61U3rFLYT9L,1000,1000,06/0689aae1.jpg
61UcqwyAj1L,1000,1000,06/068acd9e.jpg
61UggqUgFpL,2000,2000,06/06349cb7.jpg
61V0E9yfYtL,1115,580,06/06bf28c3.jpg
61V28UeH0YL,1000,1000,06/06b39bdb.jpg
61VTr4bSAVL,1200,1464,06/062a8c98.jpg
61Vi5cPgzOL,1123,2000,06/064228f4.jpg
61Vl2Deo-PL,2560,908,06/06c68480.jpg
61Vu9lYtBfL,2200,1879,06/06877b69.jpg
61W63RJfqjL,1316,1308,06/06220552.jpg
61WDsYuhRWL,1100,1100,06/06d01292.jpg
61WOi-3RoeL,1080,1410,06/06e69486.jpg
61WawboFrkL,1000,1000,06/0683cd5e.jpg
61Wz2y2QetL,1366,1366,06/06a68ae8.jpg
61X2Oe6KRfL,1000,1000,06/067a9029.jpg
61X8Hg9Pi+L,2200,1879,06/063f5011.jpg
61XEA7X3p8L,1316,1308,06/06c790fd.jpg
61XOddD0gwL,1625,850,06/06b46070.jpg
61XW6qHgVEL,655,1000,06/06b96be3.jpg
61XaHXbnzXL,1444,755,06/063b66fa.jpg
61XbIbA7G2L,2200,1879,06/0645d178.jpg
61Y1PKpWP5L,1001,1001,06/06207e72.jpg
61YCyk27g8L,1501,1501,06/0614b9bd.jpg
61YLzMI-tyL,1984,1984,06/067f2585.jpg
61YSCh4H5FL,2200,1879,06/06a79ebd.jpg
61YYNUZDX6L,1315,1239,06/06de7d6d.jpg
61Z2vM1s8tL,1338,1338,06/060111ad.jpg
61ZHPK-Oq4L,1756,1756,06/0600483b.jpg
61ZhHuyCroL,2200,1879,06/0686308a.jpg
61Zz4yRdRvL,1376,2560,06/060d1d2d.jpg
61aI2ILVWmL,1315,1239,06/06a28247.jpg
61aSSYu0IyL,2560,1810,06/06b90e1f.jpg
61aYPSdBuGL,1024,1024,06/06e560ae.jpg
61ae1oqTcoL,1008,1500,06/0672d20f.jpg
61akNPjWxsL,1500,1000,06/06143ed6.jpg
61au-z0coIL,2200,1879,06/06992c29.jpg
61bAA4q0SnL,1000,1000,06/0642df45.jpg
61bCrbu1uNL,2000,2000,06/06ef4751.jpg
61bJryRU2KL,1444,755,06/0664be5c.jpg
61bRspAaDOL,1797,1797,06/06cf1986.jpg
61bRzjHsGgL,1316,1308,06/06336097.jpg
61biOcm7CdL,1920,2560,06/06dcee20.jpg
61bwO39yCkL,1000,1000,06/06a84fed.jpg
61bxU4NdGqL,2000,2000,06/06a7616d.jpg
61c5H6ZVbgL,2200,1879,06/06055ab9.jpg
61c5UuJ1Q2L,2200,1879,06/06184b6c.jpg
61cMPysY0fL,1273,1273,06/06a7b514.jpg
61cVWny1wTL,1232,1848,06/06060430.jpg
61cW1gyQLOL,2560,1933,06/06988a9b.jpg
61cZwldzcnL,1000,1000,06/06731754.jpg
61csQZKH2xL,1444,755,06/064c1766.jpg
61d7VQYgxQL,2560,2560,06/06714f8f.jpg
61dNQJW1KmL,496,500,06/062ded2a.jpg
61dPizn+yHL,1500,1052,06/06580818.jpg
61dkc-e8zhL,1500,1500,06/06b30005.jpg
61dyh8tXDRL,1809,2411,06/0621c618.jpg
61e6Z9h3dNL,1315,1239,06/063cef55.jpg
61eah1YU8mL,1000,826,06/06f045c6.jpg
61euJk93d+L,1000,1000,06/06f09b27.jpg
61f4QqryP0L,2200,1879,06/06a8a465.jpg
61fH25EYh+L,1086,2212,06/06129804.jpg
61fIL2NfsPL,2560,2560,06/06de9e6b.jpg
61fMjX0gqyL,2000,2000,06/06226ec0.jpg
61fTWg175+L,2200,1879,06/06a59c1c.jpg
61fVBLLs8+L,2200,1879,06/063555d0.jpg
61fzjK4mRsL,1316,1308,06/0630fa6a.jpg
61gAwFC8NBL,1000,1000,06/06cfba11.jpg
61gGp371pXL,1036,833,06/066d684b.jpg
61gIZ7-L+5L,1960,971,06/06c79e70.jpg
61gOwB6LvqL,2200,1879,06/06988461.jpg
61gdJEtk96L,1500,1500,06/06bd1cfd.jpg
61hBhuqyYVL,2560,883,06/061cf530.jpg
61hFVXaTKWL,1590,1590,06/06d15684.jpg
61hU-YyhnXL,2021,2021,06/06b1db4f.jpg
61i9cxyUgrL,1002,1169,06/06aa6f90.jpg
61iI0eYiEAL,2200,1879,06/06d2aa34.jpg
61iLT4FHbhL,1024,684,06/06836b17.jpg
61ifR+2vTXL,2000,2000,06/06113487.jpg
61izaSeVU8L,1134,1134,06/0646b05c.jpg
61j1b-12dbL,2000,2000,06/06b4becc.jpg
61jA3BFkYYL,1500,1500,06/065b0b75.jpg
61jahGHoFlL,2200,1879,06/0636ed73.jpg
61kBpsOLKfL,1200,1200,06/0658a187.jpg
61kGlBlBUTL,1000,545,06/064db079.jpg
61kMNvdsI6L,1707,2560,06/069cd9e8.jpg
61kZurH5lUL,721,1200,06/06e452c4.jpg
61kblVOggsL,1000,1000,06/06f45f88.jpg
61kw-sYOwVL,1000,583,06/068cdd0e.jpg
61l8ueoHgKL,1200,1200,06/065bd8b8.jpg
61lDRTTstcL,1000,1000,06/06c68709.jpg
61lQThvhh5L,766,2560,06/068608ab.jpg
61lYddfQ74L,1000,1000,06/06589f39.jpg
61lxH8ZZkVL,1000,1000,06/0660323e.jpg
61mBI0hWGsL,1096,2560,06/06eb36b3.jpg
61mEgmNp7jL,1688,2560,06/06f058c2.jpg
61mEvAYJEWL,1500,1500,06/060759b9.jpg
61mScHxsnOL,1500,1500,06/06163ae4.jpg
61mXEujHVdL,1500,1500,06/06d261af.jpg
61mhGU2ch5L,1500,1500,06/0623fa73.jpg
61migC3LMZL,1001,1001,06/0679d912.jpg
61mtCcP5VWL,1100,1100,06/069d2135.jpg
61mualjngAL,1782,579,06/06faf664.jpg
61n3++To5QL,1444,755,06/06ab4c39.jpg
61nOVeZazIL,1500,1500,06/06c74fea.jpg
61nZ+XHQ0uL,1100,1100,06/0693d9a7.jpg
61o-Xm3xIyL,1300,1300,06/0655bdd2.jpg
61o76t4BNML,551,1422,06/062892f0.jpg
61oIIs7tSTL,1342,2560,06/0633a621.jpg
61oN+0QuIgL,1625,850,06/06767626.jpg
61oj1708HIL,1100,1100,06/06caf2f3.jpg
61ooGxVu8XL,1001,1001,06/06528151.jpg
61p6q6TdbuL,1211,2560,06/06ddcea2.jpg
61p7lrGfL3L,616,2233,06/068d8382.jpg
61pFOKfI6PL,1151,1748,06/06f920d1.jpg
61pK9mdm37L,2560,726,06/0681de05.jpg
61pYuyycYUL,2200,1879,06/0681f986.jpg
61pnkgixEJL,861,1101,06/06b71502.jpg
61ptG-Oax-L,612,1000,06/06217bc2.jpg
61qJW5TU+tL,1318,1024,06/0616d2e4.jpg
61qU7WdXspL,2560,1061,06/06c77be5.jpg
61qzc2PkD0L,2560,2560,06/06e967ca.jpg
61qzf9lrBLL,1000,1000,06/068ef70a.jpg
61r9AtztLVL,344,2499,06/06e9888e.jpg
61rEM16VNjL,2200,1879,06/0606293f.jpg
61rHRH1ukYL,1100,1100,06/06b7ae38.jpg
61rdkt73sWL,770,1180,06/06411d65.jpg
61sMfyTiZuL,2000,2000,06/065c95e5.jpg
61su-wilKWL,607,2278,06/06c94ffa.jpg
61tFbFPJWgL,1316,1308,06/06f13319.jpg
61tQgtsUqJL,1000,419,06/0627c86c.jpg
61thpQ3dwSL,858,1012,06/06adfbdc.jpg
61tscU-gGRL,1800,1143,06/069d4964.jpg
61uSvHlzpWL,1100,1100,06/06666863.jpg
61ubjBfi+vL,1017,775,06/063ce1e6.jpg
61un2doiJ0L,1000,484,06/06ab1046.jpg
61usYZsKMhL,2200,1879,06/068084d7.jpg
61v14V6bGqL,671,1125,06/065d999b.jpg
61v2+GTVOcL,1500,1500,06/0697544e.jpg
61vKNrtC8SL,1315,1239,06/06859eb5.jpg
61vb3G0RS3L,2112,2112,06/06f69912.jpg
61vyG55RfgL,2000,2000,06/067981ae.jpg
61wA5PIxrbL,1502,1502,06/06c9b8ca.jpg
61wJAPCM0jL,869,1558,06/0654e992.jpg
61wODfTmvwL,1000,1000,06/06001612.jpg
61xEKKRCclL,1200,1200,06/06439264.jpg
61xGeWtptWL,2560,1931,06/06dcb223.jpg
61xHVy6WzDL,1029,1029,06/065446e1.jpg
61xkis4xM9L,1000,1000,06/06a31db0.jpg
61xmF96IGWL,1100,1100,06/06983923.jpg
61ygS-PS+iL,1500,1500,06/0695cb6f.jpg
61yhQeOVnRL,1241,1500,06/06e6ce11.jpg
61ypUjJAAlL,1000,1000,06/061d75d5.jpg
61zkbXr1HqL,2200,1879,06/06bebd70.jpg
61zw1KLJeIL,1315,1239,06/06c7130c.jpg
71+0jNFDcRL,2560,2560,06/06e2865f.jpg
71+O6AEKT7L,2200,1879,06/062e0689.jpg
71+QoU6OBEL,1688,1967,06/06e2981a.jpg
71+Wv2LKWrL,2233,2560,06/06a080e1.jpg
71+bcznjjDL,650,1239,06/067b7ad3.jpg
71+ejfA5cML,2200,1879,06/061ff4c2.jpg
71+tl2Lg0PL,2200,1879,06/06cf48ee.jpg
71+tw45ho1L,2200,1879,06/067ef110.jpg
71-+nLno4HL,2560,559,06/06812cf6.jpg
71-FMbW1VhL,2200,1879,06/0670b8ba.jpg
71-JDL+mUQL,1529,2175,06/0616d720.jpg
71-JTtekucL,1500,1500,06/064b3e5e.jpg
71-JcuSuIRL,2200,1879,06/061049ce.jpg
71-PEmbFxgL,2000,2000,06/06e865d2.jpg
7102Elqe7-L,1000,1499,06/06d06f28.jpg
71040jaTXmL,2000,2000,06/06867181.jpg
710BL13cXrL,794,2560,06/06ac7b1e.jpg
710C3fu2iqL,1689,346,06/06dcf41d.jpg
710PjZctnLL,2000,2000,06/0617066e.jpg
710Qk3simeL,2200,1879,06/061dad76.jpg
710S-u6G8zL,938,2560,06/063069bb.jpg
710mCJokCUL,1641,2560,06/064b08c8.jpg
710ojWyP-jL,1500,1500,06/06cd16f6.jpg
710smZ2h94L,2200,1879,06/061a6e17.jpg
710syit+6SL,1537,2560,06/06af8095.jpg
710zNbR1i-L,2200,1879,06/06dc46cb.jpg
7114SbEZ91L,2560,2034,06/06efa2b2.jpg
7116YsyTQ6L,931,1050,06/06433935.jpg
711D0VeJBPL,2200,1879,06/0680e10e.jpg
711HdVBWjGL,903,2560,06/066a9270.jpg
711J-w4iZAL,2026,878,06/068e6aa9.jpg
711Kz410l5L,2200,1879,06/0610e2b5.jpg
711RcHx90cL,2200,1879,06/069b108d.jpg
711aSMGx8BL,2560,2560,06/06d2b41e.jpg
711dF+iOGML,1707,2560,06/06a73d2f.jpg
711gC86Dq+L,984,2560,06/06b09ad8.jpg
711gWqyW23L,2200,1879,06/066bcbe1.jpg
711mGE+euYL,2200,1879,06/06431b79.jpg
711qrjerUFL,1355,2494,06/066519ec.jpg
711wH2lJ2GL,2200,1879,06/06aaae28.jpg
711wqs0XasL,2200,1879,06/067a56bf.jpg
711xdPXiBFL,2200,1879,06/06db56cc.jpg
71229DtpvXL,2560,2560,06/06aa58d4.jpg
7123783HUlL,2200,1879,06/064ef2e1.jpg
7125bcEpu6L,2560,1969,06/06215af7.jpg
712Be3ypmrL,2200,1879,06/06ca6c66.jpg
712Hr1nBNNL,2200,1879,06/06a29ade.jpg
712cX0qWkTL,2200,1879,06/06199639.jpg
712jIh+SNJL,2560,2560,06/06e3d9b9.jpg
712mvbQ+T2L,2200,1879,06/061c3bf5.jpg
712wBxWsZWL,1153,2560,06/06ecd630.jpg
712z8e+PR5L,2200,1879,06/06e3a25c.jpg
71364OU5PIL,1709,2560,06/0609d6cd.jpg
713KPIR4trL,1200,1200,06/06824dcc.jpg
713RCh6wsbL,2200,1879,06/06d9503a.jpg
713aDuCw9BL,2200,1879,06/068afd53.jpg
713dspYz-pL,1300,1300,06/0634c47e.jpg
713o23cYJ8L,2232,2232,06/068a8b60.jpg
713ucVRpuoL,2328,1518,06/06d1643e.jpg
71487QmV5DL,2560,2560,06/06879ecd.jpg
714DFc0Cs7L,1363,1363,06/060358a3.jpg
714Qk3mUbxL,1500,1941,06/06f0fc2e.jpg
714V+114F-L,2202,2560,06/06ca0ca1.jpg
714Z492UkTL,2200,1879,06/06a1d108.jpg
714i0fApQqL,2200,1879,06/06305cfa.jpg
714qjdGPb4L,1468,2301,06/065fe535.jpg
714spn5qz1L,2200,1879,06/064d4263.jpg
715XzJs1LcL,2200,1879,06/0691e767.jpg
715ZfqE7TNL,1000,1000,06/06ebf6fc.jpg
716Q1nX2QuL,2000,2000,06/061e2b8f.jpg
716Zt1MAp4L,1313,1031,06/06d20a08.jpg
716hp+JjK2L,2000,2000,06/06f7fe74.jpg
716jOa40DsL,1707,2560,06/06814c51.jpg
716pLQ0f6WL,1724,1009,06/06a459de.jpg
716qKEjj0kL,2047,2560,06/06dfbdeb.jpg
716tWiMgwcL,2000,2000,06/06fceed2.jpg
717BLNvF5fL,2200,1879,06/064f41e2.jpg
717EjFQeaCL,2200,1879,06/066158bf.jpg
717PLtiAzKL,2560,1969,06/06f04896.jpg
717YjsP8AaL,2560,2560,06/0668a735.jpg
717fgyASx6L,1000,894,06/06d776f3.jpg
7189Mef9rGL,2241,2241,06/06ae9c28.jpg
718FOmzLy-L,2200,1879,06/0697bc9b.jpg
718OR1DPHoL,2560,1969,06/06dce586.jpg
718R2U-h93L,2200,1879,06/06f55dae.jpg
718iy+vMDaL,1917,2560,06/061d7575.jpg
718pSTClBUL,2560,827,06/06d70347.jpg
718shCIq9YL,1447,2560,06/06acf2da.jpg
718yb2toW-L,2547,2560,06/06e2a42b.jpg
719-CedHS5L,2200,1879,06/06c96061.jpg
7191jSURgAL,2200,1879,06/0627b247.jpg
719AcY9kvWL,2560,1969,06/0667dfb8.jpg
719C8+qEt6L,1000,1000,06/06a3657d.jpg
719CBxi5WPL,2200,1879,06/06942906.jpg
719U-DnU3zL,2200,1879,06/06b57cb5.jpg
719WXEuQIaL,814,1200,06/06614372.jpg
719lajSPi5L,2560,2560,06/065786aa.jpg
719ulOrkj1L,1500,1500,06/061de5d2.jpg
719yUgYaJ-L,1000,1000,06/063d38f4.jpg
71AVE0n4NFL,2200,1879,06/06657772.jpg
71AZQkHUvEL,2000,2000,06/06b50cf6.jpg
71ArZQ-S-LL,1750,2560,06/0606b99b.jpg
71BCv3-fRpL,2200,1879,06/06fe499c.jpg
71BEjVC-qaL,2000,2000,06/06c0c75d.jpg
71BEvnJeOLL,2560,1976,06/068c4576.jpg
71BImfqIPmL,2560,1465,06/06d8f7b9.jpg
71BdWeikkyL,1676,1676,06/069d04c5.jpg
71BmDfYTl6L,1807,2560,06/0623ae79.jpg
71BmcLNTTuL,2200,1879,06/063d2b2a.jpg
71Bo+0ZvPAL,2000,2000,06/06a2ec5a.jpg
71Bx4L8BluL,2200,1879,06/06d25f78.jpg
71Bx8HIPY0L,1447,2560,06/060bba6f.jpg
71C+-KcVT0L,2200,1879,06/06656926.jpg
71C1-9Z-+QL,2327,2327,06/0619663e.jpg
71C2c25sCyL,2200,1879,06/06efeefb.jpg
71C2kgXOp3L,1750,1750,06/0688bf9a.jpg
71C77cU7wTL,2200,1879,06/068ea2d7.jpg
71CBbXnsvgL,2200,1879,06/06111017.jpg
71CKIIQdUSL,2200,1879,06/06e77307.jpg
71CLHV0QH-L,2200,1879,06/062eeb65.jpg
71CicwjR5YL,1626,2300,06/0689e34e.jpg
71Cl8rlmPDL,2560,803,06/06432c34.jpg
71CpzckvLbL,1500,1500,06/0606cab9.jpg
71Cq96rsarL,1890,1896,06/06e513ff.jpg
71Cr8DR9ZxL,2560,2560,06/068c342a.jpg
71CwI38YAqL,2384,1847,06/063a615d.jpg
71DM5StXXRL,2000,2000,06/06b9548a.jpg
71Dc+zqbLEL,2200,1879,06/062bc9d2.jpg
71DpvtPNUeL,1316,1308,06/06561a51.jpg
71DyPQZZYpL,2200,1879,06/06b70543.jpg
71E8T8XykUL,2200,1879,06/068f2918.jpg
71ECbDE8-4L,1316,1308,06/061082e4.jpg
71EHyNP7O7L,2200,1879,06/06d9b151.jpg
71EOMD9e2aL,2560,2560,06/06ba8794.jpg
71ET-abZgTL,2200,1879,06/06805452.jpg
71EWsIztI3L,1000,809,06/06f53106.jpg
71EbVEU-MdL,2096,1185,06/06f62e50.jpg
71EsrLncyTL,894,2270,06/066eec05.jpg
71F+1sdFNXL,1500,1500,06/06e2bb94.jpg
71F0naucvnL,1904,2538,06/067ed922.jpg
71F8GoiVQKL,2233,2560,06/06ed2353.jpg
71FJ+FeLboL,2560,2560,06/0681abfb.jpg
71FMFEAGwiL,1352,1871,06/06f92558.jpg
71FNkl29QuL,1620,1620,06/066c8c5c.jpg
71FPm2b7R1L,2000,2000,06/06c377d2.jpg
71FXuVqmmZL,2200,1879,06/06525455.jpg
71FZN4-WCrL,782,1313,06/06fc6336.jpg
71FbqcTUg1L,2560,1953,06/06139e80.jpg
71FzYDUmPGL,2200,1879,06/066a83cd.jpg
71GDD0uCu4L,2100,2100,06/065d87e4.jpg
71GH71kUcgL,1230,2560,06/06688d8f.jpg
71GIDBcmGHL,1000,542,06/068d0ad0.jpg
71GOBQERpDL,2200,1879,06/06d0b363.jpg
71GSeppFC3L,2200,1879,06/064535e3.jpg
71GhstdpUeL,2200,1879,06/06ec1db0.jpg
71H+aR3xxAL,2560,2560,06/0604441c.jpg
71HKTaK+34L,2560,774,06/06d522e1.jpg
71HN-QPHmuL,2200,1879,06/06e1e5aa.jpg
71HTHKs5LML,1751,1777,06/06002f02.jpg
71HhLEHOVcL,773,2560,06/06f8250f.jpg
71HupIGgX7L,2560,860,06/066e7a43.jpg
71HvqFwN9vL,2200,1879,06/067abb7c.jpg
71HyB-elBkL,2200,1879,06/06ccd250.jpg
71Hzvdp1xXL,2324,2324,06/06f23a6f.jpg
71IAg2NP3PL,925,2560,06/06df38f9.jpg
71IGPGSTqCL,1772,2560,06/068659c7.jpg
71IGdX4fqdL,2000,2000,06/06352d41.jpg
71IYBziviOL,2200,1879,06/0607d4f2.jpg
71ImcZcfJML,1849,2560,06/06f7ea3c.jpg
71IoCT0YrGL,1000,1000,06/06dc3a71.jpg
71IrwYUuhsL,2200,1879,06/06e500af.jpg
71IzKgWf3oL,2200,1879,06/06524d83.jpg
71J2FV-0+LL,2200,1879,06/06c43736.jpg
71J7ihbXShL,2560,2560,06/06d71fed.jpg
71JIx3ZSPtL,2523,2523,06/0687d4cd.jpg
71Jr4lcxzfL,2200,1879,06/0662e123.jpg
71K0ofb-z4L,2560,1969,06/06a714d2.jpg
71K1WdCPwxL,2200,1879,06/06eb28da.jpg
71K6CY6QWTL,2200,1879,06/066e3fb4.jpg
71KFJzccb-L,2200,1879,06/06472832.jpg
71KFaxYpU6L,1500,1500,06/06b22775.jpg
71KVNz5OkmL,1982,2187,06/06816557.jpg
71KZRqeLdSL,2200,1879,06/06926055.jpg
71KfobByL3L,1482,1277,06/068a13b7.jpg
71Kij7a0QiL,1548,2130,06/069e3460.jpg
71KjWDgSIYL,2200,1879,06/063275e4.jpg
71KtGTICARL,1500,1500,06/06dfb3ff.jpg
71KvzMSWg3L,2560,2560,06/064bf282.jpg
71L64lHvFtL,2200,1879,06/06f720b5.jpg
71L7VCW0rVL,2000,2000,06/062a6e49.jpg
71LIZYDxvPL,1625,850,06/06f9b264.jpg
71LUbNOb4kL,2200,1879,06/066fbd6f.jpg
71LVr7OC2HL,2560,2560,06/0684571f.jpg
71LYRUuMJrL,2000,2000,06/065a222b.jpg
71LeyYlEFnL,2200,1879,06/063dea24.jpg
71Lk6NSrOML,1074,1478,06/06970111.jpg
71LkpeMFM5L,883,2342,06/06b57d5e.jpg
71LubrWY0kL,2200,1879,06/06655b3d.jpg
71Lwk9z78NL,2200,1879,06/067a22d6.jpg
71MOh4FKgDL,2000,2000,06/06c1d8e8.jpg
71MV7vlfqZL,2200,1879,06/06781279.jpg
71MbVi5-gAL,2200,1879,06/062829a9.jpg
71MednSCzLL,2297,2297,06/06b5e845.jpg
71Mg-IcCXfL,2560,2560,06/0695ec86.jpg
71Mi8HPpVsL,2106,2106,06/066c08ff.jpg
71Mq9hGXHSL,2200,1879,06/06635521.jpg
71Mu-FNbnrL,2149,1956,06/069b4964.jpg
71Mul2fpGRL,2200,1879,06/06ed85d5.jpg
71N22rQ7reL,2560,1202,06/06f661bc.jpg
71N9JJyfKsL,1000,1000,06/069a700d.jpg
71NHFdGSIVL,1500,1500,06/06875b6c.jpg
71NIM8X5nqL,1499,1325,06/061aceaa.jpg
71NXGkEgDyL,2200,1879,06/06436262.jpg
71NgsaoWLzL,2200,1879,06/06bccb76.jpg
71NrHgfvpkL,2200,1879,06/06898c92.jpg
71O6LqRpMgL,2560,902,06/06bb44ab.jpg
71OLo0CSUYL,2560,2560,06/066132f9.jpg
71OU9E3xf8L,2109,1871,06/06fb96aa.jpg
71OVL5VEIjL,2200,1879,06/0636ee8f.jpg
71Oh6NBN8ZL,2200,1879,06/06ad46b8.jpg
71P-6s0tIxL,2200,1879,06/06d18286.jpg
71P2f4EYpaL,2560,2016,06/06bb1380.jpg
71P9YyoraML,2560,973,06/06738e09.jpg
71Q-3Uleu+L,2200,1879,06/06b15d98.jpg
71Q3uWqK3jL,2200,1879,06/061e3c1b.jpg
71QHAre+3lL,2200,1879,06/0681c106.jpg
71QPMzMdQ3L,2560,1086,06/06468225.jpg
71QQ8vHSZsL,2200,1879,06/06d17c7e.jpg
71QXkrg-k3L,1980,2347,06/061cd961.jpg
71QXzwr1TkL,2200,1879,06/06f1beb4.jpg
71Qkwu++OFL,2200,1879,06/06cbcd0a.jpg
71Qn2SFWrAL,1500,1500,06/06a735a5.jpg
71QrC6nCGwL,2560,2560,06/06cc6ce7.jpg
71RLhSn+PhL,2200,1879,06/0625d8ba.jpg
71RRuJXn3iL,973,2433,06/06ed2ef6.jpg
71RZ4iP8k7L,2560,2560,06/067b5ef4.jpg
71RmIQb6QhL,2200,1879,06/0639cd38.jpg
71S0HBSOByL,2200,1879,06/069b97f9.jpg
71S1mAdt4KL,2200,1879,06/06398ba7.jpg
71S3UXJfC8L,1000,1500,06/068e3f66.jpg
71S4EkPRDZL,1902,742,06/0666e5f4.jpg
71S4Iac5xxL,2267,2560,06/0685ea8a.jpg
71S75deLeKL,922,2560,06/066a3c4b.jpg
71S7TriqsEL,1800,1800,06/068bd96f.jpg
71SD3KVUMZL,2200,1879,06/06ca028e.jpg
71SHX5uGwAL,2200,1879,06/06ab8b8c.jpg
71Sz4ysV+fL,2313,1359,06/066ea8ab.jpg
71T8IJBvgTL,895,1171,06/061efa7c.jpg
71TDHKFK3CL,2200,1879,06/0692cd9c.jpg
71TEkGcsbLL,2200,1879,06/060c8921.jpg
71TQywfT3KL,2200,1879,06/06ba9aae.jpg
71TXbFbpeIL,2200,1879,06/06c80ec8.jpg
71TaNs1TF1L,2200,1879,06/0622b3d6.jpg
71ThaTpl26L,2200,1879,06/06920008.jpg
71Tq5us21mL,2200,1879,06/06977d6a.jpg
71U5Mc4OcQL,1050,1050,06/06e784d5.jpg
71U8smITrzL,2200,1879,06/06fbd8d9.jpg
71UBO7OokmL,2200,1879,06/0611b285.jpg
71UK9SaS8jL,2153,663,06/0620f582.jpg
71USAChOpiL,2109,1871,06/06254d2d.jpg
71UdgN2FUyL,2000,2000,06/06ecc687.jpg
71UlLECFAzL,2000,2000,06/0676ee8e.jpg
71V91Yo-2RL,2200,1879,06/06e4e75a.jpg
71VCjaYbS7L,2200,1879,06/0698a522.jpg
71VfGUEuIuL,1630,623,06/06e40f83.jpg
71VfhgAKd9L,2200,1879,06/0647ade2.jpg
71VtxZuJDFL,2200,1879,06/06e8782d.jpg
71W6WJAQ5pL,2200,1879,06/06ba0efe.jpg
71WDkELevcL,2200,1879,06/067b1f03.jpg
71WOW+1ymmL,2000,2000,06/06408e13.jpg
71WPy2Ueh-L,1709,2560,06/06907467.jpg
71WWrXBxRDL,2200,1879,06/06306b21.jpg
71WYsVELH3L,900,2560,06/065fe8fa.jpg
71WaYUBIVvL,1372,1500,06/06094356.jpg
71WtLK9oBRL,2000,2000,06/065e5231.jpg
71WxNrso6yL,1277,2560,06/0670892e.jpg
71Wz+3naXhL,2200,1879,06/06251f3f.jpg
71WzbfEpMeL,1727,1837,06/060c1481.jpg
71X4NenBC9L,1094,2243,06/0634f400.jpg
71X6CYcJNkL,2200,1879,06/06885df8.jpg
71X7WiFJ3EL,1584,1564,06/06a62eab.jpg
71XDRRg7HdL,2200,1879,06/0602fedb.jpg
71XHYKQGuOL,2200,1879,06/06def809.jpg
71XLk7LEMvL,2000,2000,06/06b5c13d.jpg
71Xlpj9mEVL,2437,2437,06/0673812b.jpg
71XolmkqQ4L,2200,1879,06/06b5134a.jpg
71XqQ0-n0dL,854,1280,06/06b6eca3.jpg
71Y37cS6KcL,2200,1879,06/068f695c.jpg
71YBcsNByDL,2560,2560,06/0642d042.jpg
71YRqALnAIL,2200,1879,06/062c6cc4.jpg
71YXyWF2StL,2560,2560,06/06238af8.jpg
71Yev2aaXXL,2560,1149,06/06c8c487.jpg
71YsBDdmWhL,2200,1879,06/0675dab6.jpg
71YyYU-JNRL,2155,1075,06/069897f2.jpg
71Z3+zYGQRL,1096,1437,06/06d1b936.jpg
71ZVQRh02qL,2560,2560,06/06667aa1.jpg
71ZgoEqXACL,1181,2560,06/06e3ae59.jpg
71ZnWW3jLeL,2560,2560,06/06130708.jpg
71Znv8puZyL,2200,1879,06/06f1f268.jpg
71ZrvGZ7HbL,2560,2560,06/06dd7a81.jpg
71a16i0SAaL,2559,2560,06/0657a21c.jpg
71aDvvpD9dL,1080,1080,06/06f0d819.jpg
71aE8hua4EL,956,2560,06/0633a192.jpg
71aYC16kJnL,2200,1879,06/064d6466.jpg
71ac6Tr6k4L,981,2560,06/06d9fae4.jpg
71aiyDCo-lL,2200,1879,06/0655834e.jpg
71amOzcXbpL,2200,1879,06/06cd2662.jpg
71b+cAb6VEL,2000,2000,06/063073be.jpg
71b0Rd4HCHL,2200,1879,06/068f55b6.jpg
71bAVgqsqAL,2343,2343,06/066009cb.jpg
71bINg+k6sL,2000,2000,06/0654d385.jpg
71baVNg9cfL,2560,2560,06/06d3c4c4.jpg
71bekRNRUnL,1920,2560,06/062b1104.jpg
71bi9pphdkL,1209,2012,06/06ca9300.jpg
71bopAnGesL,2200,1879,06/06b65ffe.jpg
71byWwoDR2L,1500,1500,06/06f54d53.jpg
71c+EFUndiL,2200,1879,06/06b516c3.jpg
71cABQ+R5NL,1200,1200,06/068c6665.jpg
71cDnbV1DjL,1580,2560,06/06129587.jpg
71cWBfmujuL,2200,1879,06/06dd785a.jpg
71caI86jQNL,2200,1879,06/06d5b17e.jpg
71cc3JPRFQL,2200,1879,06/061a2f9c.jpg
71cdPRMIV1L,2200,1879,06/06449008.jpg
71cjFO8faFL,2200,1879,06/060393d2.jpg
71cnu8njgdL,2200,1879,06/06fc4870.jpg
71co9KaQ7ZL,2200,1879,06/06866d06.jpg
71d-zPyvOeL,2000,2000,06/0667293a.jpg
71d2tNB3Z0L,2000,2000,06/065214b9.jpg
71dRN9d-WiL,1174,2560,06/06683b72.jpg
71dTyaoefML,715,1920,06/06da601e.jpg
71dWcSw+GQL,2560,2560,06/06897ffd.jpg
71ddXRXIWqL,2200,1879,06/068eabf9.jpg
71dth3pjviL,1000,1000,06/06246994.jpg
71duZX9raOL,2000,2000,06/0652a189.jpg
71e5+tvyAHL,1685,2560,06/06bc15c9.jpg
71e6znetH3L,1905,2560,06/068d9b33.jpg
71eA+ZZ6-qL,2200,1879,06/06432750.jpg
71eCWAXAHfL,2000,2000,06/0671dab2.jpg
71eDel+xEJL,2200,1879,06/06d6838e.jpg
71eG-vLAVOL,1008,2560,06/06066fd0.jpg
71eGjjv50kL,701,2560,06/060f88f7.jpg
71edqmnPwOL,944,2560,06/064bbe50.jpg
71egSL4+dCL,2225,2560,06/06c9b254.jpg
71eozKRICpL,1177,2560,06/065df5db.jpg
71ep0pBh-cL,597,1050,06/06bc3fce.jpg
71f+uIkOP7L,1500,1425,06/067b87e4.jpg
71fJEIUeR2L,2392,2560,06/065a10d2.jpg
71fKINfbWhL,2200,1879,06/06d87105.jpg
71fT3-rkCbL,2200,1879,06/06b97196.jpg
71fTE95XpvL,2200,1879,06/0655be3a.jpg
71fb02KG8-L,1500,1500,06/063fa7e5.jpg
71fiiX2IhUL,2041,1397,06/068b746b.jpg
71fnFBPk7tL,2200,1879,06/06c36c09.jpg
71fntb-4dFL,1000,1000,06/066e01d9.jpg
71fvop9Br6L,1200,1200,06/06bc7df4.jpg
71fwiUp+c8L,2000,2000,06/06c2fcbf.jpg
71g30t7dOvL,2560,2560,06/062560c6.jpg
71g4bm9xTdL,2000,2000,06/0665a8e3.jpg
71g6V+4n2wL,2200,1879,06/066c0b99.jpg
71g7TcgMVYL,1452,1732,06/06405d9a.jpg
71gBC1q2sSL,2560,2559,06/0647aec2.jpg
71gJNEtgAXL,2200,1879,06/06810bbb.jpg
71gc7wQtwmL,2200,1879,06/0681950c.jpg
71gfNHGsXyL,2200,1879,06/06ca5405.jpg
71ghm0dUGsL,845,2560,06/067405f9.jpg
71gpr07X7HL,2200,1879,06/06b22b5d.jpg
71gsLXJlbxL,2200,1879,06/06891a0c.jpg
71hFIbZPyoL,1870,1792,06/06caece0.jpg
71hNr1W+CaL,1941,1941,06/06925e39.jpg
71hTgH0vl5L,2560,2560,06/06d5d8b6.jpg
71hX-gHYbYL,2560,2559,06/064e93a9.jpg
71hc3UClQDL,1971,1971,06/066ef336.jpg
71hhv0a4naL,1382,1382,06/061937d7.jpg
71hq7yBr1zL,1544,1687,06/061cc3f2.jpg
71hqWk3XhEL,2084,2084,06/06240e0f.jpg
71hxETQLSbL,1100,1100,06/065d8416.jpg
71iFCeQLEkL,2000,2000,06/06d78e15.jpg
71iaAS481PL,1177,2560,06/06a67ac4.jpg
71icaQwxj0L,1444,755,06/06c91600.jpg
71ijG9BGR3L,2000,2000,06/065421ba.jpg
71isMTa1x2L,2499,2499,06/06b8bf89.jpg
71j1H3NS2IL,2560,2560,06/069d6228.jpg
71jDcaJqv+L,2200,1879,06/0648166a.jpg
71jM1iEJHXL,2200,1879,06/06e03f63.jpg
71jMez4E+IL,2200,1879,06/0691e3d6.jpg
71jNTLPwt9L,2200,1879,06/066f12db.jpg
71jRkSObljL,2560,2560,06/06dea50e.jpg
71jTnx2FqrL,1828,2560,06/065ee514.jpg
71jdFIOhLPL,1000,1000,06/063a1faf.jpg
71jheUP7NSL,2200,1879,06/0666e783.jpg
71jjfyar6aL,1000,1500,06/06771fed.jpg
71jxv8hvX9L,2200,1879,06/063c9d46.jpg
71k4fTkrMJL,1200,1200,06/0620c1a3.jpg
71kAE3AtMZL,2200,1879,06/06008832.jpg
71kFnAC9feL,829,1528,06/06c71b00.jpg
71kJuRaBCkL,2200,1879,06/06729ddb.jpg
71kNo2IKUOL,665,2560,06/063346ec.jpg
71kSIrK4Q1L,1444,755,06/06102eaf.jpg
71l3GzGastL,2145,2145,06/0648751a.jpg
71lD8Y7hifL,1444,755,06/06f9fb16.jpg
71lGaTsbrqL,2200,1879,06/06ca1a2e.jpg
71lI4vtWXdL,2560,2226,06/064cd4dd.jpg
71lIsrqElgL,2280,2280,06/0635d2ca.jpg
71lKWuoiaIL,2200,1879,06/06aa3b64.jpg
71lLx6nW3bL,2560,2560,06/06c54d94.jpg
71lMT1VnV7L,2200,1879,06/06e62223.jpg
71lMibIpFqL,1048,1500,06/066ce8f8.jpg
71lNnZQDucL,1500,1500,06/0673e8db.jpg
71lNrte6jsL,2560,2560,06/06bd45d5.jpg
71lYrL7nQ-L,2200,1879,06/06ced408.jpg
71llQ4o9lyL,2200,1879,06/06d17fba.jpg
71lnn0zXTBL,2200,1879,06/06e163cf.jpg
71lpdxAhxeL,2200,1879,06/064c5fa1.jpg
71m1WWF32QL,2000,2000,06/0637c474.jpg
71m5gvKdeoL,1000,1000,06/069b7349.jpg
71mAxjKmycL,2200,1879,06/06428da1.jpg
71mBWgtokdL,2200,1879,06/060c3734.jpg
71mLM5OnZOL,1500,1500,06/0632bafa.jpg
71mfwsn0qnL,2200,1879,06/06c3ab6f.jpg
71mhVsg6sEL,876,2560,06/063ef67d.jpg
71mj6nSQaPL,2560,2559,06/06d53fdb.jpg
71mlw679mTL,2178,2178,06/06fdd4f4.jpg
71mr3TunBAL,1000,1000,06/06e1e9ab.jpg
71mxpvnNxhL,2560,2560,06/06deb06e.jpg
71nBSEVCu6L,2200,1879,06/06c8dd0d.jpg
71nKFns-XCL,2000,2000,06/064fb490.jpg
71nRy6JOTlL,2200,1879,06/0698d76f.jpg
71naIdY+aYL,2560,964,06/0623915c.jpg
71nkOXHnyHL,1444,755,06/06a64e39.jpg
71nm8q8WuWL,2000,2000,06/06ac47bf.jpg
71nrD+Wd28L,1000,1000,06/065e9656.jpg
71ntqiZnqFL,2200,1879,06/06c36dd8.jpg
71nxSpTfqVL,1200,1200,06/0652058e.jpg
71o1k6hg99L,1105,2374,06/064e1b6d.jpg
71oCfug5o-L,1316,1308,06/0612306e.jpg
71oNQNxUdSL,2200,1879,06/0677dd88.jpg
71oUaktw9mL,2200,1879,06/06bb81a7.jpg
71odljgBGLL,1500,788,06/06974568.jpg
71pG3KHNQpL,2560,2560,06/069b7fd4.jpg
71pXFhHqTgL,1800,1634,06/06068b99.jpg
71plLXcMYyL,1084,2560,06/06741987.jpg
71pr0KMkvAL,2200,1879,06/066171ef.jpg
71q1ukJZgnL,2200,1879,06/06865e28.jpg
71q9TjbUcXL,1304,1304,06/06e36ae4.jpg
71qASI65KYL,2200,1879,06/0650a12a.jpg
71qCwTV4KlL,2200,1879,06/06fbe6dc.jpg
71qIPNyjNzL,2560,627,06/066caa9a.jpg
71qN1Ly8MvL,1559,2560,06/065a74a2.jpg
71r4VCIabcL,2520,2260,06/060e78f2.jpg
71r5A5QtpQL,2200,1879,06/066a73d3.jpg
71rKvMA-7bL,1968,2560,06/0672ea77.jpg
71rMLVPXFuL,1500,2500,06/06d9ec84.jpg
71rQjXpbt2L,1697,715,06/06a5149b.jpg
71rcHtlWEHL,865,2560,06/06489777.jpg
71rdaRyUpRL,2200,1879,06/066a09b1.jpg
71reGiLLcJL,2200,2200,06/067675fb.jpg
71rfpc+s0+L,1797,2560,06/067c3b55.jpg
71rgGt-h4yL,2000,2000,06/064f20f3.jpg
71rqOKZPPKL,2560,2560,06/0636c766.jpg
71s9KZMTNDL,2000,2000,06/062f2c31.jpg
71sIjixRcJL,2560,2560,06/06adcc7e.jpg
71sM0dvMihL,2044,2044,06/064c2fd6.jpg
71sXsJ999IL,2000,2000,06/06b150a1.jpg
71smTtXml2L,2200,1879,06/061c96f6.jpg
71suBzhLi3L,939,2291,06/067d66c4.jpg
71tIS8CWZaL,847,1457,06/06a30b6a.jpg
71tSh5i2TVL,2560,2560,06/06057973.jpg
71tZwJjG0IL,1500,1500,06/06069c01.jpg
71tcuC22glL,2500,2500,06/06dc7ebe.jpg
71trIsH5EFL,1500,1500,06/06e73f79.jpg
71trJgJtt9L,1616,2560,06/06252e31.jpg
71tv5zi8rfL,2560,2560,06/062dfd3c.jpg
71uIZV-iKRL,1641,1624,06/062d80cc.jpg
71uK3sYX7vL,1127,2023,06/06f294fb.jpg
71uSjJCmPLL,1781,1781,06/0634a938.jpg
71unwmdakoL,1723,1723,06/062fa7c3.jpg
71uqxpen4nL,1200,1200,06/064bf1fa.jpg
71vDtCCX3DL,2340,809,06/066ceb7d.jpg
71vH7El2fXL,2200,1879,06/066750f7.jpg
71vNVEZhH5L,2200,1879,06/0608978d.jpg
71vO3iNZRtL,2200,1879,06/060c8fcc.jpg
71vPTXz1nfL,1025,2560,06/06d0410e.jpg
71vcsjmUcsL,2200,1879,06/0600f64d.jpg
71vcw7Zuf8L,2279,2470,06/06a4de19.jpg
71vimcM0lOL,2200,1879,06/066b1e7b.jpg
71vrYGQp3zL,1057,2318,06/060ddc60.jpg
71w7RIYODqL,2200,1879,06/06448b0f.jpg
71wB0JuBZNL,2200,1879,06/0669ddaa.jpg
71wCZ5NHBmL,2200,1879,06/0688cb50.jpg
71wD5f+Z5-L,2200,1879,06/06c1483f.jpg
71wHzWY1+CL,2021,945,06/06ac1ec0.jpg
71wKX746llL,2200,1879,06/0642ded8.jpg
71wXIHJpnQL,2200,1879,06/0698bff8.jpg
71wxEAQ7oyL,2200,1879,06/06977925.jpg
71x-8crXWKL,2200,1879,06/06c634b4.jpg
71x1tqnUd6L,1500,1500,06/06906710.jpg
71x35SeTh4L,1500,1500,06/0672ea0b.jpg
71x8m9W0XML,2200,1879,06/06a3cbb8.jpg
71x9Gjr5rZL,2229,2560,06/06bf6be6.jpg
71xKpeOMoVL,2200,1879,06/06ba1cbc.jpg
71xMpD3MekL,2000,2000,06/06f09401.jpg
71xQ25Zjz3L,1947,1947,06/06c5c61f.jpg
71xYGpILiIL,1500,1500,06/06f3419f.jpg
71xb98rw0cL,2000,2000,06/060852a2.jpg
71xmlrSButL,1360,2338,06/064b7b8c.jpg
71xsu0cPAHL,1963,1963,06/06a5d679.jpg
71y3FoPJSJL,2200,1879,06/06fe7eb0.jpg
71y8pZU4vYL,2000,2000,06/06d068df.jpg
71yDxvTGlgL,2560,2560,06/06888542.jpg
71yO-YLVkIL,2200,1879,06/062757f2.jpg
71yZq0obAQL,2200,1879,06/06bd68e7.jpg
71ycvD5UPOL,2200,1879,06/063e0843.jpg
71yjmfGAe4L,2200,1879,06/0665a2d0.jpg
71yqYmlMW5L,2200,2200,06/06168f07.jpg
71yuJ-7oRuL,2200,1879,06/064bb8b4.jpg
71yyUyalr0L,720,2037,06/06b05a97.jpg
71z-CRXLyjL,2200,1879,06/06b1b238.jpg
71zB+NZJiqL,2560,1622,06/0610d026.jpg
71zGTO4W9RL,2560,794,06/0691b6f8.jpg
71zHFgK1kxL,2560,1521,06/0635e2f9.jpg
71zITFa1P5L,2200,1879,06/067076d4.jpg
71zNzSujT7L,2560,2560,06/0645efee.jpg
71zOnvXsLYL,2200,1879,06/0688f5a8.jpg
71zVWUCnFsL,2048,1376,06/06baca6b.jpg
71zWWUazdML,2000,2000,06/0684f006.jpg
71za4bEObfL,2560,2560,06/065f3e7d.jpg
71zalTsWPfL,1991,2091,06/064aa55f.jpg
71zbQimP-yL,1228,1256,06/06c3107f.jpg
71zl8MNGMqL,1707,2560,06/06f0037a.jpg
71zuEYq56FL,2000,2000,06/06f5580d.jpg
81+NnyNmyVL,2200,1879,06/06dfe4da.jpg
81+QOdnoU8L,2200,1879,06/060f86cc.jpg
81+StYt00ZS,2500,1356,06/064dd42b.jpg
81+dBWd6+DL,1195,2560,06/065be8bf.jpg
81+zhUyovbL,2200,1879,06/0653d715.jpg
81-VWEoVv-L,1533,2560,06/06155015.jpg
81-d3ucsFbL,2200,1879,06/0618464c.jpg
81-hDnvT0WL,2513,1012,06/06f1574b.jpg
81-uStruYTL,2000,2000,06/061458f9.jpg
810MhTRdPES,1973,2500,06/06620123.jpg
810X1TglW1L,2200,1879,06/06071d31.jpg
810yix4SrmL,2362,1957,06/0616cb1e.jpg
8111NyAHB1L,2560,2559,06/06bce473.jpg
8116v-T2jKL,2200,1879,06/06eaba4b.jpg
8117x0THsnL,2560,2087,06/0684e191.jpg
811AQ6msz8L,906,2560,06/066fa76e.jpg
811HLYeuRqL,2000,2000,06/06a9f94f.jpg
811MyBKUuAL,2200,1879,06/06fe16bc.jpg
811Ri4El0aL,2259,2560,06/061fadef.jpg
811YlvY5u0L,2560,2560,06/06744564.jpg
811dZzGpM5L,2431,2430,06/06819015.jpg
811kGSxzPuL,2560,1151,06/068fc4a8.jpg
811nWYnlGzL,2560,2560,06/06084e1c.jpg
8122LpMIOYL,2496,2491,06/06926651.jpg
8123ex6hm5L,2000,2000,06/06bc8ccf.jpg
812F3v4hyLL,2200,1879,06/06e93240.jpg
812GIrOIuyL,2560,2560,06/060fc3bf.jpg
812Uf1JWTQL,2212,1168,06/06cef392.jpg
8131RjRJSlL,803,2244,06/060b5d7e.jpg
813A3K6mGdL,2200,1879,06/06bfb309.jpg
813ElrRERUL,1944,2560,06/06dd8736.jpg
813F1QlPNhL,1813,1813,06/06e36f3b.jpg
8141AuZRY8L,1017,2560,06/06906896.jpg
8147kVodAqL,2000,2000,06/06554d9d.jpg
814E-AKjgHL,2400,2400,06/069058d0.jpg
814EZ+5zo4L,1920,2560,06/06b62ccf.jpg
814NbLsYZkL,1314,1935,06/066f2444.jpg
814T3+bw-9L,2560,1946,06/06bd569c.jpg
814T4afC-iL,2560,768,06/066fa8ee.jpg
814VybwN4oL,1440,1500,06/06b68528.jpg
814aeTEzjML,2200,1879,06/063ac36a.jpg
814jfQmneHL,2200,1879,06/06c97aae.jpg
814pUSTcNML,2560,2560,06/0649574b.jpg
814uGvMgB6L,1130,2040,06/06d57ab1.jpg
814wu3mSGiL,2560,2560,06/06f42bae.jpg
815Dq6FqzfL,2434,2487,06/06becb5a.jpg
815EM0ks8DL,2560,2560,06/06be2042.jpg
815KQosrPGL,2200,1879,06/060b410a.jpg
815od-BS7fL,2560,1532,06/06269528.jpg
8167oYi9GNL,2560,2560,06/068d6397.jpg
816A33r8xxL,2560,1969,06/0693851e.jpg
816F+HQ+J0L,1046,2560,06/06b8b2c4.jpg
816FmQha2bL,2200,1879,06/061f67e1.jpg
816HId7-w+L,974,2560,06/06311e2e.jpg
816PeRkBqkL,1743,2560,06/06d45d13.jpg
816frtrcqJL,2200,1879,06/06508748.jpg
816jnsKo-lL,2168,2287,06/06555403.jpg
816up8ii9SL,2560,1969,06/0696fabd.jpg
81717fh6LTL,1149,1500,06/06d32dff.jpg
8178FEYG-XL,2200,1879,06/067a777c.jpg
817BjULgL5L,1032,1657,06/063cb239.jpg
817Bvo8l-jL,1725,2388,06/068b541f.jpg
817KmMu263L,901,2560,06/06c21e0d.jpg
817aqkpX3EL,2000,2000,06/06ce4290.jpg
817mBh54dsL,2274,2274,06/0677ef7c.jpg
818-uctCnPL,2200,1879,06/06530de0.jpg
8180-J7Fs6L,2200,1879,06/0647443c.jpg
8188TU0urGL,1113,2560,06/068b9c64.jpg
818SgwtHxmL,2560,2560,06/06a75ef5.jpg
818an-owykL,2200,1879,06/063e6e57.jpg
818ey0p-XxL,2200,1879,06/06cfd818.jpg
819+FTCfGZL,2560,2560,06/06469e87.jpg
819HqOTuHjL,2197,2560,06/0671711b.jpg
819I3srp1-L,2200,1879,06/06e8ce88.jpg
819SQedKWKL,2560,2051,06/06ca6c99.jpg
819jf5SL6NL,2560,2416,06/06101573.jpg
819q9NwIyRL,2560,2560,06/0638ba74.jpg
819vespH22L,2200,1879,06/066936a5.jpg
81A+NuG0PdL,2560,2554,06/0656f5bf.jpg
81A0+OHId2L,2560,1969,06/06f54064.jpg
81A6BDUZocL,2200,1879,06/06ea9d96.jpg
81AHH4uN3sL,2560,2560,06/067c0a08.jpg
81AIEHbEFAL,1500,1500,06/0695a8b9.jpg
81B-heqTGHL,2560,2560,06/06594a54.jpg
81B7-NAhJ5L,2083,2083,06/063d826f.jpg
81BBrdMBETL,1737,2560,06/06d58781.jpg
81BVdhn6NRL,2200,1879,06/06f15094.jpg
81Ba7hHIpWL,2000,2000,06/06a7c3d8.jpg
81Bl230atyL,1625,850,06/06d54195.jpg
81BrAOeO+WL,2200,1879,06/061047ff.jpg
81BtqWeMG1L,2435,2560,06/06310c4b.jpg
81CDtvJirnL,2560,1970,06/06892f5c.jpg
81Cc+mO3mPL,2039,2010,06/063d633d.jpg
81CtJQMmekL,2200,1879,06/06a0f86a.jpg
81CuuLD84XL,2560,2560,06/06202117.jpg
81Cv3X5SqlL,1043,949,06/066f63be.jpg
81D9KfwtgiL,2560,2560,06/068d90d2.jpg
81DDkQJzn6L,1635,2560,06/06662485.jpg
81DEDYtobUL,2560,2179,06/06813ff9.jpg
81DFNi1yHLL,1510,2560,06/06ea04c4.jpg
81DRvPp13BL,1630,2560,06/06e57279.jpg
81DRzh6BrPL,2200,1879,06/062c7f90.jpg
81Dq2Tmn2+L,2000,2000,06/0637185e.jpg
81DqRXh2iSL,1843,1733,06/06705fa2.jpg
81Drk6JOg7L,1125,2560,06/065c5d43.jpg
81E+LCFnLaL,2200,1879,06/06c573ae.jpg
81E0xswvgTL,2560,1762,06/0676dfa2.jpg
81E1sHCP2NL,2372,2560,06/06dd3150.jpg
81E6wT+7NjL,2000,2000,06/06c62785.jpg
81E6zKBWpNL,2200,1879,06/06d7ed71.jpg
81EHLflt8LL,2200,1879,06/069fa4e2.jpg
81ERNsPMm3L,2200,1879,06/061de45f.jpg
81EVY1923ZL,2200,1879,06/06afbfa7.jpg
81EbTUqpz-L,2200,1879,06/06531ab1.jpg
81EiC8Bk+cL,2200,1879,06/06b7c8a9.jpg
81Fz6dTNrmL,1756,1354,06/06f55fcc.jpg
81G4EbSnR9L,2000,2000,06/0623d1bd.jpg
81GB3RR93BL,2200,1879,06/06cca273.jpg
81GEPPND-4L,2560,1575,06/06d3a446.jpg
81GkmZAG9pL,2560,1969,06/06fc492c.jpg
81GnYaZ5K5L,2200,1879,06/06dcd5f8.jpg
81H2tzhLUdL,2200,2521,06/06265124.jpg
81HKiMkStqL,1954,1240,06/0622f999.jpg
81HKzwmAyOL,2560,1970,06/0657578b.jpg
81HQA6ksSiL,2000,2000,06/06b0016e.jpg
81HYxn4SrFL,2200,1879,06/06a16739.jpg
81I7O+GgjtL,1288,2560,06/0678057c.jpg
81IN-T+mzRL,2560,1324,06/06a45e4d.jpg
81IX6d4JtuL,1379,2560,06/06cbe0ea.jpg
81Ib18g48bL,2560,2560,06/06d001ad.jpg
81IetHbbjvL,1786,2560,06/060ca7bf.jpg
81Iu3lR2ojL,1780,2560,06/06a4e2f4.jpg
81J1xEwWsvL,2560,1946,06/063b6b3b.jpg
81JSB+864ML,2200,1879,06/06c22ba4.jpg
81JcMYzvH0L,1880,1736,06/06a6e506.jpg
81JoHSh5zEL,2560,1234,06/068225b2.jpg
81Ju-iimfZL,1944,2345,06/065b4734.jpg
81K4NXAv8PL,2560,2560,06/06daa06e.jpg
81KQ2R-qIuL,1461,2560,06/06021c55.jpg
81Kh1ZBiRbL,2200,1879,06/06f65f4c.jpg
81KxRAK6JsL,2200,1879,06/06d78836.jpg
81LJcmAIKAL,2000,2000,06/06e4c677.jpg
81LStAOF6IL,2200,1879,06/06cdad8a.jpg
81LeCcvTsCL,2560,2560,06/06e8bb35.jpg
81LgTaKicLL,2560,1969,06/064a3af1.jpg
81M-WWYAf2L,977,2560,06/06e25ad0.jpg
81MF4WhCH0L,2200,1879,06/063273c6.jpg
81MI4ODdv2L,1371,2232,06/06be7ae6.jpg
81MNtcy-e4L,2500,1236,06/06e7eba2.jpg
81MPN8j7oeL,1758,2560,06/0687dd51.jpg
81MR9pcS5lL,2200,1879,06/06372a2c.jpg
81MTdmQuh9L,2560,1417,06/0627ee2e.jpg
81MWcZ4+E4L,2200,1879,06/06a59d8e.jpg
81MfY66yvvL,2200,1879,06/063c2ec5.jpg
81NCLMPX8sL,1500,1500,06/06b347c8.jpg
81Nh4h9ii1L,2560,2560,06/0631ce49.jpg
81Nk0K+VKNL,2200,1879,06/06ab0ad3.jpg
81NooT5RWeL,2560,1989,06/06fd7953.jpg
81NyISqQUdL,2000,2000,06/060ecad3.jpg
81O3BGIvlZL,2200,1879,06/06e4b413.jpg
81ONlVdsIvL,2000,2000,06/069879f6.jpg
81OXsm5gFQL,2560,1675,06/06a450e8.jpg
81Oe8wDF-AL,2560,1467,06/0620edd6.jpg
81OpGpoml0L,2000,2000,06/064f3a86.jpg
81P5d9oWY2L,2560,2442,06/06866c1c.jpg
81PF7c9oM4L,2560,1415,06/06047108.jpg
81PLlo1cJfL,2560,2362,06/06cedc6f.jpg
81Pa2HhLcvL,1500,1500,06/0656106b.jpg
81PaZib+2AL,977,2560,06/06df8f39.jpg
81PdOaMXmnL,2000,2000,06/063e5033.jpg
81PgCM6xBBL,2267,2560,06/06265402.jpg
81Pr07NxvGL,2500,2500,06/0699ddd2.jpg
81PvJTitsPL,2000,2000,06/06468077.jpg
81Q2XMIOIiL,1020,2234,06/060366d0.jpg
81Q3Bm22WzL,2200,1879,06/067bcca1.jpg
81QCvbhysoL,1308,2560,06/0693d0a0.jpg
81QI58J-IFL,2355,2355,06/06b2faed.jpg
81QLdhCtCxL,2200,1879,06/06d15d2f.jpg
81RCjdXGE0L,2560,1607,06/06e3d7fb.jpg
81REIQ7Mf+L,2560,2560,06/06dc161d.jpg
81RK3IWVRlL,2200,1879,06/06e8f2de.jpg
81RPHDC9KML,2200,1879,06/061450d1.jpg
81RThCKDAoL,2560,1969,06/06a31ed3.jpg
81RbOkAL50L,2200,1879,06/0649981e.jpg
81RdntOr85L,2560,2560,06/06a9d490.jpg
81S6gmGbTFL,2560,2111,06/0682b218.jpg
81SDMZceW1L,1920,2560,06/065a223e.jpg
81SiYzaZMbL,931,2560,06/062db5c3.jpg
81SlUx1SX1L,1213,2536,06/06a261be.jpg
81Ssdcl5qLL,2560,2560,06/0657984a.jpg
81Sv361QK4L,2200,1879,06/06c34ac6.jpg
81TEh8PzChL,2200,1879,06/0612b596.jpg
81TI-ExReYL,2560,2560,06/066618f8.jpg
81TIkF8uRjL,2560,2172,06/068ede3a.jpg
81TPoyQoxxL,2560,1537,06/062500b7.jpg
81TSuNeL2rL,2560,1755,06/06c17baf.jpg
81TsgW10n-L,2560,1523,06/062cbf91.jpg
81TwiM2g5lL,2560,1102,06/0658d1fc.jpg
81TyqQW28UL,1295,2560,06/06488b01.jpg
81U603qoOtL,2200,1879,06/06891e3e.jpg
81Ucm4ftm0L,2151,1970,06/069f82ed.jpg
81Ui6P-XMyL,2200,1879,06/06d61890.jpg
81UnL+qmuDL,1170,2560,06/069a1f5a.jpg
81V+nvceWgL,1299,2499,06/06f19efb.jpg
81VKPS9CPAL,2560,2560,06/063c2cca.jpg
81VMEFyllBL,1380,2193,06/06cfc00c.jpg
81VT9IQXrLL,2200,1879,06/0684192c.jpg
81Vi51u52QL,2306,1761,06/06a5ed3d.jpg
81VmVqzC5UL,2200,1879,06/06a3bfc5.jpg
81VnK2JqETL,1559,2560,06/0660e38e.jpg
81W5aPHxthL,2000,2000,06/06f999a8.jpg
81W9BnjZR3L,2200,1879,06/06f50e52.jpg
81W9J7SknKL,2560,2560,06/06d75a04.jpg
81WeZDByBrL,2200,1879,06/063fdb45.jpg
81Wj1ZYwFiL,1028,2326,06/06d47494.jpg
81X-a2Ci3DL,2560,2190,06/066c661f.jpg
81X94gVxR3L,2200,1879,06/06c33bce.jpg
81XDTZpjopL,2560,1310,06/06ecf4fd.jpg
81XS7UhFlVL,2560,1656,06/06b8a9f5.jpg
81XU2si8UiL,2560,1594,06/0685a935.jpg
81XjtY4+lDL,2560,2560,06/06db0671.jpg
81Xkkv-RVUL,2560,2560,06/0698bce7.jpg
81XupwJO0ML,2560,2560,06/065aa7fd.jpg
81Y2N0t2iVL,2560,2560,06/060fdf03.jpg
81YACOduQuL,1948,2560,06/06694b4b.jpg
81YqfrdmwtL,2560,1917,06/061d3fcd.jpg
81YzRFzSg-L,2200,1879,06/0644e468.jpg
81ZMC2AZ5qL,2200,1879,06/06e576df.jpg
81ZamSRHsbL,2200,1879,06/0685b242.jpg
81ZbF617ecL,2453,2453,06/06e6ec8e.jpg
81ZmDm43IUL,2560,2560,06/0681431a.jpg
81a+9AcN3tL,1642,1660,06/06e9b8c2.jpg
81aRvLSQZfL,1283,2171,06/0634ae0e.jpg
81aUVq+fc8L,2200,1879,06/065f811f.jpg
81b-A5Vn7vL,2560,1854,06/06730ca6.jpg
81b3B+hS2sL,2000,2000,06/062e288a.jpg
81b5NHZuTxL,1563,2560,06/067ddabd.jpg
81b8bh0H55L,2560,1644,06/06a125ab.jpg
81bFq-VLzrL,2000,2000,06/066acd38.jpg
81bcarhfwQL,2560,2560,06/066a93eb.jpg
81bxCkxw-IL,2200,1879,06/06ce26f8.jpg
81ckH61fS2L,2200,1879,06/06baaf79.jpg
81clNhtwFJL,2200,1879,06/06aab5f3.jpg
81ctfIGXmTL,2200,1879,06/06b93795.jpg
81cvymJidiL,2200,1879,06/0689b000.jpg
81cyXQFVxpL,914,2560,06/062ff1c1.jpg
81cyxBZJLlL,2560,2560,06/06bb6b19.jpg
81dF7gsU8QL,1164,2560,06/06145e89.jpg
81dfjzOeC8L,1593,2556,06/06ac9a73.jpg
81dgo+FR1DL,2560,2560,06/06d36228.jpg
81dnWSj7GvL,2500,1130,06/062fa295.jpg
81doQanfwOL,2560,2560,06/067908a4.jpg
81e+jCYEZ5L,2200,1879,06/06e714fc.jpg
81e0uPOuzHL,1674,2560,06/06a94f0e.jpg
81e9RI7rgQL,2200,1879,06/066f5d86.jpg
81eBEMWPb9L,1681,1681,06/0634aaef.jpg
81eL81UduYL,1957,2301,06/06a79bc8.jpg
81ezdv9qdML,2560,2560,06/066df1d8.jpg
81f0OiJYMzS,2389,1862,06/06b97716.jpg
81fG3r-sKIL,2560,1969,06/0609f2ba.jpg
81fRhDkLqVL,2000,2000,06/06f53423.jpg
81fYxMdzofL,2200,1879,06/064648d5.jpg
81fpbXdPofL,2560,991,06/06491afa.jpg
81fz6PMdfeL,1258,2560,06/0625a774.jpg
81g5PGbFlrL,2500,1352,06/06500755.jpg
81gXqHVTNYL,2560,2560,06/06bdc784.jpg
81gbT02PqDL,2500,1126,06/068acd60.jpg
81gueqktsTL,2200,1879,06/06832d08.jpg
81h-FCCtPqL,1869,2560,06/066e4d26.jpg
81hBFicbSbL,1500,1941,06/06132c25.jpg
81hDNAXKxjL,939,2560,06/0688be16.jpg
81hVakVgA5L,875,2560,06/0674533c.jpg
81hWL4zvyrL,1695,2560,06/06d9e943.jpg
81hhn39G8KL,2560,2560,06/06819102.jpg
81hiLlnyVYL,2200,1879,06/06962b5b.jpg
81hocap6FGL,2560,1969,06/0641f7a6.jpg
81iNKdKMO9L,2200,1879,06/06e2c46e.jpg
81icTuDcnVL,2560,1659,06/066d87df.jpg
81j73r3wXnL,1305,2560,06/0602b953.jpg
81jB6Ic2CEL,2560,2560,06/06200348.jpg
81jOkosHfUL,1900,1900,06/067e218e.jpg
81joflESRjL,2200,1879,06/064077eb.jpg
81k0GHhYN0L,1704,2474,06/06008ddb.jpg
81k5U466NwL,2000,2000,06/061ef786.jpg
81kHGngcqwL,1772,1772,06/06e26449.jpg
81kKMUQUFuL,2200,1879,06/060a4fd2.jpg
81kQ4vDMDoL,2200,1879,06/06ccece5.jpg
81kbkHnTL9L,2560,2275,06/0601eaba.jpg
81km8n55pLL,2200,1879,06/06d63921.jpg
81l20+GaE+L,1566,2400,06/062a1c87.jpg
81lADjHy3aL,2560,2560,06/06bf1a20.jpg
81lFJok+VnL,2560,1374,06/06b03e41.jpg
81lNhwUqzZL,2200,1879,06/06f9b7d1.jpg
81lTrSnGKRL,2200,1879,06/06815457.jpg
81lTwkcD1AL,2200,1879,06/06534c91.jpg
81lYW4QEoOL,2560,1127,06/063afeba.jpg
81leFQrU7XL,2560,1653,06/06c48a00.jpg
81m4k71g-YL,1378,2560,06/0604823b.jpg
81mA4PutHSL,2064,2064,06/06891e18.jpg
81mSwMFZ8nL,2560,2560,06/0613e5fb.jpg
81mX+Q4K0hL,2560,2560,06/06c921dd.jpg
81msTcDMxpL,2560,1970,06/06f1d8e1.jpg
81n0V2+IgtL,2560,2560,06/06b482ed.jpg
81nNVHULxqL,2560,1455,06/06706463.jpg
81nOUi3Aw2L,2560,1716,06/0687be07.jpg
81nafBNXGOL,1747,2100,06/06c190d2.jpg
81nhCmf9RFL,2200,1879,06/064c7d8c.jpg
81nhlR1O5UL,2560,2560,06/06bdd653.jpg
81nqOXR3-kL,1581,2560,06/06736878.jpg
81o6LEjdc+L,2560,2560,06/06ebd9d9.jpg
81o75n0+LIL,2560,2560,06/060352cb.jpg
81oI3AvKnZL,2364,2364,06/065b80e3.jpg
81oQMT-eF5L,2200,1879,06/067253ed.jpg
81oZF593fLL,1500,1500,06/06a34c8b.jpg
81pK2J-k+CS,1463,2500,06/06ff6265.jpg
81pY-O4ZH9L,2200,1879,06/06822cae.jpg
81ptDNCD5bL,2560,2560,06/065b47f5.jpg
81q9lpZzE-L,2200,1879,06/06af97b4.jpg
81qC-krm+cL,1193,2560,06/06dd8209.jpg
81qS8K02X-L,1656,1656,06/0615c5b7.jpg
81qZ8ZfzOkL,2219,2219,06/0690a3b1.jpg
81qiMfCOJJL,2000,2000,06/066f9892.jpg
81r0xcOqJoL,1780,2560,06/068886c1.jpg
81r1im10pRL,2560,1367,06/06a36245.jpg
81r7rZtPlFL,1500,1500,06/06ab59b0.jpg
81rUUFqJ5EL,1500,1500,06/0648fbcd.jpg
81rkGQyXItL,1500,2000,06/06bccde4.jpg
81rtwYmsNGL,2200,1879,06/06d9a815.jpg
81s+o+REdBL,2560,749,06/06ba06c4.jpg
81s1QpvhF3L,2200,1879,06/063093bd.jpg
81sKrkf0gYL,2560,2560,06/0651dc4d.jpg
81sKwf6qzSL,2200,1879,06/0617879f.jpg
81sMDNfkmlS,1670,2500,06/065e7f17.jpg
81sloDVGt7L,2401,1705,06/06eed3eb.jpg
81t2RYN3i+L,2200,1879,06/06c34af9.jpg
81tc4-Zcf3L,2560,2560,06/06d575df.jpg
81tcGPhRq+L,1087,2560,06/06f68962.jpg
81tj+QpBi8L,2560,1308,06/06f3e558.jpg
81tuIQ1dLCL,2200,1879,06/06214f82.jpg
81tvx8TOr0L,2200,1879,06/0694a01a.jpg
81u4apV4FyL,2560,2560,06/06390013.jpg
81uTCR4BtVL,2560,1360,06/06306b7c.jpg
81uh7Jkh6ZL,2560,1969,06/06f49608.jpg
81uip4ScHrL,2000,2000,06/06067053.jpg
81ulPjypIBL,2560,1254,06/06f63c89.jpg
81vErPriXvL,2000,2000,06/062967f6.jpg
81vI3KrY-cL,2560,1434,06/061f99f4.jpg
81vMY+sx8xL,1629,2500,06/06ffc17c.jpg
81vU7d8ureL,903,2560,06/06acb76c.jpg
81vUYdEthiL,2560,2560,06/06b13d55.jpg
81vWNSZZnYL,956,2560,06/062a5713.jpg
81w4nnkui9L,2068,2068,06/0671d417.jpg
81w9i+YK6CL,2560,1927,06/06d2b2ef.jpg
81w9rKk5JnL,1745,1486,06/06ddacad.jpg
81wCJjiwvRL,2560,2560,06/06e037b3.jpg
81wPBKptmXL,2560,1144,06/06f3ff91.jpg
81waVJWXSjL,1625,850,06/067a327a.jpg
81wvKvpZz+L,2560,2560,06/06a62643.jpg
81x-FOlgJpL,2200,1879,06/06491e26.jpg
81x-ar5+dlL,2200,1879,06/0665a128.jpg
81x9jL00K5L,2397,2237,06/060ef23f.jpg
81xerEBP1NL,2200,1879,06/0678688b.jpg
81y4Bu9CI+L,946,2560,06/0630c723.jpg
81ya5Et9RxL,2500,882,06/06c3ed53.jpg
81yaVLRmcUL,1691,2560,06/06116b9b.jpg
81ytcQ0F+qL,977,2560,06/0609ce87.jpg
81yuraMcPXL,2292,2560,06/06f6e1ee.jpg
81zMzIgZQ1L,2200,1879,06/06047681.jpg
81zNIjRYulL,2560,2559,06/064d280c.jpg
81zZzrHUoXL,2200,1879,06/0639ea16.jpg
81zmNpeq1LL,1305,1475,06/060e4e09.jpg
81zwjDD7hzL,2200,1879,06/067a337f.jpg
91+55oyHf2L,2560,2560,06/066c3ea1.jpg
91+DVOTcJhL,2346,2357,06/06792c31.jpg
91+fWMW0OXL,2560,1960,06/06510067.jpg
91-IpZn7H1L,2560,2560,06/06b45d50.jpg
91-eyPwPqgL,2560,2560,06/0689f877.jpg
91-pO7U4C4L,2560,2560,06/060b2ae5.jpg
9100pUyTpjL,1584,1584,06/0638daaf.jpg
910GQFHmO6L,2560,2560,06/0603c8c4.jpg
910ILT7DxGL,2458,2560,06/065a7ac0.jpg
910f3y55LjL,2560,2560,06/060346e6.jpg
910zjwV9vxL,2560,2396,06/06dfc2c6.jpg
9121jApr-JL,2560,2560,06/06011bbd.jpg
912BmbvyhZL,1833,2560,06/06d61848.jpg
912XVfBQ9uL,2000,2000,06/06b0fa41.jpg
913R0YRCYpL,2458,2458,06/06643b8e.jpg
914NXeDpRoL,2560,2560,06/06e320f6.jpg
914ThkzNlPL,2560,2243,06/0602c3b2.jpg
914sI9LLzoL,2560,1970,06/06465a4b.jpg
914tO08k-pL,2200,1879,06/06443774.jpg
914tf4GSLgL,2560,2560,06/062ded33.jpg
915UktJseHL,2209,1473,06/06ed56a5.jpg
916aarF8-CL,2560,2005,06/066cb6f8.jpg
916waJ8j5WL,2559,2560,06/06e819c9.jpg
917Bn0bj2aL,2560,2560,06/06453a8e.jpg
917CbYi8yUL,1920,2560,06/06c67c16.jpg
917VOvIYtNL,2560,2133,06/06d724a9.jpg
917qHdcea4L,2560,2560,06/06f890fd.jpg
919QnrHLjpL,2560,2560,06/0659d0be.jpg
919vfI5R19L,1745,2560,06/067eb108.jpg
91A03TxdBNL,2560,2560,06/060cfb81.jpg
91ABhyj59iL,2286,2286,06/06598965.jpg
91AeNgY2-mL,1749,1851,06/06a794f9.jpg
91ApT6feOHL,2560,2284,06/0633f71a.jpg
91BD-jiJiWL,1442,2560,06/06c7f27f.jpg
91Boj-FbhrL,2560,2560,06/06787b77.jpg
91CTNWiiJsL,2214,2560,06/06134706.jpg
91Cp26h3I6S,1851,1968,06/06030f2d.jpg
91Cqz22GOkL,2530,2530,06/062bc58e.jpg
91D56A+RftL,2560,2560,06/065a3b7f.jpg
91D9tBR2SUL,1757,2053,06/060dcb52.jpg
91DGW7GS3sL,2560,2560,06/061af75f.jpg
91DLEknGG0L,2560,2560,06/069b1f06.jpg
91De1h0dfQL,2560,2560,06/06c12491.jpg
91Do6yMkfwL,2560,1969,06/0672cf64.jpg
91EMs08j3kL,2382,1951,06/064d1b15.jpg
91Em4in5A0L,2560,2560,06/064066a4.jpg
91FCkuyG7tL,2499,2499,06/066cff0a.jpg
91FElXRS8SL,2560,2560,06/06c11098.jpg
91FO123sbtL,2560,2361,06/06c4c2cc.jpg
91GBcWQ8-bL,2560,2560,06/0614f4d1.jpg
91HsOaZ4uxL,2560,1999,06/06472b93.jpg
91IPiOV8X-L,1725,2560,06/0692c4ec.jpg
91Ip6kJDP4L,2000,2000,06/06a772a9.jpg
91JAtrbQ4ZL,2256,2560,06/0671b1ff.jpg
91KByNVNVkL,2281,2287,06/0611544b.jpg
91KMybNV8dL,1654,1654,06/061239e8.jpg
91Lh9O+U2ML,2560,2560,06/06743cfa.jpg
91LhHXBlVTL,2560,2560,06/06088912.jpg
91Lj5-D4B3L,2427,2427,06/064bf9ef.jpg
91LyFtFZ5aL,2500,2500,06/06eedf35.jpg
91MMECYNW+L,2560,1969,06/06bddfda.jpg
91MwI9oMKeL,2560,2560,06/06f57f40.jpg
91OX3wK0kEL,2560,2304,06/0697bf0c.jpg
91OnuYRjgIL,2560,2560,06/063e953c.jpg
91OzUgE+bGL,2560,1380,06/069bdac7.jpg
91PHpyHkfYL,2560,2560,06/069b1ae8.jpg
91PI9oSDTKL,2009,2103,06/06624982.jpg
91PuZxFQTFL,2560,2560,06/065ea384.jpg
91QLB8555OL,2560,2560,06/06b9609a.jpg
91RRMrBY7fL,1378,2560,06/064ee787.jpg
91RV2zEXh2L,2560,2560,06/06fe53a6.jpg
91S-LlsJw+L,1203,2560,06/06859247.jpg
91S63c9+vuL,2560,2560,06/06f78336.jpg
91SDx4DEwUL,2560,2560,06/06f58deb.jpg
91Sd-icnEgL,2560,2560,06/0645cd28.jpg
91T+AOUBdrL,2560,2560,06/067b541c.jpg
91TLcdQ+XlL,2560,2560,06/063eef97.jpg
91UAHd9uVKL,1378,2560,06/065b4d6a.jpg
91UTSoUT+OL,2560,1969,06/067fc546.jpg
91Udtex1VuL,2560,1061,06/06a8d19f.jpg
91VjZLriP7L,2496,2560,06/06617b32.jpg
91Vlu0-LetL,1820,2147,06/06463ed1.jpg
91VpX4rEQFL,2560,1929,06/0659de88.jpg
91Vpgz4tasL,2560,2560,06/0603924c.jpg
91W7pWuE6-L,2271,2560,06/06f637fe.jpg
91WOgdZ5w0L,2560,2560,06/0642f03e.jpg
91WXrhutsaL,2560,2560,06/06b3ddfb.jpg
91WwsPiYR9L,2560,1969,06/0630829d.jpg
91XJ6hSbGjL,2560,2560,06/0677580b.jpg
91XNWFQkKrL,1600,1600,06/065f9938.jpg
91Xarh3GyTL,2560,2560,06/06279c3a.jpg
91Xpsho9TFL,1920,2560,06/069cf020.jpg
91YhDG7dpxL,2200,1879,06/064f94f2.jpg
91ZU9lVQEML,2560,2560,06/06571629.jpg
91ZUC-Wi72L,2560,1357,06/068daa0c.jpg
91ZlZccSBjL,1727,1727,06/062a5aae.jpg
91ZmoKrgUIL,2560,2560,06/060d9e40.jpg
91a-+JuW3tL,2560,2560,06/0636acb8.jpg
91aU4DH0CZL,2560,2327,06/06e74f9f.jpg
91ad8slHqRL,1621,2551,06/06e70fa0.jpg
91b4CZ41riL,2203,1695,06/06d3edef.jpg
91c8KIY-4jL,2270,2439,06/06a66399.jpg
91c8TM8NpuL,2560,2119,06/06a7422a.jpg
91cQ7ttnjhL,2560,2560,06/06dcf5fc.jpg
91cUgb3WhEL,1425,2003,06/06f53b57.jpg
91cuZmtZ-zL,2560,2560,06/063fb541.jpg
91excXBW26L,2560,1795,06/0659b25c.jpg
91f1nYBMsSL,2560,2304,06/06b2b403.jpg
91fOBj1Kj8L,1654,2560,06/06c66ae2.jpg
91gLvEeIj9L,2560,2560,06/0637b0a2.jpg
91gcR-vL+2L,2283,2283,06/06934c36.jpg
91guyOV1p6L,2000,2000,06/0640e563.jpg
91hDvSs+ybL,2560,2560,06/06dd2bbc.jpg
91jOAlvvvmL,2560,2560,06/061511de.jpg
91jm6-eBG1L,2560,1984,06/065cef8a.jpg
91kIalGR25L,2560,1969,06/0667e2dd.jpg
91kQOoVGCOS,2402,2500,06/06cca770.jpg
91kdEfglG7L,2560,2560,06/06985b63.jpg
91kiHig+2YL,2560,2560,06/061023ec.jpg
91kt4G9ndAL,1457,1457,06/0684935e.jpg
91ktwVVIN5L,2560,1622,06/06958a19.jpg
91ktySku-2L,2560,2427,06/06e19990.jpg
91lB4gyKrWL,2560,2560,06/0679d543.jpg
91mevDxxNQL,1911,2560,06/06a892f0.jpg
91nLE06raqL,2560,1737,06/0641cb39.jpg
91nsNUOeftL,2560,2560,06/065d4102.jpg
91oSmk4CF6L,2130,2560,06/06135695.jpg
91oc1uJd-TL,2560,2560,06/065affec.jpg
91pes4I7r1L,2560,2560,06/06893944.jpg
91pxXKnoX3L,2560,2560,06/061e1f69.jpg
91qx4-0sGjL,2560,2560,06/0629ab9d.jpg
91r-lW44lNL,2560,2560,06/068e5d56.jpg
91r0t78G9WL,2081,1372,06/06293c2d.jpg
91rnfsjPVNL,2559,2560,06/064cbd73.jpg
91rqg34B3UL,1637,2560,06/063d38f7.jpg
91s1lq6XhvL,1759,2560,06/06e60aee.jpg
91sPbgUJE1L,2560,2559,06/0623e060.jpg
91sTKL00kbL,1780,2560,06/06e562bb.jpg
91tO1xoPWbL,2400,2400,06/06cede62.jpg
91tiT4q95pL,2560,1970,06/067f7a74.jpg
91vX+N9zugL,2315,2560,06/0671ea65.jpg
91volgobamL,2200,1879,06/06812641.jpg
91w1I0XDhFL,2560,2560,06/06a71910.jpg
91wSPfZxjSL,2560,2560,06/06efcfb7.jpg
91x-IYk4z8L,2560,1969,06/065424b7.jpg
91xVGox1sUL,2560,2560,06/0633d434.jpg
91yi5P1Q2uL,1874,2560,06/068b08f0.jpg
91zAIxuBc8L,1530,1623,06/06ac1200.jpg
91zNLNo-1lL,2560,1969,06/06e80d16.jpg
91zRfICZ6XL,2560,2106,06/067cb518.jpg
91zVtfGiojL,2560,2560,06/06ee3852.jpg
A1+N0SWZPzL,2187,2560,06/066793b8.jpg
A1+ZoC2HeWL,2560,2560,06/06ea27ef.jpg
A10DSGTX+NL,2560,2560,06/06506b71.jpg
A15Qx2rxqBL,2518,2518,06/06c991ce.jpg
A17DoEhpGUL,2560,2560,06/06ccce71.jpg
A17NQknNN-L,2560,1941,06/0639e6b0.jpg
A17rHEaYmxL,2560,2560,06/06ed01ef.jpg
A18N2s0u1VL,2560,2560,06/06be21a7.jpg
A18RR-z5UdL,2560,2560,06/0669a1fe.jpg
A1A4mv2WX4L,2560,2560,06/067723d3.jpg
A1CWhDS6o-L,2560,2560,06/068930c3.jpg
A1CqAHWbtCL,2522,2560,06/062242fa.jpg
A1D4+62zESL,2560,2402,06/0628b993.jpg
A1EQTIrsayL,2560,2560,06/06bce230.jpg
A1F7fZycbqL,2560,2560,06/06a3e880.jpg
A1ImkgycEZL,2560,2560,06/064cbef3.jpg
A1NSD6nUeHL,1525,2560,06/0631028e.jpg
A1NcMGVTc+L,2196,2560,06/0624494f.jpg
A1PIhR94a3L,2560,1969,06/06d3d552.jpg
A1PvJNS6ozL,2560,2560,06/06180cb9.jpg
A1QYziqXdxL,2560,2169,06/065f0c5b.jpg
A1RtW0taL8L,2560,2238,06/064ee662.jpg
A1TrMuon-hL,2560,2560,06/06baf2e4.jpg
A1UH3mBERDL,2419,2419,06/06cf9582.jpg
A1UHbwFsYuL,2560,2560,06/065b557f.jpg
A1UsIKoJhoL,2560,2560,06/065321b9.jpg
A1VU-cBgyYL,2560,2560,06/0669fbca.jpg
A1ZlUPB39DL,2560,1941,06/061e8474.jpg
A1asfJ43ckL,2560,2560,06/06935e1d.jpg
A1avyJ5EmZL,2560,2560,06/0647be27.jpg
A1bFMvOpGsL,2560,2560,06/0653d414.jpg
A1d2p3hXlqL,2080,2080,06/06fec68c.jpg
A1lP-n6irbL,2560,2560,06/06b79457.jpg
A1m3dgBHZeL,2560,2560,06/06807892.jpg
A1oUMCeMKqL,2560,2560,06/0694d588.jpg
A1pB2duq90L,1730,2560,06/0616f8c0.jpg
A1pDvYgAGjL,1949,2560,06/061b4749.jpg
A1pSIQ+ZLVL,2560,2560,06/063f8fd3.jpg
A1qN+K2l0dL,2040,2040,06/0645e629.jpg
A1qhuHZ9UZL,2560,2560,06/06b46ad6.jpg
A1rIQT-nBaL,1810,2560,06/06ebaf70.jpg
A1rKGW2-NvL,2553,2560,06/06e30206.jpg
A1rVLh1DpyL,2560,1970,06/06a208df.jpg
A1rfQUHPToL,2220,2220,06/06485e44.jpg
A1uud47XWDL,2560,2560,06/06872dd1.jpg
A1uufhiYJ4L,2560,2560,06/06451d93.jpg
A1uyBa1IBrL,2560,2560,06/06ca8a94.jpg
A1weMSz6c0L,2560,2560,06/062d8344.jpg
A1xTSDHYYKL,2014,2560,06/06cc92fa.jpg
A1zFjbEAi7L,2560,2560,06/0630163b.jpg
B16DqoQZA2S,2559,2560,06/061ae89e.jpg
B16EMYugaFS,2560,2560,06/06385422.jpg
B1kagLc93-S,2560,2560,06/0690b760.jpg
