210Mj9AVmNL,101,500,0c/0c2abe90.jpg
21Kv4zPe4HL,500,375,0c/0c32d103.jpg
21TlQV8uxJL,500,375,0c/0cbe8fff.jpg
21aVAJVEv+L,500,375,0c/0ce733d9.jpg
21b8iHFRvvL,500,375,0c/0cf5a9df.jpg
31-mg7xr9EL,376,500,0c/0c75ee18.jpg
312E8hI-QhL,500,375,0c/0c8f8d64.jpg
313mgXjHIhL,500,334,0c/0ce7fbb4.jpg
315w2f6XbjL,500,168,0c/0cd69806.jpg
31867YuS1jL,500,375,0c/0c58b9ce.jpg
319sTd9eGzL,500,375,0c/0cd0a59d.jpg
31CsxJy5YkL,500,375,0c/0cd2f9fd.jpg
31NQVlzUViL,500,375,0c/0c68339e.jpg
31dk0h94azL,500,375,0c/0c3b4b37.jpg
31ePu686SPL,500,375,0c/0cda6a18.jpg
31g2ShjtPBL,93,500,0c/0c714653.jpg
31gXqQmESjL,107,1000,0c/0c1e609a.jpg
31izZR6seCL,72,500,0c/0c1122c4.jpg
31pC9ZgfjOL,500,500,0c/0cd2863b.jpg
31pdkO2PrhL,500,375,0c/0c08f0c6.jpg
31rZswlOVeL,500,375,0c/0c0fcb70.jpg
31teoX04XnL,500,500,0c/0c7ecaa2.jpg
41++65Gq75L,1000,1000,0c/0cd7596c.jpg
41+psQQ+3hL,900,1200,0c/0c7b50cc.jpg
415Bwz0+DkL,141,500,0c/0c918bf1.jpg
417LEsWdcaL,1010,1010,0c/0cd4828b.jpg
417ZquomIRL,2560,487,0c/0c50b3bd.jpg
417eqqGz6+L,315,500,0c/0c607f08.jpg
417zhKQfaJL,134,500,0c/0cb333d5.jpg
41BHrg1MX2L,209,500,0c/0cb3d15b.jpg
41CgrmrWI0L,500,356,0c/0ccc6c98.jpg
41FVxGX6Y5L,1010,1010,0c/0cc6dc35.jpg
41G4BX-ay1L,1000,1000,0c/0cfb94f9.jpg
41HEFdJveTL,1000,1000,0c/0cb35e17.jpg
41ImDBNcu-L,1000,1000,0c/0c5a0e7b.jpg
41Li7LTVU8L,161,1473,0c/0c7980a6.jpg
41MSHglsOwL,1000,1000,0c/0c2a72d5.jpg
41Moq+NuTSL,1200,1200,0c/0c205492.jpg
41OHlSzF67L,1000,1000,0c/0c45587e.jpg
41Rn2pfsovL,1000,1000,0c/0ccf3cf4.jpg
41S4XZ6T8kL,768,1024,0c/0ca77d26.jpg
41SAG0LHwhL,1058,237,0c/0cb72993.jpg
41SJ7QmufgL,1000,347,0c/0cf38f9b.jpg
41TI8Ly+W2L,1000,1000,0c/0c5ee716.jpg
41TklSiQxOL,500,454,0c/0c03eb55.jpg
41Txj1k8wqL,500,375,0c/0c63a795.jpg
41Uc9DCzvGL,1000,1000,0c/0c478d04.jpg
41W3wsijz1L,1050,1050,0c/0c04ed25.jpg
41ZKXEW+iIL,163,500,0c/0cc28de2.jpg
41ceUept96L,1000,1000,0c/0c9a0d48.jpg
41e220qV5CL,1000,1000,0c/0c565897.jpg
41fT1vIXF-L,1000,1000,0c/0cc3e592.jpg
41ucQmLykmL,500,375,0c/0c9af960.jpg
41vpXgCDTDL,1000,1000,0c/0c3ab3fe.jpg
51+TQbtlHOL,1000,592,0c/0cfca675.jpg
51+o3BHKtEL,1001,1001,0c/0cd8e9da.jpg
510H59HkBeL,1228,1228,0c/0c47a35f.jpg
511Igs6dMOL,1100,1100,0c/0cd38911.jpg
512Qt8YXpeL,1444,755,0c/0ca589ff.jpg
513+kD7VS1L,1585,565,0c/0ceb28e3.jpg
5132U7avlML,1000,1100,0c/0c0bbc65.jpg
515BYGPKuKL,1200,1200,0c/0c6524b7.jpg
515UF8qvZmL,900,1200,0c/0caff045.jpg
5168VgLNDfL,1200,1200,0c/0c816c7a.jpg
516AmFJ433L,1000,1000,0c/0cec80ed.jpg
516DgzjHQHL,1038,916,0c/0c8d4016.jpg
516VLnrF7DL,455,1427,0c/0c7ed863.jpg
516oyhx0qEL,501,1000,0c/0cd7a4d1.jpg
517UZpc+4dL,1000,1000,0c/0c2864df.jpg
518AvPUMGBL,1200,1200,0c/0cfbcaa0.jpg
518Tyf5oT0L,1000,1000,0c/0c0b7b18.jpg
518gGnt1TIL,500,500,0c/0c98e861.jpg
519PfDbUdOL,302,500,0c/0c87e030.jpg
519dSfhd0nL,1200,1464,0c/0c8f5cf2.jpg
519lKNFhI3L,1000,1000,0c/0c81bba7.jpg
519u+p433XL,1300,1300,0c/0c375671.jpg
51A1QQR7WKL,1456,792,0c/0cf420dd.jpg
51AFvbX2DkL,1000,1000,0c/0c2e6e8a.jpg
51ARCJHJSBL,500,500,0c/0c7c2c1d.jpg
51BXCQ0Wf3L,1300,1300,0c/0ceff91a.jpg
51C2GcYoD8L,1007,1007,0c/0c47922c.jpg
51CMa1JieUL,1000,1000,0c/0cf2f3c5.jpg
51CdCze53sL,1000,1000,0c/0c818701.jpg
51CsmTXyYnL,1000,1001,0c/0c131e81.jpg
51DuGSmg94L,1000,1000,0c/0c572bce.jpg
51E3SNQ5gtL,308,500,0c/0c2412a2.jpg
51EGToBmcTL,1000,1000,0c/0cc810de.jpg
51ENif0RzpL,1200,1200,0c/0c3293a5.jpg
51FcHlpx7NL,1000,1000,0c/0c88adb0.jpg
51FrSGSJyEL,1200,1200,0c/0ce5a519.jpg
51GhTxJoQAL,158,1080,0c/0ce51adc.jpg
51H17FpT7FL,1301,1301,0c/0cb50d1e.jpg
51IBu3CKxTL,1001,1001,0c/0c62809f.jpg
51IRMJbwcrL,403,500,0c/0cd7a900.jpg
51IRWdjvHFL,1200,1200,0c/0cd0b200.jpg
51IZQUppL0L,1000,1000,0c/0c9cfe79.jpg
51IavGN1pDL,1521,1521,0c/0cde8bd9.jpg
51It5j3Pz3L,500,484,0c/0c78652c.jpg
51IyPYsttKL,683,1024,0c/0c8a6a34.jpg
51J5XSo6U3L,351,500,0c/0ccdbf36.jpg
51JfdgaEptL,1032,834,0c/0c76bf31.jpg
51KADIAkAbL,1000,1000,0c/0ce3badb.jpg
51KFkYvGGCL,1462,1462,0c/0c467c1e.jpg
51KSz2r6IpL,1000,1000,0c/0ce41e78.jpg
51LQQlIEdZL,1444,755,0c/0c770170.jpg
51LoFoSMxkL,1215,1215,0c/0c7d91db.jpg
51LvugU3gAL,1000,1000,0c/0cd0356d.jpg
51MbRD48lkL,1001,1001,0c/0cfd97a9.jpg
51Mp1ksoH8L,1000,1000,0c/0cc8b181.jpg
51N0sbAqLUL,1000,1000,0c/0c3237de.jpg
51N8LfzVCEL,1000,1000,0c/0c881fcf.jpg
51OWhMDXiGL,1000,1000,0c/0c3e241a.jpg
51OehOxS-aL,1000,1000,0c/0c8a0864.jpg
51Ptd1GSkAL,1200,1200,0c/0c7c8a59.jpg
51PuzNFFh6L,1000,1000,0c/0c70bb72.jpg
51Q68XZ9anL,1100,1100,0c/0ccf9207.jpg
51QMylT-OYL,1200,1200,0c/0c2dc7ff.jpg
51RKN4A9QuL,1400,1400,0c/0c86f4a9.jpg
51RN47hOQmL,1000,1000,0c/0cd53645.jpg
51ROxQdQKHL,435,500,0c/0ccb9a04.jpg
51Sgs9hL+ML,1200,1200,0c/0cd9c197.jpg
51TO+wremiL,1100,1100,0c/0ce12447.jpg
51TRnqfgwKL,1792,225,0c/0c804403.jpg
51V1i85l-fL,1000,368,0c/0c1a9c73.jpg
51Vei4EHzBL,1000,1000,0c/0ce137d2.jpg
51WWQa1N8xL,1000,1000,0c/0c859053.jpg
51WrwLsjmyL,1000,1000,0c/0c50dd3b.jpg
51WtB42RHOL,1200,1200,0c/0cfd4078.jpg
51XFgwirFrL,1200,1200,0c/0c723885.jpg
51XGUaICCFL,1200,1200,0c/0c52f9ac.jpg
51XmdgHCcHL,1001,1001,0c/0cca5d49.jpg
51Xz3Ynwo6L,1000,1000,0c/0c80d9c0.jpg
51Yuqce08eL,1000,1000,0c/0c3691d1.jpg
51Z72Fdj3ZL,1000,1000,0c/0c41cda7.jpg
51ZOKBYMd7L,2550,429,0c/0c7d4f7e.jpg
51ZiPqhsPZL,1000,1000,0c/0c812b51.jpg
51aWnsmgWmL,1200,1200,0c/0ce307ca.jpg
51ad2PInmAL,1500,1500,0c/0cc09f60.jpg
51bfing5JfL,781,1001,0c/0c127fea.jpg
51cq1xqz11L,1000,1000,0c/0c51a026.jpg
51dtDvJMmkL,1300,1300,0c/0cd7b43c.jpg
51dz01nKyjL,1000,1000,0c/0cc9add7.jpg
51evShxu8sL,1444,755,0c/0c20c51a.jpg
51f08WbagQL,1000,1000,0c/0c35fa00.jpg
51fGGeDqxgL,1000,1000,0c/0c741285.jpg
51g4ubPpjRL,766,1000,0c/0c46560c.jpg
51g6CfFgyXL,744,1050,0c/0cd03c5b.jpg
51gJ7-MwyLL,1200,1200,0c/0cb7f3c2.jpg
51gV4TiB05L,1000,1000,0c/0cf260b4.jpg
51hDkqLVe6L,1100,1100,0c/0c4120ae.jpg
51iSCVKd36L,1100,1100,0c/0ca4666e.jpg
51imXsjA37L,1140,1500,0c/0cb0f3ea.jpg
51jFYeTwmkL,1000,1000,0c/0c4c6b75.jpg
51jpig9+OhL,500,489,0c/0c67acfd.jpg
51kGYpagfxL,1000,1000,0c/0cb22cda.jpg
51l1tyMBAtL,1500,1500,0c/0cea9763.jpg
51lCKFuYuWL,1200,1200,0c/0c8168ef.jpg
51lEL2DjsgL,900,1200,0c/0c28f188.jpg
51mp38DduFL,908,1527,0c/0ce8ff42.jpg
51nyDMjCmHL,1000,1000,0c/0c84de5f.jpg
51oJ9sVdFoL,1050,1050,0c/0cdf2fe1.jpg
51osTetMYKL,1000,1000,0c/0c5e2e70.jpg
51p1-ZYJ8+L,1500,1500,0c/0c512132.jpg
51q+IVJQkxL,500,272,0c/0c248971.jpg
51rKnwodZ8L,1000,1000,0c/0ca92008.jpg
51rVH7QRQ+L,1000,1000,0c/0c629c9c.jpg
51rpOWLZ7cL,494,500,0c/0c3d31a9.jpg
51sZI95ZFBL,1000,1000,0c/0caa2ed1.jpg
51t7g75A2YL,1131,1155,0c/0c34f027.jpg
51tCyOTmS-L,1200,1200,0c/0c9abcc0.jpg
51tmwcj2DUL,500,272,0c/0ca7102f.jpg
51uEDFhM6RL,1000,1000,0c/0c5910eb.jpg
51ua43gbxiL,900,1200,0c/0cf38382.jpg
51ulTbAnzTL,477,500,0c/0cb62e6c.jpg
51wg5QYlfZL,1200,1200,0c/0c72228e.jpg
51x7hA1expL,1673,753,0c/0cc6936b.jpg
51xT1ibj-FL,1000,1000,0c/0c1acd9e.jpg
51xgKymKmVL,1162,1399,0c/0cc2b86a.jpg
51xx6tNY7ML,1000,1000,0c/0c67b306.jpg
51xyRjzzLhL,1200,1200,0c/0ccd438a.jpg
51yEnNZOZPL,1000,1000,0c/0c4d9306.jpg
51zPOs5aasL,1005,1446,0c/0c58df54.jpg
51zgOswRH6L,1625,850,0c/0ce75c1d.jpg
51zptJ9uSVL,1000,1000,0c/0c1b6183.jpg
61+EBoGYwlL,1000,1000,0c/0c61eb7a.jpg
61+We1G8IsL,652,1500,0c/0c37f459.jpg
61+ZITjGBLL,1000,1000,0c/0c566866.jpg
61+gyWY4H0L,1200,1200,0c/0c77045a.jpg
61+n8x8iSvL,1001,1001,0c/0c94b2be.jpg
61-CjS+kZWL,1920,2560,0c/0c3124fa.jpg
61-Vubkc0HL,1625,850,0c/0c13ae4d.jpg
610WylL9jFL,1500,1500,0c/0c7ac42c.jpg
610o4vBznEL,2200,1879,0c/0c78fd47.jpg
610s+Y3YaGL,1000,1000,0c/0c8e6850.jpg
611+Qhi+BWL,2560,2560,0c/0c10aa7d.jpg
611-4w4dp+L,1315,1239,0c/0c714ea5.jpg
6114SuZDbhL,1444,755,0c/0ce2bc47.jpg
61188VssRhL,1428,1428,0c/0c6898ca.jpg
612+ALglDlL,1000,1000,0c/0ca08a7a.jpg
612+YrFwYfL,2560,1946,0c/0c0af736.jpg
612OAeZM5gL,2200,1879,0c/0ca3045c.jpg
612Qe9IGxuL,1735,1735,0c/0c6f647e.jpg
612XFFHsQTL,2560,2133,0c/0c4b4740.jpg
6134YVaRNKL,1000,1000,0c/0cdf5f45.jpg
613FC0e0QjL,1000,1000,0c/0cbd7c09.jpg
613rFmJ-YZL,1000,459,0c/0c0da03e.jpg
613v-4WzfLL,2200,1879,0c/0c9881c3.jpg
613z88UQemL,1536,1014,0c/0cb8774e.jpg
6148mcmyGRL,890,1591,0c/0c25edcf.jpg
614PXqgNOCL,1300,1300,0c/0c221a18.jpg
614YwqQycML,2560,1707,0c/0cabb184.jpg
614nPTEREWL,2560,735,0c/0c3f5a56.jpg
614zG7JA8VL,916,2560,0c/0c90b8a2.jpg
6157he8EwOL,1000,352,0c/0c4c06cb.jpg
615SzD55JfL,1000,1000,0c/0ced397d.jpg
615Z1XIGj9L,1000,1000,0c/0c007270.jpg
615boNDe80L,1625,850,0c/0c5d9163.jpg
615dt-nffbL,514,1365,0c/0c853301.jpg
615lMye-1tL,632,2560,0c/0c157d92.jpg
616JhvbJBJL,2560,1739,0c/0cc75507.jpg
616KwiLWdNL,2000,2000,0c/0cd0f0df.jpg
616T8zgShlL,1000,1000,0c/0c1ab70b.jpg
616UsgvlD+L,1076,2249,0c/0c88e7a4.jpg
617IYue8w0L,1000,1000,0c/0ce0fe0f.jpg
617VzUuCozL,2200,1879,0c/0c3b2d89.jpg
617xm2ZX9ML,1711,1711,0c/0cc001a6.jpg
617zON91mrL,1000,1000,0c/0cb8ba43.jpg
618-lVyx74L,1315,1239,0c/0c2a8ff4.jpg
618jot67YfL,1500,1500,0c/0c157c18.jpg
618kQZJTvNL,2200,1879,0c/0c61d7da.jpg
618tRk+atVL,752,2560,0c/0c965518.jpg
619C4LCDdCL,1000,1000,0c/0ceb3ce6.jpg
619F-XRTo0L,837,1000,0c/0c45bc5c.jpg
619Fi2L8TlL,1000,1000,0c/0c9f1c15.jpg
619HmhImIWL,1000,1000,0c/0c9434a7.jpg
619JqWjMV1L,941,1423,0c/0c05ee67.jpg
619M7JoFT-L,1100,1100,0c/0ca5525d.jpg
619gyn62AiL,1000,1000,0c/0c14db80.jpg
61A+uQ03bWL,1802,1802,0c/0c57f627.jpg
61AAi7GHCML,1000,1000,0c/0c12764f.jpg
61AE2oZ7lLL,1877,1877,0c/0cd41565.jpg
61AE7th15zL,1200,1200,0c/0c0565ea.jpg
61AWERojEyL,1300,1300,0c/0cca377c.jpg
61AmbVvuPZL,1100,1100,0c/0c03714a.jpg
61AqpB4VScL,1316,1308,0c/0c5bdc75.jpg
61Ay0JRgxKL,1100,1100,0c/0c04c55e.jpg
61Aynawe83L,1500,1500,0c/0ca35552.jpg
61B-tmaBrSL,1000,1000,0c/0c7b12c7.jpg
61BIvYBR1yL,1285,1279,0c/0ce1ca12.jpg
61BmodLL4NL,1000,1000,0c/0c182f8c.jpg
61BxiTGDUzL,1400,1000,0c/0c0f2164.jpg
61C-FsXGWuL,2000,2000,0c/0c110857.jpg
61CA-uTqA1L,2200,1879,0c/0c6b27ae.jpg
61CgEmy4AKL,1766,617,0c/0c6153f5.jpg
61CkjQ0pXGL,1494,2560,0c/0cd9a582.jpg
61DIT3hlo0L,1500,1500,0c/0c613184.jpg
61DVL3Qu4LL,1001,1001,0c/0c305c92.jpg
61Dy6XyMVAL,1000,1000,0c/0c6eac7c.jpg
61ECZ0qkZXL,1760,1490,0c/0c2b194c.jpg
61EDmodRD2L,1000,1000,0c/0c2b0230.jpg
61EQ5v-mpCL,1200,1200,0c/0c14b893.jpg
61EYCL9bAZL,1701,625,0c/0c837875.jpg
61Eyki8iZ+L,1500,1500,0c/0c72b51c.jpg
61F-BvohlOL,1500,2000,0c/0cfcf198.jpg
61FBKSYH3GL,570,1000,0c/0cd1a4d8.jpg
61FET7VGNBL,1500,1500,0c/0cfb4f60.jpg
61FPNHQmTPL,1625,850,0c/0c7b1c79.jpg
61FaITpDjbL,1500,1500,0c/0cac120a.jpg
61FkwPJWFUL,1500,1200,0c/0c86f81c.jpg
61G9-vN9szL,2200,1879,0c/0cf45280.jpg
61GeCbsoK2L,1775,1775,0c/0cf133e9.jpg
61GqFQPTrqL,1000,1000,0c/0ca46202.jpg
61GuTB7FE-L,1001,1001,0c/0cbeb5fc.jpg
61GwahAl1jL,2200,1879,0c/0c755000.jpg
61Gziz8sHFL,1000,1000,0c/0c6c0a48.jpg
61H0UuBCh2L,1444,755,0c/0c8f6ae8.jpg
61Hg2dDXPYL,1500,1500,0c/0c86e18c.jpg
61Hrg-awZlL,1486,2560,0c/0c199c3e.jpg
61InMA8aZQL,2200,1879,0c/0cd9df11.jpg
61IwSZkI5-L,656,1564,0c/0cd43b33.jpg
61J6W6jGUUL,1085,2560,0c/0c5b919c.jpg
61JiliSOIIL,2560,1475,0c/0cbfca58.jpg
61JnTlE3FuL,1100,1100,0c/0c3e886e.jpg
61Jrr6YUjEL,2560,2021,0c/0cfef161.jpg
61KSl63HLFL,2200,1879,0c/0ce83f40.jpg
61LCjJAdGSL,1200,340,0c/0ca2946e.jpg
61LJfADe7dL,2060,1497,0c/0c29cba9.jpg
61LMz9hCsRL,1685,1685,0c/0ca47597.jpg
61LW7BkOmLL,1315,1239,0c/0c9ceb41.jpg
61LeWPxWbpL,1000,1000,0c/0ccb1456.jpg
61LgJ-Z9dIL,1316,1308,0c/0cf4e218.jpg
61LgtauwX1L,1000,1000,0c/0c847507.jpg
61M6j7GMp7L,652,1500,0c/0c550d11.jpg
61MCycbV-bL,1001,1001,0c/0c3264ac.jpg
61ML9mOZueL,2000,2000,0c/0c7bc29c.jpg
61MLbOlKI6L,1200,1200,0c/0cda7785.jpg
61MLfAgWuSL,1000,685,0c/0c760825.jpg
61MUMURQt6L,1444,755,0c/0cdb1339.jpg
61MV3sej0lL,1660,963,0c/0ceef21f.jpg
61MzSw-QkjL,1500,1500,0c/0cff1867.jpg
61N0dtT9MkL,1500,1500,0c/0cb23485.jpg
61N7M-Sg2VL,1500,1500,0c/0ccc06b7.jpg
61NAFK5e8jL,2000,2000,0c/0c333d25.jpg
61NI3NWevwL,1315,1239,0c/0c55f66a.jpg
61NWQfFIy5L,2560,904,0c/0c47cd35.jpg
61Noc8nNkhL,900,1200,0c/0cd81e02.jpg
61NqxVbBw6L,1000,1000,0c/0cb64c0a.jpg
61O85a94OCL,1707,1707,0c/0c0c8aff.jpg
61O9HUdL8ML,2200,1879,0c/0c376c21.jpg
61OEy4aij4L,1000,226,0c/0c9f0713.jpg
61OmyNxko5L,2200,1879,0c/0c2cde03.jpg
61Os8vNGBcL,1500,1500,0c/0cc9b2f9.jpg
61P0XPummRL,1000,432,0c/0c55219b.jpg
61PS69sqE0L,1500,1500,0c/0c570c72.jpg
61Pkm6Ul7UL,1500,822,0c/0cf42f44.jpg
61Pkve7BEcL,1000,1778,0c/0cbe4e8f.jpg
61Pro5NR6fL,992,2560,0c/0ca35c3b.jpg
61QRWFHLL8L,2200,1879,0c/0cd642a7.jpg
61QTqNoOjcL,1200,1200,0c/0c71e7e9.jpg
61QebXEIfvL,2560,1259,0c/0c6107ea.jpg
61Qfiv00VBL,2200,1879,0c/0c7bd869.jpg
61QjUEOaLKL,1000,1000,0c/0c7bf69a.jpg
61QpUa46mUL,1000,1000,0c/0c2a5e3f.jpg
61REb876BZL,2200,1879,0c/0c52deeb.jpg
61ROWII25LL,1333,1333,0c/0c7fd595.jpg
61RdEJ9TZAL,1000,650,0c/0ccf0a1a.jpg
61RshHm5xPL,1200,1200,0c/0cb667eb.jpg
61SQ50jcDtL,1492,2560,0c/0cb644e8.jpg
61Sa6nHJpLL,1200,1200,0c/0c593a8a.jpg
61SgTkgg5BL,1316,1308,0c/0ca9a1ec.jpg
61SlDf-EB6L,1000,1000,0c/0cd20010.jpg
61Ssvso1xDL,2200,1879,0c/0cabea37.jpg
61T-y7AP77L,1802,1802,0c/0c21e4b5.jpg
61TFd3qUGTL,1200,1200,0c/0c3c9fc2.jpg
61TR1lDabgL,1000,1000,0c/0c0482cb.jpg
61TUmap-QPL,517,1451,0c/0c94a66e.jpg
61TkZCInliL,1001,1001,0c/0cfff813.jpg
61U-asoqTWL,1000,1000,0c/0c23fcbe.jpg
61U39vuTsnL,1785,957,0c/0cd5554b.jpg
61U4134uI+L,1200,1200,0c/0ce6e9e8.jpg
61UEUBpjtgL,2200,1879,0c/0c66296b.jpg
61UFOrvxlhL,1316,1308,0c/0c1d779b.jpg
61UKBJcewJL,1307,1307,0c/0c273c2d.jpg
61ULIRFwRFL,1080,1080,0c/0c0bf873.jpg
61VDU97UhtL,900,1200,0c/0c494ad4.jpg
61WGl0doZrL,1500,1500,0c/0c33d71c.jpg
61XMuzs9NwL,1000,1000,0c/0c23add5.jpg
61XUbdsMBlL,1000,609,0c/0ca958fb.jpg
61Y5jXYSE4L,1000,1000,0c/0cea5228.jpg
61YGu+XVTML,1315,1239,0c/0c04ecfb.jpg
61YPhizmeJL,2200,1879,0c/0cfd6a78.jpg
61YQDcIsrbL,1500,1500,0c/0c662e7f.jpg
61YaUqbGs+L,1001,1001,0c/0c441e5d.jpg
61YdRJ3jYuL,1000,1000,0c/0cf459a5.jpg
61Z4ykepT8L,1444,755,0c/0ce75114.jpg
61ZIcjHqHeL,1100,1100,0c/0ca4c37d.jpg
61aIu8QL0kL,1934,1212,0c/0c23ed93.jpg
61aLHr9o3qL,2200,1879,0c/0c88431c.jpg
61aSKec9b7L,2012,2012,0c/0cf890e9.jpg
61adoFhdOTL,1000,1000,0c/0cbdf711.jpg
61aidGq9NcL,2200,1879,0c/0c7966e4.jpg
61apdRqQ4iL,2560,1969,0c/0c79eeb7.jpg
61bK1etz9TL,2160,2160,0c/0ccafee8.jpg
61bMrYWNjHL,2000,2000,0c/0c497915.jpg
61bR1o7tdsL,2200,1879,0c/0c7293f1.jpg
61bRF3vWNvL,1000,1000,0c/0c8b5b46.jpg
61bYLlGmCGL,1501,1501,0c/0ccdaf52.jpg
61bgYELXFPL,1600,1600,0c/0cd89192.jpg
61cDxdJ9cML,1772,628,0c/0cfc46a0.jpg
61cJWcOqpdL,1000,1000,0c/0c912e35.jpg
61cshlBDbPL,1000,1000,0c/0c6f302e.jpg
61ctKKf1jgL,1000,1000,0c/0c8547ee.jpg
61cu8YS8oyL,1200,1200,0c/0ce7f5aa.jpg
61czZ6ZtrJL,1200,1200,0c/0cca8b20.jpg
61d+bjUYuNL,2127,1615,0c/0c230574.jpg
61d1Dz7ZNoL,1080,1080,0c/0c12d9d6.jpg
61d1xtpoekL,1315,1239,0c/0cada291.jpg
61d65jT8jrL,1000,1000,0c/0c8032f8.jpg
61dvb-nNvsL,1140,1032,0c/0c5aa072.jpg
61e60XdP4qL,1000,1000,0c/0c537d65.jpg
61ecxL4bRJL,1315,1239,0c/0c134fc1.jpg
61fSzx8HcYL,1500,2000,0c/0ca73edf.jpg
61fUmqPSyoL,2200,1879,0c/0cee24bd.jpg
61fZ9F3PHAL,1000,1000,0c/0c3a20a7.jpg
61fnremeSOL,2560,2560,0c/0c19a7e6.jpg
61g3ARdbYVL,1937,1191,0c/0c8d128f.jpg
61gAMefapgL,1774,1774,0c/0cabfb25.jpg
61gdrCCvthL,1000,1000,0c/0c625017.jpg
61glYggtJAL,572,1525,0c/0c07b403.jpg
61hAY8w513L,2000,2000,0c/0c7d71dc.jpg
61hZx-Up0VL,2200,1879,0c/0c1f2dfc.jpg
61hmhKE-NnL,1000,1000,0c/0c821e6f.jpg
61ho06WkPAL,2200,1879,0c/0c1adea7.jpg
61iNNR9qOsL,1000,509,0c/0cb9fe69.jpg
61icYp-vZYL,1316,1308,0c/0cce5a88.jpg
61j4AeS3KHL,1315,1239,0c/0cdcebc6.jpg
61jug6Pt3HL,2200,1879,0c/0c05cf44.jpg
61k2Gw4FGnL,1625,850,0c/0ccf0774.jpg
61kG-JesjvL,1500,1500,0c/0c8849cd.jpg
61l4wkmYE9L,1283,1283,0c/0cc931aa.jpg
61l6hOzVt2L,2200,1879,0c/0c7bc0d9.jpg
61l8FsfGMsL,2200,1879,0c/0c41834c.jpg
61lstwXjWKL,1000,1000,0c/0c43a57b.jpg
61m55ystvFL,1134,1134,0c/0cbfde90.jpg
61mDUPLDzaL,1315,1239,0c/0c83ea2b.jpg
61mb4acorQL,2200,1879,0c/0ca4e398.jpg
61mbpEmGTGL,1000,460,0c/0ca114f8.jpg
61mgYgoXxXL,1444,755,0c/0ca7baaf.jpg
61mkNQGNDTL,1200,1200,0c/0c1d23ee.jpg
61n+Gg-Iz8L,1247,1500,0c/0c203934.jpg
61n3QOJhEmL,2200,1879,0c/0c0bdfb4.jpg
61naPVQxhUL,2560,2560,0c/0c0e9b5d.jpg
61nkVIMglCL,1315,1239,0c/0c0f869f.jpg
61nmHb21rIL,1000,1000,0c/0c560664.jpg
61oFmpi8XvL,1316,1308,0c/0cd67301.jpg
61oR76Jb7JL,2102,2102,0c/0c9a3b3e.jpg
61olQWYWCzL,1179,677,0c/0c6ab414.jpg
61p+H2R2cAL,676,1000,0c/0c58863d.jpg
61p4+G1WiQL,1000,452,0c/0c0e02d4.jpg
61p8MrNaU8L,1000,1000,0c/0c623fda.jpg
61pjhcDORYL,1315,1239,0c/0c6480e8.jpg
61q4de-hBxL,1024,792,0c/0c3a872a.jpg
61qa7bUDopL,1000,1000,0c/0c11c6da.jpg
61qbbUr-z1L,1200,1200,0c/0c06db07.jpg
61qnfeb3uJL,2200,1879,0c/0cdd1992.jpg
61qqlCJQ-TL,1791,965,0c/0c93c8e9.jpg
61r0GfMmfNL,967,1000,0c/0cbdc2c3.jpg
61r9tjEQXmL,510,1500,0c/0c8fea54.jpg
61rQL9VMZ2L,1500,1500,0c/0cc37d7a.jpg
61rQQQIJ6LL,2200,1879,0c/0c972760.jpg
61sEuPsT5gL,2200,1879,0c/0cfb5075.jpg
61sP7AeIjUL,868,1000,0c/0c68b590.jpg
61sPTG2G0AL,1001,1001,0c/0c3e262b.jpg
61t1w-ZCgvL,1000,1000,0c/0c8c4e15.jpg
61tfV0E4uXL,2349,2349,0c/0c008114.jpg
61tpUrM6cwL,1000,1000,0c/0c0f4cf0.jpg
61tva7uIdQL,1000,1000,0c/0cbd6cad.jpg
61uXJ3d3hPL,1500,1500,0c/0cde8715.jpg
61ugiuhE5mL,2200,1879,0c/0c9e8f01.jpg
61uwrGq7lvL,1000,533,0c/0c45b986.jpg
61vMEA+-5ZL,1000,1000,0c/0ced70e1.jpg
61vRkdnaIaL,1315,1239,0c/0cd92b42.jpg
61vYXD4n2uL,1248,2560,0c/0cdc216e.jpg
61vYw1prNuL,1625,850,0c/0cb819ac.jpg
61vho8TDtJL,1352,1352,0c/0ce0a4ab.jpg
61w0RoRTkQL,1444,755,0c/0ce7c431.jpg
61w66TkeX3L,1000,1000,0c/0c3de4b9.jpg
61wQEp8RpfL,678,1000,0c/0c1f6e98.jpg
61wgaxxAJpL,2200,1879,0c/0cfc7434.jpg
61wjJRTyTTL,1000,1000,0c/0c75e225.jpg
61wnsajNUrL,2200,1879,0c/0c9fce9a.jpg
61wwSaAT00L,1444,755,0c/0cfe20f6.jpg
61wwi3Lb0dL,2200,1879,0c/0c1c73ee.jpg
61xCN9OASjL,1500,1500,0c/0c9c01c0.jpg
61xO0CywNbL,1500,1941,0c/0cd94683.jpg
61xX+OjA9AL,2560,1966,0c/0c07d98f.jpg
61xYh32hfCL,1444,755,0c/0c0bdbd0.jpg
61xmqcxS0HL,2000,2000,0c/0cf0dc9c.jpg
61xnLi7A2JL,2200,1879,0c/0ca70c53.jpg
61xsSpfUKPL,2560,781,0c/0ce3b76d.jpg
61y3XBntOlL,1000,1000,0c/0c8d045f.jpg
61ybtqc+BDL,1444,755,0c/0c2d82e6.jpg
61yong6OEdL,1500,1500,0c/0cdfd08c.jpg
61zL-Cxp4zL,1444,755,0c/0cfd7903.jpg
61zQeNuGW8L,1442,1442,0c/0c75e909.jpg
71+78AL9kOL,2200,1879,0c/0cf0a726.jpg
71+7rYB4VHL,2200,1879,0c/0c4fffb2.jpg
71+HK37dspL,1571,1319,0c/0c51edf6.jpg
71+N99GKBeL,2200,1879,0c/0c42ac3c.jpg
71+QO2tFsUL,2200,1879,0c/0cdd983e.jpg
71+R9wDZ07L,2200,1879,0c/0ccdcfad.jpg
71+S12vQBsL,2560,2560,0c/0cf92ac1.jpg
71+aOcePYVL,2200,1879,0c/0c9a6aaa.jpg
71+bEQbTUyL,2200,1879,0c/0c4d9b2e.jpg
71+cUngcvUL,2200,1879,0c/0cb759c0.jpg
71+v4-BqitL,2200,1879,0c/0cb4d27d.jpg
71-+ilqPHDL,921,2560,0c/0cde4aae.jpg
71-1tXZsLFL,1239,1236,0c/0c575ab8.jpg
71-2K2lEpCL,2200,1879,0c/0c8744c5.jpg
71-43bKiOxL,2200,1879,0c/0cef2589.jpg
71-AyyP7VlL,2200,1879,0c/0c737e26.jpg
71-MBUsQTDL,2000,2000,0c/0c80cdf9.jpg
71-MDY3jQ-L,2200,1879,0c/0cebb87e.jpg
71-UI0PEkgL,2200,1879,0c/0c211e23.jpg
71-Y2uPHMGL,2200,1879,0c/0ca532e0.jpg
71-jkHASZ7L,616,2560,0c/0ce0adbd.jpg
71-kyE3y6AL,2560,2560,0c/0c1fc17a.jpg
71-lDcq9vuL,2560,413,0c/0c4d867a.jpg
71-woWF72ML,2200,1879,0c/0cb89c67.jpg
71-yI3KHGFL,2560,1837,0c/0c8af963.jpg
7104DO1nvOL,2560,2560,0c/0c14e2d6.jpg
7105lQTRxcL,2200,1879,0c/0ca64ede.jpg
7105reYdtIL,1833,1833,0c/0ca0279d.jpg
710F8r25-5L,2200,1879,0c/0c0e5a8e.jpg
710L+xgxOuL,2200,1879,0c/0cf17b37.jpg
710L4d5HdlL,1132,2560,0c/0ca96c9e.jpg
710NWWBk6jL,2200,1879,0c/0cea343e.jpg
710R0RxjfNL,1618,1393,0c/0c5ae402.jpg
710RnQYooBL,2200,1879,0c/0c4e26cf.jpg
710SARoKlPL,2200,1879,0c/0c9da641.jpg
710Y9IZ6T5L,2200,1879,0c/0c8fb59e.jpg
710enfUOYcL,2000,1665,0c/0c48f530.jpg
710w5rBF--L,2560,886,0c/0cb9ccf3.jpg
711CqsLLgTL,2307,1368,0c/0cee96e2.jpg
711SlX-GJTL,2200,1879,0c/0c2580ee.jpg
711iDooOi0L,2200,1879,0c/0c2e93d4.jpg
711l1pIJf2L,2560,2560,0c/0c818900.jpg
711m4npForL,1836,2560,0c/0c3a7d4e.jpg
711wTHPxGhL,2200,1879,0c/0c267ca1.jpg
712+OetyuCL,2200,1879,0c/0cf91fd4.jpg
7123ayvr2-L,1465,1578,0c/0c56fcd5.jpg
712Lvjm28VL,2560,1970,0c/0c10a3a3.jpg
712W97EsuZL,2560,1261,0c/0c2677b1.jpg
712YdazBrkL,2200,1879,0c/0c23ad58.jpg
712aO4tGL4L,2200,1879,0c/0c5ba5b7.jpg
712nQ0BBIaL,2560,2560,0c/0ce0beed.jpg
712qddFCxXL,2200,1879,0c/0cbe7588.jpg
712uYcw9rTL,2560,1920,0c/0c2aaf39.jpg
712whhZiadL,2200,1879,0c/0c167ef4.jpg
7137mXAeIZL,2000,2000,0c/0cfe0de1.jpg
713AFaq5cTL,2327,2560,0c/0cc36313.jpg
713DX8Vn4RL,2200,1879,0c/0ce8d651.jpg
713G0xTw+6L,2200,1879,0c/0c418b4b.jpg
713IKzNfZmL,2200,1879,0c/0c892fb0.jpg
713QqyU7MJL,2200,1879,0c/0c8a9d73.jpg
713R1tsX+0L,1228,1500,0c/0c69e4e3.jpg
713am4XuzOL,1226,2504,0c/0c38c90a.jpg
713gfzOeS2L,2200,1879,0c/0cd00240.jpg
713lk+5hMRL,1706,1706,0c/0cbddd7f.jpg
713nP1HOzvL,1185,2327,0c/0c404723.jpg
713sUQNV57L,1396,2198,0c/0c698f99.jpg
713xJw+K+SL,859,2425,0c/0cf6b113.jpg
713zScjdy7L,1000,1000,0c/0c02e413.jpg
7146LDwA9NL,2200,1879,0c/0ca0506d.jpg
7149jFXUmXL,1444,755,0c/0cd26363.jpg
714B4sIExrL,1500,1500,0c/0c0f3b11.jpg
714NZSuGuiL,2200,1879,0c/0ca384a7.jpg
714hRCYObcL,2200,1879,0c/0c62a2a9.jpg
715BqUd9VIL,2200,1879,0c/0c8a368c.jpg
715WWvmDeBL,1146,2560,0c/0c6c7848.jpg
715XkOcnfBL,1000,1000,0c/0c63ca45.jpg
715swye+9lL,2000,2000,0c/0ce16893.jpg
715wejyRETL,2200,1879,0c/0cd50798.jpg
716KdvkbFRL,2200,1879,0c/0c0d0f5d.jpg
716SABMmU9L,2560,2560,0c/0cd87898.jpg
716SvFHeO2L,2200,1879,0c/0cb7c44a.jpg
716XKG6PToL,1224,1224,0c/0c2215a8.jpg
716ZO46B7ML,1830,1830,0c/0c7ad865.jpg
716kAeJ4WnL,888,2560,0c/0c012592.jpg
716mGIFzWEL,1500,1500,0c/0cde727d.jpg
716wjyEfVaL,1476,2560,0c/0ca97a05.jpg
717-flFjokL,2200,1879,0c/0c9a37ad.jpg
7176snvBumL,2200,1879,0c/0c503dbf.jpg
717N6XBEtoL,1260,1260,0c/0c9c2158.jpg
717T-pPfpML,2560,2560,0c/0cd8a9fc.jpg
717W+11W85L,1707,2560,0c/0caead1f.jpg
717gfLydArL,2560,1368,0c/0c182916.jpg
717jVZjnAiL,891,2560,0c/0c9929b5.jpg
717ng7MqS9L,2560,2560,0c/0ccc0946.jpg
717qMTyXL0L,2200,1879,0c/0cff28b5.jpg
717smSkFgsL,2200,1879,0c/0c270411.jpg
7181EGbrMML,2560,1070,0c/0c8f3747.jpg
7183AB-PJDL,1300,1300,0c/0ceb98d5.jpg
718GAO2XGAL,2200,1879,0c/0c6a05e0.jpg
718KXame0-L,2560,2560,0c/0c3055f7.jpg
718N3a-YDRL,1315,1239,0c/0c0f6eb0.jpg
718tH5cdg5L,1969,2560,0c/0c19cd17.jpg
718tioEaSyL,2560,698,0c/0cea612d.jpg
7196DA3qeEL,2560,1969,0c/0c2928d7.jpg
719EEhXSHQL,2200,1879,0c/0c2fe0f2.jpg
719Ww+NWr7L,2200,1879,0c/0c5fa640.jpg
719ZF3J3XtL,2200,1879,0c/0c905760.jpg
719eTjEHv0L,933,2385,0c/0c94468e.jpg
719eXb4Gp6L,1142,2560,0c/0c744534.jpg
719el-11BKL,2200,1879,0c/0c733c5c.jpg
719lOleN8sL,1000,1500,0c/0c8836aa.jpg
719mhz-AneL,877,1969,0c/0c3a874f.jpg
719nCF4cjgL,2200,1879,0c/0c4000cf.jpg
71A7fBQvtQL,2200,1879,0c/0c9b2f90.jpg
71ADZnKl7ZL,2200,1879,0c/0c83de5d.jpg
71AO52PR7LL,2109,1280,0c/0cf6b645.jpg
71ARQpNbLTL,2004,884,0c/0cd75871.jpg
71Ab2wjwaVL,1960,2560,0c/0c782f0c.jpg
71AhNCXQEcL,2493,2493,0c/0cb20375.jpg
71AjN-feMnL,2200,1879,0c/0cb64ce5.jpg
71AvLQ5beML,2200,1879,0c/0c851ace.jpg
71AxNjG19-L,2068,2068,0c/0c18b507.jpg
71AybZ5C8bL,2200,1879,0c/0ce0056d.jpg
71AzXFXwU3L,1800,1800,0c/0c3db5db.jpg
71B1LI73Z4L,1500,1500,0c/0c170b21.jpg
71B6NczS1PL,1900,1900,0c/0cd4fa75.jpg
71B6pBMXRvL,2560,2560,0c/0cec89d7.jpg
71BZ46CqQqL,1783,1448,0c/0c1650fb.jpg
71Bki0qpTBL,1695,1695,0c/0c44592e.jpg
71C+bN71V0L,861,2375,0c/0cd5a887.jpg
71C1JSNYviL,2200,1879,0c/0c95cb47.jpg
71CVdSu9liL,1001,1500,0c/0cd545bb.jpg
71CWXRn4KfL,2200,1879,0c/0c9d9b27.jpg
71Cf9XEUScL,2560,2134,0c/0ce2eaeb.jpg
71CheLKZL8L,2560,985,0c/0cf12e8f.jpg
71CrD2L-u7L,1200,1094,0c/0c636aac.jpg
71CrVgvr7fL,2200,1879,0c/0c8d0091.jpg
71Czd8cEH8L,1920,2560,0c/0cdb0a02.jpg
71D+bTaZkkL,2000,2000,0c/0ccb4ba0.jpg
71D3qilAH6L,2200,1879,0c/0ce5730c.jpg
71D5cJrLlzL,2160,2160,0c/0cec886b.jpg
71D6g-GtlPL,2560,1634,0c/0c85f0eb.jpg
71D8vKUTgKL,2200,1879,0c/0c8d09f6.jpg
71DHYavD9jL,2000,2000,0c/0cf189c2.jpg
71DIK6aBY9L,1306,1306,0c/0cce34e6.jpg
71DS9NnvP0L,1064,1672,0c/0c70d095.jpg
71DWwsGvlBL,2560,2179,0c/0c30c104.jpg
71Dp5VJ25PL,2200,1879,0c/0c2b6c80.jpg
71DxRpeM0lL,1049,1527,0c/0c0201a2.jpg
71EGTotFdqL,2000,2000,0c/0c305ac8.jpg
71EIY3E9N+L,2200,1879,0c/0c80b806.jpg
71ELY1Lr6SL,2053,2560,0c/0c8c5ca6.jpg
71EOA2TXZoL,2000,2000,0c/0c509b91.jpg
71EWY9nDdYL,2200,1879,0c/0c74fdd7.jpg
71EnY5GH5kL,2200,1879,0c/0c350f87.jpg
71Ex6TsH1qL,2200,1879,0c/0cae80f4.jpg
71ExABCSK+L,2200,1879,0c/0c80275c.jpg
71F-Te1xm3L,1200,1200,0c/0c96ce86.jpg
71FCeeUSbTL,1500,1500,0c/0ccf6c21.jpg
71FMD3zIvkL,2200,1879,0c/0c9a0926.jpg
71FUltcT+aL,2200,1879,0c/0cf03823.jpg
71FcDHAWuHL,2200,1879,0c/0c158d08.jpg
71Fidj6yI7L,2200,1879,0c/0c0e3f2f.jpg
71Ft7F4StaL,2200,1879,0c/0c4db11a.jpg
71G2oNRDc7L,2000,2000,0c/0c37328f.jpg
71G2uCm61HL,883,2378,0c/0c812aed.jpg
71G5N1gTscL,714,1247,0c/0c5c88a2.jpg
71GAnd5VZUL,1829,2560,0c/0c756a63.jpg
71GGs86l0+L,1000,1000,0c/0ccd696f.jpg
71GHtBitBpL,2560,593,0c/0cd01354.jpg
71H-KdJYISL,2200,1879,0c/0c839cfe.jpg
71H5-nUS9WL,1625,850,0c/0c21b592.jpg
71H7KRS1TEL,2560,2033,0c/0c6366d3.jpg
71HA27KaJWL,2200,1879,0c/0c59250c.jpg
71HDtoRR5XL,1289,1172,0c/0c56ca5c.jpg
71HRCck4zZL,1508,900,0c/0cd4d425.jpg
71HWiVyLcOL,2200,1879,0c/0cc8edf0.jpg
71HddS51+GL,2200,1879,0c/0ce83605.jpg
71HiqqIJpWL,2500,1350,0c/0c265349.jpg
71HjuBnKZPL,2200,1879,0c/0c0207cd.jpg
71HsFSurnCL,2200,1879,0c/0cb8437f.jpg
71Hz5f1xwCL,2560,2560,0c/0c39288d.jpg
71I8pQQ1eDL,2200,1879,0c/0c84c903.jpg
71IB6BmQG8L,2200,1879,0c/0cd90dbb.jpg
71IXVGKT00L,2200,1879,0c/0cb1a6d6.jpg
71Ifxxo4Q8L,1406,1391,0c/0ccdeab6.jpg
71Ih0rEKOtL,1444,755,0c/0c34930c.jpg
71IrH0Hef4L,1500,1500,0c/0ce43022.jpg
71It+AXsthL,2552,1963,0c/0c478ec4.jpg
71J7rHc6b5L,1407,1297,0c/0cc9901b.jpg
71JA3Ha1UGL,2000,2000,0c/0c28a37e.jpg
71JDbkxlZZL,2200,1879,0c/0c0105e3.jpg
71JF+pU9GKL,1316,1308,0c/0ce1dd58.jpg
71JLlkPEJlL,2560,2560,0c/0cc13d9f.jpg
71Jj1jAoeZL,1316,1308,0c/0c88df79.jpg
71Jkn04cJaL,2560,1350,0c/0c4415a7.jpg
71K55k+uYIL,2200,1879,0c/0c0221cf.jpg
71KCEu4vInL,2200,1879,0c/0c0d54d9.jpg
71KcViDteoL,2560,2560,0c/0c9fb956.jpg
71KghwNpyIL,2200,1879,0c/0cc43a5f.jpg
71KrSOe82JL,2200,1879,0c/0ce33786.jpg
71LP6KqUsGL,2000,2000,0c/0c485882.jpg
71LQpd6Ns1L,1316,1308,0c/0c32ba8a.jpg
71LRk6V2LpL,2200,1879,0c/0cf23ae9.jpg
71LXzfa1GwL,2200,1879,0c/0c91df71.jpg
71Le-i+z+WL,991,2188,0c/0c39c38e.jpg
71LmQGIAWvL,1500,1500,0c/0c995f10.jpg
71M+IoKmB+L,2200,1879,0c/0c043b28.jpg
71M0WpN3OXL,2560,1969,0c/0c17c76a.jpg
71M0yLOS8EL,1444,755,0c/0c7e2c4b.jpg
71M30UUio3L,2560,2560,0c/0c907f4d.jpg
71M46j0W25L,2200,1879,0c/0cea50c7.jpg
71M8Wntow9L,1200,1464,0c/0c2ac26a.jpg
71MBi9Q0dhL,1200,1200,0c/0c0cf69a.jpg
71MHGou-dRL,1000,1000,0c/0c8c27b7.jpg
71MLDfhRlwL,2200,1879,0c/0c145d49.jpg
71MQG7MIG3L,2312,2430,0c/0c9c1563.jpg
71MdPlwmoqL,2200,1879,0c/0cbc0a83.jpg
71MmHijQ8DL,2200,1879,0c/0cb1c620.jpg
71MnBatpHzL,2200,1879,0c/0cbeba6a.jpg
71N3bw-9dFL,2560,1540,0c/0c57f828.jpg
71N5Af8x0YL,2560,1970,0c/0c54f3ec.jpg
71N6BsRBuxL,2200,1879,0c/0c4caa9e.jpg
71NATlzDfgL,892,2560,0c/0cd613d1.jpg
71NHMLUDUFL,2200,1879,0c/0c538545.jpg
71NINo4PhPL,2084,2084,0c/0ca433f8.jpg
71NL3Vw-EuL,1500,1500,0c/0c0ba7a8.jpg
71NLbjmmj5L,1500,1500,0c/0ccc9db8.jpg
71NNIoMF8JL,2200,1879,0c/0ca8592c.jpg
71NQQ4grWVL,2200,1879,0c/0c528445.jpg
71NXSKuzqmL,2200,1879,0c/0c032126.jpg
71NXY+qd7gL,2200,1879,0c/0cd41445.jpg
71Nblu6fcVL,2200,1879,0c/0c6a22c0.jpg
71NkKGy6NLL,2000,2000,0c/0c34904d.jpg
71Nx3hp3eRL,1400,1400,0c/0c2da030.jpg
71O+s5q6o5L,2200,1879,0c/0cf36664.jpg
71O1Yuts5XL,2200,1879,0c/0c7c60b8.jpg
71O93gV5oRL,1560,2500,0c/0cb02d4a.jpg
71OIqwr7+2L,2560,2038,0c/0ce0f2ab.jpg
71OJmjYa8PL,1707,2560,0c/0c46831e.jpg
71OKe5oUwoL,2200,1879,0c/0c798c25.jpg
71OOjl6NuFL,2200,1879,0c/0c26dd91.jpg
71OXZg2GyAL,2560,2560,0c/0c4eccb2.jpg
71OiPyIsm6L,2560,1607,0c/0c178b4c.jpg
71Ov-xFuOmL,2000,2000,0c/0c44bebf.jpg
71OyyB6jfjL,2200,1879,0c/0c85e40e.jpg
71P1M1v-y4L,2560,2560,0c/0cb44831.jpg
71P1g5rjI1L,2560,2560,0c/0c0f9fb0.jpg
71PCYe8Y8EL,2200,1879,0c/0cb87446.jpg
71PI86ymBeL,1978,2560,0c/0c06ac10.jpg
71PYwH16sNL,2560,2560,0c/0c93c786.jpg
71Pdag0WMwL,743,2001,0c/0c2f4f95.jpg
71PorVGg3ML,1500,1500,0c/0c347369.jpg
71PpEhgaiSL,2200,1879,0c/0c996c72.jpg
71PrBBX9toL,2200,1879,0c/0cff9162.jpg
71Q0pjCWHQL,2560,2560,0c/0c70b740.jpg
71Q4bL9nitL,1149,1537,0c/0c7fdb18.jpg
71QY4sNH+5L,2200,1879,0c/0c53bcc8.jpg
71Qjl8O2w4L,2200,1879,0c/0cb99bac.jpg
71QlAIKEj0L,1625,850,0c/0c8b06b3.jpg
71QsdRPUgYL,2200,1879,0c/0c750bef.jpg
71Qz6K10eHL,2200,1879,0c/0ce313c4.jpg
71R+Qug71FL,1715,1715,0c/0c3ccfa7.jpg
71R+zGVlnBL,2560,1022,0c/0c11648c.jpg
71RfpjMmFAL,2200,1879,0c/0ca3bfc8.jpg
71Rp1TguNoL,2000,2000,0c/0cd74acd.jpg
71RuD7pV-FL,1534,1230,0c/0ccabbf1.jpg
71S+DoXJLRL,2200,1879,0c/0c2658af.jpg
71S1cb-bUpL,2200,1879,0c/0c6514f8.jpg
71S7b9-IDcL,1870,1870,0c/0c015daf.jpg
71S9dgcIcpL,2200,1879,0c/0c027da1.jpg
71SK8QMcLEL,817,2016,0c/0cb44250.jpg
71SN9vDCzpL,2200,1879,0c/0c165fce.jpg
71SOKKdQolL,2200,1879,0c/0cdf2aa5.jpg
71ScEoD56QL,2200,1879,0c/0cb11d29.jpg
71ScVJN5T7L,1038,1038,0c/0c6d9397.jpg
71Shve7SifL,2200,1879,0c/0c5c703f.jpg
71SmcguoFKL,2200,1879,0c/0c70417c.jpg
71Sry0L3o8L,2560,1969,0c/0cd1d30f.jpg
71SygyEQsVL,2200,1879,0c/0cae0b69.jpg
71T6aqgml+L,2200,1879,0c/0ccf9c88.jpg
71TDHBP2grL,2200,1879,0c/0c379192.jpg
71TG56F0+QL,2200,1879,0c/0cf22f9e.jpg
71TKJ0VuxdL,2200,1879,0c/0c580570.jpg
71TLAbAq1qL,2200,1879,0c/0cdc759d.jpg
71UD86Ct0WL,1113,1113,0c/0c168a00.jpg
71UJBz3b0jL,1200,1200,0c/0c782961.jpg
71UNTtGwJ5L,2200,1879,0c/0caba9b8.jpg
71UXpYvWn4L,2200,1879,0c/0c798e1a.jpg
71UYxdhRXDL,2200,1879,0c/0c01a833.jpg
71Ucd+SgwWL,2560,1969,0c/0ccebc71.jpg
71Ucx-Lb4GL,1996,1996,0c/0ce081b2.jpg
71Ue++0ok6L,2200,1879,0c/0c73f38d.jpg
71Ui8-6835L,2000,2000,0c/0cd32ecd.jpg
71UjgPlehCL,2222,2560,0c/0c5e06e3.jpg
71UtY7rDmpL,2500,2500,0c/0cf38c7c.jpg
71V3S4VDpiL,2200,1879,0c/0c8afd4b.jpg
71V4IvdYhSL,1600,1600,0c/0cbe62ee.jpg
71V8-BaVg3L,2200,1879,0c/0cec63f7.jpg
71V8QhXq-HL,2556,1172,0c/0ca9a110.jpg
71VAH+xri-L,2200,1879,0c/0c9f032c.jpg
71VAp1xioUL,2560,2226,0c/0c59bbf2.jpg
71VC6nOuQxL,2560,2560,0c/0c72fd6a.jpg
71VGG-6ByGL,819,2453,0c/0c3f646d.jpg
71VS4eKMWbL,1444,755,0c/0caf1639.jpg
71VTkp4DT9L,2200,1879,0c/0cbce086.jpg
71VjwzTrD7L,2000,2000,0c/0c8532d0.jpg
71Vkg-X7RYL,2200,1879,0c/0ccf2486.jpg
71W7gntPD3L,2560,2560,0c/0ce47d84.jpg
71WHd9A24xL,2200,1879,0c/0cedcf5b.jpg
71WVSnZl-lL,2560,1971,0c/0c2565eb.jpg
71WjJY9CtcL,1172,2280,0c/0c20f252.jpg
71WoV35f5CL,2200,1879,0c/0cdff609.jpg
71X986oC0LL,1207,1207,0c/0c45dd76.jpg
71XOlVO88oL,2200,1879,0c/0c6fa596.jpg
71XRj1p03vL,2425,2425,0c/0ca72d46.jpg
71XTMDavBDL,2200,1879,0c/0ca9a99d.jpg
71XWLjuvDfL,2200,1879,0c/0cc0f0dd.jpg
71XdsItMthL,2000,2000,0c/0c27081c.jpg
71Y4DUsGN4L,1746,1746,0c/0cc3210e.jpg
71YlHjgkVqL,2560,1707,0c/0c86ba1e.jpg
71YoAYX5N2L,2200,1879,0c/0cbb7f5f.jpg
71Z2RF2yGqL,2200,1879,0c/0c84dba1.jpg
71ZJBhd5VjL,2500,753,0c/0c2ea307.jpg
71ZW1IC0zVL,2200,1879,0c/0cdd69c3.jpg
71ZYnIYkzOL,1975,1179,0c/0cf03f01.jpg
71ZZBzVxS8L,2200,1879,0c/0c3cbf87.jpg
71ZugE2O79L,2200,1879,0c/0c6ce9bb.jpg
71a3VHf58gL,1920,2560,0c/0c8874b8.jpg
71a7cm7wa9L,2200,1879,0c/0cebf86d.jpg
71aBSG55hvL,1444,755,0c/0cfa8de5.jpg
71aUuIsKz+L,2486,2486,0c/0cb7e2fd.jpg
71aiE9vmQTL,2560,2560,0c/0c02a848.jpg
71am5W4VF9L,2200,1879,0c/0cb4a45e.jpg
71atujWRfOL,2200,1879,0c/0cb8a628.jpg
71b3Vp9uVbL,2500,1126,0c/0cae7102.jpg
71b3koqApSL,2200,1879,0c/0cda55a7.jpg
71b7OPsrdYL,2343,2343,0c/0c3ae7b4.jpg
71b7q+MOHqL,2200,1879,0c/0c6b8409.jpg
71b7wM+AgVL,1800,2500,0c/0c6ac17a.jpg
71bDefcVhdL,2526,2526,0c/0c792079.jpg
71bFgSfwqwL,621,2215,0c/0c1492a7.jpg
71bKbZBnrfL,534,1000,0c/0cbf48bc.jpg
71bmVIEC1KL,2200,1879,0c/0c355147.jpg
71bpnj57U5L,986,2560,0c/0c84b2b8.jpg
71cLKRAPlHL,1960,1960,0c/0cf6b652.jpg
71cUKeBHdgL,2200,1879,0c/0c2190ad.jpg
71coCES1xYL,2010,2010,0c/0c27138d.jpg
71cs0PKDMjL,2200,1879,0c/0cea7642.jpg
71cuvWS-7vL,2200,1879,0c/0c288b31.jpg
71d-gnPXegL,2560,1969,0c/0c42fb0f.jpg
71dCqmd-inL,2200,1879,0c/0c4bf56c.jpg
71dLhpI-82L,2560,1707,0c/0c4a81a0.jpg
71dZL1dBe4L,2000,2000,0c/0ce7538d.jpg
71dbW+GV3vL,1812,2416,0c/0ce9498d.jpg
71dcGTaOLWL,2200,1879,0c/0c26ab3f.jpg
71dfWz9kDVL,2200,1879,0c/0c585cce.jpg
71dlQpNUecL,747,2560,0c/0cf89bb3.jpg
71dsDRVxqAL,2560,1969,0c/0cf5a5b2.jpg
71dv72EQBML,1240,2464,0c/0cdfea1e.jpg
71dzmMg7Y0L,1500,1500,0c/0cff9971.jpg
71e2Lz1znhL,2200,1879,0c/0c3dde17.jpg
71eEOGMFnEL,2200,1879,0c/0c6f0044.jpg
71eG2-Q3vbL,2000,2000,0c/0ca25a04.jpg
71eRzCz99+L,1332,2560,0c/0ca49e6a.jpg
71egWfqMAKL,2560,2560,0c/0c2e0883.jpg
71ehX4YYniL,2000,2000,0c/0c20b037.jpg
71erbc936OL,1016,2560,0c/0cd63ed0.jpg
71eu0dE0CPL,1500,1500,0c/0c74f690.jpg
71ezW3k5AZL,2200,1879,0c/0c47d05a.jpg
71fYyzOpF9L,2200,1879,0c/0cc343f3.jpg
71fax8jxDxL,2200,1879,0c/0cd80807.jpg
71fc1vyu36L,2200,1879,0c/0cd3a1b8.jpg
71fwsWUONbL,2200,1879,0c/0c915b7e.jpg
71g-JK9mC8L,2000,2000,0c/0c7abe18.jpg
71gVlGtv-AL,2560,1016,0c/0cad4892.jpg
71gf9xV0SGL,1001,1001,0c/0c19f99b.jpg
71ggHmDQrbL,1001,1001,0c/0ce2dcf2.jpg
71ginDv8oxL,2560,2560,0c/0cfadf13.jpg
71gqpFEx1mL,2200,1879,0c/0c5c87c1.jpg
71gsHkoe55L,2560,2560,0c/0cc365ab.jpg
71gsj7B-+wL,2200,1879,0c/0ce54f5c.jpg
71gwMH4gLJL,2200,1879,0c/0c0d4188.jpg
71h+ICbLQ6L,2200,1879,0c/0cd0a9df.jpg
71hI7solzZL,2200,1879,0c/0c8ed135.jpg
71hOGexTUwL,2200,1879,0c/0cbfa7b3.jpg
71hTRsyW1ZL,1500,1941,0c/0c4a7da4.jpg
71hXPuo2w4L,2200,1879,0c/0ce1c2a2.jpg
71hZJT7Ba+L,2200,1879,0c/0c210f7e.jpg
71hrUU-zOkL,2560,2268,0c/0c56587a.jpg
71htLTYbsDL,1336,1336,0c/0c66b257.jpg
71hykuVUr4L,2200,1879,0c/0ca18535.jpg
71i2TLWs1hL,2560,2560,0c/0c5e1a81.jpg
71i9sMjm97L,2200,1879,0c/0c49f388.jpg
71iFh0X+JnL,2200,1879,0c/0cad3073.jpg
71iWep79BSL,1411,1411,0c/0c54616d.jpg
71iZ4wAlqNL,2000,2000,0c/0cb2ba40.jpg
71igDBQhigL,2200,1879,0c/0c20abf8.jpg
71iuDieJKAL,1500,1500,0c/0c2484e6.jpg
71iuQfBEeNL,2200,1879,0c/0c3ade2d.jpg
71j452o3-YL,1100,1637,0c/0c2a00a9.jpg
71j7Pa+Qx4L,1500,1500,0c/0cc1b3d6.jpg
71j97JHMdVL,1444,755,0c/0ced39f6.jpg
71jabewJlIL,2200,1879,0c/0c13d073.jpg
71joM4MzxkL,2560,2560,0c/0c77e216.jpg
71jxUKe-etL,2560,1066,0c/0cbc626b.jpg
71kBsU8oHBL,1625,850,0c/0c5e4b92.jpg
71kMR2yFDSL,2560,1933,0c/0c1003b7.jpg
71kPZsfCoOL,2200,1879,0c/0c609ee0.jpg
71kQJFlCtyL,1598,1598,0c/0c6734b3.jpg
71kZKUzp3hL,1328,1466,0c/0c15f60d.jpg
71kbLMhbgtL,2200,1879,0c/0cefb3e1.jpg
71ktsPank8L,2200,1879,0c/0c2efad1.jpg
71kuJKzaGwL,2560,2560,0c/0cbb9f11.jpg
71lAtW3gUFL,478,1650,0c/0c8de728.jpg
71lAuJTBERL,1444,755,0c/0cf10e24.jpg
71lN0MsAKqL,2176,2560,0c/0cc8a357.jpg
71lRsls7yDL,2200,1879,0c/0c356c1f.jpg
71lYIdIaaSL,1709,1014,0c/0c49aa74.jpg
71lcSu3h99L,2200,1879,0c/0c491051.jpg
71li3elSe+L,2224,2224,0c/0c63142c.jpg
71lk48FBNCL,2200,1879,0c/0c5aefcf.jpg
71lpaIZMa9L,1500,1500,0c/0cb95d56.jpg
71lterQRYPL,2560,2560,0c/0cbb1bf4.jpg
71lu0jJz2sL,2200,1879,0c/0c5afc07.jpg
71lwJQSdUTL,2200,1879,0c/0cc0c09b.jpg
71m+Ebsf8kL,2200,1879,0c/0c49747c.jpg
71m1BV2f3oL,1500,1500,0c/0c9282bd.jpg
71m4Hq+nBKL,2200,1879,0c/0c1532de.jpg
71mBIa12FJL,2560,1014,0c/0cd8597a.jpg
71mBcpKQahL,2560,1980,0c/0cdcc0b8.jpg
71mKaoVtQZL,2200,1879,0c/0c1d7b38.jpg
71mPfTqIEiL,2200,1879,0c/0c418d2d.jpg
71mWv8Of+8L,2200,1879,0c/0c584dd2.jpg
71md2m4A9OL,2158,2158,0c/0c74567e.jpg
71mr6Zed4eL,2200,1879,0c/0ce575ae.jpg
71n9WLVXW9L,2000,2000,0c/0c5f88c5.jpg
71nAru8Z7WL,2200,1879,0c/0cde030b.jpg
71nCeDcomBL,2560,1969,0c/0c19eb39.jpg
71nLV9x5D3L,2560,920,0c/0c288b4d.jpg
71nLYMbIorL,1000,1500,0c/0c5a4db4.jpg
71nRI2pkR8L,2200,1879,0c/0c2646da.jpg
71nVQLeAU5L,2560,2414,0c/0c730c79.jpg
71niSUX75OL,2200,1879,0c/0c394f53.jpg
71o1PMMKPAL,1297,1297,0c/0c207cac.jpg
71o7Qj4TE1L,2212,2212,0c/0ca57181.jpg
71oLit6B4tL,2200,1879,0c/0ccfd368.jpg
71oNY8PbEZL,1500,1500,0c/0c0a3f30.jpg
71oTbtLQP5L,2200,1879,0c/0c554bb3.jpg
71oUcZwrrfL,1000,1000,0c/0cd27925.jpg
71oy7fX2CGL,2560,2560,0c/0c0fb658.jpg
71p8lOOfVcL,2200,1879,0c/0ca9bdd8.jpg
71pBW5oQbbL,1500,1500,0c/0c9f7b8a.jpg
71pHU3bxGzL,1374,2560,0c/0c7a76ce.jpg
71pJVuAF-KL,944,1415,0c/0c6d00e0.jpg
71pJsCIkLZL,1316,1308,0c/0c6907e3.jpg
71pQxn+UzkL,2200,1879,0c/0c0d43e2.jpg
71pTYYADXUL,2560,2560,0c/0cce9c4d.jpg
71pgMbDx8WL,888,2560,0c/0c5eb5d7.jpg
71pipBh-ajL,2200,1879,0c/0c21b72e.jpg
71q1qus6u7L,2560,751,0c/0ccad857.jpg
71q2MKvthcL,2560,2560,0c/0c4727a5.jpg
71q2daWf65L,2560,2560,0c/0cf3019d.jpg
71qBnZoGN3L,1316,1308,0c/0c6e8073.jpg
71qEQzyh5+L,1500,1500,0c/0ca1bc53.jpg
71qFfCOHW4L,2200,1879,0c/0c794456.jpg
71qKk775pjL,2560,1969,0c/0cc5f05d.jpg
71qOLQcJm7L,2200,1879,0c/0c1f1272.jpg
71qRNhkGvqL,2480,1489,0c/0c7ed008.jpg
71qjwC6mL5L,1500,1500,0c/0cf2e82b.jpg
71qkPeQlmWL,2558,2560,0c/0cccc8b2.jpg
71qmY4fJ5-L,1444,755,0c/0c29a45f.jpg
71qs0YGVzAL,2200,1879,0c/0c3bbb8e.jpg
71r6uJfV5GL,2200,1879,0c/0ca8e89e.jpg
71rAFpeaUCL,1555,1555,0c/0c3f3bb6.jpg
71rCjsddFDL,2200,1879,0c/0cbd1614.jpg
71rNctzL7jL,1200,1200,0c/0c932090.jpg
71rNkjTRkkL,2200,1879,0c/0c8e6456.jpg
71rdYKsleJL,1444,755,0c/0cc05e0d.jpg
71rfkd10yXL,2252,1895,0c/0cdd5b1f.jpg
71rv-8gMNlL,2200,1879,0c/0c728041.jpg
71ryIQrXD+L,1500,1500,0c/0c474215.jpg
71s+6DlRU-L,1500,1500,0c/0c6d4374.jpg
71s6FRBhMEL,2200,1879,0c/0cea6552.jpg
71s6VKQ5F6L,1500,1500,0c/0c38c406.jpg
71sQxyArqpL,2200,1879,0c/0c3a3917.jpg
71sgHu36bmL,2200,1879,0c/0c75b8f7.jpg
71sjFdgKtyL,2560,2190,0c/0cadc057.jpg
71t4KtJLppL,2000,2000,0c/0c494a9f.jpg
71t4eyL0bJL,1666,1102,0c/0c768cfa.jpg
71tJVJcka-L,2200,1879,0c/0c14a012.jpg
71tJpalprLL,1244,2560,0c/0c167613.jpg
71tRc9SEwtL,1747,1730,0c/0ca76763.jpg
71tTRZ5JOgL,2200,1879,0c/0cc642c4.jpg
71tcruXbMqL,2200,1879,0c/0c4e2518.jpg
71ts3zf4qyL,869,2560,0c/0c03f9c0.jpg
71tzR2Xx-0L,2560,2053,0c/0c94ce2f.jpg
71u33yHbDnL,1812,1216,0c/0cd2ee6f.jpg
71u9+WK4T+L,2200,1879,0c/0c6878e3.jpg
71uJJP4KpOL,2200,1879,0c/0c722af1.jpg
71uKO6asr3L,2200,1879,0c/0c049d7b.jpg
71uN4cMAawL,2200,1879,0c/0cb034cf.jpg
71uPYTxFftL,2200,1879,0c/0c19f4d3.jpg
71uX5zgoY6L,2000,2000,0c/0c5591f2.jpg
71ubc8yZu+L,877,2560,0c/0c49e8b4.jpg
71ucYIMs96L,2200,1879,0c/0c111de5.jpg
71udTXSa0tL,1412,1373,0c/0cc4b582.jpg
71ug39g4PXL,2286,879,0c/0ced1223.jpg
71ug3qPAa8L,795,2560,0c/0cc03471.jpg
71utIbc180L,2200,1879,0c/0c352619.jpg
71v-NQNDe3L,2560,2560,0c/0c8feaf0.jpg
71v74IItZaL,2200,1879,0c/0c40134f.jpg
71vBwxZuiaL,2200,1879,0c/0cbaa68c.jpg
71vRzERDWfL,2200,1879,0c/0c6b85d6.jpg
71vS2rLq8bL,2200,1879,0c/0c6c80d6.jpg
71vVJe0WL2L,1080,1410,0c/0c2c4175.jpg
71vg7mvRsML,1425,2560,0c/0c0df157.jpg
71vvrKaSAHL,2200,1879,0c/0cd61f1f.jpg
71vwGDzwj-L,1500,1500,0c/0c220382.jpg
71vxnNO5c4L,731,1571,0c/0c1669ef.jpg
71w27Xz-DhL,2560,2560,0c/0c0dfb2b.jpg
71wJ6DmCfXL,2560,2133,0c/0c1632ec.jpg
71wjVESEwdL,1577,1834,0c/0cb888a6.jpg
71wmkuUuCzL,1500,1500,0c/0c2a3f63.jpg
71wp1S+nKUL,2560,1543,0c/0cf599e7.jpg
71wrhfHUSAL,2200,1879,0c/0c0aa2a8.jpg
71wul9lFn4L,2296,2296,0c/0c936376.jpg
71wv6Kplb6L,2200,1879,0c/0c221d5a.jpg
71wzk7cr6EL,2200,1879,0c/0c4b97ce.jpg
71x1Pw6fExL,1481,1380,0c/0cb76d74.jpg
71x8No1LqgL,1500,1500,0c/0c66688b.jpg
71xFDC7c7LL,2560,818,0c/0c7011ca.jpg
71xVBSM7XEL,2200,1879,0c/0c3408a6.jpg
71xWXmR28+L,1000,1000,0c/0c1374b9.jpg
71xXG0D73KL,1799,1336,0c/0c7def4d.jpg
71xezfbwT8L,2560,985,0c/0c952856.jpg
71xfotCbJLL,2560,2560,0c/0ca969a1.jpg
71xh4GqOOJL,2200,1879,0c/0c84789b.jpg
71xiqb3v-aL,1498,1498,0c/0c8e055e.jpg
71xr65BjkhL,899,2560,0c/0ccad4c0.jpg
71y075-GOzL,2200,1879,0c/0c302949.jpg
71y0TWyHQ8L,2000,2000,0c/0c2d9549.jpg
71yAN5nxNVL,1316,1308,0c/0ce34617.jpg
71yIr8N8kJL,1500,1500,0c/0c9bfaa0.jpg
71yKFR298zL,2000,2000,0c/0cce24e4.jpg
71ySnY1yNzL,1258,2560,0c/0cfdcf0a.jpg
71yTv7IWdfL,1454,1483,0c/0c14edda.jpg
71yehGNYFgL,2200,1879,0c/0cd37d19.jpg
71yheAzUWhL,2200,1879,0c/0c08e06e.jpg
71yqklZnxkL,2200,1879,0c/0c1094da.jpg
71yrlZfu0ZL,2200,1879,0c/0c4925a9.jpg
71z9pPnl5ZL,2550,957,0c/0cd8f744.jpg
71zEF93VIVL,2144,2560,0c/0c20988d.jpg
71zEhB58NzL,891,2514,0c/0cf8b4ee.jpg
71zNVhf4gkL,2200,1879,0c/0cb6d6ab.jpg
71zQ6Q++QDL,2200,1879,0c/0cd9c317.jpg
71zRQvgQFLL,2560,2560,0c/0c940c14.jpg
71zYC0GNhrL,2200,1879,0c/0c85e0f1.jpg
71za5rAm0pL,2200,1879,0c/0cb64880.jpg
71zdtTgSbQL,2000,2000,0c/0cc612f3.jpg
71zezNMKMfL,2200,1879,0c/0cac23a4.jpg
71zuqqjVURL,2560,1992,0c/0cda15ef.jpg
81+420AyBDL,2560,2236,0c/0c7ea5d7.jpg
81+J32gxHQL,1194,1823,0c/0cb86dda.jpg
81+N2XrkI9L,1155,2059,0c/0c1f49ca.jpg
81+Qnipkb5L,2560,1730,0c/0cdc641c.jpg
81+Xt6LZI4L,2560,1248,0c/0c1f36e3.jpg
81+bqvgFOcL,2560,1324,0c/0c412abc.jpg
81+laY3q2uL,1625,850,0c/0c1e313a.jpg
81+w3-QzqvL,2200,1879,0c/0c1d6e75.jpg
81-9ulQsr0L,2560,1918,0c/0c33468f.jpg
81-EZ2Ks5-L,1997,2560,0c/0cb48780.jpg
81-NA4w9ikL,2200,1879,0c/0c5744f9.jpg
81-NpwgJtIL,2402,2402,0c/0c6745e5.jpg
81-P46z5+FL,2560,2560,0c/0c07f1ba.jpg
81-iaeuRnGL,2560,2560,0c/0c4e9062.jpg
810RAcphlSL,2560,1934,0c/0cb8c38f.jpg
810btImDNLL,2200,1879,0c/0cbd7846.jpg
810ldQZn3fL,2200,1879,0c/0c1b07c5.jpg
810wC8DpuzL,2560,2560,0c/0c9e4a42.jpg
811treSK+eL,2560,1325,0c/0c5333f9.jpg
812GRmGFkuL,2121,1000,0c/0cf81751.jpg
812QzDajtmL,2200,1879,0c/0cd4863a.jpg
812RB28y-WL,2200,1879,0c/0cbe14fe.jpg
812VL8oYx3L,900,1734,0c/0c7405c6.jpg
812ZEM5ZWhL,1002,2560,0c/0c9fc1b4.jpg
812hKPa4R1L,2560,1102,0c/0c98ff24.jpg
8132TIL2nWL,2200,1879,0c/0c29a83c.jpg
813BIPX89KL,2500,2200,0c/0c80e66a.jpg
813IOmqHUKL,1978,2560,0c/0c0cc953.jpg
813IxbCRiXL,1552,2560,0c/0cbb2ee3.jpg
813JBRSXO1L,2560,2560,0c/0c1deeee.jpg
813TqskO18L,2163,1452,0c/0c717043.jpg
813u+MRscOL,2200,1879,0c/0c911231.jpg
813yzOuiPeL,2200,1879,0c/0c0e07cc.jpg
814bab7mXDL,1500,1500,0c/0c5de472.jpg
814lNwSZ-0L,2200,1879,0c/0c1cc6f8.jpg
814rc+p1GIL,2560,2560,0c/0c006ab5.jpg
814rpjtsrsL,2000,2000,0c/0cc5250b.jpg
815NXuynjWL,2200,1879,0c/0c374eee.jpg
815V1q8vRHL,1894,2560,0c/0c3ca0c0.jpg
815X6V9E63L,2200,1879,0c/0c89edd8.jpg
815frr3msdL,953,2560,0c/0c5ce587.jpg
815qjjonH9L,2560,2471,0c/0cd92f9f.jpg
815u9xCphiL,873,2497,0c/0c687553.jpg
815uSbkvpHL,1899,2560,0c/0c13d2ab.jpg
8160ieeftgL,1296,2560,0c/0c4524ba.jpg
816PJnhbyRL,1894,2346,0c/0ccb7cc3.jpg
816aP8zYpGL,2200,1879,0c/0c9da5cb.jpg
816jUjcNH9L,2560,914,0c/0c32c554.jpg
816nV0ZzCEL,2442,2424,0c/0cac9dca.jpg
81702G1C5DL,2433,1846,0c/0c6ef2e5.jpg
817JZ101bcL,2200,1879,0c/0c246f4a.jpg
817iix+BJML,2560,2560,0c/0cc30b1c.jpg
817oicMUZzL,2560,2037,0c/0c3f49d5.jpg
817q4fS3rEL,2200,1879,0c/0c4d2171.jpg
817sZG8AcPL,2200,1879,0c/0c216320.jpg
817uAUE0z7L,2380,2429,0c/0c5e8e1d.jpg
818PRc-4IiL,2560,2560,0c/0c1fab72.jpg
818WC237BvL,2560,2560,0c/0c878097.jpg
8193mRPYBQL,2560,1395,0c/0cd28c5e.jpg
8194IIg1ncL,1483,2363,0c/0c2a9563.jpg
8196NsuWYUL,998,2560,0c/0c7d6ffc.jpg
819Mk8svLoL,2200,1879,0c/0c85a60e.jpg
819UaUMs40L,2560,2560,0c/0c0c03da.jpg
819XWzEaFzL,2560,1947,0c/0ca23148.jpg
819ffZybh8L,2560,2560,0c/0c7fd49d.jpg
819lR8MwewL,2200,1879,0c/0c716438.jpg
819t4cEJsfL,2560,2560,0c/0c37e2e3.jpg
81AGR78+IJL,2560,1177,0c/0cc00da3.jpg
81AKXXAqyXL,1489,1614,0c/0c8aa45b.jpg
81ALLTFd+tL,2200,1879,0c/0cfb468a.jpg
81AN8UGhbpL,2404,2314,0c/0c5f2162.jpg
81AxYIJBwcL,2400,2400,0c/0c3e422c.jpg
81AxbWCwRqL,1536,2560,0c/0c659ed2.jpg
81B9u4i1KhL,2000,2000,0c/0c9605ef.jpg
81BGHMFfa6L,2560,1969,0c/0c546380.jpg
81BNAP6cxuL,2200,1879,0c/0c575a18.jpg
81BrDczwj6L,888,2560,0c/0c87564c.jpg
81Bz2-DvvPL,2500,2200,0c/0c623440.jpg
81C+VpTlNsL,2000,2000,0c/0c218764.jpg
81CCTQxp1RL,2560,2520,0c/0c4b6891.jpg
81CEtuIeSeL,2431,2431,0c/0c6891a6.jpg
81CEyHsHBoL,1888,2560,0c/0c38aeff.jpg
81CRjbVFaWL,2560,2047,0c/0ca4df24.jpg
81CcUXsn8ML,2560,1130,0c/0ca506ba.jpg
81CiJuDOP6L,2470,2136,0c/0cce8097.jpg
81D8sSG3rBL,2560,1071,0c/0cc63842.jpg
81DF2s+PkzL,916,2560,0c/0c6bb1fd.jpg
81DGllVq-UL,2000,2000,0c/0c7ee11d.jpg
81DIQEjBK0L,2200,1879,0c/0cc4aaa8.jpg
81DNLV9znIL,2200,1879,0c/0c9f1a54.jpg
81DUXTmkQ-L,1476,1304,0c/0cede8cf.jpg
81DkoBv8ENL,2200,1879,0c/0cae1c21.jpg
81DmpqYvnEL,1784,1576,0c/0cadb136.jpg
81E6jkj4-gL,1541,2560,0c/0ce29729.jpg
81EM5EGyRjL,2560,1969,0c/0c460747.jpg
81EQHd91nhL,2200,1879,0c/0cbc740f.jpg
81EXQvI+LdL,2200,1879,0c/0c314e82.jpg
81Ef6wzUzcL,1592,1514,0c/0c05d13e.jpg
81ElcikToGL,2200,1879,0c/0cd7673b.jpg
81FFFJTrVxL,2560,2560,0c/0c8939ea.jpg
81FNs1DDqcL,2560,2560,0c/0c268e08.jpg
81FPX9KxMzL,1749,2560,0c/0cd0fe87.jpg
81FUke7aCnL,2200,1879,0c/0c5cdadd.jpg
81FgtqL8UYL,2560,2560,0c/0c3b90f6.jpg
81FpIdWPkSL,2560,1970,0c/0c5e879e.jpg
81Fw3Au0CQL,1822,2560,0c/0c5df124.jpg
81G5JYWgHTL,2200,1879,0c/0cbaa644.jpg
81GDA1nLnKL,2500,2500,0c/0cbbf74f.jpg
81GNau0ymBL,2200,1879,0c/0cf355bb.jpg
81GSJXMXZ6L,1200,1464,0c/0cc66be8.jpg
81GTYoZLMAL,2200,1879,0c/0c74037c.jpg
81GjCrVmtDL,1596,2419,0c/0c572737.jpg
81H-2NHsoKL,2560,1969,0c/0c43956f.jpg
81H8Z1QBaNL,2560,1341,0c/0ca8ca7e.jpg
81HI0w4YvlL,2200,1879,0c/0c6f4033.jpg
81Hi3k-fupL,1500,1500,0c/0c29e62d.jpg
81Hv93jIPDL,2560,1065,0c/0c05271a.jpg
81Hvgu+yb3L,2200,1879,0c/0c715d14.jpg
81Hw9dE8XrL,2200,1879,0c/0c2e81ba.jpg
81I8eun8ITL,2200,1879,0c/0c251dc5.jpg
81ICo+VsftL,2200,1879,0c/0ca95deb.jpg
81IEjz5VpDL,2560,1969,0c/0ce04598.jpg
81IIcA2ot7L,2200,1879,0c/0c98ae46.jpg
81IM7UbOZuL,2200,1879,0c/0cadd32b.jpg
81IhsGZmFgL,2200,1879,0c/0cd0e8c2.jpg
81Iso2l7XFL,2200,1879,0c/0c515ad8.jpg
81J04tSZxwL,1338,1500,0c/0c283f60.jpg
81J1PlYbz8L,2200,1879,0c/0c392c30.jpg
81J58dYZvAL,1000,1509,0c/0cb58b07.jpg
81JGZQKat5L,2160,2160,0c/0c6428ba.jpg
81Jv66tWBTL,2200,1879,0c/0cfb7ea0.jpg
81K+vMU02GL,1706,2560,0c/0c108122.jpg
81KNlWHn3LL,874,2560,0c/0c20e70a.jpg
81KoiyBNyAL,2560,1763,0c/0c9f124d.jpg
81Ktbkht9eL,2560,1198,0c/0c5a31c5.jpg
81LBHjGNwrL,1095,2024,0c/0ce5f3eb.jpg
81LWRt-7R2L,1920,2560,0c/0c8dbe8d.jpg
81Lmb5JEsRL,2200,1879,0c/0cca8822.jpg
81M5AZkw3bL,2200,1879,0c/0cdf526e.jpg
81MPcqPQFZL,1127,1468,0c/0ce99728.jpg
81MVnZv3irL,1329,2560,0c/0ce59b94.jpg
81Ma3znLR0L,2000,2000,0c/0cff3eee.jpg
81Mhm+9T7VL,2200,1879,0c/0ccfda48.jpg
81MiG6X2GnL,2200,1879,0c/0c0a3180.jpg
81MllM7-CLL,2560,1697,0c/0c4fa45b.jpg
81NBuxiJs3L,2200,1879,0c/0c661af1.jpg
81NC7VRGbPL,2560,2560,0c/0c42a9ed.jpg
81NF0ZorgaL,2200,1879,0c/0c5f0190.jpg
81NF9yyCifL,1500,1500,0c/0c96dfbe.jpg
81NKJLk5tYL,2560,1970,0c/0cfcad1f.jpg
81NV5eoRi6L,2200,1879,0c/0c9b80d5.jpg
81NcuuC8cHL,2000,2000,0c/0ccd8af5.jpg
81NhuLaizrL,2000,2000,0c/0cf5e170.jpg
81NljUW-mVL,2200,1879,0c/0c2d7bfc.jpg
81NuBzl46mL,2200,1879,0c/0cbc7535.jpg
81Nxs8wWttL,2560,2560,0c/0c549c74.jpg
81Nz-brhPyL,1636,1636,0c/0cc83fee.jpg
81ODIDKnNIL,2200,1879,0c/0c3dd4fb.jpg
81OePvNqx+L,2560,1969,0c/0c13c3c1.jpg
81OiaQCZ+jL,2560,2395,0c/0cb5ab8c.jpg
81OnOhVQOZL,1665,2560,0c/0c4e91c3.jpg
81PQJrVYaqL,2200,1879,0c/0cdde186.jpg
81PVM04fEhL,2560,2560,0c/0c8eb24a.jpg
81PWdFFIN6L,2438,2438,0c/0c4d96e1.jpg
81PZmoypPEL,2560,1969,0c/0ca62e3d.jpg
81PdaxM2CqL,1024,1024,0c/0c697b83.jpg
81Pk-bA1bvL,986,2560,0c/0c115305.jpg
81PwISW3xyL,1567,2405,0c/0cc29620.jpg
81Q3pd7YgQL,1759,2550,0c/0c0749fb.jpg
81Q7Kmg7p7L,2000,2000,0c/0cc047b2.jpg
81QL-rVscSL,2200,1879,0c/0c2512fc.jpg
81QM8F9KRrL,2000,2000,0c/0ca2c8a9.jpg
81QUOybuHZL,1919,2560,0c/0c57b588.jpg
81R6B8LBUqL,2200,1879,0c/0cfa9d22.jpg
81REdGEz-bL,2560,2560,0c/0c273f59.jpg
81RQ4ddJ0UL,2442,2442,0c/0cf254e7.jpg
81RUfboNZ6L,2200,1879,0c/0c2f68dc.jpg
81RYQBWKIQL,899,1726,0c/0c4b66b3.jpg
81RgNKfIHcL,2200,1879,0c/0c7ffa81.jpg
81S-hRgZkUL,2519,2519,0c/0c3a3059.jpg
81S9M6l+ZFL,2560,2560,0c/0c866450.jpg
81SDHpTri0L,2560,2389,0c/0caa52dd.jpg
81SLf7F5iFL,2560,2554,0c/0c737481.jpg
81SQDhT80AL,2560,1969,0c/0cee7658.jpg
81T3QugqJgL,2560,2560,0c/0c92fb21.jpg
81T3qquVlKL,1794,2171,0c/0c3c8df6.jpg
81T6z9XdWVL,2200,1879,0c/0c13883d.jpg
81TEA6xMdYL,2096,1314,0c/0cedc0d5.jpg
81TM27mgoQL,2200,1879,0c/0c357212.jpg
81Ta-J9UdsL,2200,1879,0c/0c66f432.jpg
81TefbCnnrL,2560,912,0c/0ce19aae.jpg
81Tfg0ct7HL,1992,1992,0c/0c385fa6.jpg
81Tfjh62pxL,2200,1879,0c/0cb340dd.jpg
81Tk+U8ZJ2L,1500,1500,0c/0c762965.jpg
81Tn2jqf5eL,2200,1879,0c/0cbf111c.jpg
81TvYwUrajL,1150,2406,0c/0c17c61c.jpg
81U1277IPBL,2560,1865,0c/0cc11137.jpg
81UIxoUrGYL,2200,1879,0c/0cfd9e94.jpg
81UelZQxhqL,2200,1879,0c/0c88894e.jpg
81UfIuyNPNL,1763,2560,0c/0cdd5cb4.jpg
81V7sjPvimL,2200,1879,0c/0c50d09b.jpg
81VGf5LzvZL,2000,2000,0c/0c371f4e.jpg
81VQSKh+PAL,2200,1879,0c/0c67d478.jpg
81VVpy3nn1L,2560,2560,0c/0c9f0491.jpg
81VWxw+26LL,2493,2500,0c/0c035b07.jpg
81VXFoxMy-L,1500,1500,0c/0c11da84.jpg
81W5bbaoVzL,2560,1335,0c/0c74d712.jpg
81WQGtDV6hL,2560,2560,0c/0c1651ed.jpg
81WXCPbCqCL,2560,1585,0c/0cd1371d.jpg
81WYObgzRdL,2200,1879,0c/0c666f17.jpg
81WyQcCdT5L,1917,1664,0c/0c7d068c.jpg
81XEPquUw3L,1500,1500,0c/0c4b9342.jpg
81XRjyznycL,2350,2350,0c/0c4aba10.jpg
81Y5IVm8GmL,2200,1879,0c/0cad6949.jpg
81YAm1tyrUL,2000,2000,0c/0c2f1853.jpg
81YBPaKQ87L,1920,2560,0c/0c5e2c66.jpg
81YBTAI73KL,2000,2000,0c/0c161236.jpg
81YSbUf8spL,2000,2000,0c/0cd68543.jpg
81YVdMfbgGL,2560,1969,0c/0c6dfe2e.jpg
81Ydwm8nxiL,2075,2560,0c/0cfb8381.jpg
81YifJqj0ZL,2560,1408,0c/0c8ca007.jpg
81YosP2q88L,2500,2500,0c/0c335834.jpg
81YxZlFd3HL,2560,2159,0c/0c61b811.jpg
81Z7ZRn0F-L,2200,1879,0c/0c4558e4.jpg
81ZE8-xwZmL,2560,1464,0c/0c638882.jpg
81ZNUFKpbhL,2200,1879,0c/0cc4b52f.jpg
81ZUXfRyy4L,2560,2560,0c/0cb4571c.jpg
81ZXXKFuDLL,2127,852,0c/0ca7342c.jpg
81ZoLtNwB8L,1779,2560,0c/0cfbd6a8.jpg
81ZqARV93pL,1625,2560,0c/0c74dc68.jpg
81ZumDyWVgL,2200,1879,0c/0ce0178d.jpg
81a0r4S7s+L,2200,1879,0c/0c78f87f.jpg
81aQcel5b6L,2200,1879,0c/0c041f71.jpg
81aXjdvzr6L,2200,1879,0c/0c3105b2.jpg
81atebfhjmL,2200,1879,0c/0cfd3cf2.jpg
81auA+5ResL,2200,1879,0c/0c2b763d.jpg
81avXcPEIoL,2560,2560,0c/0c3ca792.jpg
81bBAO+rLKL,948,2560,0c/0cdcedfd.jpg
81bQzUFUasL,2321,2321,0c/0cdccca3.jpg
81bfcWYh5bL,2139,2560,0c/0c272f7f.jpg
81bt3JUgrhL,2560,1585,0c/0c22d65f.jpg
81c2uTEs+DL,2200,1879,0c/0c8e039f.jpg
81cEC+CrIOL,2385,1000,0c/0c5b5833.jpg
81cR8yxHhbL,1361,1559,0c/0ce57b49.jpg
81cbbxGBQ0L,2560,2560,0c/0ce474f1.jpg
81cbetRoiHL,1966,2560,0c/0ca909eb.jpg
81ccSw1ewxL,2000,2000,0c/0cc93892.jpg
81cl9O1iERL,2560,2560,0c/0c2996f7.jpg
81cm4mCyyRL,2200,1879,0c/0c72976c.jpg
81cn+lC6doL,2418,2560,0c/0cfcb945.jpg
81cnfaaxHFL,2200,1879,0c/0cda6f3d.jpg
81d8GfPFcJL,2200,1879,0c/0cb7ca5e.jpg
81dGEWI46bL,2560,1383,0c/0c21a455.jpg
81dJWt+R+qL,1672,2560,0c/0c395faa.jpg
81dS7EG+RzL,2560,1850,0c/0cbb75f7.jpg
81dlCpReeuL,1974,2500,0c/0cad5a90.jpg
81dmNAoMhjL,2000,2500,0c/0c00642f.jpg
81dnQ9zQOwL,2000,2000,0c/0cc4a906.jpg
81dsmvIuftL,2200,1879,0c/0c52e353.jpg
81e7MK5kJ0L,2006,1491,0c/0c07ed23.jpg
81eaBOUm11L,1036,2560,0c/0c25a6a0.jpg
81ec3MBbbqL,2000,2000,0c/0c691c99.jpg
81eeMN1C5vL,2560,2311,0c/0cf8f752.jpg
81ehp1d-wwL,2200,1879,0c/0cd6c21a.jpg
81ejD9l-mFL,2560,1654,0c/0c6528e1.jpg
81eyFawI94L,2200,1879,0c/0cab7393.jpg
81f2YIKO1HL,1500,1500,0c/0c38f2d8.jpg
81f59MqUF0L,2200,1879,0c/0c0664b6.jpg
81fFNVYbwpL,2200,1879,0c/0cb38432.jpg
81fFlk5xn-L,2200,1879,0c/0cad7821.jpg
81fZm5axhPL,1500,1500,0c/0ccb31f9.jpg
81fdc612nIL,1611,1611,0c/0cf1d1f4.jpg
81fx394plJL,1212,1500,0c/0cf87e41.jpg
81g1OZThhLL,2200,1879,0c/0cddaf34.jpg
81gC7OdNoVL,2560,2560,0c/0cb5c72c.jpg
81gCCU-OwDL,2560,2458,0c/0c64f736.jpg
81gWHJGvgRL,2560,1239,0c/0c0d94a1.jpg
81ga7vFEQOL,2149,2560,0c/0ce49032.jpg
81gaKimmGpL,2559,2560,0c/0ce40f2d.jpg
81ggsCAl7JL,2560,2560,0c/0c150547.jpg
81gqW+PEjPL,2560,2559,0c/0cc1d5f0.jpg
81gsC1SidXL,915,2560,0c/0c1ec6fc.jpg
81gwEaG5zoL,2560,1969,0c/0c4799c7.jpg
81gwJJRi+tL,1625,850,0c/0cfe6655.jpg
81gwQcZZIUL,2000,2000,0c/0c376084.jpg
81hAxywQMFL,1708,1515,0c/0cf46745.jpg
81hJ41UkBhL,2149,1956,0c/0cdbefc9.jpg
81hW7TEEFsL,2200,1879,0c/0c150daa.jpg
81hf0v-hykL,2200,1879,0c/0c574710.jpg
81hhbUuBLdL,2200,1879,0c/0cd6662f.jpg
81hk9rtU30L,2560,2414,0c/0c11e5f6.jpg
81hoCcYZRYL,2560,2560,0c/0c7a319b.jpg
81hpeo80HLL,2560,2560,0c/0c268421.jpg
81i+jOv7i7L,2000,2000,0c/0c85d84a.jpg
81i-1GVepOL,2485,2560,0c/0cb52cd3.jpg
81i2+lPssVL,2560,2560,0c/0c1fddef.jpg
81iG0J55+iL,1625,850,0c/0cf622a6.jpg
81iToPUK2hL,2560,2375,0c/0cea8f34.jpg
81iu7o0nWwL,2200,1879,0c/0c3e2d94.jpg
81j5-kI7hTL,1603,2006,0c/0c7fd676.jpg
81jE2zMyvCL,2560,2560,0c/0cc8205f.jpg
81jTeDY1OLL,2560,1479,0c/0c7f7a4d.jpg
81jUFT+0kEL,2560,2560,0c/0ce10843.jpg
81jcqDivCCL,2560,2560,0c/0c8902ca.jpg
81jpEGuKfFL,2000,2000,0c/0cda6183.jpg
81jrb29vMtL,1366,2560,0c/0c987e98.jpg
81js+0uMQ2L,2500,2500,0c/0c61262a.jpg
81jv8z3zyQL,2200,1879,0c/0c6c1fdf.jpg
81k2qz8eBCL,2560,1488,0c/0c8b5c02.jpg
81k5AEN2J2L,2200,1879,0c/0c5efdb6.jpg
81kaG0ttlcL,815,2560,0c/0c7a5de9.jpg
81kcrW3opAL,908,2560,0c/0c4f9780.jpg
81ktuLLx+aL,2200,1879,0c/0c80e872.jpg
81kzT9tiHmL,2560,2560,0c/0cb89f2a.jpg
81l-ieCfrVL,2200,1879,0c/0cef6e29.jpg
81l98E6WlBL,1458,1446,0c/0c9c88b9.jpg
81lBwvRl8-L,1888,2560,0c/0c178a6f.jpg
81lPaIVPl-L,2200,1879,0c/0cfcc8ed.jpg
81lYb9gPWvL,1707,2560,0c/0c5aafac.jpg
81leUM40TrL,2200,1879,0c/0c2c2e24.jpg
81lt65-FW2L,2520,2520,0c/0c53cb8a.jpg
81m+uB+Er0L,2560,2560,0c/0ca867e6.jpg
81mBQ2c-UoL,1000,1000,0c/0ca38036.jpg
81nB9e5tiWL,2200,1879,0c/0c6ebd14.jpg
81nIRvvMvJL,2560,2560,0c/0c2e57e9.jpg
81nIj+Sq6AL,2560,2560,0c/0cb442f8.jpg
81nWjhv6QDL,2200,1879,0c/0cab713d.jpg
81nuNTEJWAL,1911,1911,0c/0c0a85fa.jpg
81nutzgXBpL,2560,1969,0c/0cb3ef4b.jpg
81oFTlwV5oL,2200,1879,0c/0c589417.jpg
81oFtnbvo6L,2560,961,0c/0ca884f4.jpg
81oabeu8-uL,2560,1522,0c/0c75ef51.jpg
81om-T7TBqL,1500,1500,0c/0ce4f853.jpg
81omqPbhLEL,1114,1500,0c/0cab9e21.jpg
81ooQkioHkL,2560,2560,0c/0c42dade.jpg
81opHguIMuL,2560,2560,0c/0c4ae494.jpg
81p2QNGqvkL,2200,1879,0c/0c79bc7e.jpg
81p2imqZanL,2560,2560,0c/0cb21608.jpg
81p3EAnXB5L,2200,1879,0c/0c1f8101.jpg
81pG0N2I6gL,912,2560,0c/0cf8c758.jpg
81pjWD0gVeL,1955,2560,0c/0ca663a8.jpg
81plMs7SC8L,2560,1870,0c/0cb57d4b.jpg
81ppHQnb-lL,2200,1879,0c/0c6cadb0.jpg
81pxef0uI-L,1824,2560,0c/0c9001a9.jpg
81q06pHB7CL,2560,2560,0c/0c8ef2d1.jpg
81q4fIvIXnL,1903,1903,0c/0c694f22.jpg
81qAtA-F5IL,2200,1879,0c/0c84051c.jpg
81qGBd7dGHL,1492,1469,0c/0c5cf3bc.jpg
81qR5ZyBkbL,1021,2560,0c/0cc0aa85.jpg
81qXwJgVfoL,2158,2468,0c/0c318df2.jpg
81qd50MC-rL,2487,1685,0c/0cede553.jpg
81qjGFzb0ZL,2461,2051,0c/0c5f6eb9.jpg
81qqq6M2T7L,2560,1969,0c/0c78d9b9.jpg
81qs5OTApVL,2200,1879,0c/0cc52dc6.jpg
81qw1pkxLxL,2200,1879,0c/0c740dc6.jpg
81r82PUavwL,2560,1162,0c/0c253eb0.jpg
81r92OaNOHL,2560,1969,0c/0c3d9176.jpg
81rATIxXceL,2560,1969,0c/0c4e30ca.jpg
81rN6g6e5ML,1000,1500,0c/0c481c7b.jpg
81rTle1-LlL,2200,1879,0c/0c4e8e8c.jpg
81rjVJEZjSL,1853,1853,0c/0c7b9cd4.jpg
81rnylLsYKL,1706,2560,0c/0c1e2a90.jpg
81rwWVfL4UL,2200,1879,0c/0cc74fc9.jpg
81rwl5K3UeL,998,2560,0c/0c11182c.jpg
81s0JT3k32L,2560,2560,0c/0c6ac96f.jpg
81s1rRrapiL,2500,1037,0c/0c44c38e.jpg
81s6Ft3zCtL,2011,2011,0c/0c2be03c.jpg
81s8dURDO9L,2560,2560,0c/0c314087.jpg
81sBnNnLVcL,2100,1531,0c/0c548e88.jpg
81sDCGj2xBL,2560,1324,0c/0c67421e.jpg
81sECbb0hCL,2200,1879,0c/0c993757.jpg
81sIa2yK13L,2200,1879,0c/0c017337.jpg
81sPTiJoaoL,2200,1879,0c/0c871a1c.jpg
81su5lbziAL,861,2560,0c/0cbce7ce.jpg
81sw+C8jHLL,2214,2210,0c/0c0eb6d4.jpg
81t7jLDvQ9L,2200,1879,0c/0c9862a6.jpg
81tAIhP9aKL,2200,1879,0c/0c1e8127.jpg
81tG1eYhLaL,1772,1909,0c/0c99eace.jpg
81tTeg40SSL,2200,1879,0c/0ce77506.jpg
81tUmWNsoeL,2560,2560,0c/0cce6865.jpg
81tfiKij2tL,2560,2560,0c/0ce590f1.jpg
81tgkN5MIqL,2560,2560,0c/0cc15fdf.jpg
81tjvLZjt4L,2560,2560,0c/0c2870ed.jpg
81tpkSDi+iL,2000,2000,0c/0c5f8d69.jpg
81uJF6zymWL,1660,1232,0c/0ca1a4ab.jpg
81uL0nEx0kL,2000,2000,0c/0c7c62b0.jpg
81uPgRITKnL,2560,1173,0c/0c8bd07e.jpg
81uQ1dCyF5L,1224,1500,0c/0c046864.jpg
81ucGjQVj-L,2000,2000,0c/0c789496.jpg
81ucHzA8dTL,2200,1879,0c/0c9649a3.jpg
81ucSJGWTxL,1174,2316,0c/0c222c8c.jpg
81uiz99gIzL,2200,1879,0c/0c14e08f.jpg
81uplYvto3L,1914,2560,0c/0c4a7f23.jpg
81vDTWwjiuL,2115,2115,0c/0c18d3f9.jpg
81vI3VsjvPL,2560,2080,0c/0c754f42.jpg
81vSuf3i8ML,2560,2560,0c/0c25f57f.jpg
81vcAEnvWrL,2135,2135,0c/0cb0b882.jpg
81viA8TV66L,2560,1428,0c/0cb3291a.jpg
81vzNSQ4bcL,2200,1879,0c/0cdf0e1f.jpg
81w1iMQ0QiL,940,2560,0c/0cf2dc30.jpg
81wC3xtkjNL,2560,2560,0c/0c6f9e6c.jpg
81wG7io3MfL,2200,1879,0c/0c9af9ca.jpg
81wVlcs2t5L,2560,2560,0c/0c866684.jpg
81x5iB2AkZL,1115,2560,0c/0c864357.jpg
81x7XbdDjjL,2560,2560,0c/0cc3aac8.jpg
81xIg+nKDFL,2200,1879,0c/0ca40faf.jpg
81xZI1u1B3L,2542,798,0c/0cec9210.jpg
81y+PslgBCL,2200,1879,0c/0c433d51.jpg
81y335b6xkL,2560,1321,0c/0cc0b75a.jpg
81y7l7TRIhL,2200,1879,0c/0c46efbc.jpg
81yAjkUmgqL,2560,1970,0c/0cf39594.jpg
81yUycFSLCL,2560,1255,0c/0ca210cf.jpg
81ylElfC9dL,2200,1879,0c/0c119dc5.jpg
81yuDpS6eiL,2200,1879,0c/0cec639f.jpg
81yw5qmyZiL,2000,2000,0c/0cf1381c.jpg
81zJCcGokxL,2560,2560,0c/0c7c3cad.jpg
81zPxiJea2L,2200,1879,0c/0c065555.jpg
81zbNCKJFoL,1100,1100,0c/0c107c36.jpg
81zfDMB0wTL,2339,1808,0c/0c94abd5.jpg
81zm1v6-74L,2200,1879,0c/0cdf3e52.jpg
81zoByxOKeL,2200,1879,0c/0cad2ff5.jpg
81zxj1sw5rL,2200,1879,0c/0c7fbc1d.jpg
91+U29CBg9L,2560,2560,0c/0c70128e.jpg
91+Uu9OcyZL,2560,2560,0c/0c26281e.jpg
91+gk5oFngL,1722,2411,0c/0c26f35c.jpg
91+pEgNRVWL,2560,1946,0c/0ce9e997.jpg
910yEeamrBL,2560,2226,0c/0c832acf.jpg
912Ac06pn2L,2000,2000,0c/0c330db0.jpg
912J6XJy-TL,2354,1878,0c/0ca00c5e.jpg
912fRlqiJhL,1920,1920,0c/0cb23b36.jpg
912ywGhTG2S,1660,2356,0c/0c2dd100.jpg
913+kxqdRhL,2560,2560,0c/0c344a5b.jpg
913q7HgPGJL,2560,1539,0c/0c63c910.jpg
914b5-yVw-L,1774,2560,0c/0c5cca2f.jpg
914kwjzjEfL,2560,2560,0c/0cf4e935.jpg
915EeFlnifL,2000,2000,0c/0c0dcfda.jpg
916112jYciL,1859,2560,0c/0c2a3d7b.jpg
916dOeFGBIL,2122,2122,0c/0cc75f67.jpg
916qI1jilrL,2560,2560,0c/0c7029ac.jpg
916vQxBselL,1715,2560,0c/0c41c76c.jpg
917UMeB+61L,2560,2560,0c/0c102620.jpg
917VdHsN+xL,2560,2560,0c/0c2ab15a.jpg
9183H1TND-L,2560,1837,0c/0c04a72e.jpg
918nJlWfbaL,2560,2560,0c/0c242b19.jpg
919b6cgfRuL,1789,2560,0c/0cadfd63.jpg
919bLSH+WfL,2560,2560,0c/0cf1baf1.jpg
919vTrV0QhL,2560,2515,0c/0caf06c8.jpg
91B10o14enL,2560,2225,0c/0c45c9ba.jpg
91CM2YxidAL,2560,2560,0c/0c5e1980.jpg
91CoqieTfgL,2560,1970,0c/0c4b6f08.jpg
91DuIGV7uML,2264,2560,0c/0c40c76b.jpg
91E+Jz3Y6hL,2560,2560,0c/0cb61254.jpg
91E9OzXm4pL,2145,2560,0c/0ceedcd4.jpg
91EPk1CbWNL,2063,1175,0c/0cbc6679.jpg
91EXMPb+30L,2560,2560,0c/0cf5f5cd.jpg
91EskQpjq+L,2560,2499,0c/0c0afe1f.jpg
91F9uXPdZBL,2560,2494,0c/0c9cb098.jpg
91H5sxyvuVL,2560,2560,0c/0c9c12d9.jpg
91H72eZFGlL,2543,2560,0c/0c272c14.jpg
91HKZHpjTTL,2542,2560,0c/0c3c45fd.jpg
91HhVzRrRsL,2560,2560,0c/0ce6abbb.jpg
91HxMzqhzML,2430,2430,0c/0c6b06fe.jpg
91Ic8MUt2-L,2560,1969,0c/0cfab1b5.jpg
91IeVQcgWOL,2560,2297,0c/0c10701f.jpg
91Iuy7VhKGL,2560,2560,0c/0cbbb594.jpg
91J9hK00ArL,2560,2560,0c/0c4f2b93.jpg
91JRz+s4FGL,2560,1854,0c/0c63375e.jpg
91JvB92pBpL,1879,1879,0c/0c60b5ee.jpg
91MKXGTedYL,2200,1879,0c/0c3f682d.jpg
91Ma58ol2qL,2560,1969,0c/0c2bbb0f.jpg
91MnnGc06sL,2546,2560,0c/0c4eaa9d.jpg
91N16rlGLRL,2560,2560,0c/0cc09022.jpg
91N8u+AXGnL,2213,2140,0c/0c3ed33c.jpg
91NzFtP6TRL,2560,2155,0c/0c2265d4.jpg
91OIatXPQUL,1736,2560,0c/0c0e257e.jpg
91Oe291SwiL,2083,2083,0c/0c41e4e6.jpg
91Pfdg2Ka0L,2200,1879,0c/0cadb539.jpg
91Puq-KPzXL,874,2560,0c/0c08b5d4.jpg
91Q9AHGzgiL,1874,2560,0c/0caf9c36.jpg
91QB0RUBswL,2472,2518,0c/0c226b87.jpg
91QLHqtTxuL,1702,2560,0c/0ceabda2.jpg
91QPO67hh9L,2560,2560,0c/0cb919eb.jpg
91R0RvpIXNL,2560,1970,0c/0c956b89.jpg
91SA+dEOgvL,2560,2287,0c/0c8c0d31.jpg
91SFUQDGKQL,2154,2560,0c/0cca02a4.jpg
91SYh3aZcLL,1605,2436,0c/0ca23aa8.jpg
91SmIPmW59L,2560,2560,0c/0c90fee7.jpg
91SxeJu+gEL,2421,2560,0c/0c563d52.jpg
91TRcdk+8+L,1938,2044,0c/0c75eb8a.jpg
91To57zFThL,2560,2560,0c/0caea5e3.jpg
91UON4jhiML,1669,2560,0c/0c55e5f1.jpg
91Uls2PBnuL,2560,1181,0c/0ce0fc20.jpg
91VQQ2Ai4uL,1629,2560,0c/0c51ae37.jpg
91VcRhoOzwL,2560,1557,0c/0caff6ac.jpg
91VqtgdPG2L,1739,1739,0c/0c6dbfc3.jpg
91WPRhuP3ZL,2560,2560,0c/0c4d4cf6.jpg
91WTUi9b1xS,1660,2118,0c/0c472f8f.jpg
91Wc4ABNWAL,2560,2560,0c/0c7fce24.jpg
91WrfrE6nOL,2560,1970,0c/0c801f91.jpg
91X6uTGZnZL,2200,1879,0c/0c3a35e7.jpg
91X8bQzdTnL,2560,2560,0c/0c47899a.jpg
91Xe4pMumpL,2339,2185,0c/0ce3e28c.jpg
91YtQ0pSs3L,2560,2434,0c/0c84d512.jpg
91ZIceBzpML,2291,2560,0c/0cb651fb.jpg
91ZNj7BXEHL,1958,2560,0c/0c240285.jpg
91aV3JnQh1L,2560,2560,0c/0c0e6962.jpg
91aXrO+g++L,2560,2559,0c/0cc5c1a0.jpg
91amtA9wWAL,2560,2534,0c/0c22baf5.jpg
91b2N24vkTL,2492,1869,0c/0c997f84.jpg
91bZqYOxPtL,2560,2498,0c/0cdc4b9a.jpg
91bnBtAmeWL,2560,1969,0c/0cea656f.jpg
91bp4xjfs7L,2119,2560,0c/0c9b0541.jpg
91c1HdndalL,1631,2432,0c/0c1b8a21.jpg
91cKZGzhCwL,2560,2560,0c/0cfb1137.jpg
91cviAgyO1L,2560,2560,0c/0cc63f08.jpg
91d0wTIQgIL,1823,2560,0c/0ca3ff31.jpg
91fCelVvRsL,2560,2560,0c/0c519fbe.jpg
91fdZYF9nEL,2560,2560,0c/0cd5c8a1.jpg
91gxBMSkSGL,2560,2095,0c/0c2251d4.jpg
91iOEW6vvvL,1768,2560,0c/0c15692a.jpg
91ikQh9y3rL,2560,2408,0c/0cd573d5.jpg
91jTl7Wtf3L,2551,2560,0c/0c8a05b6.jpg
91l+Sh3c+3L,2000,2000,0c/0c9c7193.jpg
91lMUwXuvLL,2560,2560,0c/0cceb5e7.jpg
91lhQO8MB0L,1920,2560,0c/0ca12b35.jpg
91lnyxVayyL,2560,2560,0c/0ce4bdd9.jpg
91m-XeNXmlL,2000,2000,0c/0c1f47a3.jpg
91mJ0wWSPsL,2560,2560,0c/0ce3ec44.jpg
91mM5Nf7tqL,2560,1625,0c/0c9e398c.jpg
91mbDBrs0VL,2560,2560,0c/0c5e206f.jpg
91mnuipLIiL,2560,2560,0c/0c3fa5f8.jpg
91n1Kco87oL,1305,2560,0c/0cd14d77.jpg
91nArdlbLeL,2559,2560,0c/0c0150b8.jpg
91nIdYVbpIL,2100,2100,0c/0c9af80b.jpg
91nvlwxV2pL,1088,2560,0c/0c0cdf15.jpg
91ol5yrHFrL,2560,2560,0c/0ccabd81.jpg
91p+Js2I5wL,2121,2560,0c/0ce74389.jpg
91p-W3eEOdL,1901,2560,0c/0c711e99.jpg
91pUoLX8XzL,2324,2560,0c/0cb657e2.jpg
91pXtl4yXZL,1571,2560,0c/0cc81d38.jpg
91pn-pi9JNL,1581,2560,0c/0c8122af.jpg
91q4eeRoamL,2200,1879,0c/0cc05aa0.jpg
91qAvtYp3yL,2560,2560,0c/0caf8ea3.jpg
91rFA6YgeqL,2560,2560,0c/0c51454a.jpg
91rcXt6CArL,2560,2560,0c/0cc4ee91.jpg
91rjCXExxEL,1703,2560,0c/0c796b53.jpg
91rx87cWa8L,1898,2500,0c/0c20f5f3.jpg
91sIOJ1qYUL,2560,2560,0c/0cd692f4.jpg
91sxb9ZOAzL,2000,2000,0c/0c5a8e00.jpg
91tNjxrD6jL,2470,2560,0c/0cf013bd.jpg
91u93BAYqOL,1786,2560,0c/0c9e623a.jpg
91umFTDrQDL,2200,1879,0c/0cede66c.jpg
91utlERnzfL,2560,2560,0c/0c79690a.jpg
91wgB+YNzQL,2500,1964,0c/0c05c277.jpg
91xV18tJfcL,2560,2560,0c/0c8f2775.jpg
91xzFac1FjL,2560,2560,0c/0c5361f1.jpg
91y5aivb5GS,1965,2442,0c/0ceccc17.jpg
91yYWZEdq0L,2560,1969,0c/0c7ae12a.jpg
91yu8OojKPL,2560,2560,0c/0c1dfe63.jpg
91zHvHj31uL,2560,1893,0c/0c776831.jpg
91zHxfRBfrL,2560,2560,0c/0c54ea20.jpg
91zihbofmnL,2560,2560,0c/0c23a610.jpg
A1+jOm-yJKL,2560,2560,0c/0cc83308.jpg
A11B7oO8FnL,2560,2560,0c/0c7438cf.jpg
A11Rmha92pL,2560,2560,0c/0c1883b0.jpg
A13qaM5OCCL,2065,2560,0c/0ccfea3d.jpg
A14taQ4D+3L,2560,2560,0c/0cc3afd0.jpg
A15eNNDhsdL,2560,2560,0c/0c3a4573.jpg
A15ze+wUb0L,2560,2560,0c/0c9cb5b1.jpg
A16iKH4vZ4L,2560,2560,0c/0c71a96c.jpg
A1D+EJ+wtqL,2560,2558,0c/0cc9c050.jpg
A1F4+0qcf1L,2560,1969,0c/0c627f42.jpg
A1F63iq++UL,2555,2560,0c/0cb5b098.jpg
A1H9WVyeVAL,2560,2501,0c/0c2cd60c.jpg
A1Jj90-Rb9L,2560,2560,0c/0c1cdf47.jpg
A1Jxk+CsyJL,2560,2560,0c/0c291b81.jpg
A1Nvpn-Z6RL,2560,2560,0c/0ca65370.jpg
A1O4OGR+6LL,2560,2560,0c/0c6fd8ab.jpg
A1QyH-kDbxL,2245,2560,0c/0c508d80.jpg
A1SrzCslX2L,2560,2560,0c/0c373018.jpg
A1TYAKBWs0L,2559,2560,0c/0cca716a.jpg
A1TuafoGKiL,2560,2543,0c/0c60ba2f.jpg
A1UThv6iNcL,2560,2532,0c/0c42dda2.jpg
A1UZ-UZIIyL,2555,2555,0c/0c8bd292.jpg
A1ZyBCi4VxL,2187,2276,0c/0ca15428.jpg
A1cH-Pi0OeL,1995,2560,0c/0ceb6517.jpg
A1cURevZ2SL,2560,2560,0c/0cb44fa4.jpg
A1dFF+VOzZL,2560,2560,0c/0cf6d0eb.jpg
A1dIby+NHhL,2560,2560,0c/0c8d98e6.jpg
A1dVimIVtvL,1575,2560,0c/0c8347e3.jpg
A1eMVkxH2rL,2186,2499,0c/0c85f625.jpg
A1fAuG0VI7L,2560,2560,0c/0c66e74a.jpg
A1g2mxLEKXL,2560,2559,0c/0c983f72.jpg
A1hc3YM6OYL,2560,2560,0c/0ca6a29f.jpg
A1iZ-LWjg9L,2560,2099,0c/0cdd18b7.jpg
A1jlrT20olL,2560,2560,0c/0c11c54d.jpg
A1k4g1ZZw6L,2560,2560,0c/0c30b6ef.jpg
A1kHMmGw4QL,2560,2560,0c/0cce101c.jpg
A1lziyBO5wL,2560,1592,0c/0cf3cad5.jpg
A1n5-UvTEtL,2560,2560,0c/0cf34ac6.jpg
A1o0rt9TcBL,2560,2560,0c/0c0962d7.jpg
A1odmE4yjGL,2460,2560,0c/0c917010.jpg
A1q9iC1pJIL,2560,2560,0c/0cd2d4cb.jpg
A1vOXdikyAL,2560,2560,0c/0c89b418.jpg
A1w4R21JxCL,2560,2560,0c/0c9987ee.jpg
A1w4U1fDXxL,2560,2560,0c/0c0c3e48.jpg
A1w6ZEMf8gL,2560,2560,0c/0c8bac9b.jpg
A1wDgMJCbQL,2560,2560,0c/0c17e18d.jpg
A1x0VEntwOL,2560,2560,0c/0cc405dc.jpg
A1yX-vUcPSL,2560,1633,0c/0ca07445.jpg
A1yilYzP0kL,2560,2560,0c/0ce5cf9a.jpg
A1z6yMyG+ZL,2560,2560,0c/0cf133c3.jpg
A1zwgE-pT2L,2545,2560,0c/0c89365f.jpg
B1Ee+YdXk5S,2560,2466,0c/0c5e07d5.jpg
B1i+myzzTqS,2560,2560,0c/0cb006ef.jpg
