21JLtgsgtML,500,375,0d/0d712840.jpg
21wDSGn-+BL,500,375,0d/0d4df511.jpg
31-VPA9LdIL,139,500,0d/0d3d5413.jpg
318r5U8zS9L,500,375,0d/0d4b8bfc.jpg
318t-KOfoOL,500,375,0d/0d31745e.jpg
318w7ZMP7ZL,500,500,0d/0d9ab4a8.jpg
31AqndGd7oL,500,375,0d/0d6e8039.jpg
31DTcAFsL+L,500,375,0d/0d79d09c.jpg
31EAwqY1D0L,500,500,0d/0d5b8e98.jpg
31FKZSE3reL,500,375,0d/0d3d5772.jpg
31G+EtR38aL,500,375,0d/0d90e806.jpg
31G8mbJ2yZL,500,500,0d/0dc1e274.jpg
31POPUrjqIL,500,375,0d/0d94c550.jpg
31Pmlp3h1ML,500,375,0d/0d027319.jpg
31VX1qMzwlL,500,375,0d/0db19a6b.jpg
31XsX9AkFkL,500,500,0d/0d1eda2e.jpg
31Z119D91AL,430,500,0d/0d283e31.jpg
31eUf4zOhLL,500,130,0d/0dec44b1.jpg
31fUwZ1QwsL,500,375,0d/0d2ac3fc.jpg
31iGA6c0mJL,500,375,0d/0dbc6725.jpg
31k6RYsCErL,500,500,0d/0d30ba23.jpg
31qMy3ISmEL,500,375,0d/0de3d99d.jpg
31r4vcAiC0L,90,500,0d/0d2fb139.jpg
31sIdqn-vZL,49,500,0d/0d837577.jpg
31vdntpGmHL,500,375,0d/0d9002be.jpg
41+Cr-R7zML,1000,1000,0d/0d0d4a48.jpg
41-ol2Nie7L,1000,244,0d/0dbfb0e2.jpg
411cNob6l3L,1000,1000,0d/0d4d9171.jpg
411jSHgGNhL,491,1240,0d/0d2f0381.jpg
4124IS+ErvL,164,1489,0d/0da76fc6.jpg
416p4DUt8XL,1000,1000,0d/0debcc46.jpg
417ohvo3M5L,151,500,0d/0d55c21d.jpg
418FXWJEuNL,146,500,0d/0d08eecc.jpg
41AsnR6YK+L,83,500,0d/0df038b9.jpg
41AxfjqHiXL,1000,1000,0d/0ddc3446.jpg
41C0SBNNXgL,1000,1000,0d/0d128121.jpg
41Is00mmkSL,1050,1050,0d/0d162c9a.jpg
41Jpz3U7xIL,1000,1000,0d/0d562110.jpg
41K1-PTYU7L,500,451,0d/0d9536ce.jpg
41MVN9MsH0L,1000,1000,0d/0d38e9e1.jpg
41RkcwrfV6L,500,500,0d/0d81f94c.jpg
41WUCKIf4XL,147,1050,0d/0d18a972.jpg
41ZE6RaelSL,500,274,0d/0d0dc729.jpg
41cmonV4g2L,1050,1038,0d/0dad3c93.jpg
41lk4lPUlbL,500,375,0d/0dfddc15.jpg
41m2d+gsQHL,123,1000,0d/0d78cb91.jpg
41oGqI0uOOL,262,472,0d/0d75b7f4.jpg
41qnpWiP+LL,286,1488,0d/0da89f74.jpg
41r6ipqEpTL,1000,1000,0d/0dc2e37b.jpg
41rhX2eXJkL,500,500,0d/0d1ec1a6.jpg
41tZWapo56L,1000,1000,0d/0da047a0.jpg
41xXRtGB3HL,1000,1000,0d/0d57efee.jpg
41y9YcENsIL,1050,1050,0d/0d17d2f1.jpg
51+c-mZ7e9L,1000,337,0d/0d63b449.jpg
51+p1GKTdML,572,1500,0d/0d04c26a.jpg
510C-zimmJL,2560,674,0d/0d0a6aa9.jpg
510R5KuVBfL,597,1034,0d/0d9bc127.jpg
5116U9m12DL,900,1200,0d/0d3fe619.jpg
511bAuuEOoL,1100,1100,0d/0d5f4a38.jpg
511lBnnRDSL,1000,1000,0d/0d2fe3b0.jpg
5121Fad6FcL,1000,1000,0d/0dd06663.jpg
512Lm6aijaL,1000,1000,0d/0dfb19d1.jpg
512wSS059HL,1000,1000,0d/0d39146e.jpg
51318961P7L,368,500,0d/0d309911.jpg
5139XvFHZQL,1000,1000,0d/0d2464b1.jpg
513vR2-MBBL,1615,1615,0d/0dc0cf41.jpg
514PQeLV03L,470,1234,0d/0d7193cd.jpg
515KJJf46ZL,1000,1000,0d/0d2ccc60.jpg
515UnowE+pL,1000,1000,0d/0da447e0.jpg
515vJ9Y7X3L,216,500,0d/0d6b0ded.jpg
516HTBUMSML,1000,1000,0d/0d889cd1.jpg
516OHgI0KpL,1000,1000,0d/0d8462eb.jpg
516XnZcFumL,900,1200,0d/0df7715a.jpg
517w3mizmTL,443,500,0d/0dcaa72b.jpg
518AbuUcYkL,1000,1000,0d/0d26131b.jpg
518bOsQnPGL,1000,305,0d/0de2b179.jpg
519XQR32vaL,1000,177,0d/0d542515.jpg
519srvaI0WL,1000,1000,0d/0d2de54f.jpg
51AAuYxZIiL,1200,1200,0d/0d2acd18.jpg
51ARYciEw6L,647,1663,0d/0d0ba086.jpg
51B0Bp-MN6L,1000,416,0d/0d9d58e1.jpg
51B9w0+sIaL,1000,1000,0d/0d93c0b3.jpg
51FWbaJUu9L,1500,1500,0d/0d399676.jpg
51Fe36Xdk4L,1001,1001,0d/0d9149bd.jpg
51GP21Cx4iL,663,1000,0d/0ddd272b.jpg
51GPSvLOoNL,1000,1000,0d/0d0efcd7.jpg
51GYY+dtXOL,1000,1000,0d/0dd1b17b.jpg
51HmLh1lsmL,999,1000,0d/0d5bbcb2.jpg
51HnpMMGWoL,1500,1500,0d/0d1566e3.jpg
51K+KyiTFpL,500,476,0d/0d7f7126.jpg
51KbZdZ12kL,1000,367,0d/0d128142.jpg
51KxR3ZgdTL,500,252,0d/0d0ed5c6.jpg
51LYZS1NAUL,128,1568,0d/0d2aa4ee.jpg
51M2ho0YyZL,1500,1500,0d/0d133a62.jpg
51MaBHrjm1L,1100,1100,0d/0dc05903.jpg
51MzLhniy5L,900,1200,0d/0d635871.jpg
51N1RM9phNL,1001,1000,0d/0d842a06.jpg
51NBL126xGL,1000,1000,0d/0dc99bd5.jpg
51OIoVfpqmL,1000,1000,0d/0da9b47b.jpg
51P7T+GHjrL,1200,1200,0d/0dad1371.jpg
51R+mT64IXL,344,500,0d/0d178960.jpg
51RtJBX6UAL,1000,1000,0d/0d3d89f9.jpg
51UdakNLPzL,500,424,0d/0dbffea9.jpg
51WZaGPC3VL,1000,1000,0d/0dfb44ef.jpg
51YOvIyXGiL,991,1001,0d/0d62e57b.jpg
51ZBfC0gssL,1000,1000,0d/0d9f9082.jpg
51ZDBNHdQwL,221,500,0d/0d04b5b1.jpg
51aS4eZdUNL,1000,1000,0d/0defe217.jpg
51afFd210KL,1000,1000,0d/0dbe8019.jpg
51anMDpG5lL,256,1110,0d/0d6a6117.jpg
51arz0ceMZL,1000,1000,0d/0d02586e.jpg
51b+RterhQL,1098,964,0d/0d735242.jpg
51bHzlyM8XL,1594,1594,0d/0d396280.jpg
51c0dt7XXAL,1000,1000,0d/0d61f3a6.jpg
51cseirtOBL,1000,1000,0d/0d04535e.jpg
51dRBzrftcL,2474,854,0d/0d5460b6.jpg
51dYH94ZltL,1200,1200,0d/0d46eedb.jpg
51dZoQhpvCL,1007,1007,0d/0d74d00c.jpg
51dcqBMw0WL,1000,1000,0d/0daf46fd.jpg
51dn3Uvw+UL,1005,1005,0d/0d02b81f.jpg
51eTQjSN4FL,1100,1100,0d/0d73f2e8.jpg
51gXjGiqg6L,1072,1391,0d/0dedbec2.jpg
51hKGIGXgVL,244,500,0d/0d4fca97.jpg
51hXBsgV-+L,1534,1534,0d/0d4bb87b.jpg
51i-cIMBZ7L,1000,1000,0d/0d210a5f.jpg
51iqdW9wrSL,1000,1000,0d/0d021a61.jpg
51j0p4w0p+L,1001,1001,0d/0d6d1cfa.jpg
51k1Bxt2nyL,480,1802,0d/0df6fb6b.jpg
51k2Xqln8gL,1000,1000,0d/0d38258a.jpg
51kXd+tFxUL,476,1498,0d/0df381c0.jpg
51kjZszvfoL,462,1434,0d/0d5056ff.jpg
51ktQi5NPHL,1638,1638,0d/0d85c67a.jpg
51lDTtsLUjL,1125,1125,0d/0d634880.jpg
51lyUGOe9DL,1000,1000,0d/0d967d20.jpg
51mjDlG5aBL,1050,788,0d/0d3504fb.jpg
51mvKDGHbkL,1201,1142,0d/0da69d4c.jpg
51n8pbBj2+L,1281,1281,0d/0db84a70.jpg
51nDV1vGrQL,1444,755,0d/0d727917.jpg
51oIn-4B-xL,1000,1000,0d/0d68a9b0.jpg
51oN-HNywEL,1200,1200,0d/0d71764b.jpg
51og8Y0T1+L,1444,964,0d/0d034cb8.jpg
51pQE7FbiHL,1000,1000,0d/0dcde4cf.jpg
51pT6IjqOML,1200,1200,0d/0d76f400.jpg
51rIAkWEqTL,1000,1000,0d/0d484177.jpg
51rXFRHht6L,1200,1200,0d/0df0dda8.jpg
51ryC69P7TL,1000,1000,0d/0da96800.jpg
51sbYHW-AFL,1000,1000,0d/0d569c6a.jpg
51u1vvB84LL,469,500,0d/0d45c922.jpg
51ujAxa2vpL,1000,272,0d/0dcbdae0.jpg
51v+klSwhPL,500,500,0d/0dabd0cf.jpg
51wBbaOj+cL,1100,1100,0d/0d02e185.jpg
51wJD65FR+L,1000,1000,0d/0d7c2112.jpg
51wcA1ppXKL,1000,1000,0d/0d0cf55b.jpg
51yIt-RzjyL,806,1302,0d/0de056a4.jpg
51z0r5OnQUL,1000,1000,0d/0dc8a357.jpg
51zLgTErWjL,500,500,0d/0d591bde.jpg
61++d2oFlGL,2200,1879,0d/0d0cc8e8.jpg
61+7Gpp0sBL,2000,2000,0d/0d4776ba.jpg
61+QA5fEioL,1500,1500,0d/0d90d341.jpg
61+TIX4iw7L,1315,1239,0d/0d9a4afb.jpg
61+hi4EBSWL,2560,1976,0d/0d5e8048.jpg
61+sm1wjqWL,2560,1739,0d/0d27ad88.jpg
61+zUjxzRML,813,2560,0d/0d3cb931.jpg
61-4D2r2bgL,2200,1879,0d/0d29b5ee.jpg
61-6fOzvBpL,2200,1879,0d/0dbf3ff4.jpg
61-7BNhiXIL,1952,1952,0d/0d0c5b2c.jpg
61-8XSdVdNL,1444,755,0d/0d3591b9.jpg
61-fxZ3uIoL,2560,2560,0d/0da37dfd.jpg
61-kc+EUQCL,2000,2000,0d/0d0b9659.jpg
61-ls8mHDfL,1707,2560,0d/0db4a0ad.jpg
61-rLq2gieL,1000,1000,0d/0df03927.jpg
610126FYTYL,2000,2000,0d/0d3c7f96.jpg
610NOzCD5mL,1000,1000,0d/0d91c06a.jpg
610oYnaGThL,2560,691,0d/0da1a625.jpg
6113uxBNWhL,1001,1001,0d/0da9d758.jpg
6114iRirO1L,1000,1000,0d/0d074dde.jpg
611Cn1GXPXL,2192,2192,0d/0d854d57.jpg
611HHhuMECL,1000,1000,0d/0deeac59.jpg
611HryKBjHL,2560,1742,0d/0dcf3ed0.jpg
611KOjmVDLL,2200,1879,0d/0d695763.jpg
611OTQtMk+L,2560,836,0d/0d440f70.jpg
611OodmaKmL,1024,1024,0d/0dd83313.jpg
611PdzykpYL,1517,1517,0d/0db90120.jpg
611jSrzM3FL,2200,1879,0d/0dca4996.jpg
611rk3aCV5L,1316,1308,0d/0d318adc.jpg
612+laaKnaL,1248,611,0d/0dacc6b1.jpg
612WmoHW4bL,2252,1193,0d/0dfc8b16.jpg
612YBWDzKxL,1000,1000,0d/0daa0fba.jpg
612kQ7BcV3L,987,1091,0d/0df6a00d.jpg
612mKVQDwvL,396,1220,0d/0dc81156.jpg
612u4LuxkSL,1625,850,0d/0d20f2a8.jpg
613YNSlKzkL,1444,755,0d/0d3816e4.jpg
613c0Q6yIwL,1315,1239,0d/0df9ac52.jpg
613drw2nEuL,1000,458,0d/0d9b1023.jpg
614EudOzIrL,1500,1500,0d/0d06f7ef.jpg
614tVZQF1EL,1508,1508,0d/0d3699e3.jpg
615UKgkweWL,1000,1000,0d/0d085d68.jpg
615XK8FADQL,1000,1000,0d/0d4c9d6f.jpg
615bmB1iE6L,1200,1200,0d/0d9e6b83.jpg
615fDoU7k6L,1841,1841,0d/0d8fd82d.jpg
615yuTxxHZL,1000,1000,0d/0dfca5b1.jpg
616Bu-DggtL,1000,585,0d/0db85e11.jpg
616N7byIe2L,1200,1200,0d/0d29555f.jpg
616YQQ+BMiL,1500,1500,0d/0d6bb99f.jpg
616cnx8T98L,500,500,0d/0d23c859.jpg
616q915hqIL,1312,2277,0d/0dfe5a2c.jpg
616zHT-vw1L,1200,1200,0d/0d40ca6d.jpg
6179QqbPxwL,1886,1964,0d/0d7bb03a.jpg
6179aIsQktL,1000,1000,0d/0d52ecfc.jpg
617NNrCX67L,2560,1740,0d/0d7caa26.jpg
617ptXfkU0L,1000,1000,0d/0d3930b1.jpg
618-fEEgHaL,1316,1308,0d/0d4e4f54.jpg
6181jd0qlWL,1774,1774,0d/0d665301.jpg
6183hXROlmL,1500,1500,0d/0dcd5281.jpg
618cf1vDZYL,2560,501,0d/0d294d8d.jpg
618v9Tu8JYL,412,1562,0d/0d8f2c38.jpg
619PoxhlMkL,2160,2160,0d/0dcf0ad8.jpg
619QLVqhKfL,1707,2560,0d/0d40023f.jpg
619UYXH6FEL,1000,1000,0d/0d3b9ccf.jpg
619cnMql0HL,1500,1500,0d/0da16808.jpg
619hoy15SJL,2560,1740,0d/0de26e03.jpg
61APuvhbw0L,2200,1879,0d/0d07b1d4.jpg
61Axdj6yf6L,2200,1879,0d/0d24e6c4.jpg
61BNBBCGC9L,486,500,0d/0d229c02.jpg
61BNCT9Y6tL,2000,2000,0d/0d01dc53.jpg
61BlNI3TP9L,1500,1500,0d/0d599576.jpg
61COd0Kh+DL,1000,1000,0d/0d790abb.jpg
61CcLhj0ShL,1000,1000,0d/0d1c115e.jpg
61CeLwpcBNL,1488,1500,0d/0d7f34b5.jpg
61DFnxmmfgL,1100,1100,0d/0d974877.jpg
61DIAR9UfsL,245,1829,0d/0d64edd8.jpg
61DN6m9VTvL,472,1000,0d/0dfc4f24.jpg
61DPML2vfZL,2008,2008,0d/0d9003ec.jpg
61Dm0KCyxcL,1000,1000,0d/0d94ff6a.jpg
61E7r-ekU+L,1010,1010,0d/0db0924f.jpg
61ExfEEpl3L,2100,2100,0d/0d97d746.jpg
61F+RlcJ5uL,2200,1879,0d/0d7a2438.jpg
61F5aBAZifL,853,1000,0d/0d0c4623.jpg
61FIjm4AbuL,1444,755,0d/0dbfdacc.jpg
61FRbdZw3tL,1444,755,0d/0dffe841.jpg
61G25KdVGdL,1000,1000,0d/0d76de0e.jpg
61GAJxu5EWL,1200,1200,0d/0d65e620.jpg
61GWA9hGRaL,1000,1000,0d/0d20957a.jpg
61GiqJvCqKL,986,1959,0d/0d92ef39.jpg
61H-AUwvX3L,1001,1001,0d/0d3b4177.jpg
61H3d8ttZ3L,2200,1879,0d/0d3124e6.jpg
61HR4YCmjeL,1000,1000,0d/0dea4817.jpg
61HU+7NIOQL,2200,1879,0d/0db11b59.jpg
61Ho1KohlFL,1050,1050,0d/0da8829a.jpg
61HxR6Ji7nL,1000,1000,0d/0d1db5e2.jpg
61Hyo6VDg3L,2560,494,0d/0dda34f2.jpg
61I8SaRU3gL,2063,1883,0d/0d288237.jpg
61IQCdvnU3L,1000,1000,0d/0d5dd081.jpg
61IagRRTOlL,1031,1031,0d/0d73daed.jpg
61Iao14D99L,1200,1200,0d/0d30ce29.jpg
61IlGm39imL,2560,2560,0d/0dba819c.jpg
61Io4QtVBDL,1697,1697,0d/0d1f0335.jpg
61JSM-t0dVL,963,2560,0d/0d9eefb8.jpg
61Jr4ZqAhyL,1812,1252,0d/0d71f1eb.jpg
61K+1fIh0SL,2500,786,0d/0d976c5e.jpg
61K034VhHaL,2061,2061,0d/0db4e202.jpg
61KhUOObUdL,1500,1211,0d/0dd96130.jpg
61KkZExfLOL,1000,1000,0d/0ddb1985.jpg
61KoncLmZfL,2560,766,0d/0dfb36c4.jpg
61KwgYAI3FL,1625,850,0d/0d86006a.jpg
61L70skSJSL,2221,1919,0d/0d9d19b2.jpg
61LgHB1zIrL,1625,850,0d/0da19a22.jpg
61LgiAiujtL,810,1772,0d/0dccce27.jpg
61Lj+lzqNsL,1905,1718,0d/0d48cefa.jpg
61LplffTLPL,1300,1300,0d/0d1ee6e7.jpg
61LvrWZMvwL,1263,1000,0d/0dd1a2c7.jpg
61M-yA5-oAL,1100,1100,0d/0d302bcc.jpg
61M4E3i1atL,2200,1879,0d/0d890515.jpg
61M5KqgP8-L,1100,1100,0d/0dae811a.jpg
61M5NFa3zFL,1050,1050,0d/0d525a38.jpg
61MFTEKLRDL,1920,2560,0d/0d669fc6.jpg
61MJEVdFXKL,2560,2018,0d/0d6dbd21.jpg
61MLnOL1IuL,1000,1000,0d/0d9949e7.jpg
61MQ+lTKf8L,1707,2560,0d/0def4f30.jpg
61Mhs9AbGtL,1444,755,0d/0d3583e8.jpg
61NDMesBwFL,2048,2048,0d/0d12bc8f.jpg
61NT6f4YBdL,1818,1818,0d/0dda8234.jpg
61NbCVJKJ2L,1000,1000,0d/0d57e3d6.jpg
61Nn12UgJDL,1245,2560,0d/0dc35531.jpg
61NvDEQTNsL,1523,1523,0d/0d94f984.jpg
61OFGimGkIL,1000,1000,0d/0d7339b9.jpg
61OMM5zyVsL,1168,1121,0d/0d2fea8b.jpg
61PUI3sNg2L,2065,2065,0d/0d91a3e9.jpg
61Pbun1DlxL,1500,1500,0d/0d3abfd6.jpg
61PcNqHa+KL,2200,1879,0d/0d8e09c0.jpg
61PgONqCHBL,1251,1157,0d/0d9e73ff.jpg
61Pzi01HQ+L,1315,1239,0d/0de7a5ee.jpg
61Q283js-3L,2560,1742,0d/0db559c8.jpg
61QIVl694-L,1204,1601,0d/0d9623da.jpg
61QUclLqMvL,1226,1010,0d/0d2e8ed6.jpg
61QYpJKB5aL,1252,1639,0d/0d902f49.jpg
61QafH24d3L,2200,1879,0d/0d237ea9.jpg
61RXe9UPo0L,1316,1308,0d/0d2e37d0.jpg
61RgYmmHpIL,1500,1500,0d/0de8d0ba.jpg
61Rk7R7qtyL,1491,2560,0d/0d6970be.jpg
61SIhWpVHaL,1444,755,0d/0dfae8b5.jpg
61SZ3o0-2rL,2560,988,0d/0dd9e38f.jpg
61SjJcsszuL,1001,1001,0d/0d7cf4dd.jpg
61Sw2VE9EBL,2200,1879,0d/0da675d8.jpg
61T9PU2czOL,2200,1879,0d/0da6e700.jpg
61T9kvVLA9L,847,2203,0d/0dab426c.jpg
61TLRBtkP2L,2500,513,0d/0dad6062.jpg
61TMIWpw-nL,1500,1500,0d/0deb358c.jpg
61TuGEJ7-2L,1000,1000,0d/0da7eb7a.jpg
61Tx8aieftL,1500,1500,0d/0d5b47a5.jpg
61U3ONtaKaL,1150,1017,0d/0d344f5f.jpg
61UIe5Udn7L,1001,1001,0d/0ddd4556.jpg
61UNZoUNGHL,2200,1879,0d/0d3b25ae.jpg
61URcfCHwJL,2200,1879,0d/0d2d2acf.jpg
61UoHRBQjyL,1140,1283,0d/0dba68a6.jpg
61V-9QPZauL,1434,1417,0d/0d6bbf47.jpg
61V1w3b7-+L,1000,1000,0d/0d50e60a.jpg
61V3FmrfxQL,1059,1927,0d/0d068b9b.jpg
61V6Vr0z4FL,1000,1000,0d/0dd8d728.jpg
61VFptOTlSL,1600,1600,0d/0d91fb87.jpg
61VjI2EFVhL,1100,1100,0d/0db97b0c.jpg
61W2QM5uTSL,716,1920,0d/0d4c91ef.jpg
61WKAidGz+L,1500,1500,0d/0d8c8830.jpg
61WM9YrleML,2560,1739,0d/0d8c45cc.jpg
61WTD-YFqqL,2200,1879,0d/0d485cda.jpg
61WozkoeIlL,1444,755,0d/0d2c4438.jpg
61XDT3t-S5L,1780,1780,0d/0d40dd50.jpg
61XH1n2ALaL,1000,1000,0d/0dc726df.jpg
61YDC5tYAlL,2200,1879,0d/0db742f5.jpg
61YeqW8C5lL,1000,938,0d/0dad5a69.jpg
61Z+WV-oUML,1000,1000,0d/0d151677.jpg
61ZEySA-LqL,1444,755,0d/0d469f25.jpg
61aDdB6nNDL,1605,1605,0d/0dae8379.jpg
61anGfnlqlL,1315,1239,0d/0d9948e7.jpg
61awH8c+IHL,1500,1500,0d/0d4917a7.jpg
61b9FvYk0mL,2560,1951,0d/0db2bdbc.jpg
61b9mtkVLyL,1000,1000,0d/0de2346e.jpg
61bFkYSyf9L,1100,1100,0d/0d7b0557.jpg
61bwUfUMhVL,1000,1000,0d/0df47319.jpg
61czQdzOe2L,900,1200,0d/0deec565.jpg
61dMvycqGIL,347,1490,0d/0d7518b0.jpg
61dN-Kbe+9L,1000,1000,0d/0de6f680.jpg
61dw2dx+Z7L,2560,2560,0d/0d882b4e.jpg
61f1uh8PUpL,2200,1879,0d/0d81fbfc.jpg
61f4BpOapoL,1000,1000,0d/0db2f339.jpg
61f4KFWGzJL,322,2560,0d/0dc4abf1.jpg
61fYDZzw1HL,1000,414,0d/0deddc67.jpg
61feefsEudL,1000,1000,0d/0d6c4b05.jpg
61gFGy7G0GL,1625,850,0d/0de1099f.jpg
61gbGfec8PL,1000,1000,0d/0d5c8740.jpg
61grZ0Yaq9L,1316,1308,0d/0d44e1bd.jpg
61gyp0O4usL,1444,755,0d/0d2e6cf6.jpg
61hix55P0TL,1000,1000,0d/0d8822b3.jpg
61i0L5K2K1L,466,1520,0d/0d7b3fd4.jpg
61iG8N1M67L,1900,1900,0d/0d1e84a1.jpg
61iRei-WRYL,1200,1200,0d/0d7c37f1.jpg
61if+8grHRL,358,1500,0d/0de69d0f.jpg
61ig6kwFL1L,1500,1500,0d/0d88b7fd.jpg
61iz5clpw0L,537,1818,0d/0d665c0a.jpg
61j3x82UgUL,1050,1050,0d/0d867719.jpg
61j8kHi+OsL,2560,1739,0d/0d3446d2.jpg
61jeNb88jIL,1607,1607,0d/0d6c1140.jpg
61kHUDlX99L,491,2560,0d/0dca357d.jpg
61kTZZZhQDL,1000,1000,0d/0da1256e.jpg
61kwEjLqdML,1200,1200,0d/0dea9a29.jpg
61kyJNZIClL,1219,1500,0d/0dad43eb.jpg
61lQNXrwvYL,1000,1000,0d/0d584383.jpg
61m7l4e4cJL,1000,1000,0d/0d658c3e.jpg
61mB1Zza7BL,2560,2133,0d/0d02581f.jpg
61mD0e8AKYL,1000,1000,0d/0db2e5f7.jpg
61mOPtV-aXL,1580,1580,0d/0d50ef9c.jpg
61mOpZ3dRRL,1100,1100,0d/0d5a1364.jpg
61nT0Lvrf+L,1200,1200,0d/0d9512c3.jpg
61nni5aX2zL,465,2500,0d/0d66c9da.jpg
61noVaYn4EL,2500,529,0d/0dad21c6.jpg
61oQG2+anGL,1500,1500,0d/0d6d595f.jpg
61oRVoZDB-L,1500,1031,0d/0dbe3eca.jpg
61oSKRq1ycL,1000,1500,0d/0db46dd7.jpg
61oankX6pbL,1444,755,0d/0dbfd44a.jpg
61ogXfmIeOL,1625,850,0d/0d4aa957.jpg
61ojEU6YLFL,2560,718,0d/0d2baba9.jpg
61ooJsFFasL,917,2560,0d/0dfc441f.jpg
61oodgr7QuL,2200,1879,0d/0d2fbbf7.jpg
61pDul5fUDL,1444,755,0d/0dbd4faa.jpg
61pGAbCLDqL,1500,1500,0d/0d471443.jpg
61puCqf+57L,1065,1564,0d/0d7d1374.jpg
61q-RsHix1L,1024,683,0d/0d27da88.jpg
61q-nxmzMbL,1500,1500,0d/0df6221b.jpg
61q2ugONKEL,1500,1500,0d/0d9763cf.jpg
61qL3W8ktyL,2200,1879,0d/0d566eec.jpg
61qLENN58xL,296,2500,0d/0d1bf0e0.jpg
61rPLJHlsbL,1160,1160,0d/0d0e168b.jpg
61rwLbIl29L,1080,1410,0d/0d470719.jpg
61rxGNy0HSL,1000,751,0d/0d9ca3e4.jpg
61s9nAgMafL,1500,1500,0d/0dee972c.jpg
61sAlohPTtL,1444,755,0d/0dbef842.jpg
61sNVR6vHEL,1001,1001,0d/0d77c316.jpg
61saJpDDRBL,460,500,0d/0d0748af.jpg
61toULD2ILL,1500,1500,0d/0db43755.jpg
61tz5cpKDcL,1200,1200,0d/0d423c76.jpg
61u04Z8R9eL,1043,447,0d/0d4f04d8.jpg
61uIzWsSlIL,1200,1200,0d/0df7e4e4.jpg
61uQVmqP7xL,1444,755,0d/0d0896f9.jpg
61uRopB4N-L,1000,1000,0d/0d7b1c93.jpg
61v4Wu72fkL,1000,1000,0d/0d3c8bc3.jpg
61v7lB7dUnL,2560,1744,0d/0d661cf0.jpg
61vSJwky+1L,2200,1879,0d/0ddb4196.jpg
61vXJnEm1-L,1625,850,0d/0dae1f46.jpg
61vdUtI2hCL,396,2560,0d/0d859695.jpg
61vnECtebdL,2200,1879,0d/0ddfebe2.jpg
61vtquLPZmL,921,1893,0d/0d22391e.jpg
61vyUvpg-gL,2200,1879,0d/0dec09db.jpg
61wPjxTWaSL,1001,1001,0d/0d60c67b.jpg
61wUAp30IjL,2200,1879,0d/0d71e3ef.jpg
61wY9OBy-mL,1000,581,0d/0d69e3c7.jpg
61wwj0xghnL,1682,1401,0d/0d09da61.jpg
61wwkHNRmNL,1500,1500,0d/0d0aa122.jpg
61x2rXfctqL,1284,2560,0d/0db72fd2.jpg
61x5BiKS21L,2000,2000,0d/0df75423.jpg
61xEbNqtXWL,1000,519,0d/0d9e3167.jpg
61xExdsk9aL,2200,1879,0d/0d13eb7b.jpg
61xNerD6d5L,1001,1001,0d/0df93010.jpg
61xYOhYA99L,1500,1500,0d/0d53dda1.jpg
61xbIpSnDVL,2200,1879,0d/0d6ea3e4.jpg
61xpwuTsdFL,1300,1300,0d/0de0720e.jpg
61xvSO3aZtL,1113,1113,0d/0dfe2874.jpg
61y3xfkEpeL,1444,755,0d/0d4cd1f0.jpg
61yFtMpBG+L,709,2560,0d/0db11c09.jpg
61yXUbLj6gL,1500,1500,0d/0d5c21a0.jpg
61ygGVyxcPL,2200,1879,0d/0dcec075.jpg
61yj-Sm-tkL,1000,1000,0d/0d39214a.jpg
61z5fBBYd5L,1000,1000,0d/0d3c9ab1.jpg
61z7r2uAgaL,2338,786,0d/0d010eae.jpg
61zFGOJ0J+L,1315,1239,0d/0da38ad4.jpg
61zIBX4ytzL,1316,1308,0d/0d6805b8.jpg
61zOm0yz16L,1316,1308,0d/0de08eba.jpg
61zQ8Z6UsoL,506,1369,0d/0dcd71e7.jpg
61zmCaRQMFL,1444,755,0d/0d9b3c09.jpg
61zoEFIy8jL,1000,1000,0d/0dfd28d4.jpg
71+1Ly0ZhrL,2560,1970,0d/0deeb312.jpg
71+7LI7wRmL,2200,1879,0d/0dfcaf0e.jpg
71+87lkmLiL,2200,1879,0d/0dc95ae1.jpg
71+MNo+dr3L,2560,1179,0d/0df7f2b5.jpg
71+SzXMLm1L,2200,1879,0d/0d04411b.jpg
71+Vd6ZWqEL,2200,1879,0d/0dd3f5c8.jpg
71-1XykyewL,2200,1879,0d/0de1306e.jpg
71-208JxgrL,2200,1879,0d/0d8f270b.jpg
71-BoSzgaRL,2200,1879,0d/0defd7f9.jpg
71-FoLv9sCL,1695,1695,0d/0d118795.jpg
71-To0CqHQL,2200,1879,0d/0db412b2.jpg
71-jrVnaA3L,1920,2560,0d/0d73b945.jpg
71-qg33na6L,2200,1879,0d/0db2b2ea.jpg
71-skqGehvL,2170,2170,0d/0d0f3840.jpg
710INxbhSbL,2200,1879,0d/0dec4792.jpg
710b5-V-GBL,2200,1879,0d/0d304cf7.jpg
710cCgtgxnL,2200,1879,0d/0d94ad11.jpg
710f91voNTL,2435,2435,0d/0dbef30a.jpg
710gGFn8SVL,2200,1879,0d/0d8f1ec1.jpg
710gmJpbnEL,2200,1879,0d/0d295f0d.jpg
710p223ftUL,2559,2560,0d/0d3a0587.jpg
710vnjU-KsL,2390,2390,0d/0d12b20f.jpg
710wYh5b0OL,2200,1879,0d/0d47b9a7.jpg
71187OoE8uL,2560,854,0d/0d2d06ed.jpg
711PuQ50R0L,2200,1879,0d/0d8d5222.jpg
711hdJ7tRwL,2200,1879,0d/0d466edc.jpg
711n8rCN9KL,2560,2560,0d/0d68d2d8.jpg
711paL3l5KL,2200,1879,0d/0d545125.jpg
711rUf+G3ZL,1250,2372,0d/0d1c00da.jpg
711tPt0Z3SL,2560,1975,0d/0d498c14.jpg
7126AF-ehJL,1500,1500,0d/0da032d2.jpg
712DiAzRidL,991,1950,0d/0d33eb90.jpg
712tFKN9vVL,1000,1000,0d/0d026cd9.jpg
712xLoFxRuL,1500,1500,0d/0df6169d.jpg
7130PpmeO0L,2200,1879,0d/0daba537.jpg
7134fzla+AL,948,2135,0d/0df6df2f.jpg
713HIx78jGL,2560,1816,0d/0d73f177.jpg
713LcKelk3L,1552,1211,0d/0d8f4f1f.jpg
713M73ShueL,1613,1613,0d/0d73f0aa.jpg
713OLOw0OtL,2200,1879,0d/0d1c7758.jpg
713T+znGwNL,1085,1078,0d/0da2ac73.jpg
713UvDr08uL,2560,2242,0d/0dac4010.jpg
713W07UaXuL,2560,1083,0d/0dea2846.jpg
713Y5LKjDjL,2560,2560,0d/0d466bcf.jpg
713ffto64mL,1500,1500,0d/0dc30102.jpg
713gO8EzsqL,1508,1508,0d/0d71be1f.jpg
713ry+-r05L,1821,2560,0d/0de528f7.jpg
713s0GsRGuL,1500,1500,0d/0d03eccc.jpg
713wKg0xuiL,1920,2560,0d/0d27a4b4.jpg
7142ZK+AWxL,2200,1879,0d/0d9bb60e.jpg
7143gRg9GTL,2200,1879,0d/0d4a8db6.jpg
7146iw6hWtL,2200,1879,0d/0d6238a5.jpg
714C9cZWfBL,1000,864,0d/0d1a54b1.jpg
714WR1JWkqL,2200,1879,0d/0dc8c4fe.jpg
714Y2TTh85L,2200,1879,0d/0de0ca16.jpg
714qNHWirhL,1376,1375,0d/0dacf58e.jpg
714roIbKmrL,2560,1969,0d/0d4581c6.jpg
714yHe2gvGL,1444,755,0d/0d8bf939.jpg
715++B5OOsL,2200,1879,0d/0d8e7ee8.jpg
7151NWiUPvL,1512,2560,0d/0de1f3a3.jpg
7152UCAhu0L,1707,2560,0d/0d2648de.jpg
7152W4Tv5iL,2200,1879,0d/0d91e451.jpg
715BT9NyaiL,2560,2560,0d/0dec3e29.jpg
715C83TlusL,2200,1879,0d/0d2a6ac2.jpg
715EddyIwRL,1502,1718,0d/0d7fc9fc.jpg
715P3JdG5GL,652,2012,0d/0dc8bf9b.jpg
715TtJ+NN7L,951,2560,0d/0d650ef0.jpg
715iN6KCeuL,2560,1422,0d/0ddcafe1.jpg
715nT9tzjQL,1200,1200,0d/0d05d668.jpg
715pfizGq7L,2200,1879,0d/0d5d005f.jpg
715urj5RqQL,1300,1300,0d/0d643c76.jpg
715uyuoHerL,2200,1879,0d/0db5546d.jpg
7162kcvjUFL,2200,1879,0d/0d8cc06e.jpg
716ANnArEcL,1200,1200,0d/0d0e7249.jpg
716K8mtc0pL,2200,1879,0d/0dc4ba73.jpg
716LUf6LW0L,2200,1879,0d/0d7d62bb.jpg
716NWIU5g0L,2200,1879,0d/0d46d7c3.jpg
716ghf+xxLL,1706,1257,0d/0d5be9ef.jpg
716jEFsqwfL,1500,1500,0d/0d0e214a.jpg
716kSGAWIoL,2200,1879,0d/0d77593b.jpg
716wR0Dsm8L,2200,1879,0d/0dc41ded.jpg
716yWS28NvL,2200,1879,0d/0dd8892f.jpg
717-m+JJL2L,723,2124,0d/0d9c591c.jpg
7177AKAiYNL,2560,1969,0d/0d779c80.jpg
717ELWWs07L,1228,1351,0d/0d1e05c9.jpg
717KeVht5JL,2200,1879,0d/0d4862a7.jpg
717Qa1eE+4L,1100,1100,0d/0de6fb61.jpg
717aADFL2CL,2352,2352,0d/0d40cd4e.jpg
717c1heXroL,2200,1879,0d/0d192109.jpg
717jYjxUiTL,1500,1500,0d/0d2ad0c4.jpg
717xaHkrUYL,2200,1879,0d/0db26742.jpg
718+AWHQthL,1823,2560,0d/0da91c5d.jpg
718BSksNWPL,2560,2560,0d/0d8e77ee.jpg
718DVaxOP7L,2011,2011,0d/0dda0dad.jpg
718NhMXNokL,2000,2000,0d/0dbdf903.jpg
718TUe8WXQL,2200,1879,0d/0d3324cc.jpg
718V1md9dWL,2200,1879,0d/0db69292.jpg
718YiTP61vL,1500,1500,0d/0d86f93b.jpg
718hdqnq7PL,2200,1879,0d/0d31805b.jpg
718n3ytI3LL,2200,1879,0d/0d9232f6.jpg
718tQ72Xm9L,2200,1879,0d/0d33f14f.jpg
719EOnBgtuL,2200,1879,0d/0d62bbf5.jpg
719NwBHGEbL,1444,755,0d/0dbfb4fc.jpg
719PhbKLHVL,1065,2333,0d/0d44f30d.jpg
719a-0SMEIL,2050,2050,0d/0dcd7d58.jpg
719bMJXs8ZL,2200,1879,0d/0d162e77.jpg
719m75+-YsL,2200,1879,0d/0d8dac10.jpg
719nmj0lMsL,2200,1879,0d/0deb13a4.jpg
719sfPsjE-L,2200,1879,0d/0d7c8d23.jpg
719szgXva4L,762,1508,0d/0d362340.jpg
71ADOjLHVPL,2200,1879,0d/0d520797.jpg
71APybY83BL,2391,2560,0d/0de3bf88.jpg
71Ai6SO9AoL,2200,1879,0d/0dbbbe9e.jpg
71Ak0MkJKUL,830,2560,0d/0d0d66a4.jpg
71Anb3Sb4pL,761,2560,0d/0d95ca38.jpg
71Au80K4i8L,1920,2560,0d/0d6a41b3.jpg
71B0R07WCnL,2200,1879,0d/0d768a07.jpg
71Bah+1FZFL,2560,2560,0d/0d5ef70c.jpg
71BwQx3HPkL,2000,2000,0d/0da85ae9.jpg
71C1ll8btrL,2200,1879,0d/0d90a397.jpg
71C41IE4LFL,2200,1879,0d/0dc45cd9.jpg
71C6PRZYwyL,2192,2192,0d/0dba8445.jpg
71C6ZV7UUnL,667,1627,0d/0da6d58a.jpg
71CW1VOlg+L,1500,1500,0d/0d6b283f.jpg
71CdZ0x8h0L,1500,1500,0d/0d277025.jpg
71CpDBxZKPL,1368,1639,0d/0d09b563.jpg
71D0YIDdAWL,1444,755,0d/0da3dd65.jpg
71D1HcPGhwL,1377,2560,0d/0db51816.jpg
71D1zzgnE8L,2200,1879,0d/0d76ba10.jpg
71DDHuv9LUL,1500,1500,0d/0db39c1c.jpg
71DPv+GX6QL,2374,1951,0d/0d4b60c2.jpg
71DWwdzTMBL,1670,2560,0d/0d28ee93.jpg
71Dh5+n+4cL,2560,1004,0d/0db922a4.jpg
71DqY4F6RDL,2560,857,0d/0dfdb7e9.jpg
71DtPT67VGL,2200,1879,0d/0d7e62f7.jpg
71E7Krpi2iL,2352,2352,0d/0d775e27.jpg
71EAXrOBeoL,1976,1976,0d/0d97867f.jpg
71EBaB5mljL,2560,1743,0d/0d78ff96.jpg
71Eatz92DBL,2560,1976,0d/0dcbcab8.jpg
71Eb+BQ0JHL,2200,1879,0d/0d93e918.jpg
71Ehvb9u39L,1085,2532,0d/0d381901.jpg
71EnrwNuiBL,966,1422,0d/0d1a204e.jpg
71EopdF3FeL,2200,1879,0d/0ddb6dd2.jpg
71EsH3HsiCL,1000,1000,0d/0d87c620.jpg
71EuMiOylCL,1266,1078,0d/0d6575ac.jpg
71Euj3rot5L,2200,1879,0d/0d707fdb.jpg
71EybdHA96L,2200,1879,0d/0db4b180.jpg
71F+NzTW2QL,2560,2560,0d/0d45b56e.jpg
71F0xZPL85L,2200,1879,0d/0d0efc94.jpg
71FFSwemZmL,2560,932,0d/0d3631e9.jpg
71FNLIid77L,2200,1879,0d/0d7ffb4e.jpg
71FQVnVWTfL,1444,755,0d/0d776b66.jpg
71FSdkgBpFL,2200,1879,0d/0d5aecfe.jpg
71FWTHDZrfL,2560,2560,0d/0dd17145.jpg
71FhHWRT5BL,2200,1879,0d/0d74f148.jpg
71FndpDGbkL,2200,1879,0d/0d0401a3.jpg
71FrvMDgZ8L,2200,1879,0d/0d6bec91.jpg
71FuEG+20yL,2560,2560,0d/0db4fd91.jpg
71FxVeikMqL,2178,2178,0d/0d0faca3.jpg
71G883xhDPL,2200,1879,0d/0daa2276.jpg
71GCCw4xGZL,2200,1879,0d/0df834d1.jpg
71GDR9TJZSL,2200,1879,0d/0d2081d8.jpg
71GE5LW8AjL,2560,2560,0d/0d7cb811.jpg
71GG-IAC1HL,2200,1879,0d/0d5bd058.jpg
71Gje+0ghPL,2560,2560,0d/0d6ec053.jpg
71GpPB7BdOL,2200,1879,0d/0dff19da.jpg
71GuCMMt6yL,2200,1879,0d/0de47510.jpg
71GupDNtGwL,1500,1500,0d/0d4a450d.jpg
71Gwobc4bEL,2200,1879,0d/0d6c161d.jpg
71H7HaAU4BL,2200,1879,0d/0d7304e9.jpg
71HOuZSedUL,2560,2560,0d/0d9cb1a8.jpg
71HRrIOmApL,1043,519,0d/0d01022f.jpg
71HUrc5m48L,1443,1803,0d/0d5983c7.jpg
71HVQGayPQL,2200,1879,0d/0d6de04d.jpg
71HfTnnfzKL,1403,2560,0d/0d109905.jpg
71I2WSCVsDL,2200,1879,0d/0df84f7d.jpg
71I3qU4brKL,2200,1879,0d/0dd6e55a.jpg
71I7l-9AJNL,2200,1879,0d/0ddc5092.jpg
71IE5idXxSL,1736,2560,0d/0d0ad933.jpg
71IRkCPWggL,1817,2157,0d/0dda2ad8.jpg
71IUqmIwTmL,2000,2000,0d/0de18a82.jpg
71IbraVIVwL,1000,1000,0d/0d733058.jpg
71IfQwR6uRL,1500,1500,0d/0ddeeb95.jpg
71IgcEvkpqL,1296,1296,0d/0de05b2b.jpg
71J-cXewlfL,1583,1583,0d/0df9346f.jpg
71J7sCuqlQL,2200,1879,0d/0d56721a.jpg
71J86kNT1bL,2200,1879,0d/0dc3f453.jpg
71JNlG5zYbL,2560,1564,0d/0d362680.jpg
71JR11YRcPL,2000,1999,0d/0d64ef02.jpg
71JYYdhhWaL,2560,2051,0d/0deae463.jpg
71JYu0AgUCL,1315,1239,0d/0da417e0.jpg
71JjIyAJJhL,2560,2560,0d/0deac0a1.jpg
71JlsBZTuTL,1200,1200,0d/0dafe7fa.jpg
71Jno6+kQxL,2200,1879,0d/0d85f0f7.jpg
71JvSdrRzOL,2200,1879,0d/0d75b644.jpg
71KDOSYUavL,2200,1879,0d/0def85fd.jpg
71KIaHKqUEL,1920,2560,0d/0d3c1357.jpg
71KKXbPcPHL,2200,1879,0d/0d335158.jpg
71KLUC8OZvL,2400,2400,0d/0d653a02.jpg
71KVDNeEofL,2560,1338,0d/0d95d431.jpg
71KVgtHqEeL,2200,1879,0d/0de0897e.jpg
71KbB9jldqL,1026,929,0d/0d8c9123.jpg
71Kpe-ZHkGL,2560,2560,0d/0de8c844.jpg
71KuFvwmgoL,2200,1879,0d/0d2e09e5.jpg
71KxGRFhDEL,2200,1879,0d/0db5c2f0.jpg
71Kxza1hO-L,1000,1000,0d/0dd908cb.jpg
71LCGPxszeL,1001,1001,0d/0d417f88.jpg
71LHiQbYj7L,2200,1879,0d/0dab1232.jpg
71LIQuEdumL,2200,1879,0d/0d9395ea.jpg
71La4r+fwHL,1674,1235,0d/0d80c17b.jpg
71M+8hIkMoL,1625,628,0d/0d8fc45c.jpg
71METNoLjlL,2200,1879,0d/0d1dbbf1.jpg
71MIdemDD4L,1500,1500,0d/0d6bd25f.jpg
71MMAd1i09L,1626,2412,0d/0d983cb8.jpg
71MRp+jQZ7L,2200,1879,0d/0d406d31.jpg
71MX82s5duL,2000,2390,0d/0d9724b5.jpg
71Mudp4Z+kL,2200,1879,0d/0d6dd7bc.jpg
71N3ndtq8NL,2200,1879,0d/0ddd3c2d.jpg
71N55ETCaEL,1200,1200,0d/0d5f262a.jpg
71NBDEAs4bL,2000,2000,0d/0d8af561.jpg
71NRjFvAnoL,2000,2000,0d/0d9cb12c.jpg
71NWDmZ7uML,2128,2128,0d/0dafdeaa.jpg
71NWe75H4qL,2200,1879,0d/0d6ef063.jpg
71NbjsxhZML,2000,2000,0d/0d3f5ca5.jpg
71NpkTJmitL,2200,1879,0d/0db3486e.jpg
71O-e768rBL,1316,1308,0d/0d89fbfd.jpg
71OHurErEWL,2000,2000,0d/0d61ab28.jpg
71OLtMJ7B0L,2200,1879,0d/0dc74626.jpg
71OMFEOO2hL,1500,1500,0d/0dd64dd3.jpg
71ON8Qo5yZL,2200,2200,0d/0d10c755.jpg
71OYMfjFrrL,1021,2560,0d/0dd75f65.jpg
71OeXQ8A8OL,2200,1879,0d/0d27656d.jpg
71OhipMXmPL,1444,755,0d/0d00042a.jpg
71OinupqGSL,922,2496,0d/0d957d32.jpg
71Ol5TUCrGL,1500,1500,0d/0dfedf23.jpg
71P+rsmNYlL,2200,1879,0d/0d3e8e30.jpg
71P-NrhEJeL,1707,2560,0d/0d69387d.jpg
71P3HY4yKIL,2024,2560,0d/0d7ed726.jpg
71PKiDAhakL,1500,1500,0d/0d72cfdc.jpg
71PM75iHYSL,1500,1500,0d/0d22a279.jpg
71POyemXS7L,2200,1879,0d/0d90659c.jpg
71Pe28Npc4L,1500,796,0d/0d3dfcbd.jpg
71Pi4-Ia0kL,2000,2000,0d/0dec2280.jpg
71PiV5cgomL,2200,1879,0d/0dd4fb93.jpg
71Pq6gHx2DL,2200,1879,0d/0d563feb.jpg
71PzJ5SedSL,2200,1879,0d/0de1aeb8.jpg
71Q2RkkttlL,2560,762,0d/0d78aaed.jpg
71QHlEaysHL,1500,1500,0d/0d8a9201.jpg
71QLfRnWbyL,2560,2560,0d/0da08a8c.jpg
71QbtqExLIL,2200,1879,0d/0d8ac098.jpg
71R4p5ETt0L,1100,1100,0d/0db7de22.jpg
71R6J-CbYyL,2200,1879,0d/0d329f21.jpg
71RAMy7klvL,1000,1000,0d/0db32d6b.jpg
71RYThYK6vL,2560,983,0d/0dd51b13.jpg
71RfMHfIIiL,2560,1707,0d/0daad271.jpg
71RsgsULK8L,2560,2560,0d/0d28052e.jpg
71RzEq8DISL,2560,1254,0d/0db9fe92.jpg
71S17W5CCWL,2560,1573,0d/0dd0e83f.jpg
71S4eQSZgPL,2200,1879,0d/0d2bdda4.jpg
71S8NZnvBYL,2200,1879,0d/0de89cb8.jpg
71SK65sFVRL,1418,1418,0d/0d5681a5.jpg
71SPjlAzFrL,2560,520,0d/0d174750.jpg
71SQys+7HKL,2200,1879,0d/0dd14791.jpg
71SeZAVeK3L,2200,1879,0d/0d064027.jpg
71SghDo+HLL,2200,1879,0d/0ddda7a6.jpg
71SsFeadmpL,2560,1093,0d/0dd74a06.jpg
71T3ez-+lqL,2200,1879,0d/0d1eb413.jpg
71T9-KR2R-L,2560,1933,0d/0d82d46e.jpg
71TMklor8vL,2560,769,0d/0da52336.jpg
71TRdYxkK6L,2200,1879,0d/0db167ef.jpg
71TSaCFqiEL,1321,1321,0d/0d486343.jpg
71TUJyZKDpL,936,2549,0d/0d085f46.jpg
71TnJ9oK1BL,1000,647,0d/0d4e2f18.jpg
71TnWgjKUpL,2200,1879,0d/0d5b53cd.jpg
71UAIvak1rL,2200,1879,0d/0d9e695c.jpg
71UC9oTUbvL,2054,2054,0d/0db3fec1.jpg
71UCVzbfXBL,2200,1879,0d/0d018a13.jpg
71UKm9lXSHL,2560,786,0d/0de0973f.jpg
71UKqDmFgML,2397,2397,0d/0d05b546.jpg
71UQZfceGJL,2200,1879,0d/0df461ab.jpg
71UrVFZxRLL,2560,2560,0d/0da07a63.jpg
71UzUYMmS8L,1500,1500,0d/0dc19c69.jpg
71V7EiQqa6L,2560,1648,0d/0d3fbc25.jpg
71V7KHO7xqL,1444,755,0d/0db93f57.jpg
71VI8iISJcL,2045,2045,0d/0d9f1eed.jpg
71VVMMDx6SL,2200,1879,0d/0dd6d248.jpg
71VdVA6u-4L,2560,1199,0d/0ddcbe49.jpg
71VhquZygLL,2200,1879,0d/0dfe29a1.jpg
71VkbV7o5iL,2200,1879,0d/0dffcfa3.jpg
71W-w+GXUZL,2200,1879,0d/0d315933.jpg
71W0e8LDjhL,2200,1879,0d/0deb1b94.jpg
71W3ZuJyJgL,2200,1879,0d/0d7e2668.jpg
71W6T4-lQuL,1070,2560,0d/0d9ecf38.jpg
71WGlqj+g9L,2350,2350,0d/0d2e682f.jpg
71WJ3QukrNL,1181,1772,0d/0d6e7afc.jpg
71WJqx+lagL,2200,1879,0d/0d75cc66.jpg
71WTAfalehL,998,2409,0d/0d490a88.jpg
71WWCjSqW5L,2200,1879,0d/0da9c1c4.jpg
71WWcEjpiIL,2200,1879,0d/0d40c1cc.jpg
71WnbOb8FaL,2560,584,0d/0db9b9a1.jpg
71Wp7Pu57EL,2200,1879,0d/0dbfd294.jpg
71Wrdah4CYL,2200,1879,0d/0d8d0ac9.jpg
71WrrK6eaNL,2560,725,0d/0da379d4.jpg
71Wz1emHbeL,2000,2000,0d/0dd22006.jpg
71XS5Ztm9KL,1500,1500,0d/0d881a2e.jpg
71Xb7iMfE6L,2200,1879,0d/0de44552.jpg
71XetMjdcrL,1000,1000,0d/0dc4d2ee.jpg
71XhoLO-SqL,1517,1517,0d/0de4956d.jpg
71XsCranQpL,2560,2560,0d/0d8f47f4.jpg
71Xu4wV5tsL,2200,1879,0d/0d05330b.jpg
71Xvshy2WWL,730,2560,0d/0d2189d0.jpg
71Xx6rskOPL,2200,1879,0d/0d5e8c17.jpg
71Y2nTwv53L,2560,1317,0d/0ddfcbe2.jpg
71Y3zPgiQkL,1174,1347,0d/0dbd9123.jpg
71YC83IUeDL,2000,2000,0d/0d3029b3.jpg
71YHvJ5yoeL,2560,1969,0d/0d32330f.jpg
71YIxCB84jL,2200,1879,0d/0ddae38a.jpg
71YSmD2-KhL,1316,1308,0d/0d362b21.jpg
71Z0-WeANWL,2200,1879,0d/0de6e610.jpg
71Z2ZxMX9XL,2200,1879,0d/0d8514d0.jpg
71Z4Rn1Sf9L,1000,1000,0d/0df3d419.jpg
71Z77WJqY7L,1500,1500,0d/0d26f616.jpg
71ZAb0xQsrL,2200,1879,0d/0dd2ff3f.jpg
71ZDxVde4XL,1000,415,0d/0dc3e95c.jpg
71ZkqeYgh3L,1828,2560,0d/0d51b071.jpg
71Zus0khB-L,2200,1879,0d/0dc4612b.jpg
71ZxT7YmMDL,2200,1879,0d/0da65b41.jpg
71aH0eJilDL,2154,1688,0d/0dcb0717.jpg
71aX7aTHBYL,2000,2000,0d/0decda2d.jpg
71abe94enxL,2200,1879,0d/0d02a81c.jpg
71afS-yjNdL,2560,1240,0d/0d7b5cf4.jpg
71aq-cBFL9L,987,2560,0d/0dc35bb5.jpg
71atSnMlFyL,1814,1814,0d/0df89810.jpg
71awbCJc0qL,2560,1518,0d/0dc3d003.jpg
71bK0IMuJyL,874,2288,0d/0d6d994e.jpg
71biQRP3ECL,2400,2400,0d/0d762991.jpg
71bp7f8kbNL,2200,1879,0d/0d6ba9d8.jpg
71buW5+YxAL,2219,2219,0d/0d3b9741.jpg
71c9hl1FJBL,1000,1000,0d/0d2b93e4.jpg
71cCWi73NiL,2200,1879,0d/0d85a5bf.jpg
71cCgomW+qL,2560,2170,0d/0d5f930e.jpg
71cJt8kNSPL,2560,2035,0d/0d489616.jpg
71cNjt55rFL,1901,1329,0d/0d84caf0.jpg
71cjPw92XzL,2560,2560,0d/0db8f23a.jpg
71cmGPEJE5L,1260,1348,0d/0d67e919.jpg
71d4T4zFeNL,1500,1500,0d/0d47e802.jpg
71dMRNJWp3L,2560,2560,0d/0d10c0bf.jpg
71dS-VlPVNL,2200,1879,0d/0db61f71.jpg
71dT1s3B0VL,2200,1879,0d/0dd17f8f.jpg
71dWPY7otZL,2200,1879,0d/0d7b401f.jpg
71ddn+j5P5L,2200,1879,0d/0d5a00a0.jpg
71desQTqTnL,2200,1879,0d/0d07c4b8.jpg
71dnzU9QgmL,2200,1879,0d/0d8db609.jpg
71dvrfc2mEL,2200,1879,0d/0d914080.jpg
71dvxTnkfTL,1100,1100,0d/0db22a99.jpg
71dwpZ5PrOL,2000,2000,0d/0db033a9.jpg
71eGUoDWxwL,974,1703,0d/0d3d5b46.jpg
71eIsiASmgL,2200,1879,0d/0d828892.jpg
71eOx3-RsyL,1500,1500,0d/0da27744.jpg
71ea3H-GQgL,652,1500,0d/0d823199.jpg
71ebTCKmvUL,2560,1973,0d/0ddcfd7a.jpg
71ehTp-WFsL,1849,2559,0d/0d4fbda3.jpg
71elL65dUKL,1221,1368,0d/0dfc129f.jpg
71erzqT0dPL,2200,1879,0d/0d7e2d2c.jpg
71eu605zOeL,2200,1879,0d/0ddf51dc.jpg
71fDacCQmcL,1316,1308,0d/0dbfa6b1.jpg
71fawtf-ijL,2200,1879,0d/0d78cf14.jpg
71fbbEtgK6L,2113,2113,0d/0d590256.jpg
71fi+oa8b-S,2500,2340,0d/0d47b477.jpg
71flDe2NJxL,2000,2000,0d/0d8dca7f.jpg
71frTpy1h1L,1000,997,0d/0d2d87c4.jpg
71g-ZT8of6L,1500,1500,0d/0de971f6.jpg
71g3xuR73QL,2200,1879,0d/0d613c12.jpg
71gKjgzb6IL,2200,1879,0d/0d9bd6b4.jpg
71gNFdYD7vL,2200,1879,0d/0dfb33ea.jpg
71glSgQeP+L,2200,1879,0d/0d8cae46.jpg
71h0EZDkgAL,2200,1879,0d/0d410378.jpg
71h6U0nztbL,2200,1879,0d/0d29483d.jpg
71hC9svRowL,2200,1879,0d/0ddab61e.jpg
71hHXHW+TLL,2560,890,0d/0dcea12b.jpg
71hQkP4ih4L,2560,2560,0d/0d569ffe.jpg
71hp4o1iKzL,2200,1879,0d/0d51e0ec.jpg
71hrc3wCGEL,1500,1500,0d/0d8a3597.jpg
71huhZAOMQL,2200,1879,0d/0d523ab1.jpg
71hvNyLFDPL,2200,1879,0d/0d67f1ab.jpg
71i44e6-zbL,2200,1879,0d/0d75d471.jpg
71i4WmbZlIL,2200,1879,0d/0d59a1f7.jpg
71i599MmQJL,2200,1879,0d/0da63c31.jpg
71i72HlSU-L,1500,1500,0d/0d37f1f0.jpg
71iD+oHRKFL,2200,1879,0d/0d29d055.jpg
71iFZBzjOlL,2000,2000,0d/0ddd869c.jpg
71iP8FW1zhL,2200,1879,0d/0d0563e8.jpg
71iRE2nqecL,2560,1126,0d/0d3a2427.jpg
71idSgpfHOL,2350,2350,0d/0d9310c1.jpg
71ifvE3+DPL,2402,2560,0d/0d963958.jpg
71ig5ygN6hL,2200,1879,0d/0d2ae6e1.jpg
71iggp-lWOL,2560,1957,0d/0df4a056.jpg
71ilIR2Jr3L,2200,1879,0d/0dd91d70.jpg
71im1faqtPL,2428,1647,0d/0d8170cf.jpg
71inDJ0LMpL,2126,2126,0d/0d6f413c.jpg
71inOUSaF8L,2200,1879,0d/0d31df04.jpg
71ir1f5uKDL,2560,2560,0d/0d433b27.jpg
71iwOAgVlPL,2200,1879,0d/0d2b8f3a.jpg
71jCkN9l8ZL,1000,646,0d/0d9e9b36.jpg
71jDGqybNLL,2520,958,0d/0deb86e3.jpg
71jKAxlbsiL,857,2089,0d/0d9f826e.jpg
71jPB6JlD4L,2200,1879,0d/0d33f236.jpg
71jTDxW9HQL,2000,2000,0d/0d951e65.jpg
71jXQXUhy7L,2200,1879,0d/0dc850d8.jpg
71jamAanS7L,2560,409,0d/0dd0406a.jpg
71jbbYnZOxL,2560,2560,0d/0dacdc03.jpg
71jjdGJLs2L,2200,1879,0d/0d16a046.jpg
71jqE60zz3L,2200,1879,0d/0defa2a5.jpg
71jvB5KjrxL,1500,1500,0d/0d926fef.jpg
71jzE+8MLZL,1620,1989,0d/0d186b9a.jpg
71k04p4vIQL,2560,1107,0d/0d12424d.jpg
71k496hHCvL,1534,1293,0d/0d6ed955.jpg
71kavgR6BVL,1444,755,0d/0db37eeb.jpg
71kfwwvr2hL,2560,2560,0d/0d2174c9.jpg
71ktwFPPqiL,1500,1500,0d/0dc3c963.jpg
71l-ur-jd2L,2200,1879,0d/0de0b835.jpg
71l7RmKVcYL,1725,1764,0d/0df0d7ba.jpg
71l7TOMVgBL,2200,1879,0d/0de4f15c.jpg
71lKNgd8aHL,1500,1500,0d/0d82cb87.jpg
71lM8YQAUiL,935,2497,0d/0d7e36cb.jpg
71lavlprh-L,2000,2000,0d/0d9455cc.jpg
71lfrunAi+L,2200,1879,0d/0d561dbe.jpg
71llbEZqFFL,2200,1879,0d/0d83f032.jpg
71lr1SNQg5L,2200,1879,0d/0d3b3bf3.jpg
71luVQbGGLL,2200,1879,0d/0de82309.jpg
71lyGFrZhUL,2560,1920,0d/0da2210c.jpg
71m661q27qL,1000,1000,0d/0d8c62dc.jpg
71mBYLNaOiL,2000,2000,0d/0d1f2808.jpg
71mCIinnhfL,2200,1879,0d/0d8a29c1.jpg
71mHnaBCl-L,2560,970,0d/0de36434.jpg
71mT+LLFe4L,1000,1000,0d/0dca8601.jpg
71mhJAlIk2L,2200,1879,0d/0d4e7a97.jpg
71mk77XydwL,1712,2094,0d/0de0fcb5.jpg
71mqP6WfuvL,2200,1879,0d/0d394ae5.jpg
71mw8cp-rfL,2200,1879,0d/0dcd1eaf.jpg
71n0LKmUbAL,2200,1879,0d/0dee9852.jpg
71n1YovlhEL,2200,1879,0d/0d090de9.jpg
71nRkc4x97L,2560,1251,0d/0d76a8d4.jpg
71naINcUoTL,1870,2092,0d/0dca6668.jpg
71ndz3V06xL,2560,1388,0d/0db1afc9.jpg
71neew0URoL,2560,1203,0d/0d1ed853.jpg
71nrcXvCggL,2560,1555,0d/0d496871.jpg
71nrfF2PjNL,1600,1200,0d/0db76241.jpg
71o-XiVBJkL,2200,1879,0d/0dba6c26.jpg
71oEFQnB18L,1452,1452,0d/0d137f1a.jpg
71oI5Ma55PL,1500,1500,0d/0d7f9c84.jpg
71oPatVPwrL,1941,1941,0d/0d186da2.jpg
71oRrzsXWtL,2200,1879,0d/0de6142f.jpg
71oqWpC483L,2200,1879,0d/0d6379c0.jpg
71oxf-XsulL,1398,1078,0d/0d0e5f3b.jpg
71p-eL080mL,2200,1879,0d/0d8548d5.jpg
71p0hV92EuL,2200,1879,0d/0d87773e.jpg
71p3uSvAmML,1200,1200,0d/0d2a3925.jpg
71p7Hi8yafL,2200,1879,0d/0dd1421f.jpg
71p7eaAnjAL,2560,2560,0d/0d39e6f9.jpg
71pIx33htlL,2560,2560,0d/0d03319d.jpg
71pJ+y1LeIL,2200,1879,0d/0d603136.jpg
71pL8i0yJZL,1200,1200,0d/0d75107b.jpg
71pQzHrDhQL,2200,1879,0d/0dab2b5e.jpg
71pmeHTIC1L,2560,2560,0d/0d16eb81.jpg
71pz+MtnkjL,2200,1879,0d/0d9acaf2.jpg
71q3KQmPbqL,2078,2078,0d/0d9e55bc.jpg
71qVYR1ytZL,2456,1208,0d/0db7f525.jpg
71qbptJmOzL,2560,1303,0d/0d2e07d8.jpg
71ql9AGaYKL,2200,1879,0d/0d50c878.jpg
71qsvetTIeL,1076,2149,0d/0ddeab8b.jpg
71qw3cgaotL,2500,1717,0d/0ddcf3cd.jpg
71r-Yywi2rL,2070,2070,0d/0dab90a5.jpg
71r0ZHVyisL,2200,1879,0d/0dafa7e1.jpg
71r1bKjDVpL,1200,1200,0d/0d511f1d.jpg
71r3PRx2DSL,2200,1879,0d/0d622d8e.jpg
71r7yRs6gZL,1500,1500,0d/0d395a74.jpg
71rOahIf+KL,2384,2384,0d/0d1e06be.jpg
71rXHrcL-JL,2200,1879,0d/0d6f5419.jpg
71rq1nLbpQL,2200,1879,0d/0d7188fe.jpg
71rxHwfgzsL,2200,1879,0d/0d82a884.jpg
71s+RRGsjYL,2560,1672,0d/0d0d9ad9.jpg
71s4juGTX-L,2200,1879,0d/0d450551.jpg
71s6XnsM1bL,1500,1500,0d/0d9eb27d.jpg
71sBkac-DZL,2560,2560,0d/0db0f7cf.jpg
71sP+6cHm8L,2200,1879,0d/0da70143.jpg
71sYRCoqxaL,2200,1879,0d/0db686b8.jpg
71snuO24LAL,2200,1879,0d/0de51e04.jpg
71stOsPZpSL,2200,1879,0d/0d4c5d1f.jpg
71t1mMhhuKL,2366,2366,0d/0d75a937.jpg
71t7L0E64lL,1200,1200,0d/0d9ee757.jpg
71t8pabZDQL,2200,1879,0d/0d4bfff3.jpg
71tA4yS5BkL,1687,718,0d/0dd677ab.jpg
71tATPJ2cVL,1790,2560,0d/0d4c56af.jpg
71tEtanJsQL,2200,1879,0d/0d95419b.jpg
71tKrhlgVFL,2200,1879,0d/0d7cbea4.jpg
71tQNJlX3YL,1000,1000,0d/0d22f9b5.jpg
71tUQgHBi5L,1500,1500,0d/0dc5a22c.jpg
71tV16CQijL,2500,2497,0d/0dd2316e.jpg
71ta-rugOPL,2200,1879,0d/0d28da47.jpg
71tbZVo7GYL,2200,1879,0d/0d261294.jpg
71td4Mv+kdL,2200,1879,0d/0dbe55d6.jpg
71ttBIWdI0L,1920,2560,0d/0dfbc59a.jpg
71tz9I37szL,1373,1373,0d/0d702ed9.jpg
71uXAnAYp+L,1200,1200,0d/0d2a73dc.jpg
71uc1S+QKWL,2200,1879,0d/0dce4044.jpg
71uiSNqPVnL,2200,1879,0d/0d588837.jpg
71ur0pzkbqL,2200,1879,0d/0dc8c13c.jpg
71ur4pDnmbL,2000,2000,0d/0d4d3eec.jpg
71uuHnOwQLL,2200,1879,0d/0d7a941c.jpg
71v1RBDh6BL,2200,1879,0d/0df281db.jpg
71vAKlsxEoL,2200,1879,0d/0d6a35e0.jpg
71vttOOuKyL,2200,1879,0d/0d32bcdf.jpg
71vxyp+8h9L,2200,1879,0d/0dad314a.jpg
71w4VwX4OrL,2560,2560,0d/0d836493.jpg
71w5vkalTkL,2200,1879,0d/0db3056a.jpg
71w9W-0vnSL,2042,2560,0d/0d3ab83b.jpg
71wHH2h6MvL,2560,2560,0d/0d58f00c.jpg
71wJRmanlYL,722,1972,0d/0d27e594.jpg
71wP7Vpd7bL,1803,1837,0d/0d54daf4.jpg
71wUTNIKp9L,2200,1879,0d/0d72af62.jpg
71wXhT4IQXL,2200,1879,0d/0d5898e7.jpg
71wZE918-nL,1508,1508,0d/0dd00828.jpg
71wcnmKaAuL,2560,1466,0d/0d5be4a2.jpg
71weiRmdCRL,2000,2000,0d/0d90a648.jpg
71wsWU-blvL,2200,1879,0d/0dca0a5c.jpg
71xCU0VtOlL,2500,2500,0d/0d7a34c1.jpg
71xGIe-ZGZL,1000,1000,0d/0dd6f16f.jpg
71xLAPJCDpL,2200,1879,0d/0dfe3c77.jpg
71xRfbPT-CL,1444,2560,0d/0d461766.jpg
71xdtkknEwL,2200,1879,0d/0da366d5.jpg
71xsWDuYpNL,1707,2560,0d/0da4beef.jpg
71xzhviNgbL,2200,1879,0d/0ddb8f0f.jpg
71y3B6aGsIL,2500,2500,0d/0d06ef58.jpg
71yQTz2KcML,2237,2560,0d/0dfc8d0c.jpg
71yTi1C3CjL,2200,1879,0d/0db689fb.jpg
71yc8AHfglL,2513,1012,0d/0d5c00fa.jpg
71yrj6ukgvL,997,2560,0d/0d16a348.jpg
71z5K82POML,1500,1500,0d/0dff4af7.jpg
71zCalQ9o1L,2000,2000,0d/0d618839.jpg
71zdJDV5KDL,2449,1930,0d/0dc9ae55.jpg
71ze5TCJ0oL,2560,1953,0d/0d782271.jpg
71zgIt+tskL,2257,623,0d/0db53683.jpg
71zqyVFYntL,2200,1879,0d/0da4df44.jpg
81+08k2p+wL,2200,1879,0d/0db59523.jpg
81+6RKWLQIL,1500,1500,0d/0daf3976.jpg
81+LCLoxm1L,2200,1879,0d/0d14f990.jpg
81+P-YiL1eL,2200,1879,0d/0d83a77c.jpg
81+RKZrieAL,2200,1879,0d/0db7204a.jpg
81+TAXUxJGL,2200,1879,0d/0d4a59db.jpg
81+TDfdRdML,2560,1259,0d/0d7fc591.jpg
81+bT++JH3L,2547,2560,0d/0d073baa.jpg
81+cYBLD5eL,1499,2560,0d/0d744432.jpg
81+eZkDa-tL,2560,2560,0d/0d8acd3c.jpg
81-+go1YxTL,2200,1879,0d/0d9bf42c.jpg
81-Sgpng2fL,2200,1879,0d/0d438cb9.jpg
81-T5CtH0ZL,2200,1879,0d/0d06275f.jpg
81-XXafnajL,2200,1879,0d/0dfd86d3.jpg
81-b0rgt1oL,1159,1513,0d/0df80014.jpg
81-dB+HZkQL,1500,1500,0d/0d8aa899.jpg
81-dkroiy-L,1500,1500,0d/0de3b96c.jpg
81-vfmUJerL,2045,1029,0d/0d84dadd.jpg
810+6Oco72L,2200,1879,0d/0d60f249.jpg
810FOqAp+kL,2200,1879,0d/0d116a0e.jpg
810XR0o1b1L,2560,1970,0d/0da9cdbe.jpg
810gdV62PwL,2560,2560,0d/0debd66d.jpg
811-aVQ7Z5L,2560,2560,0d/0d8eb769.jpg
8111YjpBU3L,2560,1373,0d/0dc7bcf7.jpg
811Q+c45CfL,2200,1879,0d/0d04c606.jpg
811UNss2cIL,2560,1145,0d/0dc83191.jpg
811cHp+rVuL,1273,2560,0d/0dd32a9f.jpg
812+EDohkHL,2200,1879,0d/0de2d8e1.jpg
8128XjsABBL,1676,2560,0d/0d2f4960.jpg
812CFPO7drL,2560,1421,0d/0d06d210.jpg
812GptgI9GL,2560,2560,0d/0db48697.jpg
812S-fj8e5L,1252,2132,0d/0dbb1c35.jpg
812ZqAdgsxL,1544,2560,0d/0dd18aeb.jpg
812lx15nSIL,1707,2560,0d/0d8e10e6.jpg
812qt-ryitL,2539,1294,0d/0d48e218.jpg
8138YmXNdEL,1933,1933,0d/0d41ce42.jpg
813A7NqpScL,1500,1500,0d/0d47d55d.jpg
813CdApRnuL,1000,1000,0d/0d6e546d.jpg
813MjTG+z6L,1224,2048,0d/0dec94a3.jpg
813S5Htc02L,2200,1879,0d/0df88707.jpg
813dVsCzszL,2200,1879,0d/0d3ccbeb.jpg
813efYYUE4L,2560,2560,0d/0d1f49d6.jpg
813ra+wjZ5L,868,2560,0d/0de12800.jpg
8148x1HkZSL,2200,1879,0d/0d9b4f1e.jpg
814EwYER+1L,924,2560,0d/0d09f15a.jpg
814QBqOyqiL,1210,2163,0d/0dd703e7.jpg
814QgTtB7fL,2200,1879,0d/0d7e2029.jpg
8159S8AQGrL,2560,1969,0d/0d29e37d.jpg
815Kg6NvyWL,2200,1879,0d/0def0494.jpg
815PDL0Zy6L,2200,1879,0d/0dd05041.jpg
815Rfed1OmL,2297,2560,0d/0d2d7259.jpg
815ZPpc-4SL,2200,1879,0d/0d88295e.jpg
815aZYbPMtL,1322,2560,0d/0d4692a9.jpg
815b6KNhroL,2560,2560,0d/0d956d65.jpg
815gll2ZR7L,2200,1879,0d/0d739054.jpg
815kpaWN3kL,2200,1879,0d/0d0b8df0.jpg
815qCxPrXAL,2550,2560,0d/0de98de2.jpg
815z3h+8w3L,2200,1879,0d/0d2fa7ae.jpg
816NTIEcs6L,2000,2000,0d/0d7438b4.jpg
816O097K5qL,2500,2200,0d/0d8fd6f4.jpg
816WlsHkhmL,2560,1770,0d/0d38a395.jpg
816p98NNb7L,2200,1879,0d/0d0c3852.jpg
8177vNfPauL,2560,2560,0d/0d787b3e.jpg
8178jimdeKL,2200,1879,0d/0dbb3e05.jpg
817Rei-ymmL,2560,2152,0d/0def04ee.jpg
817TcMlhrfL,2560,2560,0d/0d9f371c.jpg
817b7AzTeJL,2560,1969,0d/0d0f04c3.jpg
817hGjljlxL,2560,2560,0d/0d417421.jpg
817zWmG0sfL,2200,1879,0d/0de477f9.jpg
817zsQjvneL,2200,1879,0d/0d6397e1.jpg
81869WWctEL,2200,1879,0d/0db8aade.jpg
8187MkTdjOL,910,2560,0d/0deb8a4e.jpg
818Cu7Scm2L,2560,1689,0d/0da02968.jpg
818aS8+VOBL,2542,2542,0d/0dc354cd.jpg
818fdvbqPpL,1904,2560,0d/0d9b0acf.jpg
818ojDDBv6L,1387,2560,0d/0dea272a.jpg
8195Hg+W-JL,2000,2000,0d/0d87420d.jpg
819MW0eypsL,2511,2158,0d/0def4986.jpg
819NB233w-L,2040,2499,0d/0d62f29d.jpg
819W17POWrL,1064,2418,0d/0d829315.jpg
819W5DWU5aL,2396,2500,0d/0d4d52ef.jpg
819ql3BNQTL,2560,1289,0d/0d0351f9.jpg
819r-rZE0vL,2200,1879,0d/0d08c1f7.jpg
819sz6oDxCL,2200,1879,0d/0da69ec8.jpg
81A+oX22shL,2560,1956,0d/0ddb5596.jpg
81A3BuPzPjL,2200,1879,0d/0d001aaf.jpg
81A9XE237fL,2200,1879,0d/0dc9c79a.jpg
81AENUFOndL,1015,1704,0d/0d56da0f.jpg
81AMqtekEAL,2102,2102,0d/0db5fabb.jpg
81AeGh0k+EL,1340,2560,0d/0da9a895.jpg
81AeSEf2EWL,1710,2560,0d/0d99b2e7.jpg
81AlBt3IkRL,1888,2545,0d/0dee73ac.jpg
81AmjucsXcL,2200,1879,0d/0d136a1f.jpg
81Au64SDzJL,2560,2151,0d/0d0a19a2.jpg
81Auun0+tQL,2560,1678,0d/0d437264.jpg
81Ax0v7ZAxL,2200,1879,0d/0d9643af.jpg
81AyXd2mslL,2200,1879,0d/0d447525.jpg
81B-QmXlOkL,2560,2560,0d/0d6b80b4.jpg
81BHc1+JfJL,2560,2560,0d/0d7bdd6f.jpg
81BJA6SqfIL,2356,2356,0d/0d4b6e7a.jpg
81BKCE4csbL,2560,2560,0d/0d974b13.jpg
81BKvcyJ+2L,1144,2560,0d/0dea827e.jpg
81Bix9F+5tL,2560,1259,0d/0de1fec2.jpg
81BjLskdGUL,2200,1879,0d/0dd59507.jpg
81BjdWjnzoL,2560,2560,0d/0d1479dc.jpg
81BqVFpZKcL,2000,2000,0d/0d07c3d1.jpg
81C4+jAIWzL,2400,2400,0d/0dd77467.jpg
81C6xFXWLnL,2430,2560,0d/0d1da403.jpg
81CHzsy5PuL,2560,1969,0d/0db586db.jpg
81CXIRZws3L,2400,2000,0d/0dbefcaa.jpg
81CbNW8ZAGL,2200,1879,0d/0d7fc597.jpg
81CjWyIk03L,2200,1879,0d/0d6dfad5.jpg
81Csqnn6A4L,2200,1879,0d/0d627e4d.jpg
81Ct8LXa3+L,2560,2560,0d/0d53a657.jpg
81D2xNBXUuL,2200,1879,0d/0d101336.jpg
81DE0980+EL,2560,1319,0d/0dca16e8.jpg
81Dv9ylAuZL,2560,1653,0d/0de450b4.jpg
81E3FJcZ1qL,1289,2464,0d/0d004262.jpg
81E8QVeGv4L,2200,1879,0d/0d903e5b.jpg
81EE9ZHK1kL,2000,2000,0d/0da8df6e.jpg
81EPbb7Rl4L,2100,2100,0d/0dddf1ef.jpg
81ETrUIc+qL,993,2560,0d/0d23233b.jpg
81Enm9ECLEL,1720,1681,0d/0d8ac5c0.jpg
81EsAzwKMeL,2560,2560,0d/0d18ed24.jpg
81Eskot5trL,1107,2560,0d/0d143da6.jpg
81Et0k-vjdL,2200,1879,0d/0d221063.jpg
81Eu7AuolGL,1646,1646,0d/0d2ba211.jpg
81F0UY7VvVL,2114,2560,0d/0df47ff2.jpg
81F8cL96RiL,2560,1953,0d/0d95e67f.jpg
81FBgRoG5xL,2200,1879,0d/0d162f69.jpg
81FBuWvoUlL,2200,1879,0d/0d191205.jpg
81FBvlGdNBL,1258,2560,0d/0d6512a4.jpg
81FD-FoBUAL,2560,2560,0d/0d6ee98a.jpg
81FF6IjwaWL,2200,1879,0d/0dd08d38.jpg
81FQBYwOh3L,2200,1879,0d/0d1da910.jpg
81FVcERpfHL,1445,1445,0d/0d3251cf.jpg
81FYCw19TAL,2200,1879,0d/0d4bf2cd.jpg
81FlyEQzIoL,1200,1200,0d/0da2c2e3.jpg
81FyL5yMj0L,2200,1879,0d/0d248c67.jpg
81G1TgDAyHL,2200,1879,0d/0dba780b.jpg
81GTa2qqi5L,2000,2000,0d/0dd9f634.jpg
81Gl+oByMHL,2500,2500,0d/0d8a6f7d.jpg
81GxOfa7KnL,2200,1879,0d/0d960d21.jpg
81HIHaj5HPL,2261,2329,0d/0d1ad60f.jpg
81HOf6xgq2L,2200,1879,0d/0d497359.jpg
81HV1N7mGQL,2200,1879,0d/0dc75838.jpg
81HnmzbzChL,1858,2454,0d/0dc18cb0.jpg
81HxiFmRIdL,1116,2560,0d/0ddf005d.jpg
81IAashGgTL,2216,2560,0d/0ddcde4d.jpg
81IJdglVidL,2560,2560,0d/0d87eff4.jpg
81ILqPQ+M-L,2560,1112,0d/0d6115bb.jpg
81IUciax8HL,2200,1879,0d/0dcee25a.jpg
81IV3YQqeeL,2200,1879,0d/0d2dabdd.jpg
81IeROKgOpL,1991,1000,0d/0d67bab6.jpg
81IsC4idBeL,2560,2560,0d/0d8dbe9e.jpg
81IsV4WzJNL,1994,990,0d/0d739ada.jpg
81IskPTvUUL,2200,1879,0d/0dff9457.jpg
81IvIsKS66L,2560,1123,0d/0dcd5a77.jpg
81IxEO3bKDL,2200,1879,0d/0d7303c4.jpg
81IzzXu772L,2200,1879,0d/0da570ad.jpg
81J3Oh3b0hL,1279,2560,0d/0ddcaca6.jpg
81J3SEAX32L,1152,2560,0d/0df9bb34.jpg
81JEegqRGNL,2560,2560,0d/0db5651f.jpg
81JFu2bI6QL,2200,1879,0d/0dc991f3.jpg
81JHDZWT39L,1563,2560,0d/0d1c800d.jpg
81JShmk13jL,2200,1879,0d/0d5904c1.jpg
81JWN846z3L,2560,2560,0d/0df1eb23.jpg
81JXb3RbuwL,2396,935,0d/0de69937.jpg
81K-NahiITL,2560,1994,0d/0d1b71e5.jpg
81KNo1-IuaL,1129,2133,0d/0d11c2df.jpg
81KRyQzKZHL,2560,1541,0d/0d8f6c7d.jpg
81KWCf2S6eL,2560,2560,0d/0d66d13d.jpg
81KnvhOYMqL,2560,1042,0d/0dcabbed.jpg
81KzObo+bWL,1401,1405,0d/0ded1ad3.jpg
81L44rhzR8L,2560,778,0d/0daaca51.jpg
81LYIarMyOL,2200,1879,0d/0dfd87b6.jpg
81LcCV+PBRL,2560,1969,0d/0d2f75f0.jpg
81Lk3fEzGiL,2560,2560,0d/0dd1f33a.jpg
81LnWe3rreL,2550,1846,0d/0d67e807.jpg
81LoorkFtGL,2333,958,0d/0d2355ab.jpg
81LpMAwAZCL,2560,2103,0d/0d647704.jpg
81LtoouxOcL,2200,1879,0d/0df2eef3.jpg
81M5yYXjb3L,1707,2560,0d/0d033ef1.jpg
81M7BjVkKKL,2200,1879,0d/0dc74083.jpg
81M9lJRsVdL,2560,2560,0d/0df9285c.jpg
81MUOIP9psL,913,2477,0d/0d65c839.jpg
81MbH1lzQ6L,1500,1500,0d/0d9b9e53.jpg
81MfFEUngzL,2560,1127,0d/0d061bf2.jpg
81MgerE4TGL,2034,1997,0d/0d1b4496.jpg
81MqbAMVGFL,2200,1879,0d/0d51d19a.jpg
81Mqogap0sL,2200,1879,0d/0de95349.jpg
81MqtMA8hdL,2560,2149,0d/0dbbf8e8.jpg
81N9CBuckrL,1841,1703,0d/0d82fa16.jpg
81NuTBU78SL,1524,2560,0d/0d8f4494.jpg
81OSvvXlqEL,1920,1920,0d/0da25520.jpg
81OgPAtTo8L,2000,2000,0d/0dc0e4b7.jpg
81OgSinRxLL,2000,2000,0d/0d47b8c9.jpg
81OhQ4ScjUL,2200,1879,0d/0d0d78c5.jpg
81OwxkepReL,2000,2000,0d/0dab46ba.jpg
81P0qZINGnL,2560,2560,0d/0d131b95.jpg
81PEv2QoRkL,2560,2560,0d/0ddd1e1c.jpg
81PLy0epHgL,2200,1879,0d/0d135870.jpg
81PVQGPTa5L,2560,2560,0d/0d7b3019.jpg
81PdGctVxyL,2560,2560,0d/0d72b7d4.jpg
81PiDqzDfOL,2200,1879,0d/0dbeffd3.jpg
81PiVNOOatL,2560,2560,0d/0de7c46d.jpg
81PoKVK9mHL,998,2560,0d/0da03b29.jpg
81Q4oI3i50L,2000,2000,0d/0dfba0d8.jpg
81QTLHLM70L,2200,1879,0d/0d396df1.jpg
81QWAwPiQbL,2200,1879,0d/0d7c2e04.jpg
81QdjKKM9UL,2560,2554,0d/0d45fad5.jpg
81Ql04euGyL,2560,2560,0d/0d6bbf69.jpg
81Ql4QB-+YL,2560,2312,0d/0dcb8c9f.jpg
81QnWy9yJhS,2500,2235,0d/0d39d36b.jpg
81Qr-Zm6LpL,2560,2560,0d/0daea1a5.jpg
81RAIJAbjAL,2560,2560,0d/0d18a9b4.jpg
81RVko9LRkL,2560,2560,0d/0dc29032.jpg
81Rf1-YWVNL,2560,1118,0d/0dcdc86c.jpg
81SA9HWdsGL,1835,2560,0d/0d45469f.jpg
81SCUCY7oiL,1500,1500,0d/0d7d5434.jpg
81SKCrlvF-L,1200,1943,0d/0d8b3d07.jpg
81SUmt-eYfL,2200,1879,0d/0d0b20a9.jpg
81SoP06LBYL,2200,1879,0d/0dda6e5b.jpg
81TYNPdjuLL,2000,2000,0d/0d567829.jpg
81TZ5ww4HHL,1500,1500,0d/0d518289.jpg
81U+9s8JYeL,2200,1879,0d/0d9de546.jpg
81U3R6wK4ML,1547,2277,0d/0d20a16c.jpg
81UOW5Yrf9L,2185,1681,0d/0dc2fc6f.jpg
81Uc8GeJBzL,2200,1879,0d/0d01ed9a.jpg
81UcUX85fvL,2560,2560,0d/0df4f2c2.jpg
81UmyFhP8zL,2200,1879,0d/0d6e44ee.jpg
81UnvKdUpgL,2560,2560,0d/0d44e70e.jpg
81V-DtgBY8L,2560,2560,0d/0dcf1f99.jpg
81V5F+-3TIL,2200,1879,0d/0d2baf69.jpg
81VAfjEH0GL,2500,2133,0d/0d2346bd.jpg
81VN6TJcuLL,2560,2560,0d/0d2ae3fa.jpg
81VcwXRYkWL,2560,2111,0d/0d1dfca9.jpg
81Vh5VAaeoL,1496,1500,0d/0d785e61.jpg
81VikXLpoxL,2560,1805,0d/0d900107.jpg
81VqdKNk0cL,2554,2554,0d/0d649936.jpg
81VutbXATWL,2200,1879,0d/0dd893b0.jpg
81VvutxnmfL,2200,1879,0d/0d30157e.jpg
81VzNxmH+3L,2560,2560,0d/0d4f3ad9.jpg
81WDvk6sVDL,2560,2560,0d/0d9eabfa.jpg
81WNFdZXYpL,2560,1284,0d/0d00f4a7.jpg
81WdvegKBUL,2200,1879,0d/0dd8ff4d.jpg
81X1b4zjAEL,2560,1707,0d/0d70fa8d.jpg
81X2ld4VEHL,2560,1944,0d/0d30a792.jpg
81X2rj08oOL,2560,1969,0d/0d0e6d38.jpg
81X3n-D7nxL,2200,1879,0d/0d216a97.jpg
81X6Pr-wTTL,2195,2560,0d/0dad4063.jpg
81XPft6oXiL,2560,991,0d/0dc69249.jpg
81XQmW0Y4JL,2200,1879,0d/0da2b66c.jpg
81XYHRQM1DL,2000,2000,0d/0d7857d1.jpg
81XYfsXKekL,1265,2559,0d/0d8cf023.jpg
81XbXp+6NpL,2560,2560,0d/0da72a2d.jpg
81XbyDC39AL,2193,1728,0d/0de0572b.jpg
81Y0XDPIAdL,2200,1879,0d/0d6a4aca.jpg
81YEuFmyWTL,2560,1571,0d/0d30a6b2.jpg
81YHFdHScoL,2500,1873,0d/0d0962dd.jpg
81YZl0MxFJL,2200,1879,0d/0d9b320d.jpg
81Ya6Q1fRNL,2124,2355,0d/0d2821c4.jpg
81YfoKCSUAL,2560,1417,0d/0d4e4145.jpg
81YfsZUsBfL,2200,1879,0d/0d8e0a3a.jpg
81YilQsDOEL,2560,1281,0d/0d8c1d07.jpg
81Yw0TkkTKL,2560,1969,0d/0d946dc9.jpg
81YwbK61wUL,1646,2560,0d/0d276568.jpg
81YydNLVQaL,2200,1879,0d/0d845d1c.jpg
81YykqCR1SL,2200,1879,0d/0d50bb8a.jpg
81Z3P0ddUQL,2000,2000,0d/0d8edb15.jpg
81ZAXgSsQYL,1943,2560,0d/0dbbaa27.jpg
81ZJpmO1PEL,2560,1474,0d/0da25518.jpg
81ZRVFTI9rL,2560,2252,0d/0db746a8.jpg
81ZUgLqXnqL,2560,1530,0d/0daffc88.jpg
81ZkthlPiiL,1000,1000,0d/0d5fe4aa.jpg
81ZoLWpXQ1L,2560,2560,0d/0dfcdf8c.jpg
81ZrQp8TwfL,2200,1879,0d/0d7cd18e.jpg
81ZsTKFzSxL,1484,2560,0d/0d5afb84.jpg
81Zv-Z64iIL,2200,1879,0d/0d87ca68.jpg
81a3o+EjrZL,2200,1879,0d/0d909b0f.jpg
81a9J1StCDL,2200,1879,0d/0d24ca0e.jpg
81aGtDbk7tL,2200,1879,0d/0d4cf2b7.jpg
81aIYCtZjtL,2200,1879,0d/0db312a9.jpg
81aXpMEmeQL,949,2560,0d/0ddb60f6.jpg
81afVofHg2L,2200,1879,0d/0d45e8ea.jpg
81aqx6hsefL,1796,2560,0d/0dd5e901.jpg
81ay2SzpIjL,2200,1879,0d/0d225da6.jpg
81azzflMidL,2560,2560,0d/0ddda9a7.jpg
81bBiCxZCRL,2048,2560,0d/0de99511.jpg
81bKCgYk3LL,2560,1969,0d/0deaf565.jpg
81bTsjDNMNL,2116,2560,0d/0dd75e0f.jpg
81bhri3j1BL,2560,2560,0d/0d29a231.jpg
81biBrNo8yL,1235,2408,0d/0d22a1e3.jpg
81bjbBP80sL,2200,1879,0d/0d9f354d.jpg
81bjmyT2BML,2200,1879,0d/0d0bbc77.jpg
81br4Mm2ZyL,1162,2508,0d/0dd5b96c.jpg
81bx7nf6ikL,1200,1500,0d/0dd9b57a.jpg
81c+kNhscML,2200,1879,0d/0d97f1cb.jpg
81c2f39XBUL,2000,2000,0d/0db56832.jpg
81cXEyEjB8L,2560,2063,0d/0d46cbf7.jpg
81ce9MKE-VL,2560,1244,0d/0d856746.jpg
81cr1MaQB3L,2200,1879,0d/0df2f2a7.jpg
81d2a1DJ2gL,1500,2000,0d/0de1f9c4.jpg
81d6BOVgrVL,2200,1879,0d/0dab71e2.jpg
81d9zvuB+JL,1406,2560,0d/0d8fbb5c.jpg
81dC7DhsaXL,2200,1879,0d/0daf8e1c.jpg
81dCjLGjdRL,2000,2000,0d/0d4cb950.jpg
81dRs18RCKL,903,2560,0d/0d06352f.jpg
81dwih5qeJL,2000,2000,0d/0d934eb2.jpg
81e2LNX247L,2200,1879,0d/0d84cc78.jpg
81e4F2m1QRL,2560,2560,0d/0d54bfb3.jpg
81eB9XqqTtL,2000,2000,0d/0dadfae1.jpg
81eHrZNP2uL,1614,1560,0d/0db36cd3.jpg
81eLD-nHqNL,2550,2550,0d/0d29f9cc.jpg
81egwT-EeyL,2560,927,0d/0d3c2882.jpg
81eoiIb1q1L,2208,1809,0d/0d0cf19e.jpg
81f-0EF3jLL,2560,1042,0d/0d045aff.jpg
81f4Su69swL,2200,1879,0d/0d43297a.jpg
81fEYgDkrXL,2560,1830,0d/0df47d8a.jpg
81fLL0zjO6L,2207,1168,0d/0d1a7fe8.jpg
81fO5DBMk7L,2106,1564,0d/0d0eb1e7.jpg
81fT9WBGkzL,2308,1599,0d/0d75ffb8.jpg
81ffDJ1mrfL,2000,2000,0d/0de47fec.jpg
81g0s8HupYL,2200,1879,0d/0d57d3dd.jpg
81g2tsnhYwL,2200,1879,0d/0dfd633e.jpg
81gBiNdDOOL,2451,2451,0d/0dafa00b.jpg
81gD3jbsZYL,2560,2560,0d/0d8f4d06.jpg
81gXmo-S6IL,2560,1969,0d/0d9903bf.jpg
81gYcnekLxL,2560,1969,0d/0dffe3bc.jpg
81guTUKg4DL,2200,1879,0d/0d98c958.jpg
81gyap6QGtL,2500,2500,0d/0d63476d.jpg
81h+77TvoCL,2200,1879,0d/0d0c4c48.jpg
81hBN-HOkzL,2200,1879,0d/0d47d745.jpg
81hVHMLUdAL,1424,2560,0d/0df37758.jpg
81hp6i8D+rL,2200,1879,0d/0dfa4fdb.jpg
81hrsoqddeL,2200,1879,0d/0d375dae.jpg
81hyQW8sJxL,2560,1025,0d/0d353ba1.jpg
81iDvKTKJ+L,2500,2500,0d/0d4b8e7e.jpg
81iE5r85TIL,2560,2560,0d/0da55e25.jpg
81iF6T7FVEL,2026,1144,0d/0d24c81d.jpg
81iWSCorpQL,2200,1879,0d/0da24e39.jpg
81ihdSPBM0L,2560,2046,0d/0d1600c7.jpg
81iriYYwrvL,2560,1430,0d/0d9bf5ab.jpg
81iv6C8YJiL,2560,2192,0d/0d687da6.jpg
81j28RaNe3L,2200,1879,0d/0d845055.jpg
81jLpaORVoL,2200,1879,0d/0d26e7f6.jpg
81jU8IuTKrL,2000,2000,0d/0d804254.jpg
81jUunWEGIL,2000,2000,0d/0d5735f7.jpg
81jZ7XQlWGL,2560,1969,0d/0d225a1b.jpg
81jeLwndoiL,2200,1879,0d/0d305ed6.jpg
81jh2HNVvJL,2560,2560,0d/0da587e3.jpg
81jtQaeoVFL,1500,1500,0d/0d1a1803.jpg
81kCBRq3LYL,2560,2560,0d/0dc4d4b9.jpg
81kCMz6wicL,2500,2152,0d/0ddf7880.jpg
81kFJdbZEJL,2200,1879,0d/0de78a24.jpg
81kT-gPEgWL,1500,1500,0d/0d76bee2.jpg
81kdnkVoelL,2200,1879,0d/0d96fd94.jpg
81keW7uqWwL,1942,1942,0d/0d0d0231.jpg
81kkgb7jTKL,2560,1366,0d/0de36d8a.jpg
81kpOAK5NkL,2200,1879,0d/0d5378df.jpg
81lFh4JUqYL,1706,2560,0d/0d7f3a7c.jpg
81lRHgQbFYL,1625,850,0d/0d97bb11.jpg
81lULCzbLSL,2220,1707,0d/0ddf7734.jpg
81lUuDDLl+L,2560,2032,0d/0d4a3e72.jpg
81lUyZGr-aL,2200,1879,0d/0d58464d.jpg
81lYuNycjFL,1009,2560,0d/0d12e0fd.jpg
81ldFio8lML,1975,2334,0d/0db8a17a.jpg
81logLa+NML,2200,1879,0d/0def8bea.jpg
81m05TnpvHL,2560,2392,0d/0d09b12a.jpg
81m3BsRI6eL,2560,2560,0d/0d44405b.jpg
81mJcp8TA6L,2560,2560,0d/0df1e5eb.jpg
81mN6R8N3UL,2200,1879,0d/0d724a59.jpg
81mYcTFwCwL,2560,1683,0d/0dcea84a.jpg
81mZ406nuJL,2560,977,0d/0decf7b9.jpg
81mbB2XxDlL,839,1989,0d/0d2ceab8.jpg
81mtPH91dWL,1500,2000,0d/0d3fdb99.jpg
81muQwZq7nL,2500,2500,0d/0da3422a.jpg
81nBRv46QfL,2560,2508,0d/0d2795ab.jpg
81nBmGDAjNL,2267,2267,0d/0ddcb71e.jpg
81nD1wnUJvL,2270,848,0d/0d88cf58.jpg
81nM12RGIRL,2200,1879,0d/0d33a4bb.jpg
81nPiM7rbEL,2560,2560,0d/0d295cfa.jpg
81naXwLwzVL,1057,2489,0d/0d29f62f.jpg
81ne9bgkXUL,2000,2000,0d/0d26066e.jpg
81noaC9k5PL,2322,2092,0d/0dddd6cd.jpg
81nqpKH5-8L,2000,2000,0d/0d5d28b4.jpg
81o73A6H6FL,2418,2418,0d/0da3816d.jpg
81oFilReLHL,2000,2000,0d/0d1a4fd1.jpg
81oa5actiuL,2500,1287,0d/0d52d18a.jpg
81oump8KioL,2560,984,0d/0dd33343.jpg
81p-zDRdEgL,2560,2222,0d/0d65f039.jpg
81p3SXWFwVL,1500,1500,0d/0dad5799.jpg
81p5WX8iMqL,2560,1835,0d/0d56d302.jpg
81pSm7htlXL,2200,1879,0d/0da678f3.jpg
81pWaKDOp3L,1935,2500,0d/0dac9d21.jpg
81pi-1M-lqL,2200,1879,0d/0dc4d370.jpg
81pmADQepeL,2560,2560,0d/0dec4649.jpg
81pzIxZ3yGL,891,2560,0d/0d9adcb9.jpg
81qZJgePZ4L,1000,1841,0d/0d019af8.jpg
81qaaC9+plL,2200,1879,0d/0df79629.jpg
81r8nlInHsL,2200,1879,0d/0d6dde5b.jpg
81rCgydTuEL,2500,1054,0d/0d34dd99.jpg
81rG1+shE8L,2200,1879,0d/0d8527ca.jpg
81rTiBVErDL,2536,1384,0d/0db179c0.jpg
81rVxi7RxGL,2560,1969,0d/0dc5eec4.jpg
81rWMpPOfIL,1862,1533,0d/0d3b2ee1.jpg
81roljgcNKL,2560,2560,0d/0da515f5.jpg
81s5Wo3qtfL,1800,1800,0d/0d2bbf62.jpg
81s6seMRMFL,2560,2560,0d/0dcc5177.jpg
81sF5CINQOL,2000,2000,0d/0d71db43.jpg
81sNizPJPoL,2200,1879,0d/0dafd920.jpg
81sR9QZ3UzS,2500,1961,0d/0d9200cf.jpg
81sXDulT9xL,2560,1969,0d/0d399cee.jpg
81sZsIwbxvL,1460,1460,0d/0d0c3443.jpg
81scB2osMtL,2191,2560,0d/0d75ff66.jpg
81sfDkCydeL,2000,2000,0d/0da0bdf9.jpg
81ssFYrxp2L,2560,1969,0d/0dffb25c.jpg
81sxUFOqYOL,2000,2000,0d/0d1b045a.jpg
81trB9lYsxL,2200,1879,0d/0d21372d.jpg
81twUKODLWL,2503,2064,0d/0d3286c7.jpg
81uFWjkaMdL,2560,2560,0d/0d3c5ef7.jpg
81uVJ85umDL,2200,2200,0d/0dcc4608.jpg
81uv07jUlOL,2200,1879,0d/0d497289.jpg
81v71qs41FL,2200,1879,0d/0dc793f2.jpg
81v7Z8+vK8L,2000,2000,0d/0d702fc7.jpg
81vBpkuc2iL,2000,2000,0d/0d9b66f5.jpg
81vQnXvt+OL,2200,1879,0d/0df7937a.jpg
81vU54cvIlL,1682,2560,0d/0d0fd577.jpg
81vjI4rvacL,1625,850,0d/0d0406e2.jpg
81vpWJk9JnS,1595,2500,0d/0d18ef33.jpg
81vryFF601L,2560,2560,0d/0d73b2e1.jpg
81w-8MJj5oL,2560,2560,0d/0d81d5cd.jpg
81w0aHSoUEL,1224,1224,0d/0d063399.jpg
81w3cHaPL8L,2560,2560,0d/0d0066ec.jpg
81wHF-poa5L,2560,2560,0d/0dbc6dfb.jpg
81wOuSElZLL,1240,1240,0d/0d628efb.jpg
81wTDg5cmAL,1347,2168,0d/0d9a57f1.jpg
81wTjS-jpBL,2200,1879,0d/0d696692.jpg
81wXtiOqzZL,2200,1879,0d/0d1ba1cd.jpg
81wYezn1QLL,2200,1879,0d/0d42fd33.jpg
81wZ5Cmo85L,2200,1879,0d/0d9ff73b.jpg
81wurpfDzLL,2200,1879,0d/0d737e32.jpg
81x4V9FPHRL,2005,2005,0d/0d6e255e.jpg
81x68qwLpVL,2560,2560,0d/0d20b08c.jpg
81xD8oWhxEL,2560,2560,0d/0d6b0f87.jpg
81xKJ1M0uAL,1262,1585,0d/0dc5a688.jpg
81xM0yHgnbL,2478,2478,0d/0d57d213.jpg
81xMNIvmK9L,2200,1879,0d/0db4fa61.jpg
81xNoFgh-PL,2200,1879,0d/0d2cf450.jpg
81xVdFeWe7L,2560,2560,0d/0d0960f5.jpg
81xu+DZrrOL,2200,1879,0d/0dc8f2b6.jpg
81yATUZP4HL,2560,2560,0d/0d52a18e.jpg
81yU6LyPB6L,2560,2121,0d/0d2e9218.jpg
81ylpg6WlNL,2200,1879,0d/0d8c88ea.jpg
81ymxlH7YfL,2200,1879,0d/0d66e440.jpg
81z+4mxPNeL,2362,2375,0d/0d1db117.jpg
81zL4OyRswL,2000,2000,0d/0db6cfb0.jpg
81zc7IkU8zL,2200,1879,0d/0da7ad30.jpg
81zoFFtjZoL,906,2560,0d/0d133ff5.jpg
81zp1Creh7L,2560,2560,0d/0da374ac.jpg
81zq9w2xKmL,2560,1073,0d/0dd4f62a.jpg
81zz0mZgQTL,1220,2334,0d/0d104b10.jpg
91+FarCj7+L,2220,2560,0d/0d697e24.jpg
91-coKFAvTL,2560,2560,0d/0dbf59ba.jpg
91-iKsuxHwL,2560,2560,0d/0d7a48ac.jpg
910LMM+orJL,2438,2560,0d/0d34d14c.jpg
910RjFijSOL,2560,2558,0d/0d179a6d.jpg
911cNcUbEqS,1208,1208,0d/0d1fc180.jpg
911rAQnSkxL,2560,2560,0d/0df99fa5.jpg
911ufC8qJlL,1515,1858,0d/0d1fc908.jpg
912E-CDpXTL,2560,1966,0d/0dd7b063.jpg
912MGbD23fL,2560,2560,0d/0d9f8b82.jpg
912eNgikeCL,1762,2560,0d/0d87d8ce.jpg
912nzC7QOFL,2560,1748,0d/0d250b3a.jpg
913EGfz6jNL,2094,2560,0d/0dfc5c62.jpg
9149-9nXazL,2560,1469,0d/0d51371f.jpg
914Nrq722kL,2560,2560,0d/0d53ab5d.jpg
914Q3QFPp6L,2560,1355,0d/0d305496.jpg
9152jGpPoKL,1829,2560,0d/0d65333a.jpg
9155OxmFa3L,2560,2304,0d/0d4fdc86.jpg
9169Ucda5DL,2560,2560,0d/0d5a32af.jpg
916EG6+8xFL,2468,2560,0d/0db0582c.jpg
916J7MYxqHL,2560,2560,0d/0de6baf3.jpg
916OQEApArL,2560,1969,0d/0d48474d.jpg
916vBheYXgL,2200,1879,0d/0d3fe871.jpg
91747wgQbIL,2459,2560,0d/0d4b7612.jpg
917fdNnge8L,2560,2560,0d/0d0ed4e7.jpg
917uxPO47kL,1957,2560,0d/0d7c26ed.jpg
918rfoE1uyL,2560,2040,0d/0d25495e.jpg
918tAEa0agL,949,2560,0d/0d258368.jpg
918vNqwup4L,1645,2560,0d/0d49424f.jpg
919Hzb7rpcL,2560,2560,0d/0d7bd2c6.jpg
919biR-Vr-L,2000,2000,0d/0d05c097.jpg
91A54s7F1cL,2560,2287,0d/0de9c249.jpg
91AURBgkDYL,2560,1964,0d/0dc20cac.jpg
91AtN4K6sdL,2500,2500,0d/0d2c2b99.jpg
91B96QJbiFL,2560,2560,0d/0d2aebbe.jpg
91BCT3Ka0TL,2560,1490,0d/0d1ac72c.jpg
91CIXcyYFRL,2560,2560,0d/0dab13a3.jpg
91D-eztZWKL,1780,2560,0d/0dd1de86.jpg
91D7Eo84czL,2560,2560,0d/0d3430d5.jpg
91DjP1z8MyL,2560,2560,0d/0d67050d.jpg
91Dk+UWm47L,2560,2560,0d/0dffa308.jpg
91Es9cOgxOL,1924,2560,0d/0d3f51bb.jpg
91EsSS8nh+L,2560,2560,0d/0d9469fe.jpg
91FK6kkHU7L,2560,2560,0d/0de46e3b.jpg
91FjTBXefYL,2560,1329,0d/0dd29166.jpg
91FnibF0uaL,2243,2560,0d/0d69f28a.jpg
91FuKMLwTLL,2560,2560,0d/0dbdc2e1.jpg
91FyHQmB-eL,2560,2102,0d/0d89e49c.jpg
91FyYTYXqeL,2560,2560,0d/0dcb000d.jpg
91GCCF6EgEL,2560,2560,0d/0d926694.jpg
91GDlyukx-L,2560,2445,0d/0d7b3845.jpg
91ILymCdx1L,2560,1988,0d/0db80d62.jpg
91ITRoxbiHL,2560,2560,0d/0d6f76d5.jpg
91J1i6HtlAL,2560,1969,0d/0d38a3a9.jpg
91JIb1bzSPL,2560,2560,0d/0db83673.jpg
91Jqfqe0LbL,2560,2560,0d/0df08b2a.jpg
91JsRTJ345L,2560,1970,0d/0db66a42.jpg
91KnJWPr-AL,1843,2319,0d/0df03c36.jpg
91KvjaIOpSL,2560,2103,0d/0daaef22.jpg
91LAZnxx1tL,2500,1500,0d/0d614626.jpg
91LZoqGWSHL,1682,1546,0d/0dce3345.jpg
91MZTyBY6FL,2313,2313,0d/0de3b26d.jpg
91MrOtlPLpL,2560,2560,0d/0d284c58.jpg
91NWD-jZ+fL,2560,1362,0d/0ddadc0a.jpg
91OpjnGJXLL,2560,2560,0d/0d4e09b1.jpg
91QHZfWADqL,1907,2560,0d/0d75a905.jpg
91RGsrDeIZL,2560,2560,0d/0d6184b3.jpg
91Rn7L3BAdL,2560,2560,0d/0d2dd5dc.jpg
91RoVJ3xSDL,2528,2560,0d/0d020d8c.jpg
91S+x5NJdAL,2560,2560,0d/0d728425.jpg
91S3cyDRLjL,2445,2560,0d/0d5d1517.jpg
91Sop3Bi7JL,2372,2302,0d/0d19f997.jpg
91TTURuZR1L,2560,2560,0d/0d2110db.jpg
91TYmsgaMuL,2560,1435,0d/0d6d2831.jpg
91UmbYitHPL,2556,2560,0d/0dabde72.jpg
91UrWQ-WAtL,2400,2400,0d/0df22a2a.jpg
91VpShrmgRL,2560,2560,0d/0d849d48.jpg
91WdgsicubL,2467,2467,0d/0d14a7e5.jpg
91WjH5HZ7sL,1763,1763,0d/0dd1c9e4.jpg
91WnygGLeLL,2560,2560,0d/0d0eaeaa.jpg
91X365t1CsL,2004,2004,0d/0d93af4b.jpg
91XNHQ3aNzL,1484,2560,0d/0d05d507.jpg
91XNIfKVpgL,2560,2560,0d/0d4ed53f.jpg
91Y87euc3xL,2560,2560,0d/0d576ac6.jpg
91Yob3DWk+L,2560,1616,0d/0dcf9c0e.jpg
91ZPpwvnI5L,2038,2560,0d/0db56b49.jpg
91ZPxPDUgtL,2560,2560,0d/0d0feff1.jpg
91ZhoWFtB5L,1930,2560,0d/0d6920c0.jpg
91aCXI0p1iL,2048,2560,0d/0dff856e.jpg
91aKwejLVuL,1153,2560,0d/0d043678.jpg
91acXxnJX-L,2262,2262,0d/0d2c9b9b.jpg
91b4dnDbPFL,2560,2560,0d/0d4463f3.jpg
91cH0+9wwML,2560,2560,0d/0dfe12a4.jpg
91cdsjAmX8L,2298,2298,0d/0de9e8b0.jpg
91djBKRGvzL,1777,1777,0d/0d46dfbe.jpg
91dm6OmKrFL,2560,2560,0d/0d6a6bdd.jpg
91fjCmiYLRL,2560,2548,0d/0d8e0ff1.jpg
91h-7uPIgPL,2200,1879,0d/0d02ff7d.jpg
91hGYReTKzL,2560,2192,0d/0d7f1924.jpg
91hL5x-Hm9L,2560,2560,0d/0dddce0f.jpg
91hpBZM1wIL,2560,1395,0d/0d703d11.jpg
91i0ITC-TdL,2560,2560,0d/0df4081c.jpg
91iO5Aiov3L,2500,2000,0d/0d85b456.jpg
91iUU0-wCkL,2560,2560,0d/0d6e32ee.jpg
91inLiIeN3L,2310,2310,0d/0dc5cad6.jpg
91ixvVTd2QL,1614,1614,0d/0de449aa.jpg
91jQkYsPDfL,2560,2364,0d/0db73980.jpg
91lamvXuBpL,2560,2560,0d/0d265b92.jpg
91llViH-pzL,2560,1969,0d/0dde4a20.jpg
91mpjywaAgL,2560,2297,0d/0da1c601.jpg
91nNiTq0GPL,1707,2560,0d/0d5354ca.jpg
91naq1WGtuL,2560,2560,0d/0de09c37.jpg
91nvvlXcJuL,2560,1787,0d/0d57954e.jpg
91oQl8KdQFL,2560,1861,0d/0dd55295.jpg
91oikplDU8L,2000,2000,0d/0d664a10.jpg
91omfczZagL,2560,2560,0d/0d61f263.jpg
91pJS-hsI4L,2560,2560,0d/0d0f97a2.jpg
91pNixdYYnL,1832,2560,0d/0d079e54.jpg
91plM-2tQ8L,1342,2560,0d/0d2b37a0.jpg
91pm2VadQ6L,2560,1906,0d/0d607f4d.jpg
91qYpSDmS9L,2560,2560,0d/0dc78105.jpg
91qrGNSPDjL,2560,2560,0d/0dee7e00.jpg
91rIHkUXl6L,2560,2560,0d/0d26976d.jpg
91rd3l6zuXL,2560,2560,0d/0d2e6431.jpg
91s73JmC3nL,2534,2560,0d/0d89be2e.jpg
91sEsyp0WnL,2560,2204,0d/0db56492.jpg
91sJSD60E-L,2560,2560,0d/0d487d51.jpg
91stnRSjK9L,2560,1617,0d/0d9a90a7.jpg
91uA7E+q0rL,1780,1989,0d/0d2cd134.jpg
91ueTJafawL,2560,1581,0d/0dbc66da.jpg
91uxpnIQf-L,1920,2560,0d/0dfee574.jpg
91uyhMd9QJL,2560,2559,0d/0ddb5c4a.jpg
91vCipBSMkL,1775,2560,0d/0d8ed920.jpg
91vk83gubZL,2560,2560,0d/0d072ebf.jpg
91vo63DngDL,1828,2560,0d/0d84df6e.jpg
91vofjy3gzL,2560,2560,0d/0de5ba10.jpg
91wUL2l87yL,1346,2560,0d/0df3ddbe.jpg
91wXCZKaf8L,2560,2560,0d/0d6262d2.jpg
91wZZU1kapL,2560,2230,0d/0d310e38.jpg
91wg9Pnzi7L,2034,2560,0d/0dbfa269.jpg
91xVUzCKLpL,2560,2560,0d/0d6c7608.jpg
A1+2xM2DaXL,2560,2560,0d/0d28db76.jpg
A1-kAJ5ue4L,2560,2560,0d/0d707652.jpg
A10MOtWvyDL,1614,1959,0d/0d466feb.jpg
A111R+An7bL,2234,2560,0d/0da4c776.jpg
A11i10fuKfL,2560,2560,0d/0dff2912.jpg
A12fE7Ak87L,2560,2560,0d/0dd4b536.jpg
A148cr9CtIL,2560,2560,0d/0d507001.jpg
A15lr7NftvL,2560,2560,0d/0db2d3e7.jpg
A188EHQUNfL,2487,2560,0d/0d17c001.jpg
A18w9gqnoPL,2560,2560,0d/0d3e7a02.jpg
A1CVK2Vb79L,2560,1969,0d/0db7ebed.jpg
A1Edhpp3cOL,2560,2560,0d/0d74cdca.jpg
A1Er7G2hoQL,2557,2560,0d/0d4e901f.jpg
A1FJdKQ+k0L,2560,2560,0d/0d94514c.jpg
A1Fblw8nYVL,2560,2560,0d/0d5c03bf.jpg
A1Fy8eX-mXL,2560,1969,0d/0de6ef71.jpg
A1GmfzxLezL,2560,2560,0d/0d3fdd33.jpg
A1HWVme0VGL,2560,2560,0d/0da8b5c2.jpg
A1HhL0mjVpL,2560,1604,0d/0d992986.jpg
A1HtUrb0CFL,2560,2560,0d/0d24282d.jpg
A1ILUPulyoL,2560,2560,0d/0dbc6737.jpg
A1IXVGq+wAL,2560,2560,0d/0d677588.jpg
A1K0Gu2cI7L,2560,2560,0d/0d3dd4e2.jpg
A1Lp55CsBML,2560,2560,0d/0db63a92.jpg
A1NBunkXinL,2560,1725,0d/0dbdaf61.jpg
A1NMw9B2moL,2560,2559,0d/0d2b1570.jpg
A1PkgyRbvnL,2560,2560,0d/0d27c16e.jpg
A1QhaaCHtgL,2560,2560,0d/0df8eb38.jpg
A1RQ6Bv578L,2560,2560,0d/0d29ff67.jpg
A1UvkRS4SdL,2560,2482,0d/0def017e.jpg
A1VBNWqYrrL,2127,2127,0d/0da795c9.jpg
A1VVrs+yeVL,2560,2560,0d/0db6ae97.jpg
A1WFBH3fXcL,2560,2055,0d/0d133b60.jpg
A1WibvqvbjL,2560,2557,0d/0dc09e51.jpg
A1Z8TnryBYL,2560,1969,0d/0d659cc5.jpg
A1ZVTinnQJL,2362,2370,0d/0d7fdbaa.jpg
A1alE-ogg1L,2560,2560,0d/0dca6aea.jpg
A1auMMwr3yL,2560,2560,0d/0d0e12f6.jpg
A1cUJdm5gtL,2560,2560,0d/0d91dd88.jpg
A1fVlLegm5L,2560,2560,0d/0ded8162.jpg
A1fsvdcmh2L,2560,2560,0d/0db83d1b.jpg
A1hEfPv2rhL,2560,2560,0d/0d797668.jpg
A1hrm1jp0gL,2560,1820,0d/0d1e607c.jpg
A1kXGjXb+kL,2287,2560,0d/0d5a1952.jpg
A1kkWwQyv7L,2560,2560,0d/0d99848f.jpg
A1kwIMNZJoL,2560,2560,0d/0d68c5b7.jpg
A1lLXgpk1aL,2560,2560,0d/0d306ffe.jpg
A1nMTZHyyVL,2560,2560,0d/0d05b1db.jpg
A1nYTCp9+NL,2560,2560,0d/0d61db3c.jpg
A1nrqQntZRL,2560,2560,0d/0dae0881.jpg
A1phuRF2vxL,2560,2560,0d/0db0b980.jpg
A1qAO2J5uXL,2560,2482,0d/0dde3bad.jpg
A1tT6z-CcQL,2560,2560,0d/0da899e5.jpg
A1un-9KPO0L,2500,2500,0d/0d48e653.jpg
A1up4MNleyL,2560,2560,0d/0df1ef01.jpg
A1vRZAPF8eL,2560,2560,0d/0df07160.jpg
A1zECAn2mXL,2560,2560,0d/0dc8bb97.jpg
B16i00twNSS,2559,2560,0d/0d98e151.jpg
B1FMnm1l23S,2560,2560,0d/0d3fb0aa.jpg
B1HXfPQyXTS,2560,2560,0d/0d979bbb.jpg
B1HoRDcbRVS,2560,2560,0d/0d43885a.jpg
B1TANYaks-S,2560,2560,0d/0d60adc9.jpg
B1Xd2YHNWZS,2560,2560,0d/0d6aa2a0.jpg
