211DL+SlpmL,500,375,02/02608462.jpg
21HX1gCKIXL,500,375,02/022e5f74.jpg
21MDFTPRXcL,500,375,02/02419305.jpg
21d5SpQ-VDL,500,375,02/02e8f979.jpg
21hFCSGcOiL,500,375,02/028bbfc9.jpg
21kRFSAbvrL,500,375,02/029db440.jpg
21kYnwD7oUL,500,375,02/0224d86d.jpg
21vFi-OUkmL,500,375,02/0258456a.jpg
31+Byv7bw5L,413,500,02/021a41b3.jpg
31Ipcq1FMuL,500,500,02/02cddbd6.jpg
31IvT4YZj6L,500,375,02/02f6e2e9.jpg
31KFul1kGUL,500,375,02/022efa2a.jpg
31MT+9jXJHL,500,375,02/02b13f94.jpg
31NVBuGqmsL,500,375,02/02e20cea.jpg
31UP9G9RsQL,500,500,02/021a9f6b.jpg
31UPTknqu1L,101,500,02/02bbc4d1.jpg
31Vzp0QxUoL,382,500,02/026c0987.jpg
31XJIJ7dGTL,500,500,02/02a77de8.jpg
31Yow37sR5L,500,375,02/02c9031d.jpg
31bGtR7AefL,500,375,02/02e09d1d.jpg
31bVqg5BCEL,500,375,02/02f54c24.jpg
31c4I3KOfnL,376,500,02/02e20cdb.jpg
31dMw9+ZO1L,500,500,02/026b2d4f.jpg
31eTQQFwDtL,500,500,02/02fe6987.jpg
31fbcdwpMgL,500,375,02/02232842.jpg
31iOoakcc4L,500,375,02/02d1a594.jpg
31p3O6KE5gL,37,500,02/02fd9711.jpg
31tqwMdnuYL,69,500,02/02401594.jpg
31zoLKPNkwL,500,500,02/0235c190.jpg
41+6KvoxPuL,1000,750,02/02f687b8.jpg
411dfz19SLL,110,500,02/02530941.jpg
4148VHIzTxL,1001,1001,02/020d60db.jpg
4156kx+auKL,433,500,02/0248a626.jpg
416v+oLn5CL,500,375,02/02f7d430.jpg
418VW7ZM0XL,281,500,02/02ca3f8d.jpg
4196WBB6H0L,410,500,02/02de7ebe.jpg
41CCA8lOenL,1000,1000,02/0296fc3b.jpg
41CUcl5xaML,500,500,02/02c4aa96.jpg
41CZuW0y9qL,500,500,02/02013a90.jpg
41Dd+8QXwLL,1000,204,02/02e9d065.jpg
41EXsF1le1L,220,1166,02/024f06ec.jpg
41F5tEZYjBL,1200,1200,02/025b180e.jpg
41FQFVKGNSL,358,500,02/0261a533.jpg
41GUmMYwoTL,1050,1050,02/02f4a02a.jpg
41IdpJUwfqL,239,500,02/02302bca.jpg
41NhRj5lm2L,500,500,02/02789bee.jpg
41NkjbDUYBL,1000,1000,02/027b7187.jpg
41SNYk7udXL,1000,1000,02/021dd800.jpg
41SlGT-oLlL,500,500,02/02acc694.jpg
41XcUrXVBNL,1200,1200,02/025641a8.jpg
41c79lIVL2L,1000,608,02/02bcc693.jpg
41dO-qYj-FL,1000,1000,02/02ee11d3.jpg
41hCPWP6JaL,1000,160,02/02cf7e29.jpg
41hh01+3OTL,1000,1000,02/02cd2633.jpg
41mK8gAIbtL,335,500,02/022d72eb.jpg
41meIa7mJbL,500,500,02/027c2974.jpg
41pk3IEz8IL,1000,1000,02/029bf8d1.jpg
41qKWYATGbL,1000,1000,02/0289c23d.jpg
41qiq-L4M2L,1000,1000,02/02345564.jpg
41tjn6cXWyL,1000,1000,02/028b1fcf.jpg
51+8HnYnPOL,1200,1200,02/02fc0669.jpg
51+IMZN1S4L,1300,1300,02/02c2cb43.jpg
51+WK9YZb3L,1000,1000,02/02301615.jpg
51+tDlDkt2L,2560,747,02/0266a981.jpg
51-5VcoVlxL,344,1500,02/029dbd6c.jpg
51-SuG8R4BL,1115,992,02/026120d3.jpg
51-hLLJ8uyL,651,2560,02/021118f9.jpg
51-pnzzGieL,1000,322,02/02386e5d.jpg
5102oDt3YhL,1000,1000,02/02e13963.jpg
510rGRaQdpL,1140,1140,02/020ccf80.jpg
511fj4qgBKL,1000,1000,02/02b67714.jpg
511ozhzlq0L,1200,1200,02/029fb661.jpg
512ColTxh4L,1500,1500,02/02bcef4c.jpg
512KDCOEDQL,490,500,02/02beddef.jpg
513sJaP-XWL,1589,1589,02/0266f15c.jpg
514JT4a0eOL,761,2008,02/0248bd90.jpg
516+SQLzz-L,900,1200,02/02dec1c7.jpg
516-YOg2RDL,1000,1000,02/0235291f.jpg
516Xb1cKsfL,1000,1000,02/02231095.jpg
516vxpEEEbL,371,500,02/02274980.jpg
518tYt1GqpL,1000,1000,02/02d67e02.jpg
519Aba3K3ZL,1381,707,02/02420d64.jpg
519eoAnOe4L,1160,1160,02/023420e1.jpg
51A3IAXum6L,1200,1200,02/02cd2cb6.jpg
51CHZAF055L,432,500,02/0254c05b.jpg
51CS2Z9TKRL,1000,1000,02/0247c779.jpg
51D7vWxb45L,1200,1200,02/02c1e0a4.jpg
51DIgM7yshL,1000,1000,02/02364d9a.jpg
51DQHK975pL,486,500,02/0222e283.jpg
51DRJmwHKmL,1000,1000,02/02952bc5.jpg
51ETCGg8qcL,1000,1200,02/02552197.jpg
51GT6zZLl6L,683,1024,02/0225e29b.jpg
51Gx0hey2kL,1000,1000,02/02c5cb82.jpg
51HefJkUtvL,637,1247,02/029a553f.jpg
51HkDmN0v2L,1100,1100,02/02d54450.jpg
51HsU0PlIGL,1000,1000,02/02d5e238.jpg
51IrLins2EL,1001,1000,02/02f6e6fd.jpg
51K4E+kT9-L,1020,1020,02/023a9cbb.jpg
51KB6R7lV7L,335,1607,02/024fad55.jpg
51KSCQOjb-L,1100,1100,02/022c8d93.jpg
51Kl9J46VuL,1000,803,02/02469495.jpg
51LXOQWrDLL,1444,755,02/02fe3872.jpg
51LkQZ2xU4L,1000,1000,02/020feb37.jpg
51LluJMVrUL,1000,1000,02/0282e830.jpg
51LpMt6tBuL,1000,1000,02/02043ad9.jpg
51LpcNdbqyL,683,1024,02/0200e7d7.jpg
51LuUAKWTBL,1000,1000,02/02299ad4.jpg
51Mb+E-BwRL,1200,1200,02/02b2d7ee.jpg
51Mz1ZtfLTL,1200,1200,02/0241b678.jpg
51Nq2bANxKL,1000,1000,02/0297c215.jpg
51Nx6WhwafL,1000,1000,02/020d9145.jpg
51Nz9HS5JPL,1200,1200,02/0258c8b3.jpg
51OSHA9s8OL,1000,1000,02/022320e0.jpg
51OrZMptbVL,1500,1500,02/02a501b6.jpg
51PQRs5mUlL,588,1586,02/02f04492.jpg
51R8AkJ7ACL,1000,1000,02/02f8e4e6.jpg
51SPi+fGZzL,1000,1000,02/02a51d07.jpg
51TNQ8C2fHL,1000,1000,02/025dfa35.jpg
51TWx0Q939L,1000,1000,02/0265f84d.jpg
51TmNmAa14L,326,1000,02/02c94ddc.jpg
51V9S-m4sfL,374,500,02/02371ae2.jpg
51VFMhitVdL,1000,1499,02/022dc1ee.jpg
51VUMvajPcL,1000,1000,02/025ff135.jpg
51VWgqYQ7yL,1000,1000,02/027d1734.jpg
51WNGbMvRTL,393,500,02/024687a0.jpg
51XH9j4GTgL,1500,1500,02/028789e1.jpg
51XUILSpDgL,295,500,02/02afcbd2.jpg
51Xd3oyez0L,1200,900,02/024ce260.jpg
51ZVneSIp0L,1000,1000,02/0235a3f9.jpg
51al83LRrpL,1200,1200,02/02351939.jpg
51bGbjO1wEL,1442,1442,02/025f4d37.jpg
51bkADk-JyL,399,500,02/020b8e66.jpg
51br-Z6FizL,1000,1000,02/0214d6ff.jpg
51dDaZxQsgL,375,500,02/029cc409.jpg
51emHF9ZXrL,751,1000,02/023fc951.jpg
51fQLllQV0L,1000,1000,02/02156f6b.jpg
51g4qa1+6pL,1001,1001,02/020f0ad7.jpg
51gu+LYBuTL,1000,1000,02/020e0696.jpg
51hit5gU7DL,1200,1200,02/028e8ba4.jpg
51it0E7McvL,1300,1300,02/02ecfe4c.jpg
51jOXa4eWsL,1000,1000,02/02e6a5cf.jpg
51kCRnQB-tL,1000,1000,02/020e4eb8.jpg
51mqLkKPSXL,1000,1000,02/0268c9fe.jpg
51mrt0dFNEL,904,1614,02/025402b2.jpg
51orMEPzXAL,1519,1519,02/025f14af.jpg
51pjaXMJJrL,1000,1000,02/02deea9b.jpg
51pttlLT2oL,1000,1000,02/027457d4.jpg
51pw5BHw9SL,1128,1128,02/02093020.jpg
51qA2E4C8yL,500,281,02/02642c27.jpg
51qXm61y77L,1444,755,02/02c5726f.jpg
51qm5-R25eL,1500,1500,02/02221928.jpg
51retY9AHLL,1100,1100,02/027bb92f.jpg
51rln-YiV5L,1000,1000,02/0211e820.jpg
51s-C9KNMNL,1444,755,02/02592d7c.jpg
51soJCsBRGL,1137,1137,02/0239903c.jpg
51tq7FN8cPL,1444,755,02/02be5e0d.jpg
51uNmSma8WL,516,1821,02/022e1ce3.jpg
51uVA5m2DcL,885,1257,02/0236881f.jpg
51uz95-YvLL,1300,1300,02/022f7293.jpg
51vFotbj0xL,1001,1001,02/024a536a.jpg
51wv8tM1laL,1000,1000,02/02c5c835.jpg
51x7Sse2aoL,1200,1200,02/024b9b09.jpg
51xZd36501L,1000,1000,02/028eabc5.jpg
51xxESRtYcL,1000,1000,02/02f1d896.jpg
51yD-l4KLTL,272,500,02/0240ba2a.jpg
51yp0auAvJL,1000,1000,02/023bc766.jpg
61+G4v1nHbL,1315,1239,02/02be6dc7.jpg
61+WnH8sZnL,1775,1775,02/02b94f28.jpg
61+XdoAfRWL,1000,1000,02/02586455.jpg
61+ZKd90uOL,1000,1001,02/02509b33.jpg
61+cG09ou0L,1000,1000,02/02e2a4af.jpg
61+ubqf7r5L,1100,1100,02/028c88c4.jpg
61-73ttyN6L,1316,1308,02/0249bd82.jpg
61-HXAcG+9L,2560,2560,02/022f8296.jpg
610+vKnD83L,1000,1000,02/025687a2.jpg
61046zWgd1L,1500,1500,02/02b4be3d.jpg
6107-n83ULL,1056,1056,02/0266f0b7.jpg
610RNIZGKzL,2000,2000,02/02d54787.jpg
610RicwLB7L,1444,755,02/02eab2fb.jpg
610YJigKhUL,2200,1879,02/02f26ccc.jpg
610jNfUHtBL,1000,1000,02/0213f81b.jpg
610s8eQ-1cL,1997,1997,02/02dac58e.jpg
610sS07TTYL,1213,1000,02/02c9ff63.jpg
611J9c2uLLL,715,1920,02/02aa3638.jpg
611NTIcNcOL,2200,1879,02/02a10004.jpg
611Ql8RWlKL,1500,1500,02/02e17632.jpg
611itPNOR2L,1444,755,02/02571752.jpg
611kUn8Z7tL,2445,859,02/02056578.jpg
6121pD4-wKL,1000,1000,02/020f4867.jpg
612NZ5omA4L,2200,1879,02/0200fa54.jpg
612Seb-JlcL,1000,1000,02/021c188d.jpg
612eeAJmO6L,1100,1100,02/026cccb0.jpg
613+ICgkZfL,1000,566,02/0228b768.jpg
613-dd81W-L,1000,1000,02/02d74497.jpg
613qi18HIvL,1623,1623,02/02aae568.jpg
613sXiXPZPL,2200,1879,02/02ddd516.jpg
613unK17cQL,1815,1815,02/02aecf6e.jpg
61488F0IJUL,2160,2160,02/0207120a.jpg
614mpYz-K0L,1500,1500,02/022cfcea.jpg
614u0uaRoxL,1807,1752,02/0236b8eb.jpg
615OM49wxwL,1625,850,02/02bf4fc2.jpg
616EqnseAcL,2550,1697,02/02b2fd2a.jpg
616ODKpVmAL,1500,1200,02/02d70616.jpg
616Xzjgs2uS,365,2500,02/02025603.jpg
616ZxmVByHL,1444,755,02/0270b820.jpg
617+xNlKL-L,1444,755,02/025e2e06.jpg
61707rS350L,1000,1000,02/020762a6.jpg
6177UMIJvpL,1000,1000,02/02f53fce.jpg
617aOnZD2wL,1500,1500,02/0282bd5b.jpg
617coNnu4VL,1010,1010,02/02f4c7d7.jpg
617zoQpJcQL,984,1668,02/02bfbc05.jpg
6184SpyR+UL,601,1727,02/02c7a6be.jpg
618D1uOIJRL,2560,2560,02/028155b8.jpg
618LdmfvJLL,941,1260,02/027db150.jpg
618V+iV3seL,1478,2218,02/0253a5c2.jpg
618VNuRcvkL,1000,1000,02/02693702.jpg
618W4X7CkXL,2000,2000,02/0251c6e6.jpg
618WoW4FYHL,992,1050,02/02e1059a.jpg
618bY7ktV1L,840,2149,02/02154fd0.jpg
618kq5-eklL,1000,1000,02/02cb2892.jpg
618rJL73S8L,1602,1056,02/022baada.jpg
6195lLA6VbL,2200,1879,02/02714b04.jpg
619F3f8xz9L,1500,1500,02/02edf724.jpg
619HSA6onPL,2454,1610,02/02318f15.jpg
619c3rdaR0L,1000,1000,02/02eb6e65.jpg
619mj52vOnL,2200,1879,02/02a18025.jpg
61AWsKOEEQL,2560,1099,02/02249263.jpg
61Ab2-RwfRL,2200,1879,02/02481f7f.jpg
61AfWohzldL,1001,1001,02/021751e3.jpg
61Aun8Xrv1L,2200,1879,02/02fb678d.jpg
61B8MUnRdmL,1539,1505,02/0240e341.jpg
61Ba0cELSqL,1625,850,02/026e9bc3.jpg
61Bxt0XCsEL,1444,755,02/026904c4.jpg
61CJtbLE3ZL,2200,1879,02/02221934.jpg
61CNuVMKnQL,1757,1757,02/02d8ef13.jpg
61CbqJ+HvkL,2560,2560,02/02afe85c.jpg
61Cy+Lpma-L,1802,1802,02/028ddf31.jpg
61Cz-oaARuL,1001,1001,02/02be01df.jpg
61D-p9MgQIL,970,2560,02/02f7f289.jpg
61D03XP8aSL,1024,1024,02/02c792ef.jpg
61D30IYy5SL,1435,533,02/02bc3189.jpg
61D8ptCW8gL,1000,963,02/02e1432c.jpg
61DUFiaz+CL,1315,1239,02/024d4a0e.jpg
61DjvM0+EXL,2012,873,02/0232923a.jpg
61E5EWYUzKL,1200,1200,02/029ff242.jpg
61EEvgP6ErL,1200,1200,02/02bfe8ba.jpg
61EFiAgXRKL,1604,1454,02/02e7d842.jpg
61EMdKrwHjL,1000,1000,02/0202f458.jpg
61EN4kQdxkL,1444,755,02/0212b901.jpg
61ES+VE6DmL,1000,1000,02/0207c239.jpg
61ErrZjxNVL,1000,1000,02/02cf00bf.jpg
61EyIdZHbAL,2560,1797,02/02891d3e.jpg
61FRCEnytLL,1200,1200,02/02f9bd3f.jpg
61G0H3mjJxL,2200,1879,02/0299d22f.jpg
61GAgHZejCL,323,2560,02/0250a1be.jpg
61GGTqgfx5L,2200,1879,02/029a08ca.jpg
61GLKfhRcfL,1080,1410,02/02d8a9f8.jpg
61GysDmCGjL,2560,573,02/027083ec.jpg
61HD0XDa+oL,1444,755,02/02be5715.jpg
61HDWHWr4UL,1833,943,02/0283fe6c.jpg
61HRKZWNnLL,1212,1000,02/02190666.jpg
61HYKIbWsvL,2560,1709,02/02ac5f7b.jpg
61Hkonx3W1L,1000,1000,02/024add0d.jpg
61Hz8xuW8fL,1500,1500,02/0206ad71.jpg
61I5tNxTdyL,342,2560,02/02fb4412.jpg
61IASG4JkML,1625,850,02/02917d17.jpg
61IJGVhaDJL,1365,2048,02/02a3c9cc.jpg
61Ip9QCdYZL,1500,1500,02/02fedd89.jpg
61JW3lTdh1L,1200,1464,02/024e5eaa.jpg
61Jbft9MxhL,1707,2560,02/02f56c51.jpg
61JbnpZQSqL,2560,682,02/02cd03b1.jpg
61JdO1j5YqL,1000,1000,02/0276a8f8.jpg
61Jpyqgcs7L,1500,1500,02/02225bfc.jpg
61Jx5snOmnL,2200,1879,02/029016a7.jpg
61K5AzCr7LL,1500,1500,02/02a6eb75.jpg
61KFVeoxOCL,1000,1000,02/02249697.jpg
61KkzCdS-kL,1444,755,02/02f1a37a.jpg
61L3ncv+vwL,1001,1001,02/0272cade.jpg
61LKKk-1LaL,1500,1500,02/020060fe.jpg
61LdoDzrwML,1000,1000,02/02d69e24.jpg
61LhJcSnw5L,1000,1000,02/02692429.jpg
61LkBDl18RL,1200,1200,02/02a182a3.jpg
61LqohuffQL,2160,2160,02/02da72cd.jpg
61M1KoqZ9UL,2560,820,02/021f8286.jpg
61M1w+LzdsL,2200,1879,02/026a519a.jpg
61M96XMY2TL,1000,1000,02/02511365.jpg
61MBsvIECkL,2200,1879,02/0255e27e.jpg
61MvdbtwDeL,1000,1000,02/02d3fd1a.jpg
61N8bGVKMIL,2560,827,02/02872c8d.jpg
61N9oGHec9L,686,1050,02/0200c215.jpg
61NMS8yvVqL,1000,1000,02/0296dcef.jpg
61NdXTNzykL,1315,1239,02/025105d9.jpg
61NgFjtOzgL,1000,1000,02/02b6a9d8.jpg
61NoJz9IqvL,2200,1879,02/02b06daf.jpg
61OGICqkPFL,2560,1809,02/028759fa.jpg
61OJ8v5YGdL,2200,1879,02/02278941.jpg
61OM6++qnVL,2000,2000,02/025f531f.jpg
61OQQLF5r-L,600,1000,02/0262f829.jpg
61OSa2dKJkL,1444,755,02/0299225a.jpg
61P14CHlTOL,1000,1000,02/02de232c.jpg
61P3eFshHYL,1500,1500,02/023c4d6a.jpg
61PhrgEOtKL,1200,1200,02/0252df93.jpg
61PjvipfNfL,2200,1879,02/0257d665.jpg
61PkwTrJcNL,1200,1200,02/02b8af50.jpg
61PlXhW9VbL,942,2449,02/02dfa34f.jpg
61PthCLpCGL,1000,1000,02/02c7d029.jpg
61Pyw-ZAlAL,1316,1308,02/02cc9246.jpg
61QXy2sh+bL,1444,755,02/0298f6c5.jpg
61Qp582GvWL,1000,1000,02/022de629.jpg
61Quwch9lbL,1687,1384,02/02a6ec66.jpg
61QwxHMc7GL,1625,1625,02/0212e8e1.jpg
61R7rGBn8tL,1384,1964,02/0223eb4c.jpg
61RHTI03UZL,1920,2560,02/027c6d26.jpg
61Rj208kMlL,1100,1100,02/02c89fdd.jpg
61Rje8P7ItL,1100,1100,02/024a5a59.jpg
61RlIdrjcxL,1540,1540,02/023c4edf.jpg
61Rse1aohXL,2200,1879,02/02feaf69.jpg
61RyKquc4UL,2000,2000,02/02dc86cc.jpg
61RzkPEJ+EL,1200,1200,02/028d44b1.jpg
61SIhejnseL,1100,1100,02/02b14aa3.jpg
61SKv8ZdaZL,2000,2000,02/02855818.jpg
61Svws+LfLL,1315,1239,02/024310eb.jpg
61Sw5CSujcL,1444,755,02/02c68711.jpg
61THk1wkZcL,1240,1240,02/02514855.jpg
61TQwCywq9L,1600,1600,02/029a6adc.jpg
61TmLVg-SUL,1000,1000,02/02364db1.jpg
61UNgW0ualL,1000,1000,02/023b739e.jpg
61UO4WJXrIL,2000,2000,02/026be2f0.jpg
61Uja6bQhRL,2104,2104,02/0293e021.jpg
61UqxCURzhL,924,2560,02/02c9847a.jpg
61UrI8Kc3iL,2560,896,02/0211d52d.jpg
61V5Nnmoe8L,1000,1000,02/02cb8d13.jpg
61V6aD0O3BL,1000,1000,02/021032bc.jpg
61VFYkkREIL,1000,1000,02/02f6b2a6.jpg
61Vj5BoQYtL,2200,1879,02/020a4e4e.jpg
61VytIcXsBL,1200,1200,02/02a69135.jpg
61WWhm1TD1L,1000,1000,02/02c86569.jpg
61WdX9s6pLL,1500,1500,02/025aae46.jpg
61Wj6hc9T5L,1000,789,02/028aca3f.jpg
61X0D2pIfQL,1444,755,02/02892619.jpg
61XF94kMD6L,1721,782,02/02b90277.jpg
61XL97xYolL,1200,1200,02/02b94f0f.jpg
61XQ7PoBYqL,2560,1739,02/02453983.jpg
61XfM53STAL,1000,382,02/02071c71.jpg
61YUdqqrysL,1001,1001,02/02e8f6f5.jpg
61YXxjqjpsL,1229,1229,02/02efa91f.jpg
61YmfU0jEWL,2560,858,02/0206a20c.jpg
61Z4j892iML,1000,1000,02/02d5cc93.jpg
61ZJWvsBhpL,1100,1100,02/02a26c71.jpg
61ZZvTAiUML,1316,1308,02/0220676f.jpg
61ZqtkIyYVL,1600,1600,02/02cf459c.jpg
61Zv3tRHH1L,1001,1001,02/02b4394c.jpg
61a7lLOT5PL,1080,1410,02/0248f846.jpg
61aO+vyqNkL,1117,1203,02/023ea2f8.jpg
61aT0faQt-L,1000,1000,02/02167a1d.jpg
61accbJzTDL,1444,755,02/02363b17.jpg
61adrS+d6QL,737,1605,02/025306d0.jpg
61aick-+pFL,2000,2000,02/0251833c.jpg
61an1UclwjL,1444,755,02/02d2dce5.jpg
61apJI49wkL,1675,2499,02/028a3cc4.jpg
61bD4aFr9ML,1920,2560,02/026b8734.jpg
61bHN9-c98L,2560,1952,02/02ff7d09.jpg
61bJ5jUdyaL,2200,1879,02/02176ebf.jpg
61bPKUbqShL,1500,1000,02/028bfed0.jpg
61bSB0k9gNL,1000,1000,02/021862d6.jpg
61bsLf-3E3L,565,1000,02/02855364.jpg
61bvrq09N3L,2560,1698,02/02e374b6.jpg
61c+WOiz6wL,1000,1000,02/0250de2b.jpg
61cCEj+FwOL,1627,1363,02/021be97c.jpg
61cOA-K6wFL,1486,2560,02/02014d63.jpg
61cPVeoxicL,1000,1000,02/021a1700.jpg
61cp5XtbOxL,1444,755,02/02f3df5a.jpg
61cphhhxb0L,1000,1000,02/02aa4c39.jpg
61d5R5ASU-L,787,1500,02/024b0999.jpg
61d65FVBLyL,2274,2002,02/0286e7bd.jpg
61d8OACwJUL,1677,1677,02/0269280a.jpg
61dIhv-v6NL,2200,1879,02/02377c61.jpg
61dKDNedXqL,1100,1100,02/02fab91e.jpg
61e-9ZEGd1L,1100,1100,02/02a10c19.jpg
61eeLJmbsPL,2200,1879,02/02266560.jpg
61ekyf5lxbL,2200,1879,02/02467f36.jpg
61f5kVbCX1L,1100,1100,02/02b7295f.jpg
61f8zfsUqVL,2200,1879,02/027dedca.jpg
61fJY5VKxjL,1200,1200,02/025a4a71.jpg
61gHxkzZg7L,2200,1879,02/0281b90e.jpg
61gPQHYqhZL,1316,1308,02/02c77d1e.jpg
61ghIw9zFbL,2200,1879,02/02ce0d25.jpg
61h-tIhn+mL,1500,1500,02/028fc651.jpg
61h8LwAbDCL,1000,560,02/029b8ffe.jpg
61hOwt89-oL,1000,1000,02/02a0904b.jpg
61hYiNrqTaL,995,1500,02/0204b46a.jpg
61he2Y4sAlL,2200,1879,02/028f26a4.jpg
61hiDIh8tgL,1315,1239,02/02a938d9.jpg
61htKCnijvL,1444,755,02/02f4bab3.jpg
61hw8LneRrL,1000,1000,02/0240bfd7.jpg
61hyxkKYV4L,1000,1000,02/02e34df8.jpg
61hzuNufi6L,1315,1239,02/028eaa1f.jpg
61i0yxaM+SL,1000,1000,02/02d611c6.jpg
61i6RZ2z4UL,1000,1000,02/02b8d4fc.jpg
61iP7Dee7aL,2200,1879,02/0201a71b.jpg
61iXCLDi4KL,2000,2000,02/020bcd76.jpg
61ii5+FZRPL,1500,1500,02/02f72e76.jpg
61ipIOX2nuL,1001,1001,02/02469888.jpg
61itSn4EFuL,1479,2560,02/02198305.jpg
61iydL--JEL,483,2158,02/0295a2fe.jpg
61j804Jlo5L,1000,1000,02/02ecc0a6.jpg
61jCAO4uJYL,1000,911,02/0203f35e.jpg
61jIXGdKwkL,1000,1001,02/023433bf.jpg
61jR5Rh2cWL,1316,1308,02/02d25ec0.jpg
61jVZ5MjH8L,865,2353,02/02d3d52f.jpg
61jzVaWiScL,1500,1500,02/020f3c21.jpg
61jzYad3C0L,1000,1000,02/022a2375.jpg
61k+K+U5RtL,2267,2267,02/0260b1bd.jpg
61kACT4ReJL,1000,689,02/02163824.jpg
61kBtOJBgdL,1000,1000,02/0216bb41.jpg
61l3vjoxGPL,1316,1308,02/02afe792.jpg
61lKD3OiixL,1477,2466,02/02d69f83.jpg
61lKX+a6gHL,1000,1000,02/02cd0b06.jpg
61lR4yhW7fL,2200,1879,02/0239e4ae.jpg
61lpAma67yL,1005,1005,02/02bb170c.jpg
61mAKoLwvAL,1000,1000,02/023ce3c4.jpg
61mKul2qGnL,1316,1308,02/02884737.jpg
61mNLz+ioIL,1000,1000,02/02dea136.jpg
61mfWLbnAlL,1001,1001,02/02255ea4.jpg
61mhesK7DrL,1068,1000,02/026a332d.jpg
61mmvMV10RL,2000,2000,02/02d4cba2.jpg
61n+dpjP0zL,1343,1045,02/02f7be03.jpg
61n0LWg4+6L,2560,1913,02/0290ef03.jpg
61n1xNh0WkL,2200,1879,02/0299e534.jpg
61nLsE2STIL,2560,1939,02/02349f3c.jpg
61nW2lNN1QL,1500,1500,02/02c94a76.jpg
61nwZ6OBt+L,1000,1000,02/020cdef8.jpg
61o1ngl78nL,2560,1204,02/02e2c304.jpg
61oJ+t0yO0L,1473,1473,02/02f74434.jpg
61p2j2dIZzL,1315,1239,02/02c34d8f.jpg
61pZ6FNekJL,1444,755,02/025d3d7e.jpg
61pyQ3DH8EL,2200,1879,02/02f7bd80.jpg
61qUWWkk0OL,2560,2560,02/02ab5c9c.jpg
61qkfjurRoL,1000,1000,02/0233a907.jpg
61qo6cUNqAL,1500,1500,02/02fd0f09.jpg
61qsCq678ZL,1000,1000,02/02863eaa.jpg
61qvgOMhQsL,1585,1054,02/021c06ef.jpg
61r0MfahsnL,2560,2560,02/0216b541.jpg
61rQ8CHY7FL,2560,1722,02/02b7dc06.jpg
61rU7THb3XL,1627,1627,02/026e0c81.jpg
61rUdDBBqhL,1000,1000,02/02a93eb9.jpg
61rh09BeoRL,1001,1001,02/02ca6b31.jpg
61s4Q8phS5L,1315,1239,02/02adc9fe.jpg
61sKClAV+ZL,1378,1051,02/0297f2e4.jpg
61sQ8KuBmFL,1000,1000,02/02b5686a.jpg
61sSqEJQq3L,1200,1200,02/02aac5ad.jpg
61szdhmeHkL,1090,2555,02/0294ff07.jpg
61t+6zR3GSL,900,1200,02/0293aa71.jpg
61t-LbXnOoL,787,1500,02/02996369.jpg
61u69lPA-nL,1000,1000,02/027b70d2.jpg
61uCVEJk6HL,1444,755,02/026882c1.jpg
61uH0JVmzhL,500,500,02/020ee37a.jpg
61uR3Z8OhJL,1315,1239,02/02b18d54.jpg
61uX-Ia9mWL,2000,2000,02/028acae1.jpg
61uhmccvgyL,1500,1500,02/020a5dd0.jpg
61v-zDtKeiL,1100,1100,02/02890057.jpg
61w-eOvVBhL,1000,1000,02/02bf0aa2.jpg
61w7BPPiK2L,1444,755,02/02f2b4c8.jpg
61wI25mBj-L,194,1975,02/024df267.jpg
61wXT-pLMWL,2200,1879,02/02080919.jpg
61whmquxLyL,900,1200,02/026dc5b9.jpg
61wrPQ0MNnL,1444,755,02/0294273c.jpg
61x09cYRkOL,1100,1100,02/028c2c72.jpg
61x7zCbFs+L,1000,1000,02/02d13bae.jpg
61xZIFZKWpL,1000,1000,02/0252dbfb.jpg
61xbXMoNvrL,797,2560,02/02ab952d.jpg
61xnruPzqlL,2500,650,02/023c5ef9.jpg
61yVekwwoKL,441,500,02/0230567e.jpg
61ykCGZ2xxL,1316,1308,02/025feac2.jpg
61z+3gPUooL,1000,1000,02/021a6046.jpg
61zDvcCs6CL,1000,1000,02/02002738.jpg
61zJmpo7VPL,1000,1000,02/02fb9958.jpg
61zclmCoekL,1316,1308,02/029c2432.jpg
71+J296EigL,2000,2000,02/023ac1b4.jpg
71+YV9-M0DL,2200,1879,02/02bad2bf.jpg
71+fg1DVLyL,2200,1879,02/02047675.jpg
71+gUXw57aL,1822,2560,02/02c0a55d.jpg
71+hvti4XcL,2200,1879,02/0217e647.jpg
71+qHcfH3fL,1200,2560,02/02d8bf11.jpg
71-R0DnAB4L,2000,2000,02/02f81d21.jpg
71-vkct+XvL,1186,2560,02/02f64f1b.jpg
710-gU-YmWL,1500,1500,02/029fbf3c.jpg
7101Bh55qsL,2560,1707,02/02c49d90.jpg
710Zefea0wL,2560,2560,02/02f95d9d.jpg
710aQNxzJiL,2200,1879,02/0251bb8b.jpg
710b23RBziL,2200,1879,02/02b64a93.jpg
710cCK6KmzL,2200,1879,02/025bc8e9.jpg
710dn1DCDOL,1804,1206,02/02ad7e46.jpg
710tYWSG8SL,2560,2560,02/028f7559.jpg
710zWqaDEIL,2200,1879,02/02e99f27.jpg
711+59vSx+L,2200,1879,02/0275ce40.jpg
711-EiAlS8L,2560,1969,02/022f5eca.jpg
7118chDOmtL,2200,1879,02/027e4941.jpg
711GGzJ1S-L,2354,2354,02/02f921a9.jpg
711W1coTN3L,2421,2421,02/02ed6038.jpg
711eIWkqUvL,2200,1879,02/020dd21f.jpg
711nP30UfIL,2200,1879,02/024388de.jpg
7120UhfZVDL,2560,966,02/028249ea.jpg
7122oaQjqIL,2560,882,02/020c10ce.jpg
712VzMQX4GL,2200,1879,02/02939b0c.jpg
712l1PMrWCL,2035,1040,02/0230778a.jpg
713012d6T3L,2560,1527,02/02e1c328.jpg
713JsT+jtBL,1500,1500,02/028a2a6d.jpg
713ZkijQpfL,2200,1879,02/02e8efee.jpg
713r3-kyRCL,2000,2000,02/02c4b24f.jpg
713xEiADlLL,993,1073,02/0267bcd2.jpg
714--Na9wtL,2200,1879,02/02edda2a.jpg
714Enjk6S1L,1948,1948,02/0259d4cb.jpg
714J-g+4cJL,2200,1879,02/025b64ac.jpg
714UsjZXKgL,2200,1879,02/0267b970.jpg
714YGM+1a0L,2200,1879,02/02e175df.jpg
714biqdDaWL,2200,1879,02/02cf6800.jpg
714fCm0snrL,2200,1879,02/02853702.jpg
714gbw1HvWL,2200,1879,02/02c894e4.jpg
7154WKn63bL,1590,1445,02/028fa389.jpg
715OFdI5kGL,2200,1879,02/02f94028.jpg
715OihKz3FL,2560,1167,02/02df5a8f.jpg
715RnT5KnuL,2560,1550,02/02134f08.jpg
715i+84l9eL,1500,1500,02/0214fea1.jpg
715itU+d65L,2200,1879,02/02f0149e.jpg
715mcrSiZ0L,2560,725,02/0224dac3.jpg
715qyrOd-JL,2525,2525,02/02ba6a8f.jpg
715sYhX0d6L,2200,1879,02/0223503a.jpg
715taYrtnZL,2560,1969,02/02835830.jpg
715wYAgCG4L,1500,1500,02/02d0e58c.jpg
7162SVOijXL,2560,2560,02/025481ea.jpg
7168H-a0doL,2231,2560,02/02f69b93.jpg
7168YNlp2KL,2200,1879,02/0226b835.jpg
7169OIIZigL,2200,1879,02/02492164.jpg
716SgiYa7zL,2560,2133,02/0207599f.jpg
716dPOWolwL,2200,1879,02/02314b9e.jpg
716oAUBHZLL,2000,2000,02/0226e628.jpg
716qZeXEseL,2200,1879,02/02e2282a.jpg
716s+V9RQhL,2000,2000,02/0289972b.jpg
7172sWMbxrL,1625,850,02/02360ab6.jpg
7173eWTPJnL,1500,1350,02/021156d8.jpg
7173l3LVUjL,2200,1879,02/023ddf1a.jpg
717dUoW2h6L,2200,1879,02/0225582b.jpg
717kisWtyZL,2425,2560,02/0264fb82.jpg
717lcDrGFTL,2200,1879,02/020ecfec.jpg
717rU5oC8yL,2560,1552,02/02ea6de4.jpg
717uAmYCglL,1000,1000,02/02859a6d.jpg
717v5jk2nVL,1281,1241,02/025b2817.jpg
7181DfQ54nL,1500,1500,02/02ad29f0.jpg
7184BX3MRcL,1718,1020,02/02d9df83.jpg
718LsYUD3kL,1500,1941,02/0271811e.jpg
718VrX08GrL,1500,1500,02/02c8c06a.jpg
718evUokGzL,550,1520,02/0280e0b9.jpg
718iD7xxZYL,2560,2560,02/02b004ff.jpg
718jBzXSK1L,1200,1200,02/020bb2db.jpg
718pCB6WNjL,1500,1941,02/02955ff0.jpg
7194FPgOk7L,2560,2560,02/02b0d901.jpg
7195heaiCiL,2200,1879,02/028061fc.jpg
719818ChhwL,1200,1000,02/02994f09.jpg
71981HbKGnL,2200,1879,02/0263ba5c.jpg
719GIGPcKoL,2200,1879,02/02e5848e.jpg
719tmnrvqrL,2200,1879,02/02ab37f1.jpg
719vW-ko0DL,2200,1879,02/028022f2.jpg
719x23OdcIL,2482,2482,02/0293c8fb.jpg
71ATYZawzfL,2200,1879,02/024f694a.jpg
71AUZoSm2wL,2200,1879,02/0268b8e2.jpg
71Ajf9nRQhL,2200,1879,02/02d5a927.jpg
71AkhDtrF4L,2200,1879,02/024cce3e.jpg
71AyfssCDSL,2560,1047,02/025ab003.jpg
71AzwrcG-oL,2200,1879,02/02eded4d.jpg
71B0tqFei6L,2200,1879,02/025fb9f3.jpg
71BRBz62xNL,2200,1879,02/02608a9a.jpg
71BVeG2PWFL,2000,2000,02/026ce498.jpg
71Bdl2w7hML,1000,1000,02/02c9534d.jpg
71BwWy53qmL,1593,1949,02/02446d44.jpg
71Bx7fuI5eL,2200,1879,02/02da1a8a.jpg
71C0qNCPlxL,2560,2560,02/02ab157a.jpg
71C1HfeFWwL,1343,2560,02/02db7775.jpg
71CCWvazzcL,2235,2235,02/0286f72d.jpg
71CFitUbN8L,1857,2502,02/024ffb3e.jpg
71CWIiv+5EL,2000,2000,02/020c20b2.jpg
71CWee+SaGL,2200,1879,02/021516c2.jpg
71CkudG8hEL,2200,1879,02/02fa4af2.jpg
71D0QeVRFdL,1490,1809,02/0254095e.jpg
71DH20NEeiL,2200,1879,02/02f01f39.jpg
71DS6TLtH+L,2200,1879,02/02b03768.jpg
71DaVvMoXFL,1901,1901,02/022b360e.jpg
71DlNYZbbhL,1498,798,02/0208258d.jpg
71E9FPAhhRL,2200,1879,02/029dd37e.jpg
71EBqNSM6XL,799,2560,02/02af9212.jpg
71EBvnogy+L,2560,1382,02/028ac33a.jpg
71EHZIO1lFL,1736,2560,02/02112f1c.jpg
71EUbXgkyWL,2200,1879,02/0271dc93.jpg
71EWzkiUC4L,2200,1879,02/02181571.jpg
71EfSZQuCDL,2200,1879,02/02387ed1.jpg
71EtUtEC5fL,2200,1879,02/0282f51d.jpg
71EvaKaHd5L,2200,1879,02/0203770c.jpg
71F+8RKEUgL,1500,1500,02/02a951bd.jpg
71FC2r8RU8L,2200,1879,02/0289f9fe.jpg
71FCCJMaX0L,2200,1879,02/023806d4.jpg
71FXDCT0ZOL,2560,960,02/025d7546.jpg
71G03XPiCLL,2200,1879,02/02e58678.jpg
71G1GS1fxyL,1264,2179,02/02012ac2.jpg
71G4KYjq+3L,1001,1001,02/02845dd3.jpg
71GEbekXrCL,2200,1879,02/021d106e.jpg
71GJtGPEo7L,2200,1879,02/026e8d26.jpg
71GNHZ0Me4L,2087,2087,02/0244f0b7.jpg
71GRv0LXVTL,2200,1879,02/024a8990.jpg
71GaEMnSAiL,2200,1879,02/028a36f0.jpg
71GdQXztxdL,1832,2560,02/026dfb24.jpg
71GvvPYH1lL,1241,2560,02/024f8307.jpg
71GyFMHTjmL,2000,2000,02/02d65ba0.jpg
71H2vOTyzyL,2200,1879,02/02b20148.jpg
71H6RnMhloL,2560,2560,02/02e56990.jpg
71HSlRQKtLL,917,2560,02/021fbcfd.jpg
71HX9GAS6iL,1573,868,02/02e426bd.jpg
71HmjUJR3wL,797,2370,02/026effba.jpg
71I7TlFDooL,2200,1879,02/02fb2efe.jpg
71IHUGwDRbL,1000,974,02/026580a5.jpg
71IN0q0NDfL,1444,755,02/029ec901.jpg
71IbClzAMuL,2200,1879,02/028fe3f2.jpg
71IhnilG2rL,2560,1992,02/02004ad7.jpg
71InTCaxY+L,2200,1879,02/0224e87f.jpg
71ItBTEJCxL,1741,1479,02/02914997.jpg
71IzRk-kWJL,2200,1879,02/0218b3b9.jpg
71J+1xc+crL,2200,1879,02/021fc8bd.jpg
71J+49vRtCL,2560,2560,02/02f5e3f0.jpg
71JEBzrAvnL,2200,1879,02/0297b4d9.jpg
71JHBxeQh8L,2200,1879,02/025b789d.jpg
71JHCUF3uZL,1444,755,02/02b08650.jpg
71JUtp1zweL,1000,1000,02/0242f4f9.jpg
71JdgD2CrpL,2560,2560,02/02fc5830.jpg
71JgYpbhMAL,2560,799,02/02f611cc.jpg
71Jjcf6aPPL,2200,1879,02/02149e1b.jpg
71Jjoehl3NL,1316,1308,02/02534e4a.jpg
71JsP7Gp0rL,2200,1879,02/0242db58.jpg
71JyTiPK8YL,2200,1879,02/024df886.jpg
71JzPu1ZVcL,2048,2560,02/028176e1.jpg
71K752IIdbL,2200,1879,02/0221a08c.jpg
71K95FLj4WL,2000,2000,02/02908ce6.jpg
71KeIlU2VeL,2200,1879,02/02aa3eab.jpg
71KfDuK8ifL,2144,2144,02/026586ae.jpg
71KjofWk4xL,1625,850,02/026866a5.jpg
71KtuetG0oL,2160,1078,02/020e8ff8.jpg
71KwC6M9OcL,2208,793,02/025bc477.jpg
71L1uhJ83-L,1900,1900,02/02f7709b.jpg
71L8rcKPFeL,2560,2560,02/02cc1094.jpg
71LDr+BiH8L,927,2560,02/02997943.jpg
71LGOH3djqL,1749,1661,02/0283bd2e.jpg
71LGyc+dfXL,2560,2560,02/02339685.jpg
71LMckwO0GL,2200,1879,02/024e7c50.jpg
71Lo7U3+GnL,844,2430,02/0299a188.jpg
71LrZCP6FZL,2560,994,02/022b56ce.jpg
71M+aT9YAmL,1341,1641,02/0245c69c.jpg
71M-Xx4jIrL,1444,755,02/022e487b.jpg
71M7LsmT+TL,2560,2560,02/02880bed.jpg
71MElVqXqML,1500,2239,02/02cd68ef.jpg
71ML2IHTXFL,1000,715,02/02385d38.jpg
71MLuhQoK5L,2200,1879,02/02a25e2c.jpg
71MNclz5NKL,2200,1879,02/02a35727.jpg
71MaRzMt1EL,2200,1879,02/029eb502.jpg
71MmXTKGkjL,1000,1000,02/0292a38b.jpg
71MrI3XOYRL,857,2425,02/02e5e607.jpg
71NAkjCAuJL,2200,1879,02/021f455f.jpg
71NPOj9vnQL,2200,1879,02/02724c4f.jpg
71NewdWgAzS,2172,2500,02/0234549b.jpg
71NihzScRaL,1572,2490,02/02e0b3c9.jpg
71Nr23K2drL,2200,1879,02/0287b21c.jpg
71O-+KJAICL,2200,1879,02/0295d505.jpg
71OElkpztiL,2200,1879,02/0206a7fa.jpg
71OJwQXPJ4L,2200,1879,02/02a9d770.jpg
71OK9SCMGnL,2200,1879,02/027faa4c.jpg
71ORYat2QOL,669,1778,02/02dc1c3e.jpg
71OS0ykZsbL,1589,1153,02/020ba80c.jpg
71OSqP4eUNL,2200,1879,02/0219c899.jpg
71OY4K+lEmL,1813,1256,02/02004e92.jpg
71OrAQlZYEL,2000,2000,02/0268bf3c.jpg
71OrcxD+oNL,2200,1879,02/0246d853.jpg
71OyOKD6vJL,2200,1879,02/0291cf70.jpg
71Oz5pqfXAL,2200,1879,02/0284ae2b.jpg
71OzDBhuUUL,1757,887,02/02d8e280.jpg
71P+pL6Iu5L,2200,1879,02/02069fe3.jpg
71P7rjQ4O9L,2200,1879,02/0200dd0c.jpg
71PCweWMH3L,2200,1879,02/02a0e4d6.jpg
71PQUDQbkpL,2200,1879,02/025429eb.jpg
71PTYVtwnjL,2156,2156,02/02a9a274.jpg
71PWwX2fQIL,1500,1500,02/02fc7390.jpg
71Pfp7vADVL,2200,1879,02/02af8845.jpg
71Pn4Yr1PNL,2560,1232,02/0273043f.jpg
71PuDYr8dIL,1007,2076,02/02fae778.jpg
71PypObzyDL,2560,2560,02/025dccf3.jpg
71Q5BgDMDAL,2200,1879,02/02d31f61.jpg
71QEfPtYs+L,2200,1879,02/02b25d6c.jpg
71QPLlNJ3ZL,1410,2560,02/02921da9.jpg
71QVQFPI8iL,696,2560,02/024dbf15.jpg
71QczcdNYuL,2200,1879,02/02762a35.jpg
71Qhy26GUJL,2200,1879,02/0255ec9a.jpg
71Qu3hA-XkL,1099,2560,02/023136eb.jpg
71R--KYT-+L,2200,1879,02/02e608e8.jpg
71RBMFMbpOL,2560,2560,02/023e833f.jpg
71RC6qcbQTL,1500,1500,02/0260bf23.jpg
71RDnLq5xAL,1875,2560,02/02591e1d.jpg
71RE-L+x3iL,1707,2560,02/026dda08.jpg
71RFEvGbvYL,1500,1500,02/023083d7.jpg
71RFncbfXgL,2200,1879,02/0285dc5f.jpg
71RGHnH3h9L,2560,1351,02/023f7175.jpg
71RGVusXsLL,1000,1000,02/025aecbc.jpg
71RlWC3ZuyL,2000,2000,02/02c012c2.jpg
71Rz2iLpjkL,2560,1707,02/02a1f80e.jpg
71SQLSuqc5L,2500,1682,02/0256efe6.jpg
71STV7wSX9L,1444,755,02/02c14dcc.jpg
71SbS107Z-L,2000,2000,02/02883e87.jpg
71SeosfUTRL,1500,1500,02/0201e71a.jpg
71SetsFGp6L,2200,1879,02/02888202.jpg
71SnVd9A-VL,2200,1879,02/026c965f.jpg
71SzT02pwiL,1000,1000,02/0261ec05.jpg
71SzyLxDGKL,2200,1879,02/02ada726.jpg
71T+xXXiRoL,2200,1879,02/027ceea7.jpg
71TKw6LOfCL,2200,1879,02/020072a6.jpg
71TX5hL6jgL,2200,1879,02/028c165a.jpg
71TYUROtwPL,652,1500,02/024cdcc9.jpg
71TjxFNnlRL,2475,2475,02/02908c82.jpg
71Tk2Gl8rJL,1148,2560,02/02a817b8.jpg
71U3oR3XX7L,2200,1879,02/02a95820.jpg
71UDCqZAwLL,2372,2372,02/0265a654.jpg
71UHXfZB9sL,2560,2560,02/02cc7d41.jpg
71USOtaLfjL,2200,1879,02/0227e9c4.jpg
71UUlZR7VXL,2200,1879,02/028c30bc.jpg
71Ufo8ArFdL,1613,2560,02/028f747f.jpg
71UzCf2wb2L,2200,1879,02/027459a2.jpg
71V++faduUL,2200,1879,02/0281b64a.jpg
71V3HpCc35L,2200,1879,02/02664d5d.jpg
71V66WDBzoL,1471,1500,02/028dad98.jpg
71VCkPOn2ML,2200,1879,02/02f2bacf.jpg
71VM8UAN-WL,1216,2560,02/02efde99.jpg
71VOW4tVw6L,2560,1355,02/02937b05.jpg
71VW2PSY6IL,2000,2000,02/0230427a.jpg
71VeTq3D0gL,2560,2560,02/027259a2.jpg
71VxoZiWCGL,1316,1308,02/024813e9.jpg
71W47jP9cvL,2560,756,02/02b96dd9.jpg
71W57OyY45L,2000,2000,02/021e4749.jpg
71WFhEnetQL,853,2379,02/022f3606.jpg
71WOEV7RZCL,1066,2169,02/02b782e6.jpg
71WY-vumB2L,2200,1879,02/02414c18.jpg
71Wb+u9ZJcL,2056,702,02/02c12aa5.jpg
71WiS0sbsaL,1996,2560,02/02a63028.jpg
71WysTUBiOL,1444,755,02/02375d5d.jpg
71X10Ja1BrL,2000,2000,02/02dc86a9.jpg
71XCloY6tXL,2560,605,02/024c01b1.jpg
71XLnBG6PmL,1500,1500,02/022ed4a7.jpg
71XOGBiiCQL,1500,1500,02/0281bf71.jpg
71XlQO2n7rL,2200,1879,02/02847d12.jpg
71XlnG1oUGL,2200,1879,02/02a45043.jpg
71Xn4geRl7L,1110,1800,02/022856e6.jpg
71XstwP-33L,2200,1879,02/0236b647.jpg
71Y1t-3OBWL,2560,1033,02/020990c5.jpg
71YEFWNcdcL,2000,2000,02/02b06a15.jpg
71YHFlffuNL,2000,2000,02/022dbe92.jpg
71YRGWANcdL,963,2560,02/028f6ec4.jpg
71YVLM9SZgL,2560,2560,02/022f6552.jpg
71YW9dA2T4L,2200,1879,02/02e454ec.jpg
71YcYivkFbL,2200,1879,02/021bb34b.jpg
71YdFh9VBPL,2394,2394,02/02552327.jpg
71YeBqO8qsL,1861,2560,02/02ea129f.jpg
71Yh9eKCNlL,621,2560,02/02db8cc3.jpg
71YkxUKU7KL,2560,1696,02/0206066d.jpg
71YtYK+o-BL,2200,1879,02/02b8731c.jpg
71YvfHpp5DL,2000,2000,02/02dc327f.jpg
71Yx-U-HK1L,2200,1879,02/02ecce57.jpg
71Z-byDmjfL,808,2278,02/02747051.jpg
71Z3CIOXXPL,2560,2560,02/02a2e260.jpg
71Z9lzDhEJL,1444,755,02/02fd5046.jpg
71ZBd0ScA5L,1500,1500,02/02aaa3f9.jpg
71ZGQK17YUL,2200,1879,02/02726034.jpg
71ZLCCRAhGL,2560,1489,02/022c6e0f.jpg
71ZaCRleU-L,2200,1879,02/02133568.jpg
71a5sSWuCaL,972,2185,02/02a1478d.jpg
71aKwdHR6RL,2200,1879,02/0259500f.jpg
71aLsg3GfYL,2200,1879,02/02a2df3f.jpg
71aNNlRj6pL,1500,1500,02/02e91eb5.jpg
71aOX0Ptb8L,2560,2560,02/0284073a.jpg
71abL2-vncL,1100,1100,02/02699bfb.jpg
71af7fKHnyL,2200,1879,02/02a6c237.jpg
71aoCK5yMFL,1700,1700,02/02752943.jpg
71arMb7dw5L,2200,1879,02/02410809.jpg
71bAtGCX5NL,2200,1879,02/028f4767.jpg
71bUXsWzi1L,2200,1879,02/028124ac.jpg
71bX5pr+kyL,2200,1879,02/02f37759.jpg
71becA29xGL,2383,2070,02/029cb022.jpg
71bk43t+86L,1907,835,02/02a5f2d0.jpg
71brmEpJboL,1896,2560,02/02e02b4d.jpg
71btM9nf0RL,2082,2082,02/027c3264.jpg
71bwDM9YnWL,2560,2560,02/0228493a.jpg
71c+S0g0A0L,2200,1879,02/0234a34b.jpg
71cHnnKVi8S,1467,1228,02/02c72f2b.jpg
71cJl6mf45L,2560,879,02/028433d2.jpg
71cMDFclssL,2400,2400,02/025a2164.jpg
71ciDbAKbAL,2200,1879,02/02987381.jpg
71cjhk3hVBL,2560,1522,02/02969938.jpg
71cklrhj4HL,1320,2560,02/026b302b.jpg
71cviXb-MiL,2200,1879,02/02f90109.jpg
71dHFlv+GPL,2200,1879,02/02351d5a.jpg
71dK1Qh-9vL,1444,755,02/022b0e82.jpg
71dMdntNFoL,2200,1879,02/0215deb5.jpg
71dZLA0Ms4L,2021,945,02/021d74c6.jpg
71dhpDOK+2L,725,1500,02/020af85a.jpg
71drC60J6pL,2200,1879,02/02a7524a.jpg
71dvkluqs-L,2560,1210,02/0229dc34.jpg
71dzHlXUx3L,610,2560,02/02bfecbf.jpg
71e-jXVrbrL,1000,821,02/0239d2ce.jpg
71eAASZ94-L,1240,1772,02/02bb46f2.jpg
71eHg-Wr9nL,2560,2560,02/025dbf6d.jpg
71egTrPFKnL,2560,889,02/0238791f.jpg
71f+yrllpyL,2233,2560,02/02a845ff.jpg
71f-IO33cOL,1000,1000,02/027ab4fa.jpg
71f4rJrygcL,2200,1879,02/02538d41.jpg
71fACKLaSxL,2560,874,02/0222a641.jpg
71fQrJGop0L,2560,2560,02/0208034c.jpg
71fV0IUK1xL,2200,1879,02/02d12510.jpg
71fZaR4cU2L,2000,1999,02/024db2d9.jpg
71fvb5dVp5L,1800,1800,02/0259252b.jpg
71g5aXgRSKL,2200,1879,02/023a6e28.jpg
71gTRT3VE9L,2200,1879,02/02cfcc72.jpg
71ghwC2h0UL,2200,1879,02/021a9d7b.jpg
71guz36g7nL,1001,1001,02/02a576b9.jpg
71gy7AF0LwL,2560,2560,02/023a55d3.jpg
71h1lNvfRCL,1000,647,02/029e6549.jpg
71h4GKi-AnL,2200,1879,02/02fd0194.jpg
71hHreqYNdL,2200,1879,02/0204240c.jpg
71hS+ZRHWqL,2000,2000,02/028e2b05.jpg
71hWqHW1tcL,2560,1915,02/0218c159.jpg
71harhdOn5L,2200,1879,02/0268a5af.jpg
71hd97+VnQL,2200,1879,02/02a1ac0d.jpg
71hePS2EKIL,2200,1879,02/02013088.jpg
71hmKlxyMxL,2200,1879,02/02baf6dc.jpg
71hnW6boaLL,1555,1555,02/0237b1bd.jpg
71htDlmSwSL,2200,1879,02/02f56c5e.jpg
71hvUzAXImL,1008,2560,02/022d1feb.jpg
71i1CgBVkHL,1245,1245,02/02711a06.jpg
71i5uKB6c4L,2000,2000,02/02e40525.jpg
71iBlMN9dpL,2560,2560,02/02924cf5.jpg
71iNr47K84L,2200,1879,02/022b7525.jpg
71iPsk2qA3L,2200,1879,02/020ee9ca.jpg
71iRwieND0L,2161,2161,02/020b7d08.jpg
71ie+lK46EL,1200,1200,02/0233fea6.jpg
71ikNAZHWJL,2200,1879,02/022c4830.jpg
71irJkFgz2L,1500,1500,02/026a9856.jpg
71irO8jKFlL,2200,1879,02/0252ba64.jpg
71it+59ZGHL,2500,1034,02/0259aafb.jpg
71j2sFkpeBL,2200,1879,02/0255e7d2.jpg
71j8ye5XMhL,2200,1879,02/024759bf.jpg
71jD5MFKsdL,2200,1879,02/02e9e363.jpg
71jL+TrAUSL,1302,2000,02/027cce5a.jpg
71jr50VJbkL,2000,2000,02/0215e544.jpg
71kJf9rs0BL,2200,1879,02/024617db.jpg
71kXgof4mHL,2560,932,02/026fbb4f.jpg
71kZ6CAMhUL,2560,2560,02/02cd4bce.jpg
71kik7EcihL,2500,776,02/023256a7.jpg
71knzTTHXCL,2560,1227,02/022fec54.jpg
71l-swjSFKL,2000,2000,02/0281798c.jpg
71l47ds7XzL,2560,1970,02/028f46a1.jpg
71lCeMZtjIL,2200,1879,02/02e98c90.jpg
71lQ-rFgMJL,2560,781,02/02004e51.jpg
71lRfENhzeL,2200,1879,02/02ee7bd4.jpg
71lSsiErRvL,2200,1879,02/02789ab7.jpg
71lZ-719y5L,1625,850,02/022dda86.jpg
71lZ-SuE3fL,2200,1879,02/02dd0947.jpg
71lhViKwP7L,2200,1879,02/020f5a11.jpg
71llwzMrGxL,951,2560,02/02706389.jpg
71lvsYHdQnL,1595,1595,02/02713435.jpg
71m708BMUIL,2200,1879,02/02074f8f.jpg
71mBqxPJDQL,2000,2000,02/022e92ec.jpg
71mFdM9CiDL,2200,1879,02/027bb414.jpg
71mLz9UA++L,2000,2000,02/0212cf97.jpg
71mO+hv5BtL,2200,1879,02/02d32c47.jpg
71mcrLQvSQL,2560,2038,02/0283a905.jpg
71n2H1FB-0L,1000,619,02/02401d52.jpg
71nGli9GKBL,840,1684,02/02cb4486.jpg
71nIWhiw79L,2524,2524,02/02268f2b.jpg
71nPjoapt1L,2200,1879,02/02bcf059.jpg
71nTrGC7YgL,2200,1879,02/0299368b.jpg
71ne6DDa4tL,2200,1879,02/02c7dd62.jpg
71niKfB3N7L,2200,1879,02/026d43d1.jpg
71nx-76O6eL,2200,1879,02/02bead18.jpg
71oAQ-wY+wL,1500,1500,02/02bac8cb.jpg
71oLh8pH6XL,1500,1500,02/02ca5829.jpg
71oQYV0DteL,1625,850,02/028aecb3.jpg
71oXY1Vk-0L,2200,1879,02/029be472.jpg
71oat6wiN5L,2200,1879,02/0231eba7.jpg
71oelc68zOL,2200,1879,02/0202e822.jpg
71ohZFqHSYL,2200,1879,02/02a34a14.jpg
71ow3T3vadL,2200,1879,02/02aa9aa2.jpg
71pCuuqOeeL,1067,2140,02/028da068.jpg
71pamnIQPEL,2200,1879,02/029f3f12.jpg
71pezB6QoyL,1000,414,02/025f11b0.jpg
71piHrSMMwL,2200,1879,02/02fed3c1.jpg
71q6hJb5gqL,2200,1879,02/02b137ab.jpg
71qA+-zXdLL,2200,1879,02/02c74334.jpg
71qB7ZQ6hEL,1289,2560,02/02835e04.jpg
71qJa1R0nML,2560,1969,02/026c7102.jpg
71qNmDYnYQL,2200,1879,02/02e8d1a4.jpg
71qQNFqbkTL,1900,1900,02/02de5cbc.jpg
71qXTI2+STL,2200,1879,02/02453054.jpg
71qm7I3ojUL,2560,1265,02/021a696f.jpg
71qv1lxIUNL,2200,1879,02/02011464.jpg
71qvhnGPEML,2200,1879,02/020279bf.jpg
71r-jqW1UNL,1500,2000,02/02ce8310.jpg
71r0+7VlNPL,2200,1879,02/02de91c7.jpg
71r5-nS3uVL,2304,1423,02/02aff15b.jpg
71r5Xr7hMwL,2200,1879,02/02716c6e.jpg
71r683SK0zL,2200,1879,02/022c8a38.jpg
71r72RrBtDL,2560,2560,02/0207b5e2.jpg
71r99On25sL,2000,2000,02/02d79da9.jpg
71rCo1D1FvL,1000,1000,02/02db5a5b.jpg
71rnDdACViL,2200,1879,02/020c256f.jpg
71s0nWeHDZL,2200,1879,02/02bc9291.jpg
71s48pu12JL,1101,1806,02/0220c5a2.jpg
71s7lf6AcTL,1500,1500,02/02094b2a.jpg
71sHad3n2kL,2200,1879,02/0279396d.jpg
71sKgUpa88L,2560,1343,02/02f2142f.jpg
71sTLbmO5cL,2200,1879,02/021c81a5.jpg
71sWHaVfr+L,789,1963,02/02c0ef5b.jpg
71smBnIfeAL,2560,2025,02/02bf999e.jpg
71sqXxJI0HL,2560,1707,02/02eaff7a.jpg
71syxeeGOCL,2200,1879,02/02686f24.jpg
71t3KCMyq+L,1348,2560,02/0215e820.jpg
71t6xCsZmTL,1456,1906,02/02a2de19.jpg
71t84NDaxAL,2200,1879,02/02c9ca8c.jpg
71teWnUwypL,2200,1879,02/02e00132.jpg
71ttAynKJWL,1444,755,02/02c802da.jpg
71uCFaDkF4L,2468,2468,02/020bea5c.jpg
71usvV1loLL,2560,1970,02/024ec476.jpg
71v+VnKjLpL,2200,1879,02/02358c61.jpg
71v15faiHwL,1707,2560,02/025dbc27.jpg
71v76MsvYEL,2560,732,02/024516c4.jpg
71v77SImjHL,1500,1500,02/02495b19.jpg
71vI8bKHXPL,2500,747,02/022d947b.jpg
71vIBRnq89L,2200,1879,02/02ce092b.jpg
71vJP72ZQGL,2470,2130,02/02b0ea85.jpg
71vRuahzE7L,2200,1879,02/02cdfb7d.jpg
71voRmzBejL,2200,1879,02/028587d5.jpg
71vtcg7WFcL,1400,1500,02/026cb93c.jpg
71w9wgjJ1zL,2200,1879,02/029ea331.jpg
71wGsm5PLsL,2560,2560,02/026e789a.jpg
71wHjC8Z5eL,2200,1879,02/02ac5f00.jpg
71wNIIZI-2L,2200,1879,02/0232efaa.jpg
71wT4c0EEbL,1113,1034,02/025a1e15.jpg
71wYDMCrSwL,2200,1879,02/025bc248.jpg
71wbEPGr8qL,2200,1879,02/02d27308.jpg
71wn7lhT+EL,2560,2560,02/02032345.jpg
71wqxQbARWL,1000,1000,02/029ecb85.jpg
71wxY3Q3BGL,2560,2131,02/029f7b78.jpg
71wyhq515AL,1500,2000,02/02d87b41.jpg
71wzq8WRB9L,2560,819,02/0291db98.jpg
71x5CFXxmBL,786,1438,02/0202b754.jpg
71x6ZuoizzL,1337,1521,02/0218b2e0.jpg
71xHsYUYNVL,2000,2000,02/02634f39.jpg
71xNDv9KyYL,1010,1010,02/02ea5ac7.jpg
71xShNy83dL,2560,2560,02/02d0440c.jpg
71xf6qEavfL,2560,1964,02/02200734.jpg
71xhPk+zi+L,2560,2560,02/020b0238.jpg
71xjYKYnvtL,2560,2088,02/022ad40b.jpg
71xnafoTTGL,2168,2168,02/02525455.jpg
71xpPA8k82L,2560,1969,02/021ffd58.jpg
71yBhHIPXRL,2200,1879,02/02ae9e53.jpg
71yQ1G-OLHL,1474,1474,02/02258924.jpg
71yRScxSzHL,2200,1879,02/0252eb89.jpg
71yXLhuDwvL,2560,2560,02/02fcab0c.jpg
71yZIrXahgL,2200,1879,02/02036991.jpg
71ybM4tu4KL,2200,1879,02/02705a24.jpg
71yl9xXeUvL,2560,2483,02/0226326f.jpg
71yz4-b0gJL,2560,2560,02/024062d5.jpg
71z4XctxM+L,1315,1239,02/026475f0.jpg
71z5gyoVqgL,2200,1879,02/022eda58.jpg
71zOei6Op0L,2000,2000,02/028afb2b.jpg
71zS+aQuOML,1625,850,02/027121bb.jpg
71zaPTi+v4L,2560,2560,02/02accc9f.jpg
71zk0y1UtCL,2560,2560,02/023d3daf.jpg
71zqRBLMrJL,756,1578,02/027b31d5.jpg
81+-drcFsHL,2500,2500,02/022507ce.jpg
81+4DSMM1pL,2560,2288,02/02f41698.jpg
81+5wxNp1EL,2560,1355,02/02d49f7b.jpg
81+8W2TkfNL,1500,1500,02/02043c56.jpg
81+8wCGQTyL,2200,1879,02/02bcdaa2.jpg
81+Dm+zBRfL,2560,1969,02/02db714b.jpg
81+QcSAdnkL,2200,1879,02/02fc5eb6.jpg
81+RRFcgAIL,2000,2000,02/02a0de12.jpg
81+dQIn921L,2560,2560,02/022bd39e.jpg
81-DCIsYQ5L,2560,2043,02/023de3d1.jpg
81-QzfCSEOL,2560,2560,02/02dca1b2.jpg
81-YtAKYYDL,1707,2560,02/02129c8b.jpg
81-gaFPFVnL,2200,1879,02/02e90ee7.jpg
81-w-8nFciL,1060,2560,02/02a22e33.jpg
81-wPvGz2-L,2200,1879,02/029e037a.jpg
8108si1j8yL,2200,1879,02/02e2f54d.jpg
810AaG7LcpL,2273,2066,02/02471f69.jpg
810V1TRj0wL,2200,1879,02/02ca2f7d.jpg
810XRDpz+nL,2560,2560,02/02ccb10c.jpg
810dXqy4xHL,2560,866,02/028f8b73.jpg
810hIgb5K4L,2560,1969,02/0264e36e.jpg
810jFwLHfTL,2172,1774,02/0215e37b.jpg
810qQVVZ33L,2560,1991,02/02453e81.jpg
810vAMonSfL,2560,1619,02/024d81a2.jpg
8112ne-2CUL,2200,1879,02/02d5cbc3.jpg
81169yQ3FtL,2200,1879,02/02a29572.jpg
811FxM6xetL,2200,1879,02/0219b23e.jpg
812GkP-cPiL,2392,2560,02/020b6b44.jpg
812KKRuC10L,2200,1879,02/026eb8e3.jpg
812NTvPwehL,2560,1156,02/02f964ec.jpg
812RpoMpvIL,2200,1879,02/02fddb6b.jpg
812plb8aEiL,2500,2500,02/0273525c.jpg
812uM-TG3vL,2560,2560,02/025b946d.jpg
8138vcwQPaL,2560,2057,02/02a8b499.jpg
8138vsZT-+L,1284,2546,02/026e9e50.jpg
813KA54OW8L,1148,2560,02/02e38a57.jpg
813Q0TMN9zL,2200,1879,02/028b8976.jpg
813gr-YCx5L,2200,1879,02/02535a78.jpg
813w-4uySYL,2560,1025,02/023cbe29.jpg
814+zLxHtjL,2000,2000,02/02619951.jpg
814A4cGEsUL,2200,1879,02/025dc71d.jpg
814S36EYYCL,872,2560,02/02b3b11a.jpg
814V884Ut7L,2200,1879,02/0215a54a.jpg
814XmGZPSuL,2200,1879,02/02773aa4.jpg
814YeQkuA1L,2000,2000,02/026f3ce0.jpg
814fwzMwDIL,1500,1500,02/02d02eff.jpg
814t4ARslML,2560,837,02/02313fad.jpg
815LAHkoUjL,2200,1879,02/0264eade.jpg
815Ngm5VN-L,2560,2560,02/022f906f.jpg
815Q-AxqMDL,2200,1879,02/023dd3da.jpg
815agkM-3PL,2000,2000,02/02ffc427.jpg
816+D6I2qUL,2200,1879,02/02cdb54d.jpg
8161YqgA7SL,1848,2560,02/022072f5.jpg
8166UOmqRvL,2200,1879,02/02e33fe3.jpg
8169zjupimL,2200,1879,02/02d522e8.jpg
816aTJ+4pjL,2560,709,02/02fa9317.jpg
816urmt42GL,2200,1879,02/020533af.jpg
816xeH586xL,2559,2560,02/0293d9d6.jpg
817DKZ+JiKL,2200,1879,02/02b014b6.jpg
817Pj+29yKL,2560,1171,02/020d4ad1.jpg
817fSpMpaDL,1500,1500,02/02d837da.jpg
817kLTvvN2L,2000,2000,02/02ea1cb8.jpg
818+bYu+GBL,2200,1879,02/027d62a2.jpg
8186BZJGD-L,2200,1879,02/0231658e.jpg
818Aq6kwS-L,2200,1879,02/02d40fa0.jpg
818CegitfSL,2000,2000,02/02487686.jpg
818DhdOBnzL,2434,2560,02/020cf196.jpg
818Wi4G5a1L,2200,1879,02/02403c94.jpg
818nCWZtFaL,2200,1879,02/025d05bf.jpg
818xVqkn3zL,2200,1879,02/02bd5ff2.jpg
8193h1NBa0L,1220,2560,02/02c1aa8d.jpg
8194-N4MXIL,2200,1879,02/0298336a.jpg
8194qwq6uIL,2560,2560,02/02510383.jpg
819XQ2Z2wLL,2560,2560,02/0222af9f.jpg
819fE0Y-PQL,1270,2413,02/0254bd36.jpg
819gmbmWxZL,1604,2560,02/02638445.jpg
819ktwL-mnL,1868,2560,02/02c8f810.jpg
819lJZfXcCL,1702,2067,02/02d11317.jpg
819pTeHy+ZL,2560,1412,02/029fae27.jpg
81A5SPL6qUL,2200,1879,02/02792f4d.jpg
81AJO-H0iiL,2413,2560,02/02a03d3c.jpg
81AMeDIdrWL,2200,1879,02/02a533a1.jpg
81AOuNWPepL,2500,2290,02/02af8934.jpg
81AV7DZR6VL,2200,1879,02/022943a3.jpg
81Acvm489wL,2200,1879,02/02307416.jpg
81AoSvJR1JL,2200,1879,02/02f194fe.jpg
81B14fWlaqL,2560,1097,02/0215b985.jpg
81B8prKAzLL,2200,1879,02/0252526a.jpg
81BAeyf9OYL,2200,1879,02/027bb49b.jpg
81BC620A-9L,2200,1879,02/02c67496.jpg
81BGyUj3MTL,1707,2560,02/0231396e.jpg
81BS2jCY51L,2200,1879,02/0200a211.jpg
81Bbnj-RsRL,2200,1879,02/02892721.jpg
81BdpoA1ngL,1065,2560,02/0289a60e.jpg
81BdzrkrHqL,2201,2560,02/02b3524e.jpg
81BiErm505L,1920,2560,02/025f2a0b.jpg
81BmkNyJflL,2200,1879,02/02f8e539.jpg
81Bsp5mx2AL,2560,1120,02/02720420.jpg
81C0aY2mn2L,2200,1879,02/0252259b.jpg
81C5PGKL6RL,2560,2560,02/02acb4ba.jpg
81C82tIEKQL,2560,2560,02/021fcc0c.jpg
81C8c5bkOrL,2200,1879,02/02a44b47.jpg
81CDREwTb9L,2298,2560,02/02036a69.jpg
81CR+DHiITL,809,2560,02/028a0028.jpg
81ChA3QxE1L,2200,1879,02/02f2ac96.jpg
81Ck+nE8u6L,1599,1444,02/02d01d7b.jpg
81CoxWCGj4L,2560,855,02/02f88c77.jpg
81CpHLaEFcL,2560,1142,02/02a0492a.jpg
81D3SdCNbxL,2560,1877,02/02d491b8.jpg
81D3TmokA+L,2000,2000,02/022662ae.jpg
81D85W2iFsL,2560,2560,02/028b9713.jpg
81DJDle0kkL,2560,1443,02/0278bf8c.jpg
81DMBbsSCAL,2560,2560,02/02ad206f.jpg
81DMYdBeihL,2200,1879,02/027d51d5.jpg
81DPajnVrVL,2560,2560,02/022140c5.jpg
81DQdhUMv1L,2560,2560,02/0238fd8f.jpg
81Dnk05Yw4L,2200,1879,02/023ff2bf.jpg
81DtFK7rrdL,2000,2000,02/02ea6b00.jpg
81DwVCcZSzL,894,2063,02/02959492.jpg
81E2YJOMuQL,2120,2560,02/020e71f6.jpg
81E6TTVWVBL,2200,1879,02/02daca35.jpg
81E8e-tfGfL,2200,1879,02/0243ba0b.jpg
81EDyQeaSwL,2560,1274,02/02e662d6.jpg
81EjtGuaFNL,2560,2226,02/02b5559e.jpg
81F6f5tyIsL,2560,2415,02/02451825.jpg
81F89-+Os8L,2200,1879,02/026f283e.jpg
81FU2u3vbfL,2200,1879,02/02fc0f03.jpg
81FY+fiNvkL,1292,2560,02/02b08410.jpg
81FkTp+nhdL,2560,1248,02/0267a280.jpg
81G+qRLVQZL,2560,1532,02/02e8ef25.jpg
81G0aWa8++L,2200,1879,02/021fcce5.jpg
81G3UZ7+6UL,1068,2560,02/02d5d6e6.jpg
81G4l3gFSgL,2200,1879,02/027ac8f3.jpg
81GCtsrGVrL,2200,1879,02/02e4649d.jpg
81GD9WDQshL,2296,1582,02/0294b90e.jpg
81GKeJXPjBL,1395,2560,02/02faa1d5.jpg
81GTEeMxqSL,2200,1879,02/02a4d1b1.jpg
81GVzswC4LL,2056,718,02/020633e1.jpg
81GWsYNnbgL,2560,2560,02/02f0162c.jpg
81GvXHECFjL,939,2560,02/0224b4e3.jpg
81H0pr8F3lL,2200,1879,02/02834d3a.jpg
81HfC2gTJYL,1390,2560,02/0279e77a.jpg
81HwrndDRIL,2200,1879,02/02a4c104.jpg
81IGT8P3zcL,2396,2560,02/029201a2.jpg
81IHlGuq6QL,2560,2560,02/02020e07.jpg
81JC5PhAMAL,2560,1969,02/02ea1891.jpg
81JP+DfojNL,2560,2134,02/0260a210.jpg
81Jj-BUVvQL,1006,2560,02/028fe5c7.jpg
81Joa47HVrL,2560,2560,02/02fbe74a.jpg
81JxeE91McL,1999,1999,02/0288dbd3.jpg
81K3S-1cJPL,2560,870,02/02fa03e3.jpg
81K4TgCUJQL,2560,2560,02/02eb86a4.jpg
81KQiFvxSqL,2000,2000,02/029315e8.jpg
81KSBJvBOXL,2560,1969,02/02f8639c.jpg
81KbQd1-UzL,2560,982,02/02eb119e.jpg
81KlB8MMHaL,1854,1370,02/0262ec26.jpg
81L3jxVTnwL,2554,2560,02/02317bad.jpg
81L5a5PfezL,2200,1879,02/0283644c.jpg
81LSlgGaqOL,1263,2316,02/02819c63.jpg
81LVpWqkvvL,2500,2500,02/025fb974.jpg
81LZFNPnvJL,2200,1879,02/0202e19c.jpg
81Ll3IgemtL,2200,1879,02/02857c03.jpg
81MisqxM9OL,2560,1728,02/02fbd2ee.jpg
81N+TDlfu3L,2560,2560,02/0277da5d.jpg
81N-Yad4nCL,2200,1879,02/027c0d17.jpg
81NJ-66+E6L,2200,1879,02/02d8b8ca.jpg
81Na5go5tTL,2000,2000,02/02080a76.jpg
81NaDUf1h7L,1149,2426,02/0287b0b1.jpg
81NcKHBw80L,2200,1879,02/02217950.jpg
81NnAQn39xL,1673,1682,02/02feed15.jpg
81NvkSepNAL,2200,1879,02/0218cf09.jpg
81NwEkTGXmL,2560,1922,02/028c95e3.jpg
81O0GyN2WlL,875,2560,02/024af8a3.jpg
81O4KfRba8L,2560,2560,02/0204e5f9.jpg
81OQaV8QowL,2560,2560,02/029f34b7.jpg
81OZMWJ8-cL,2200,1879,02/0228a213.jpg
81OZokL2p5L,2200,1879,02/021dc161.jpg
81OdiBwKF4L,1592,1592,02/02a11c00.jpg
81Oj9ax7akL,1707,2560,02/02d32bff.jpg
81Ol5y1BcLL,2560,1825,02/02054a0e.jpg
81OrhYqCeNL,1500,1500,02/02533669.jpg
81Os7k7f+2L,1961,1961,02/029e051a.jpg
81PCTApIBaL,2200,1879,02/0205f5df.jpg
81PDyW9xsdL,2000,2000,02/025cecac.jpg
81PK-7WZQEL,2200,1879,02/02ca6360.jpg
81PTkluLmgL,2200,1879,02/0256ea8e.jpg
81PWdCWzXxL,2560,2560,02/02759c2f.jpg
81Pq1pikL+L,2314,1780,02/028ae9fc.jpg
81PqK6ylG6L,2560,1468,02/02f5746a.jpg
81PrDjCL80L,2560,1671,02/02f4d076.jpg
81PuPZ19JGL,2200,1879,02/0274ac2a.jpg
81PvcYx-ZiL,2560,2348,02/027a7569.jpg
81PwhFc7kCL,2000,2000,02/02bd415f.jpg
81PyOoNzk7L,1500,1500,02/02d8484b.jpg
81Q18X8pXUL,2560,2560,02/022fa6a0.jpg
81Q9mHN+u9L,2000,2000,02/0246d4c3.jpg
81QQDFwpy4L,2000,2000,02/02cc805b.jpg
81QUUXrsFjL,2200,1879,02/021129b7.jpg
81QcHahdExL,2560,2560,02/023df2da.jpg
81QssDAZAuL,2200,1879,02/02bd7b77.jpg
81QzcXBAQJL,2200,1879,02/02c81b6d.jpg
81R3H9EPMLL,2560,2547,02/02208f99.jpg
81RAkbYpTRL,2560,2560,02/02d96832.jpg
81RApMRVd3L,2559,2560,02/020e30ab.jpg
81RL-3qwCyL,2200,1879,02/021ad9c2.jpg
81RLApXgsGL,2200,1879,02/0266670a.jpg
81Rc2A1o46L,1153,2560,02/023c9f2b.jpg
81Rjs2hiXCL,2443,2560,02/026ab98a.jpg
81RrgGLutlL,2200,1879,02/023fefb3.jpg
81RtljM0CPL,2200,1879,02/0256dfdb.jpg
81RuEQ7XtYL,1195,2340,02/0237430c.jpg
81RyZKV5L6L,899,2560,02/02ecb50c.jpg
81SUfyOQBjL,2200,1879,02/0232314a.jpg
81Sf0ufu-cL,2500,1791,02/0210235b.jpg
81SyvntqSLL,850,2066,02/02dc19a2.jpg
81TIOeyDTiL,2000,2000,02/02ca562e.jpg
81TKNJSXHSL,2560,2560,02/0254505d.jpg
81TZ7VzlhkL,2200,1879,02/02411b35.jpg
81ToRKi37GL,1707,2560,02/02db8f8b.jpg
81Tos8qR0KL,2200,1879,02/021e34a6.jpg
81U3B0GIxRL,2560,2560,02/02b76236.jpg
81UBfIqWzjL,2000,2000,02/02006b96.jpg
81UcQbhaQnL,2560,1319,02/0238f4a8.jpg
81VDjfCedlL,2000,2000,02/0288aff9.jpg
81VErlyf8ML,2560,2560,02/02220312.jpg
81VIIhb2QcL,1500,1500,02/0262739d.jpg
81VZ8IJbuZL,2560,2560,02/02793c72.jpg
81WJN8sgoKL,2560,2024,02/0200c5aa.jpg
81WK0opVHOL,2560,1742,02/02a4d2a4.jpg
81WV-l8xB5L,2560,1986,02/02904263.jpg
81WVsVZ3O+L,2200,1879,02/02c20126.jpg
81WYdH4RfdS,2001,2500,02/023553b8.jpg
81WnPXbpdyL,1159,2560,02/02e7c6d2.jpg
81WqWI3vctL,2200,1879,02/02368c01.jpg
81X+ErH2uqL,2200,1879,02/02bd026a.jpg
81X4c8-vizL,2560,1495,02/02fb9f9b.jpg
81X9V46QzSL,2560,2560,02/02a919be.jpg
81XG3lGxlDL,2200,1879,02/028b73c0.jpg
81XwMwQRKeL,1692,2560,02/020210e2.jpg
81XyfzR200L,2500,1283,02/02e774e8.jpg
81XzNehO+CL,2000,2000,02/02eb2d24.jpg
81Y641KlWzL,2000,2000,02/02f98174.jpg
81YIpci1QhL,2200,1879,02/02eeafc7.jpg
81YeowDr9eL,2003,1000,02/02ffcba4.jpg
81Yx4EMhdtL,2560,2560,02/02aa35ef.jpg
81Z5fa2U0iL,1333,1333,02/021a9102.jpg
81ZKQ4TQwSL,2200,1879,02/027b739e.jpg
81ZqaVa4v+L,989,2329,02/02dc6b32.jpg
81Zvxrc0m1L,2560,774,02/02019410.jpg
81a4-iKHbWL,2200,1879,02/0244d25a.jpg
81aDlfX7v7L,2130,2130,02/027383c6.jpg
81aGS2StLmL,2200,1879,02/02f26600.jpg
81ajzHp7nhL,2200,1879,02/026d0d64.jpg
81b+AHpMlaL,2500,2023,02/023b2ad0.jpg
81b58JbUTcL,2482,2560,02/02316c03.jpg
81bJWYyAFKL,2200,1879,02/02fe05f6.jpg
81bm8q4ncYL,2500,1292,02/025fa1ca.jpg
81bmE6rP-wL,1500,1500,02/02690012.jpg
81byENKBRtL,1500,1500,02/02c398c6.jpg
81c+7+2iE9L,2025,1951,02/028c7b60.jpg
81c3kFjv80L,2200,1879,02/0254068c.jpg
81c4go14diL,2000,1989,02/025858d6.jpg
81c6u-lO3AL,2560,2560,02/02693459.jpg
81cZa06etDL,2184,2184,02/02fd0773.jpg
81cZfHOIUEL,2200,1879,02/027e0da8.jpg
81cj9yrJWjL,2000,2000,02/02329c27.jpg
81cnGMqfZpL,2200,1879,02/024739ac.jpg
81cobiCMOeL,2200,1879,02/02ceba84.jpg
81cpkfWdEOL,2200,1879,02/0252cd09.jpg
81cyXTEygxL,2200,1879,02/02f066f3.jpg
81d9vcGqYYL,2458,2500,02/02ee90f0.jpg
81dDAIlRanL,2000,2000,02/020df46d.jpg
81dG5fv74aL,915,2560,02/025122ea.jpg
81dGwoiZoXL,1331,2560,02/02f605d9.jpg
81duifl3OdL,2560,2242,02/02c55737.jpg
81eJWwf26aL,2560,2560,02/02084308.jpg
81eO64Fhk+L,1794,1794,02/02226767.jpg
81eYSyjTljL,2200,1879,02/02d3ddc8.jpg
81ehaNxR4jL,982,2560,02/02161430.jpg
81ephUEwd0L,2560,2544,02/0202a212.jpg
81esMB7RlCL,2066,2560,02/02aa5a74.jpg
81exlrLxjPL,2200,1879,02/028e48cf.jpg
81f-HcofsOL,1598,1639,02/0291a93e.jpg
81fAyQXDjKL,2560,2560,02/023aa37b.jpg
81fBrHf7xML,2000,2000,02/024fb91c.jpg
81fT9ZWprCL,2214,2560,02/020f571f.jpg
81fnxlzmiYL,2511,2560,02/02d80612.jpg
81fsQo8aHPL,2200,1879,02/024f6959.jpg
81fzB+WE+CL,1853,1853,02/023220ec.jpg
81g0U6niF6L,2200,1879,02/02045f9f.jpg
81gC+4Qf3AL,1763,2560,02/02e2fffd.jpg
81gDsXwTH7S,2004,2500,02/0224a92d.jpg
81gKx6TKt9L,1175,1521,02/025984d7.jpg
81gaVYX4ElL,2000,2000,02/02581940.jpg
81gjYhAwKIL,2560,2560,02/02c90e2e.jpg
81h+p84RMgL,2560,1381,02/02031b5e.jpg
81hLlWHAekL,1500,1334,02/02d8d931.jpg
81hRRpFbBRL,2305,2331,02/02d05f2a.jpg
81hSXbNo5VL,2200,1879,02/02924644.jpg
81ha+6dd3VL,1399,2560,02/0267a824.jpg
81hd-keknoL,2200,1879,02/02bfe57f.jpg
81hovsoxa2L,2560,1969,02/0217c0f7.jpg
81hsc2j1uCL,2560,961,02/02cd9dff.jpg
81hvNWLj2qL,1835,2560,02/0265dfde.jpg
81hw5i4RxbL,2560,1658,02/02af3962.jpg
81i+nLgeDHL,2200,1879,02/023623e1.jpg
81i2oPUrfrL,2560,2278,02/02f2ae65.jpg
81i8L4kincL,2560,2328,02/026f0676.jpg
81iO-oloo6L,2200,1879,02/02351bee.jpg
81iOFj95dZL,1297,2098,02/02867b72.jpg
81iRAsysbLL,2200,1879,02/02d1a7d5.jpg
81ic4+EeGeL,941,2560,02/02f69fca.jpg
81iknLYJ9kL,2560,1402,02/023a8e59.jpg
81ilkl6F18L,2560,2560,02/02b34fd9.jpg
81ioEi21xfL,1700,1700,02/02308eac.jpg
81j4E+S0oOL,2200,1879,02/02f34ddc.jpg
81jQHK69n-L,1920,2560,02/02d55da2.jpg
81jX5pKKJxL,2560,2560,02/02a57700.jpg
81jXvT3u7rL,2000,2000,02/02cb21f8.jpg
81jcH7jtoYL,2200,1879,02/0232ef29.jpg
81jk5lu+LeL,2402,2402,02/02567e48.jpg
81jn7r3RlbL,1707,2560,02/0288d1fb.jpg
81kOAtvq3tL,2500,2500,02/02786431.jpg
81kl1juS5jL,919,2471,02/022e6146.jpg
81kut5mMk+L,2000,2000,02/02e3707a.jpg
81lBhDlrCgL,2560,2560,02/029f54de.jpg
81lJalIxUTL,2560,1560,02/02e33be1.jpg
81lNGishdUL,2500,1366,02/02c96016.jpg
81lOBRagPyL,2200,1879,02/02c5f678.jpg
81lbVrta+vL,967,2560,02/022e6ea9.jpg
81lwUYgYv4L,2000,2000,02/02bb4a5b.jpg
81mACum4F1L,1735,1482,02/02bbc1ed.jpg
81mT79z5lCL,2414,2414,02/02ffdd95.jpg
81n0BvMVg4L,2560,2560,02/021cc9ad.jpg
81n51wWmXbL,2000,2000,02/02fec4fc.jpg
81n9dENX2MS,1957,2500,02/02b2526f.jpg
81nQRFHemIL,2560,2560,02/020510a3.jpg
81nY+648poL,2200,1879,02/02c4b5de.jpg
81ni0-t83yL,2560,1539,02/023f7144.jpg
81njXf2el-L,2200,1879,02/0298295e.jpg
81npZJswuBL,2200,1879,02/02711d51.jpg
81oJabw0-DL,2560,1162,02/028433b9.jpg
81oSTW3emfL,2000,2000,02/02a0356d.jpg
81oZz9SJBXL,2200,1879,02/02e3d1cc.jpg
81on3VzZ4xL,2200,1879,02/02ae20b7.jpg
81ovfB7Qy4L,2560,2560,02/0290fb76.jpg
81oyMIspIjL,2239,2560,02/0255aef7.jpg
81p1tsiqg2L,2457,2525,02/02d5d4e6.jpg
81pG4cWUWgL,2000,2000,02/02bd92e1.jpg
81pL3qHHWTL,1667,2370,02/027e6edb.jpg
81pY6WRUSWL,2000,2000,02/028cecab.jpg
81q53odoraL,2560,1202,02/024abb70.jpg
81q5bi2K5pL,1344,1515,02/021d31ef.jpg
81qA8ep7hAL,2560,2560,02/02dbd8ae.jpg
81qQnkrpLEL,1632,2063,02/02baaac0.jpg
81qYV0i9TzL,2560,1969,02/023c93e9.jpg
81qhqzodCAL,2267,2560,02/021d9add.jpg
81qigrosCaL,1946,2560,02/02b3d42c.jpg
81qqY8DzkmL,1000,1800,02/026ed8d2.jpg
81rZoH82vEL,1920,2560,02/026a123d.jpg
81s26DqZT5L,1760,1760,02/0224ac70.jpg
81s3X0zOnfL,2560,1485,02/0254582e.jpg
81sEe2iCVwL,2384,2384,02/02e05c4b.jpg
81sF6ZoapmL,2200,1879,02/025d0ee6.jpg
81sGh0mi5qL,2200,1879,02/02e3f7fd.jpg
81sZiGEcT6L,2560,1510,02/0228c748.jpg
81sdS0TFWNL,2105,2105,02/028d2576.jpg
81ssPY0zUwL,1340,2560,02/0219393f.jpg
81swmTV2DML,1856,2560,02/024ae28c.jpg
81t+OY48FyL,1507,2560,02/02328179.jpg
81t172nM4HL,1288,2560,02/02a13141.jpg
81t582viUIL,1823,2560,02/024db8d5.jpg
81tKpZahrtL,2000,2000,02/02226bbd.jpg
81tQiF1-02L,1625,850,02/02657259.jpg
81tRRWePOwL,2200,1879,02/02c7d4a1.jpg
81tk3LcMwQL,2200,1879,02/0210ec70.jpg
81tnAPVxUOL,2000,2000,02/026ff5ac.jpg
81u5x4-8TLL,2491,2491,02/02c60ba0.jpg
81u7uvi4xCL,2560,1183,02/028a4894.jpg
81uBhEY5wHL,2200,1879,02/023c272d.jpg
81uCdbl570L,1960,2560,02/02120111.jpg
81uEEiuhqML,2200,1879,02/02cf2239.jpg
81ukpDVWCVL,2560,2560,02/028b6d29.jpg
81utNL7n2rL,1362,2560,02/02c9549d.jpg
81vC0icXK-L,2200,1879,02/021cbab0.jpg
81vI6UkAXpL,2200,1879,02/02cdaab1.jpg
81vILzJ6P3L,2200,1879,02/02925bee.jpg
81vNF6v+yeL,2051,693,02/020c8bd6.jpg
81vPsHK0F3L,1512,1512,02/028d7efc.jpg
81vZhCstlaL,2000,2000,02/02376c8e.jpg
81vaR14YZ9L,2200,1879,02/02c324d5.jpg
81vc+bg4LGL,2560,2560,02/02c77204.jpg
81vtpYAhokL,2200,1879,02/020c833c.jpg
81w1hMj8jeL,2000,2000,02/029fca29.jpg
81w1s86PeLL,2000,2000,02/024109c0.jpg
81wHOMXOA1L,2560,2199,02/02e53382.jpg
81wMhxmov7L,2092,2092,02/02c90df7.jpg
81wO310xlBL,2382,2560,02/0294c3af.jpg
81wuZqpYxnL,1969,2560,02/029f0cad.jpg
81wuZxtK9CL,2200,1879,02/029c1332.jpg
81xGSBbFtVL,2560,1862,02/0248b5b5.jpg
81xb-dwhchL,2560,2560,02/022cdce3.jpg
81xcvsfex1L,2200,1879,02/029ae66a.jpg
81yKiZnbECL,2560,1049,02/0265a3fc.jpg
81yczJW6rpL,2560,1969,02/02f6cc22.jpg
81ykWihmQrL,2560,1958,02/023ba7bc.jpg
81ywLt1rnkL,2560,2560,02/029f5ee9.jpg
81z-Nao1k9L,2000,2000,02/02783491.jpg
81z99NAt9HL,2200,1879,02/0299b14f.jpg
81zKJvve7zL,1500,1941,02/02547aa1.jpg
81zji180QjL,2200,1879,02/02924b64.jpg
81zrJojcvDL,2200,1879,02/023312a1.jpg
91+fA4zGDlL,2429,2019,02/02ad221a.jpg
91-7hgx7NhL,2560,2560,02/028b19d4.jpg
91-E0O+tCAL,2560,2560,02/02e4f501.jpg
91-wTDkPv+L,2298,2298,02/02070037.jpg
910CcwEr2GL,2560,2560,02/02fa7a9f.jpg
910CudH7+0L,2166,2166,02/02ce559c.jpg
911K4Emp9iL,1607,2560,02/02484297.jpg
911y4VbkYXL,2560,2373,02/0209b612.jpg
912IyIzdZCL,2560,2560,02/02d20bcf.jpg
912eJBwH3-L,2560,1967,02/02a37d64.jpg
9142XvPuJCL,1924,1584,02/02fdb88e.jpg
914N6421bJL,2560,2560,02/02b95962.jpg
914WQoEK12L,2560,2217,02/02af3724.jpg
914axptjAoL,2367,2367,02/0280f286.jpg
914h8XAo2xL,2200,1879,02/020f8aee.jpg
914zK-Cc84L,2560,2539,02/025092f9.jpg
914znZQQNxL,2560,2304,02/02708e0e.jpg
915Qd5wYbgL,1113,2560,02/02a5456a.jpg
916+C9Kx4VL,2560,2560,02/027767a9.jpg
9179LtmSUML,2560,2560,02/02ed2382.jpg
917DYr1IKKL,2560,2304,02/02acaf46.jpg
917VeiRVANL,2500,2500,02/02d4444b.jpg
917h6kUqvDL,2560,2560,02/02997529.jpg
917rkySktYL,2560,1969,02/023b8608.jpg
917x+OHFE7L,2502,2560,02/025523c9.jpg
918Di2NpbIL,2560,2560,02/0227d67a.jpg
919PfJEFcOL,2560,2560,02/029be8fc.jpg
919XEaLsz2L,2560,2560,02/02adbcd1.jpg
919Xd9DvrhL,1927,1930,02/02326b8a.jpg
919x0Ud2NlL,1646,2560,02/0253d524.jpg
91A+fTOoZ7L,2010,2560,02/026b635c.jpg
91AhpcErKxL,2560,2560,02/023e4ff7.jpg
91B1IV99l-L,2560,1969,02/0265c01a.jpg
91B4e+Jm9FL,1695,2560,02/022d148f.jpg
91BuP3wQEML,2560,2245,02/02ecb8ac.jpg
91CUjHX2EwS,1137,1555,02/02eecaab.jpg
91CglRRGtcL,2560,1993,02/02bcdb46.jpg
91CrZlkRdwL,1414,2560,02/02e9ad5a.jpg
91CxmDzSitL,2000,2000,02/026a8c30.jpg
91CyObRSGSL,1629,2293,02/02da8b07.jpg
91DOWm6SEWL,2200,1879,02/02d958c6.jpg
91ESsigjq9L,1707,2560,02/0283b9a5.jpg
91EjGtAEx3L,2200,1879,02/02151ef8.jpg
91FD0MJjGmL,2092,2092,02/02bf3654.jpg
91Fr9N-GfZL,1753,2560,02/02eacdf0.jpg
91GD2idCuTL,2302,2560,02/022004e0.jpg
91HUci4LqdL,2560,2560,02/0271aee9.jpg
91J0S9FfXEL,2560,2529,02/0253ace6.jpg
91J2d84pm0L,2560,2271,02/02ba1047.jpg
91JGJUjglJL,2560,2560,02/02b7488a.jpg
91JdjDmrOKL,2560,2560,02/02d141a3.jpg
91Jdy5VZeqL,2560,2304,02/024caa3d.jpg
91Jgf03+dxL,2560,2560,02/0224a45d.jpg
91KFvmGBHgL,2560,2560,02/02ca1a04.jpg
91KT4ODF30L,2560,1099,02/0253395b.jpg
91KvEgGaleL,2161,2560,02/029a2222.jpg
91KwPJW4jrL,2560,2408,02/02d91908.jpg
91LTNQIJulL,2425,2425,02/024f7b12.jpg
91MD5PqEi8L,2560,2352,02/021ac1f9.jpg
91MaLUCdTXL,2367,2367,02/02d8a6e0.jpg
91NBbVwLvbL,2560,2560,02/02b26964.jpg
91O7jTlF7nL,1436,1143,02/02a332dc.jpg
91OfJSOWHHL,2560,1951,02/02dbb5f6.jpg
91PJhUJafYL,2364,2560,02/02fd378b.jpg
91QQTtVpaCL,2560,2560,02/02a10fee.jpg
91QjfFa2tHL,2560,1640,02/02ec92bf.jpg
91RMyKeCdML,2170,1652,02/029b8a0e.jpg
91RcXegq1ZL,1379,2560,02/02dabcec.jpg
91RpFgF1CNL,2560,2560,02/024de3b1.jpg
91SM75tfpzL,891,2560,02/02ff82af.jpg
91SSF1kHPOL,1559,2339,02/026b34fc.jpg
91SSb-umF2L,1703,2500,02/02163b5f.jpg
91U+d7hg5eL,2500,2500,02/02687634.jpg
91UNpKBJz8L,2000,2000,02/029c6399.jpg
91UkDQOdeoL,2374,2374,02/02b0d649.jpg
91VMNtOVYpL,1428,2560,02/02c92f39.jpg
91Vyrdb4HfL,2560,2560,02/02352b32.jpg
91WJH3btGRL,2560,2139,02/02202ef9.jpg
91WTa9oYNHL,2560,779,02/02f6a3b7.jpg
91WmyZvcKPL,2560,1993,02/02a534cd.jpg
91Wr0dJmqfL,2560,2560,02/02ecb671.jpg
91XNt6PHfjL,2560,2560,02/026d39bc.jpg
91Xj8R3Sv6L,1770,2560,02/027988a6.jpg
91YV5bF+JnL,2550,2233,02/0256e134.jpg
91Yp8H-P3rL,2500,2500,02/0210be9c.jpg
91YxPD1PTiL,1443,2560,02/02b0220d.jpg
91YxVdzwnkL,1858,2560,02/02a9e050.jpg
91Z6Nskol2L,2560,2560,02/020497c9.jpg
91ZH13QS3dL,2560,2560,02/02f9e40e.jpg
91ZX9F4DAkL,2560,2560,02/02304a12.jpg
91Zn53oN2+L,2056,2560,02/020ea764.jpg
91a7nTbWAyL,1098,2560,02/02976faf.jpg
91aKs2KTI6L,2560,2560,02/022999ff.jpg
91aX++Nc-vL,2560,2560,02/02708f16.jpg
91bltVq1oWL,2560,2560,02/021caeb9.jpg
91cPnQxYEfL,2097,2097,02/0241f2d1.jpg
91d-qTPDD4L,2560,2560,02/02869030.jpg
91d61lFv-1L,2560,2560,02/0254c86a.jpg
91d7BV27FfL,2560,2304,02/028a98bc.jpg
91dioGd8DXL,2560,2560,02/0201e82b.jpg
91e0-JV+0bL,2560,2560,02/02c295ff.jpg
91ekMs7SFmL,2560,1671,02/0214ef29.jpg
91f3Z1BT-YL,2089,2560,02/0217b22a.jpg
91fdKzW1faL,2560,1130,02/02dfd711.jpg
91fgqFD0EuL,2560,2560,02/02397675.jpg
91g2kVnMjKL,2560,2560,02/0276b69c.jpg
91hY0TgyosL,2560,2560,02/0277be78.jpg
91hcCwkPIdL,2500,2500,02/02c5fa09.jpg
91iaeT9gLWL,2560,1750,02/022502a3.jpg
91j6HSYUuYL,2095,2095,02/02c23089.jpg
91kERHqdX-L,2560,2560,02/02416635.jpg
91kHN6L03nL,2500,2300,02/02525566.jpg
91kKkynWxPL,2256,2256,02/02cb6810.jpg
91kVJZ8H7sL,2500,2551,02/02c51577.jpg
91koyjhjQeL,2560,2560,02/02eb0854.jpg
91l7Mz+3KsL,2560,2475,02/02821847.jpg
91lEW8iK0iL,2560,2560,02/02f86c00.jpg
91mh26q5lkL,1559,1664,02/02923063.jpg
91n1xg+0KWL,2560,1970,02/0224f081.jpg
91nTR-+XdPL,2515,2560,02/02982a15.jpg
91o286XVMBL,1559,2382,02/02705c0b.jpg
91oDyZDRDQL,2560,2560,02/02d09cb3.jpg
91omfOPfiuL,2560,2253,02/028df74b.jpg
91pNeX5pZ+L,2559,2560,02/0262d656.jpg
91prFp8T3qL,2560,2560,02/025b1359.jpg
91qXm6h5jHL,2560,1901,02/023a9327.jpg
91qmHhI+jDL,2200,1879,02/0229fca7.jpg
91rQsU0ANML,1804,2560,02/029f0278.jpg
91rS4oVAWoL,2240,2560,02/0216d3ae.jpg
91rchuCEB7L,2026,2560,02/02da3cb8.jpg
91sPnPx7uYL,2560,2560,02/027ec362.jpg
91tgTUM+-wL,2560,1868,02/0230e1a5.jpg
91uDoJPC8QL,2379,2560,02/021d0ab7.jpg
91uThpiaKHL,2560,2560,02/023a8e5b.jpg
91uUu14OFtL,2560,2399,02/02a5d930.jpg
91udp-Q-LVL,2560,1969,02/026146c9.jpg
91ulQdCWXkL,2560,2560,02/02260922.jpg
91uwBBhVZXL,2560,2560,02/023ca20a.jpg
91v5hpvM4eL,2420,2406,02/02bfec25.jpg
91vGnPXO7WL,2500,2323,02/02b5d451.jpg
91vbLDI+b-L,2560,2443,02/02896197.jpg
91wKWfjLyQL,2560,1793,02/02eae486.jpg
91xosGIhwuL,2560,1763,02/0211a736.jpg
91y5uqL9OVL,2560,2560,02/02572cf6.jpg
91yKb08djjL,1631,2560,02/0231f9cc.jpg
91ycBcJAtsL,2560,2002,02/02d643b0.jpg
91yqV-I+mlL,1707,2560,02/0255527f.jpg
91yvniz9b-L,2249,2249,02/021a0c1c.jpg
91zR5AWidYL,2157,2560,02/02dcb050.jpg
A1+WLgKr3LL,2315,2560,02/029e5df4.jpg
A1--3JVPVYL,2560,1848,02/0216abb6.jpg
A11BJf8+8fL,2560,2152,02/025f8a86.jpg
A16Ctzhp3kL,2560,2560,02/02ea0d9f.jpg
A16RK+xZakL,1687,2560,02/0213951f.jpg
A18rrd4DOlL,2560,2560,02/026e7589.jpg
A1A6C81oTrL,2353,2353,02/029e3686.jpg
A1AN5Kua3ML,1555,2560,02/0230b2a0.jpg
A1DWNBmqIqL,2560,2560,02/02076203.jpg
A1G1Gb3o-nL,2070,2070,02/02cf5bde.jpg
A1H7bZIrK8L,2560,2560,02/02071478.jpg
A1Hr0HCrlLL,2560,2560,02/02e1e1f3.jpg
A1HrVijh+FL,2560,2560,02/0261ca16.jpg
A1IAcw090fL,2560,2560,02/027e6af6.jpg
A1IqcG7oOtL,2560,2560,02/028c42a2.jpg
A1L1xV37UqL,2560,1534,02/026a2abb.jpg
A1LC7TxqACL,2560,2560,02/02fba3ab.jpg
A1P7beMJP0L,2489,2494,02/0257bfb6.jpg
A1PC9ylBk8L,2560,2559,02/027d3221.jpg
A1SXkO4Tg7L,2459,2344,02/02a804e3.jpg
A1V3Q0-HScL,2560,2560,02/02d265a0.jpg
A1XjYH1939L,2560,2560,02/02be1aa8.jpg
A1aQAOBOUuL,2560,2560,02/029a8347.jpg
A1gAVJbsi3L,2560,2098,02/029cf2cb.jpg
A1h72c22uWL,2228,2144,02/0268c578.jpg
A1h9WaZdXEL,2560,2560,02/02f17302.jpg
A1j-iAIsCoL,2560,2560,02/027a4b2c.jpg
A1jekIpwIGL,2560,2560,02/02832e98.jpg
A1mh3lrqhML,2560,2560,02/025feb8a.jpg
A1s4KOYQSVL,2395,2560,02/026188ef.jpg
A1w-HooyLvL,1879,2560,02/021f33bb.jpg
A1wPiTeqZzL,2560,2035,02/02799774.jpg
A1x2efoKP2L,1906,2560,02/029286ba.jpg
A1yO2MzFTaL,2377,2560,02/0262070a.jpg
A1yvtRXohGL,2560,2553,02/0292237a.jpg
A1zGcirNC6L,2560,2560,02/025fe167.jpg
A1zhyZr7laL,2560,2560,02/022f8642.jpg
B1+-XbcWYNS,2500,2490,02/029dc3ff.jpg
B1B9vbOy72S,2560,2560,02/02fe784e.jpg
B1u9FExbhxS,2560,2560,02/02586856.jpg
B1zec8KS5BS,2560,2560,02/021c4b58.jpg
