21ka3TuUaIL,376,500,0a/0aa16b11.jpg
21kzp00iZzL,500,375,0a/0a4fc650.jpg
31+RxLYjchL,500,375,0a/0ac5c7ef.jpg
3114TyVB8zL,500,375,0a/0a9f3957.jpg
313Ewv8ORML,500,375,0a/0ae26e3f.jpg
313tdA61zHL,500,375,0a/0a5258b5.jpg
317W5d88wwL,500,365,0a/0aacfefa.jpg
317rnydjWXL,500,375,0a/0a9123e0.jpg
31AC9T9JHFL,289,500,0a/0a96aebd.jpg
31Cns5C4OvL,500,375,0a/0ac3fc17.jpg
31DQWdeQsbL,500,375,0a/0ae4645f.jpg
31ELCPC-R9L,500,375,0a/0a9eeec9.jpg
31FtN8F3gPL,500,375,0a/0a1b984f.jpg
31GEGDxs4sL,500,500,0a/0a7d076d.jpg
31RN7NecTfL,500,375,0a/0aad5642.jpg
31axATLDH9L,500,375,0a/0a4c1fbd.jpg
31cfMZgbhkL,500,375,0a/0a331995.jpg
31opViMtkRL,500,375,0a/0a0245b9.jpg
31pFMGrWpcL,500,375,0a/0a11d9c8.jpg
31vpePE8qkL,500,375,0a/0addf09f.jpg
412oA6FZxzL,324,1122,0a/0a79ee10.jpg
4155jHHJgmL,500,500,0a/0a04f1f7.jpg
41B8ylyu0GL,1000,1000,0a/0ac4829f.jpg
41BIfmQrYGL,332,500,0a/0ae09ed3.jpg
41DcJcKZ6PL,1050,1050,0a/0a9c0ba2.jpg
41FXEz43eEL,1000,1000,0a/0a57557f.jpg
41GtRx69snL,500,496,0a/0abef201.jpg
41HcJIpVqDL,226,1832,0a/0a20431c.jpg
41LIgwByy+L,500,500,0a/0a10935d.jpg
41PpTj8VNeL,1000,1000,0a/0a890582.jpg
41S43uwb+xL,323,500,0a/0a801f1f.jpg
41T+cJL8OHL,1000,1000,0a/0a4fd1d2.jpg
41Uq4JnYPDL,344,1510,0a/0a80fa45.jpg
41VOmUFT70L,125,1000,0a/0a34a397.jpg
41XBgu7mAvL,500,352,0a/0a520214.jpg
41Y2b5bTY9L,1000,1000,0a/0ac998e8.jpg
41YmXbi14yL,500,500,0a/0a31abb4.jpg
41aeADRQZJL,1200,1200,0a/0aefe528.jpg
41dCcgGWzHL,500,500,0a/0a250b4e.jpg
41nCy-NoHCL,1000,1000,0a/0a1755e9.jpg
41o8K9Fx97L,1000,1000,0a/0a2304b8.jpg
41oWQ2omljL,500,500,0a/0aa6cad8.jpg
41rmchLPAbL,500,500,0a/0ac7074b.jpg
41uOvxJzdlL,293,500,0a/0a39b328.jpg
41ykRAwx2cL,1050,1050,0a/0ae51e28.jpg
41zk5QfFO9L,1000,1000,0a/0ae47dac.jpg
51-2dQNRKsL,1500,1500,0a/0a3a2516.jpg
51-BOHqA8+S,2500,688,0a/0a69179b.jpg
51-UvvimKrL,1000,353,0a/0aec0506.jpg
510BkRZDUWL,426,1020,0a/0a4d8c0f.jpg
510G42cs1aL,1200,1200,0a/0a398ab1.jpg
510okmCDCWL,1200,1200,0a/0ace2c8e.jpg
511Ombji7mL,1250,1250,0a/0aebcab9.jpg
5120NuTEKuL,89,1988,0a/0a067ad5.jpg
512YFF5QWZL,500,343,0a/0ac6e6b8.jpg
513L6D-qi8L,1200,1200,0a/0a460fde.jpg
514dR364GGL,333,500,0a/0ac23df1.jpg
515l+OchzzL,1100,1100,0a/0a134362.jpg
517VNqzI8KL,566,1024,0a/0a140036.jpg
517sySNjSTL,1211,1211,0a/0abacc29.jpg
518daxx9HEL,1050,1050,0a/0ac18832.jpg
519f+tru89L,1000,1000,0a/0a3089d3.jpg
519iwPrNe4L,1500,1500,0a/0ac1347c.jpg
519lkH+zxyL,478,2560,0a/0af7c4e8.jpg
51AYuYE6l0L,1044,1044,0a/0ab99233.jpg
51ArcgwakaL,1000,1000,0a/0a94057a.jpg
51BU20WEtpL,497,500,0a/0a77ac12.jpg
51DXxlie81L,1100,1100,0a/0a6baf24.jpg
51DoTe1psmL,1006,1007,0a/0a789f06.jpg
51Dw6hBV8AL,1500,1500,0a/0aba94d9.jpg
51EOcmWwPNL,375,500,0a/0a696f50.jpg
51GmPYaoLZL,1000,1000,0a/0ac1fc0d.jpg
51J8A6tj68L,1200,1200,0a/0a596e9b.jpg
51JdQHDFvCL,500,500,0a/0ae3d1ed.jpg
51K3OAFQiTL,1200,1200,0a/0aadf9c9.jpg
51MP2D1cGZL,1001,1001,0a/0a98272d.jpg
51Mj0t06ynL,184,1392,0a/0ac19a25.jpg
51MjsmkBHqL,797,1366,0a/0a280e65.jpg
51Na0ipZ6xL,1200,1200,0a/0a1e2ba5.jpg
51Nbzv8X5UL,348,2029,0a/0a6533e8.jpg
51Nw8t4j7uL,1050,1050,0a/0a5e7c18.jpg
51NzbWD-QzL,361,2560,0a/0a1be475.jpg
51ODJbgWw6L,1200,1200,0a/0a26eb5a.jpg
51OEO6N18aL,1500,1500,0a/0ace0530.jpg
51ORnXLTY9L,402,500,0a/0a188a1c.jpg
51Ol+Vi2njL,1200,1200,0a/0af1bdc8.jpg
51OsY+qfHxL,1001,1001,0a/0a0a18ba.jpg
51P9dN1zsgL,524,1400,0a/0a505b4f.jpg
51PRmDnJLIL,1000,1000,0a/0aee8015.jpg
51R7BNuEpTL,1200,1200,0a/0a39d852.jpg
51RDozuyZ0L,252,1242,0a/0a041414.jpg
51RIK2gPHgL,294,500,0a/0ae6ad76.jpg
51RldGw+XZL,1500,1500,0a/0ab08d05.jpg
51TJFPgMzkL,1000,1000,0a/0aa662e0.jpg
51TVdvY9FHL,342,500,0a/0ad93033.jpg
51UVXmZKDNL,683,1024,0a/0a517a75.jpg
51UpcHyZRjL,1200,1200,0a/0a7339f1.jpg
51VLl9IWJJL,500,500,0a/0a2e6e8d.jpg
51Vz+hJElmL,346,1000,0a/0a0c1cf3.jpg
51W8ny7ujeL,1367,1382,0a/0a124c84.jpg
51WbLbDjtGL,1200,824,0a/0ade8338.jpg
51WdqzzlOhL,1050,1050,0a/0a089451.jpg
51XkJxd4KwL,1000,911,0a/0a066bb3.jpg
51bJ48KnIEL,1000,1000,0a/0a973f9f.jpg
51beM8DgV+L,1000,1000,0a/0a9d636b.jpg
51cYsjfUCsL,338,500,0a/0ac01b1e.jpg
51dgLc7tTUL,1293,1293,0a/0a666563.jpg
51fC3BYGFeL,1000,1000,0a/0ac9f514.jpg
51fy7UqEBgL,1000,660,0a/0ab7364e.jpg
51g6zSEtgNL,1100,1100,0a/0ab26334.jpg
51gDC1RNJlL,375,500,0a/0ad5bb8e.jpg
51hGYUkaWbL,1000,1000,0a/0afc75ef.jpg
51hw13VClPL,1300,1300,0a/0aa40667.jpg
51ilQfg81WL,214,500,0a/0a153b30.jpg
51iybuKnYIL,1146,1146,0a/0a55ee74.jpg
51iznE209VL,1100,1100,0a/0a5a340f.jpg
51jJxc9H0bL,1200,1200,0a/0a1675e0.jpg
51jNPqpcc-L,780,1740,0a/0ae7a65b.jpg
51jw56EROUL,1000,1000,0a/0a1d9a07.jpg
51jzpgtexEL,1000,1000,0a/0a86640a.jpg
51kpilR6HuL,715,1920,0a/0a46891d.jpg
51krVzIMYZL,1200,1200,0a/0ad3d73f.jpg
51l4-ikCvcL,1000,693,0a/0aeadef1.jpg
51lTEmEaeFL,1000,1000,0a/0ae40c97.jpg
51lVDwFL1jL,900,1200,0a/0ae534d8.jpg
51lb8+GxrVL,1200,1200,0a/0a26051d.jpg
51mWeeILfzL,1000,1000,0a/0a033321.jpg
51mYRNZjG6L,1000,232,0a/0a90d708.jpg
51nCBuJHDWL,741,1600,0a/0a354c1a.jpg
51o5goOoEVL,1200,1200,0a/0a0ac5c1.jpg
51oB-m6HwyL,1000,1000,0a/0a8f72de.jpg
51oIPSYQzWL,1200,1200,0a/0aa44139.jpg
51ppL4UQxsL,1100,1100,0a/0a335ee4.jpg
51qDrP9qU4L,1200,1200,0a/0a464d57.jpg
51qIq2ByjML,1444,755,0a/0a791284.jpg
51qP4Jx5ZHL,1000,1000,0a/0a11db39.jpg
51r+cKRpEXL,1500,1500,0a/0aa72e29.jpg
51r-b62t2lL,1000,1000,0a/0a835608.jpg
51rtGqwpEvL,239,2500,0a/0a5d6503.jpg
51s+l6w2J3L,120,1732,0a/0ad570cd.jpg
51s3KeUBfYL,1000,443,0a/0a8b64e7.jpg
51sXULYc1UL,1200,1200,0a/0a324a26.jpg
51tjASNSi0L,1000,1529,0a/0a6dec72.jpg
51v1bEyMVjL,1015,1015,0a/0a8d2848.jpg
51v6u4OGuoL,1000,1000,0a/0aad840c.jpg
51vVgVVEKbL,1100,1100,0a/0a66a366.jpg
51vY-IAyw+L,1200,1200,0a/0ae8c0b5.jpg
51w+4jYE-jL,1444,755,0a/0a8f1ae6.jpg
51wArUgy47L,1001,1001,0a/0ac8673c.jpg
51wScBd3qwL,1048,1050,0a/0a81acc6.jpg
51x3zaE-esL,1200,1200,0a/0aa97ecf.jpg
51z67a9kJCL,1000,1000,0a/0a7ec594.jpg
51zJmhnhm6L,1000,1000,0a/0a8d51d3.jpg
51zn9eMcxBL,1100,1100,0a/0ad75f14.jpg
61+JWL7o4-L,1000,1000,0a/0a8e7259.jpg
61+jAyjXcsL,2160,2160,0a/0a881484.jpg
61-6sorhB+L,1800,1800,0a/0a0a2524.jpg
61-EFWdMIHL,1802,1935,0a/0abaec0a.jpg
61-adEJo8ML,2560,709,0a/0ad734dd.jpg
61-gZTYPzOL,2200,1879,0a/0aa59169.jpg
61-qL7tVVTL,519,1303,0a/0a3cccd1.jpg
6109VgrcnuL,2560,2560,0a/0ac3340a.jpg
610FrkrdzfL,2200,1879,0a/0ab9fa48.jpg
610ofSoNyIL,724,1050,0a/0a23540a.jpg
610wyuoOKoL,1333,2000,0a/0ad0bbd9.jpg
61144abN8wL,2200,1879,0a/0a535220.jpg
611DMdQ+45L,1000,1000,0a/0a3dcabd.jpg
611IJ1IsGiL,1500,491,0a/0aba4dcb.jpg
611NIiZi-xL,1200,1200,0a/0aecc439.jpg
61254lKfe1L,1000,1000,0a/0a1c7954.jpg
612QKVU0ILL,763,1553,0a/0a82ad7b.jpg
612dKkflWPL,2332,2332,0a/0a9764fa.jpg
612e0eHaRKL,1027,2000,0a/0a4f35fd.jpg
612kao6DGYL,500,500,0a/0a9aaee6.jpg
613nDGLaHQL,2160,2160,0a/0a9f8459.jpg
6144uwjViGL,2200,1879,0a/0a8fcc13.jpg
614JlJ9QjbL,1000,1000,0a/0a9edf04.jpg
614otqeL8AL,1625,850,0a/0a34101d.jpg
615LOSy1MYL,1000,1000,0a/0aa5dead.jpg
615TOs+vMjL,1190,609,0a/0ad8712a.jpg
615X3KpfcsL,1000,1000,0a/0addb168.jpg
615qF+rqSoL,1001,1001,0a/0a1acbc9.jpg
616+F2ZMCmL,1829,2560,0a/0ab8ec8b.jpg
616ABHJZVVL,381,500,0a/0a19f196.jpg
616LjEWv2LL,1444,755,0a/0a3e540a.jpg
616Qszm0ryL,1000,1000,0a/0ac3cc2a.jpg
616V1Xa0M1L,1923,599,0a/0abde486.jpg
616tUd7BeQL,1800,1800,0a/0a452f8b.jpg
616xSrmhldL,2200,1879,0a/0a348dbc.jpg
6176xFs4o6L,2560,1380,0a/0a40518d.jpg
617zAXjHmPL,1000,1000,0a/0a932465.jpg
6184qpQA1vL,1000,1000,0a/0a3435ed.jpg
618hLFx0HLL,1000,402,0a/0ab6be40.jpg
618i4VtkMrL,1625,850,0a/0a1f7250.jpg
619H-DlnZ7L,1920,2560,0a/0a148fa6.jpg
61AapzsMM3L,1585,1588,0a/0ac85421.jpg
61AdCKxJATL,1125,1500,0a/0aabe816.jpg
61AelWtc6bL,1100,1100,0a/0a3bd64a.jpg
61B0wW84CrL,2000,2000,0a/0a93853a.jpg
61B8H-iYeLL,901,1500,0a/0aca1381.jpg
61BJZfrCGoL,1200,1200,0a/0a321207.jpg
61BqhookYJL,2200,1879,0a/0ad8f8ac.jpg
61CKZKlzJ7L,1000,1000,0a/0a8b1512.jpg
61COL2mvX9L,1500,1500,0a/0a5eb460.jpg
61CajhcU+AL,1100,1100,0a/0afaca39.jpg
61ChxmX4exL,1669,2560,0a/0a83d906.jpg
61CqI2p951L,1500,1500,0a/0a3bd2bb.jpg
61CwaqR8OhL,2560,824,0a/0a316059.jpg
61D1PUmsTPL,1000,1000,0a/0a7f3670.jpg
61DNocgS5uL,1500,288,0a/0a54e7ac.jpg
61Dp7KJrb9L,2200,1879,0a/0ab8d334.jpg
61DpiZMtdZL,1000,800,0a/0a170bcd.jpg
61EBlwpPFkL,988,1087,0a/0ac20b4b.jpg
61EOABC5+iL,2200,1879,0a/0af0ff56.jpg
61EWcNa7YYL,604,1575,0a/0a445ceb.jpg
61EYD9PuthL,1444,755,0a/0abb82ec.jpg
61EeqhWLkgL,1500,1500,0a/0ac1920d.jpg
61EkxmTAQ0L,1786,1786,0a/0a3d87ac.jpg
61Emu1-e7VL,1000,1000,0a/0a6f4836.jpg
61F-unm+8oL,1000,529,0a/0a31a2d7.jpg
61F3xFvMUlL,2560,1832,0a/0ab6e181.jpg
61FGPOeZ2tL,2200,1879,0a/0a739d73.jpg
61FTya2Bp6L,1000,1000,0a/0a89bf8f.jpg
61FiSfES70L,2560,764,0a/0a813be8.jpg
61FujcSq2IL,1315,1239,0a/0a9aa6a9.jpg
61G-LrsHaAL,1000,1000,0a/0a4836ad.jpg
61GS0OyT5+L,1760,1760,0a/0a2ded03.jpg
61GSBrbGj1L,1625,850,0a/0ad53892.jpg
61GZnRgdPBL,1315,1239,0a/0a679039.jpg
61GiHC1RM3L,1000,566,0a/0aa58db9.jpg
61Gn2peDiqL,1000,1000,0a/0a1faa0f.jpg
61GryUKjwvL,2560,979,0a/0a17b323.jpg
61HBOfA7kFL,1000,1000,0a/0a29c17e.jpg
61HC9Z2a28L,1000,1000,0a/0a7a3bbb.jpg
61HI54dsU9L,2560,1976,0a/0a86894e.jpg
61HJ9HoPSnL,1000,380,0a/0a0d1ff8.jpg
61HZjpOJr-L,1000,691,0a/0af4df86.jpg
61IFd60ruDL,2200,1879,0a/0aadfb84.jpg
61IGh+s3q9L,1500,1500,0a/0a62697e.jpg
61IJIaTofPL,1500,1500,0a/0a3e1b09.jpg
61IK7rdPRhL,1327,1410,0a/0ac093e0.jpg
61IdiTln1dL,314,2560,0a/0a09e8fc.jpg
61Ih1JqL5DL,2000,2000,0a/0aa20d0c.jpg
61IuceeuoJL,1000,1000,0a/0a4ca410.jpg
61JDcq2d5zL,1180,1213,0a/0a6a7394.jpg
61JDvSqRgmL,2000,2000,0a/0aee58b4.jpg
61JMlWXN+IL,2197,864,0a/0a9916b1.jpg
61JvG6l3WRL,1500,1500,0a/0ac3ba36.jpg
61KCHv9VAzL,1001,1001,0a/0a868021.jpg
61KYJigDxfL,2200,1879,0a/0af7e838.jpg
61LRgBiXwtL,1625,850,0a/0a766d57.jpg
61M0Q7Kh5bL,1200,1200,0a/0a74b224.jpg
61M8eNvSwfL,1000,1000,0a/0a7f6326.jpg
61MjXYlmaFL,1000,1000,0a/0af8009d.jpg
61Mps4qIDuL,1937,1191,0a/0a5482e9.jpg
61Nt1pyUPGL,1000,1000,0a/0ab76ce1.jpg
61P7qMf2ZaL,913,2531,0a/0a696381.jpg
61PJicwL4VL,1000,503,0a/0a1c8567.jpg
61PMjKegp3L,2560,1976,0a/0aa758f3.jpg
61PZY6JeF2L,1000,1000,0a/0ae76d70.jpg
61PgoO+r9IL,1625,850,0a/0a89ca63.jpg
61QHS3CbktL,1600,1600,0a/0ac5418c.jpg
61QNFxytozL,2560,510,0a/0ac837a3.jpg
61Qz8x-VqhL,1001,1001,0a/0a74084f.jpg
61R0RRyFNXL,1001,1001,0a/0af6d802.jpg
61RjbalTbAL,1000,1000,0a/0a207da8.jpg
61RxDvGmUOL,2200,1879,0a/0aec053b.jpg
61SKgaTgWML,1000,1000,0a/0a86266d.jpg
61SWND6WxxL,568,1388,0a/0afea51f.jpg
61SphrRrvIL,1500,1500,0a/0a531f49.jpg
61Sxiv7sE9L,1000,1000,0a/0a2818b1.jpg
61To7KSl0QL,1500,1052,0a/0ae1ab2f.jpg
61TtG5CDXNL,2200,1879,0a/0abba69b.jpg
61UFUFe8dbL,2200,1879,0a/0aaf4436.jpg
61UTCJYAV+L,1400,1400,0a/0ade395c.jpg
61UYes8iifL,1000,1000,0a/0a91dc59.jpg
61UkfFmypdL,992,2406,0a/0a686536.jpg
61UmZv5-INL,1722,1172,0a/0a386b5c.jpg
61UoUSEBlAL,1000,1000,0a/0a5efe1e.jpg
61UvsK8rY1L,1517,2375,0a/0a95f34b.jpg
61UzbzUJmsL,2200,1879,0a/0a0487a0.jpg
61V1lgag-WL,1444,755,0a/0a109559.jpg
61V2WmQzUfL,1000,464,0a/0aee66fc.jpg
61VaoRpJ1WL,2200,1879,0a/0a614107.jpg
61WTA-dHT0L,2200,1879,0a/0a709040.jpg
61WpjbA00SL,1500,1500,0a/0afe4f20.jpg
61X+6-3wuIL,1000,1000,0a/0ac07f5a.jpg
61XHuHAekIL,1500,1500,0a/0ac284af.jpg
61XItucHMiL,2332,2332,0a/0a3186d6.jpg
61XRSYVjN4L,1200,1200,0a/0a77fa2b.jpg
61XXvRM9WsL,2083,1563,0a/0a4d210c.jpg
61XakpVC5+L,2200,1879,0a/0ac92f62.jpg
61YRoY-rygL,1001,1001,0a/0a1c4bfa.jpg
61YURXknZPL,1625,850,0a/0a96306d.jpg
61YjE4WxoWL,1500,1500,0a/0a4eb7c6.jpg
61YrySYRGcL,1092,551,0a/0a19a6e3.jpg
61Z01liLRoL,1000,1000,0a/0a0ca4d8.jpg
61ZoqRqtamL,1240,750,0a/0a07f9f8.jpg
61ZtuWEoKbL,1000,417,0a/0a11dcc7.jpg
61a1kHcU-VL,1700,1700,0a/0a67391a.jpg
61a7wQYI45L,1000,1000,0a/0a79f1a0.jpg
61aD32cd07L,1000,1000,0a/0a01980b.jpg
61asB+xhLUL,1100,1100,0a/0a817b27.jpg
61bQPvu2wwL,652,1500,0a/0aa5bdae.jpg
61bVx3g5E1L,2560,481,0a/0ad0de95.jpg
61bkhtNWvbL,1200,1200,0a/0a923bbf.jpg
61cF9OA2b3L,1000,1000,0a/0ab1ae3c.jpg
61cGDAwgkIL,956,1518,0a/0a180cbb.jpg
61cJaErYNML,1100,1100,0a/0afef704.jpg
61cMKLSrk+L,1000,485,0a/0a0d96bd.jpg
61cVZ6LQeCL,1000,632,0a/0a0d6bc9.jpg
61cbBgcAP1L,2200,1879,0a/0a8a5847.jpg
61cckmW82nL,2560,2560,0a/0a1070f2.jpg
61dJXEXbLPL,964,1300,0a/0a66c01b.jpg
61dNl3FAVLL,1000,1000,0a/0a3aed02.jpg
61doruK+q+L,1100,1100,0a/0a3ec8e2.jpg
61drNwb3IvL,1000,1000,0a/0ab32575.jpg
61eVeqn5n6L,1237,1237,0a/0af30894.jpg
61eeUDf9oUL,1100,1100,0a/0a2e9a0c.jpg
61ef+OfyfKL,1316,1308,0a/0a0abda5.jpg
61evBTmdR3L,1000,1000,0a/0ab33971.jpg
61ew+CD5tdL,2200,1879,0a/0ab5ad88.jpg
61f7PU5xRGL,1261,1168,0a/0aecc972.jpg
61fGT+rPTEL,1625,850,0a/0ae0db75.jpg
61fl2jFfqPL,1771,2560,0a/0a8f26ea.jpg
61fvrR3ea2L,1000,2053,0a/0aa2cadb.jpg
61g39Z-eELL,1000,1000,0a/0a73f177.jpg
61gbZ9tcshL,1001,1001,0a/0adb2077.jpg
61gbzLmW-bL,2160,2160,0a/0a8f6a64.jpg
61gnFC0muOL,1000,1000,0a/0a9a43fa.jpg
61gs3Cf218L,2560,2560,0a/0a72249c.jpg
61guzSbxGbL,2560,1945,0a/0aaf1527.jpg
61hCp5GXFwL,1000,1000,0a/0ae0d10e.jpg
61hiDBf3xiL,2000,2000,0a/0a5d50bb.jpg
61htYj-Pb6L,1001,1001,0a/0a7d9590.jpg
61i1FaiglLL,1100,1100,0a/0a6c721c.jpg
61iXG1jb2cL,1315,1239,0a/0ab06f27.jpg
61ieilsoMtL,1100,1100,0a/0a019fba.jpg
61iyVR-fkjL,1200,1200,0a/0a06d5ec.jpg
61jRPri1EeL,1057,1571,0a/0a963e03.jpg
61jc487-YkL,1444,755,0a/0ad51e57.jpg
61jeVVgMobL,535,1162,0a/0a6e30a7.jpg
61joQ+z01wL,2560,982,0a/0a96aaef.jpg
61jzw0MdtkL,1000,254,0a/0a7506eb.jpg
61k5KxKYmlL,1316,1308,0a/0a072248.jpg
61kFnQTdmkL,1866,1866,0a/0a79dac3.jpg
61kXdfDbbkL,1444,755,0a/0a1ecccc.jpg
61kapgsbEXL,1779,1779,0a/0a97a7ae.jpg
61kcR7DQh1L,1672,798,0a/0a2f9964.jpg
61klEiD36lL,788,2560,0a/0ad4f9e6.jpg
61kyWH0db4L,1252,2560,0a/0ac3e2d9.jpg
61l6KthPrmL,1000,1000,0a/0ae5b14c.jpg
61l6NAwEZsL,1200,1200,0a/0a637101.jpg
61lPciisUYL,2000,2000,0a/0af96c1a.jpg
61lSlOtbC2L,1516,1516,0a/0ad323a1.jpg
61lgHRsn4RL,1000,1000,0a/0ac3b1b6.jpg
61llIekiYJL,2200,1879,0a/0aca8a97.jpg
61lp4-8A9DL,681,1355,0a/0a54b2f2.jpg
61lyOOk2SLL,652,1500,0a/0aa55699.jpg
61lzJo-PQOL,1500,1500,0a/0a680f67.jpg
61mCyEFPN1L,2200,1879,0a/0a5bc5f6.jpg
61mM3uCPnML,1316,1308,0a/0ad9a4d1.jpg
61mOLcCQKiL,2560,1951,0a/0a3d36a8.jpg
61n-uBVUKUL,1000,1000,0a/0ab7918b.jpg
61n1Tf5IBkL,485,500,0a/0a2b65f5.jpg
61nYcijf1tL,1334,2560,0a/0a4da6c1.jpg
61neFVj67uL,1500,1500,0a/0a550a7d.jpg
61nmAJb2auL,2200,1879,0a/0ae7a6af.jpg
61nyqRktysL,1315,1239,0a/0a720381.jpg
61o1xdohc+L,1000,512,0a/0ada0ceb.jpg
61oXb6ty5GL,1001,1001,0a/0a1000ca.jpg
61pk9W5DMzL,1000,416,0a/0a74efdd.jpg
61qE9S3b7IL,1305,1305,0a/0aebe077.jpg
61qnxs49oPL,1000,1000,0a/0ae2a81c.jpg
61r-ujOYZ8L,1001,1001,0a/0aaca3e5.jpg
61rYIK1NMIL,1500,1500,0a/0acf8860.jpg
61rj-fzbgjL,2200,1879,0a/0a8acbcc.jpg
61s7plqRtqL,1000,446,0a/0a7ca6ec.jpg
61smodnUbsL,1801,1801,0a/0a7bc6d6.jpg
61swdMXq8WL,2560,1313,0a/0acfec16.jpg
61sx37X1SLL,872,2193,0a/0ad2cc09.jpg
61syfcAFs-L,1000,1000,0a/0a6f2196.jpg
61tX2G2-+yL,2000,2000,0a/0af891cc.jpg
61uF3mDLQTL,1000,1000,0a/0a51260e.jpg
61uFv0TxhRL,2200,1879,0a/0a0a0c67.jpg
61uWEEO0j1L,1316,1308,0a/0afb8ca7.jpg
61uZiCvwLHL,1000,827,0a/0a896c41.jpg
61ufiiFy2TL,1000,1000,0a/0ae8bede.jpg
61urzxw3eJL,1000,1000,0a/0ab487d9.jpg
61vfEyUAUfL,760,1024,0a/0afa8371.jpg
61vhmp+MHwL,1444,755,0a/0a869762.jpg
61vqPVACZwL,985,2560,0a/0a7856db.jpg
61wc-N2oPqL,1360,1519,0a/0ad8ce00.jpg
61wgHBhRgdL,1000,1000,0a/0ab19dc4.jpg
61wqG4c2itL,1000,1000,0a/0a02878f.jpg
61xK3qC+KlL,1000,1000,0a/0a71fda0.jpg
61xPSJCwsIL,965,2560,0a/0a8d5c09.jpg
61xwZoU3oCL,1500,1500,0a/0a0daff7.jpg
61y5Rx3+5lL,2000,2000,0a/0a5184f8.jpg
61yF70qAwFL,1500,1941,0a/0aad895e.jpg
61yZl9L5bjL,1500,1500,0a/0a89bf5e.jpg
61yghgdd5XL,1200,1600,0a/0a2a6a69.jpg
61zBh-JaFuL,2200,1879,0a/0adbdcc9.jpg
61zPKnFBd4L,2200,1879,0a/0a40794b.jpg
61zS6UB7clL,2560,728,0a/0a395b29.jpg
71+2Dy+FLmL,2200,1879,0a/0aa259af.jpg
71+8VtySKXL,1000,647,0a/0a845aa8.jpg
71+EF8TbM4L,1000,1000,0a/0af30ab3.jpg
71+NOlls+8L,2200,1879,0a/0a99ec89.jpg
71+PyiWtOEL,2560,2560,0a/0ac9bbd7.jpg
71+S7P1rlNL,1200,1200,0a/0a5efb1c.jpg
71+Y7aswXrL,2003,2000,0a/0a65ea65.jpg
71+jtxVSNUL,1707,2560,0a/0ad3d5b4.jpg
71+nZIgq26L,2000,2000,0a/0a30f627.jpg
71+pEoO2W2L,1395,2560,0a/0a94a9a0.jpg
71-2lpKQ-DL,1500,1369,0a/0ac6319e.jpg
71-G4q14FpL,2560,2560,0a/0a4ffed8.jpg
71-HfyFDDGL,2200,1879,0a/0a6c489a.jpg
71-M-ETmVXL,2200,1879,0a/0a232f07.jpg
71-R2uNqW4L,2560,2560,0a/0a2d3ed6.jpg
71-U02Dzi9L,2200,1879,0a/0ad100fb.jpg
71-Vd8NKBSL,1800,858,0a/0a599ce0.jpg
71-an7Fp22L,1989,1282,0a/0aae5f66.jpg
71-faL-iMxL,2200,1879,0a/0acd537e.jpg
71-iQvEEe0L,1444,755,0a/0a03c8a7.jpg
71-oJJW2q5L,1982,2388,0a/0a789cdd.jpg
710243jKdTL,1444,755,0a/0ac22df6.jpg
7107-B1rH8L,2083,2083,0a/0a742b0e.jpg
710JaeGi+LL,1051,1524,0a/0ac99ef2.jpg
710L2Rotg4L,2200,1879,0a/0a42224a.jpg
710YxNjOwxL,2200,1879,0a/0a0c106c.jpg
710Zek1cE+L,1000,1000,0a/0a9920bf.jpg
710afofzBvL,1359,2363,0a/0ab5a339.jpg
710baaGUDKL,2200,1879,0a/0a0a6f42.jpg
710cbze1mXL,2560,2414,0a/0a51a637.jpg
710q1BHDj8L,2200,1879,0a/0add865e.jpg
7111KFFg--L,1608,2332,0a/0ab40a35.jpg
7114mTuiV2L,2200,1879,0a/0a63aa21.jpg
711Cn0oYMXL,2000,2000,0a/0a43fb24.jpg
711GN8VAP+L,2560,1188,0a/0aae93aa.jpg
711Mm8J79VL,2200,1879,0a/0a1e2288.jpg
711NVhFZLcL,2500,2500,0a/0af22604.jpg
711cdGMdsjL,2200,1879,0a/0a2fbe06.jpg
711m0DNuFzL,2200,1879,0a/0abd937e.jpg
711rDixK-CL,2560,729,0a/0ac84b32.jpg
711rIeqo9yL,1983,1983,0a/0ac5a0ad.jpg
711tpUluUPL,2000,2000,0a/0a3ff99d.jpg
711xGqVJS3L,2200,1879,0a/0a3cf249.jpg
71217hnfLPL,2200,1879,0a/0a151b43.jpg
7127gAf+ojL,2560,2560,0a/0a4421bd.jpg
712PqLNC0bL,1000,1000,0a/0abdaba0.jpg
712e9cnrTnL,2000,2000,0a/0a0e0e28.jpg
712hcq68qKL,2143,1491,0a/0a8f2c84.jpg
713-ymmXkyL,2200,1879,0a/0ad6f841.jpg
7131kHYWNQL,2200,1879,0a/0ad2618c.jpg
7133pSqnLjL,2071,828,0a/0aaebc1d.jpg
71346JxQRcL,1444,755,0a/0a5b3267.jpg
713B0dV1ufL,2200,1879,0a/0aa49b85.jpg
713Bmx47cbL,2200,1879,0a/0ad907d1.jpg
713R2i5ewJL,1765,1923,0a/0a06b2e0.jpg
713eKLfmHML,2560,510,0a/0a650d28.jpg
713vKxqp9zL,1444,755,0a/0aa20093.jpg
714GchS3jjL,2013,1252,0a/0a3374ca.jpg
714LDf69snL,694,1000,0a/0a312a4b.jpg
714SrJeaE4L,1744,871,0a/0a1c1211.jpg
714k-CfgOoL,1000,1000,0a/0a64d3d7.jpg
714p29GhZZL,834,2560,0a/0a2e13af.jpg
714yUYmC+AL,2200,1879,0a/0a8c62bb.jpg
7157y+1Q+mL,2560,2076,0a/0acf427f.jpg
715BJ72-O+L,2200,1879,0a/0ad517e4.jpg
715JJlrr44L,792,2187,0a/0a0f0a00.jpg
715QKG+NkRL,837,2504,0a/0a6fee12.jpg
715YcVZK9xL,2024,2527,0a/0ab5a157.jpg
716IpswCp7L,2000,2000,0a/0ad9a1c8.jpg
716UhpDdDnL,2425,2425,0a/0afbc249.jpg
716WGKND8yL,2200,1879,0a/0ae7f98d.jpg
716aXtkMIyL,2560,2560,0a/0afe5594.jpg
716iDGom+wL,1500,1500,0a/0aee31ce.jpg
7176rmlnBvL,2200,1879,0a/0ab305e6.jpg
717BDEWvtyL,2475,2475,0a/0a2063c1.jpg
717GSADrEhL,1410,2560,0a/0abe356e.jpg
717J08ikS2L,2514,2514,0a/0a612a2d.jpg
717LAoiWOOL,2560,900,0a/0a3d9d57.jpg
717Mbvr2eUL,2200,1879,0a/0ac35bab.jpg
717POFpntgL,2200,1879,0a/0a94727f.jpg
717S+uCpM6L,2200,1879,0a/0a453be4.jpg
717ZAVJ9l3L,2200,1879,0a/0a20170e.jpg
717c+xquZBL,2200,1879,0a/0aae0ec6.jpg
717n+fXiENL,2560,1969,0a/0a91ca75.jpg
717w2iFo-3L,2000,2000,0a/0a0f5a36.jpg
717z2yUYN5L,2166,1664,0a/0a82a2a5.jpg
7180pVKnyzL,2000,2000,0a/0a0df034.jpg
7187JIHraUL,2053,971,0a/0af4ec17.jpg
7187N7ud1tL,1316,1308,0a/0a7bc42b.jpg
718V-09-XqL,523,1521,0a/0a82668e.jpg
718VVdksOIL,2200,1879,0a/0af95560.jpg
718gvuZzSAL,2200,1879,0a/0a4ee02b.jpg
718l2L8KFuL,2200,1879,0a/0a084e8e.jpg
718w1OJzQPL,1625,850,0a/0a162f48.jpg
718zbj35qPL,2560,2560,0a/0ac6d448.jpg
7196wQbG7KL,1938,1524,0a/0a0aa317.jpg
719CUHizJQL,2000,2000,0a/0a1e1343.jpg
719KEEwfyEL,2200,1879,0a/0a4b9aff.jpg
719KtQJeR6L,2000,2000,0a/0a889a55.jpg
719L99bxdhL,1025,2259,0a/0a1911f4.jpg
719ZsCaDbDL,2200,1879,0a/0a2d2d4f.jpg
719bG6cDizL,1760,1152,0a/0a369988.jpg
719dLMWwhSL,2200,1879,0a/0a6364af.jpg
719gAl5loFL,2000,2000,0a/0a609c7c.jpg
71A+zQRy3uL,1052,2358,0a/0a58a267.jpg
71A-SS+HDtL,1500,1500,0a/0a3429c2.jpg
71A3W0vzpaL,1808,1808,0a/0a9fc90f.jpg
71ABQtZcguL,2200,1879,0a/0a607d56.jpg
71AD3f71yGL,1812,1812,0a/0ab206d1.jpg
71AP3uHS5GL,2200,1879,0a/0aad5114.jpg
71Ah3INcT+L,2473,2499,0a/0a40a83c.jpg
71AhO0wZVWL,2525,2560,0a/0a30d05a.jpg
71B-ZVXZjfL,1000,1000,0a/0a1015e2.jpg
71BHn-ltZ3L,2200,1879,0a/0ad81a61.jpg
71BW29GL4JL,2388,2388,0a/0ae97c58.jpg
71Be7xwa5WL,1500,1500,0a/0ae475fc.jpg
71BynW+lDuL,2200,1879,0a/0a252c65.jpg
71C0DWTbjzL,2000,2000,0a/0aaf03a0.jpg
71CCxDORJ7L,1104,1500,0a/0ae194cf.jpg
71CF+vxcfoL,1500,1500,0a/0a02c4e5.jpg
71CHPFe9YVL,2560,1691,0a/0a209539.jpg
71Ce94ERh1L,2200,1879,0a/0a671896.jpg
71CjUXA0AjL,2200,1879,0a/0a735dc9.jpg
71CmkkwqQVL,947,2560,0a/0a2dadba.jpg
71CnuBmVn7L,2560,2560,0a/0a3affcd.jpg
71Co9xEK4ZL,2000,2000,0a/0aa31da0.jpg
71D6aiQb59L,2200,1879,0a/0a157385.jpg
71D7G2A5CBL,2200,1879,0a/0a66922a.jpg
71DDd03mazL,2200,1879,0a/0afa7f3a.jpg
71DWUiJ5U6L,2200,1879,0a/0accbfe5.jpg
71DY8qzrG+L,2200,1879,0a/0ac32380.jpg
71DcoZWynNL,2229,1239,0a/0adc727e.jpg
71DknuELOWL,2560,2560,0a/0a6877f7.jpg
71DlrZc-WFL,718,2560,0a/0addfc23.jpg
71DoKH+WqJL,1227,2560,0a/0a11343d.jpg
71E5oSp+AsL,2200,1879,0a/0a1dbdea.jpg
71EKDPghNBL,2200,1879,0a/0a08d4ea.jpg
71EKf4kIAaL,2560,2560,0a/0abf2eb2.jpg
71EauCYdgZL,2200,1879,0a/0a53d2d2.jpg
71Eo9J1Q1mL,895,2437,0a/0a9838eb.jpg
71EuGzrKw2L,1197,2300,0a/0a519597.jpg
71EuIBsHKeL,2560,912,0a/0a75e8b0.jpg
71F1Zcd0IoL,1487,2472,0a/0a8a7573.jpg
71F5n3Du4nL,2200,1879,0a/0a37eecd.jpg
71FIJH2j2xL,2500,1043,0a/0ae39198.jpg
71FIqtz78zL,2560,1926,0a/0a41b4af.jpg
71FXAWuzZ2L,2560,1668,0a/0a5ffaf4.jpg
71Fb+g9mxVL,2144,2144,0a/0a8ff8cb.jpg
71FdLQAZt7L,2200,1879,0a/0a4b2ed6.jpg
71FiW-f3kVL,608,2560,0a/0abb9330.jpg
71FrP4Hh75L,2200,1879,0a/0a259401.jpg
71FuAHjLBtL,1444,755,0a/0a7ed963.jpg
71Fw8zeiuvL,2200,1879,0a/0af4de5f.jpg
71G2d4lPqIL,2200,1879,0a/0a4a4930.jpg
71G92fnvBNL,1005,1477,0a/0a3a2046.jpg
71GBjUIJMJL,2560,1969,0a/0abad95e.jpg
71GnnJOC+mL,2200,1879,0a/0ae9c1ee.jpg
71Gnqax63uL,2200,1879,0a/0a3bbf25.jpg
71Gqw7l-qoL,2200,1879,0a/0a978d1b.jpg
71H2Q1vgttL,1132,2365,0a/0af201d9.jpg
71HL6Jbf42L,2560,2560,0a/0a8e25db.jpg
71HRUwouN8L,1500,1500,0a/0ae08ddb.jpg
71HUXI2fltL,2560,1969,0a/0a290813.jpg
71HkSFhx9UL,1731,1731,0a/0a2cd2b5.jpg
71HvOhleAYL,2560,1969,0a/0a554fcf.jpg
71I+Ij8N7HL,1051,2104,0a/0a07bda1.jpg
71I3GNeSSjL,1822,1822,0a/0a2e0a0a.jpg
71I9hzBBXPL,1316,1308,0a/0adf2a2b.jpg
71IYHzx+Q3L,2107,1210,0a/0a4cf717.jpg
71IaktoS4aL,1487,1882,0a/0ad3ad71.jpg
71Id3fQqUOL,2200,1879,0a/0a8bdf84.jpg
71Ife9d3VYL,2518,1209,0a/0a4d0c06.jpg
71Ijaiq1NqL,2200,1879,0a/0acab136.jpg
71Isn90hlYL,2000,2000,0a/0ad4f770.jpg
71IyS7QCoSL,2200,1879,0a/0a906485.jpg
71JB0EO4KQL,2200,1879,0a/0a460017.jpg
71JI99QlFdL,2560,2560,0a/0ab89003.jpg
71JJFwUhosL,2200,1879,0a/0a3757b3.jpg
71JM-tv3fIL,2000,2000,0a/0a57158f.jpg
71JPKxovAYL,2200,1879,0a/0a894c15.jpg
71JhDgAlAcL,2200,1879,0a/0a9a3d22.jpg
71JoiL19ekL,1942,2542,0a/0a22efd4.jpg
71JuEFq5QiL,1985,1985,0a/0a304fa3.jpg
71JyyT6VlvL,1000,1000,0a/0a81256d.jpg
71K-l4GiP0L,1280,2560,0a/0a046d60.jpg
71KBy7O5r1L,2000,2000,0a/0a1143d5.jpg
71KCgpPs8bL,2000,2000,0a/0ac02e8c.jpg
71KFgy+0SkL,1912,1912,0a/0a86aef4.jpg
71KHhikyyqL,2000,2000,0a/0a05ca6e.jpg
71KJrT5ImXL,2200,1879,0a/0a1dbacb.jpg
71Klz1M2mRL,2200,1879,0a/0aa9bf42.jpg
71KoWxLRowL,1500,1500,0a/0a357581.jpg
71Kuum8Lf8L,1500,1500,0a/0aed1cfc.jpg
71KvkKAiAXL,2200,1879,0a/0aa61af9.jpg
71LQ75geOlL,2200,1879,0a/0aa704e0.jpg
71LbK713EOL,2200,1879,0a/0a6364fd.jpg
71LdYyrHqbL,1398,2000,0a/0a7cc2d9.jpg
71M0nBIs1iL,1070,1070,0a/0aaa3b3d.jpg
71M1psejyKL,1000,778,0a/0a68d36e.jpg
71M5bR8iw1L,2200,1879,0a/0a984957.jpg
71M9ldavMJL,2560,1969,0a/0aee8e08.jpg
71MCkQEzbrL,1500,1500,0a/0a70bd85.jpg
71MCyRpHc7L,905,1957,0a/0a71e491.jpg
71MGCNGlpdL,2560,2560,0a/0a62286d.jpg
71MHVb-SdtL,1754,2560,0a/0a93c80d.jpg
71MM3SRb5pL,2200,1879,0a/0a1fdd0b.jpg
71MU071RRBL,2560,1707,0a/0a3e3c01.jpg
71MYPYoE+QL,2200,1879,0a/0ac49292.jpg
71Mab42C+qL,2200,1879,0a/0ad9e10a.jpg
71Mgf7HvmkL,2500,2500,0a/0a4f0a45.jpg
71MjZc-+IbL,1500,1500,0a/0a6aaf23.jpg
71N7PSH3vZL,2200,1879,0a/0a92e0a2.jpg
71NGDzAOHzL,2560,1010,0a/0a362f34.jpg
71NNp7t4zoL,2200,1879,0a/0a31a18f.jpg
71NTmvbaE6L,2560,1969,0a/0a2472fa.jpg
71NVG2BwJbL,2200,1879,0a/0abd4e1e.jpg
71NnVnVo7WL,1627,1043,0a/0a26c03d.jpg
71NozsfjQnL,1200,1200,0a/0a833cea.jpg
71O2XHoTJ0L,2560,2027,0a/0a174a25.jpg
71O5ZzI4hUL,2560,1686,0a/0a442566.jpg
71OP76Xu2QL,1504,1756,0a/0aa62f50.jpg
71ORxwlhCvL,1500,1941,0a/0a474c00.jpg
71OW-OdiH1L,2208,2208,0a/0a39d748.jpg
71OXVHA9sqL,2200,1879,0a/0a5af366.jpg
71OfcMGK2PL,2000,2000,0a/0ae06919.jpg
71Ox8XATQ5L,2200,1879,0a/0a600e7d.jpg
71P1peNTI5L,2200,1879,0a/0aeaec5c.jpg
71P62lplDyL,2200,1879,0a/0a1b2062.jpg
71PBR1ShvKL,812,2264,0a/0a12f04f.jpg
71PO+hfREFL,1500,2000,0a/0a9d3821.jpg
71PnpI4rCIL,2000,2000,0a/0adcd8a6.jpg
71Ps0DlnIqL,2200,1879,0a/0aeb88b2.jpg
71QATX7XjfL,2000,2000,0a/0a07a2d3.jpg
71QCzsH1eqL,2560,1681,0a/0ae7642a.jpg
71QQGGiI8gL,2560,2020,0a/0a3f3f96.jpg
71QRv-uBRJL,1500,1500,0a/0a9a8609.jpg
71QS0CkioCL,2200,1879,0a/0a6b157f.jpg
71Qaho1LqcL,2200,1879,0a/0aa7e911.jpg
71QekxF0syL,2560,1970,0a/0a664c95.jpg
71Qgkzvg1aL,2200,1879,0a/0a1cbefb.jpg
71QuFzeLBvL,2000,2000,0a/0a4364be.jpg
71QyetflG-L,2000,2000,0a/0a705692.jpg
71R4DGhsNWL,2560,1969,0a/0a68e2e4.jpg
71R6KMBRF6L,2200,1879,0a/0a113be8.jpg
71R7Py1bJWL,1500,1500,0a/0a5b3d92.jpg
71RY5-eYYWL,2200,1879,0a/0a0e9356.jpg
71RbAM1v9bL,2000,2000,0a/0aa1cdd1.jpg
71Rcf06P5sL,2200,1879,0a/0a7c7486.jpg
71ReCYeo3rL,2200,1879,0a/0a0aed58.jpg
71Rj11YfrtL,2033,2483,0a/0a3264d9.jpg
71RlVUBGNmL,2560,1969,0a/0aadaf7a.jpg
71SGVq1XcDL,1772,1772,0a/0a3403a0.jpg
71SHgLc+6RL,2000,2000,0a/0a936fb5.jpg
71SPL3ySyhL,2200,1879,0a/0abcf7fe.jpg
71SRzGUnR2L,2200,1879,0a/0a587e18.jpg
71SYfkMmmBL,849,2364,0a/0a5ebdf0.jpg
71Scu3BihuL,2200,1879,0a/0adba6f7.jpg
71StEKptvWL,509,2500,0a/0a6ed2bc.jpg
71TGhZ795VL,1000,1000,0a/0acd2ff3.jpg
71THrmllXoL,1258,1838,0a/0aa1f903.jpg
71TL32yreTL,2000,2000,0a/0a68a71b.jpg
71TLj2+Fb6L,1707,2560,0a/0a9abbc4.jpg
71TOqEPsJgL,2200,1879,0a/0a0d7de7.jpg
71To1qQlRzL,2200,1879,0a/0a19d45c.jpg
71TqoTqVpxL,2200,2200,0a/0a819392.jpg
71UBOzStRkL,2200,1879,0a/0a65fb70.jpg
71UR-qGEMYL,2560,1765,0a/0a4e7a9b.jpg
71UTMPHNKdL,2560,2560,0a/0a14c886.jpg
71UUtyLw7vL,2200,1879,0a/0a2e10b8.jpg
71UWcXdImiL,2200,1879,0a/0abf3d51.jpg
71Ub6Dzex8L,2560,2560,0a/0a9ddc02.jpg
71Uh5MqrKPL,2500,1161,0a/0a3557cd.jpg
71UhLw7CMrL,2330,2330,0a/0a83db82.jpg
71Ujre-EP2L,2400,2400,0a/0a80bf7a.jpg
71UkRHrBGZL,1500,1500,0a/0a44e71e.jpg
71UkwET+2zL,2200,1879,0a/0a3497aa.jpg
71UnlIsplUL,2200,1879,0a/0a65bb26.jpg
71UrH+2BLNL,1444,755,0a/0a3386b8.jpg
71V55tcaPPL,2200,1879,0a/0afda6ec.jpg
71VDVZyk4gL,1225,1608,0a/0a530267.jpg
71VHlQAN4+L,1697,891,0a/0ad20e4d.jpg
71VJB+u9W1L,2560,2560,0a/0a28005e.jpg
71VnwPtUDOL,2200,1879,0a/0a59ec1b.jpg
71VpC2yr13L,2560,821,0a/0a595016.jpg
71W1DI5nxUL,2200,1879,0a/0a9691d8.jpg
71WDcvzhN7L,1935,2560,0a/0a832935.jpg
71WrS5kJuTL,1000,1000,0a/0a5e0d5a.jpg
71X48KOjDZL,2200,1879,0a/0afcc3f1.jpg
71X5lEUWwaL,2085,2085,0a/0a3b2151.jpg
71XCgRGlMcL,1636,1636,0a/0a285975.jpg
71XFS3a1r4L,2000,2000,0a/0acfc4f0.jpg
71XKo0MrTBL,2200,1879,0a/0a600c08.jpg
71XKoZlg3uL,1444,755,0a/0a17a41b.jpg
71Y8eEnhs-L,2200,1879,0a/0a15a918.jpg
71Yc2R8ladL,2200,1879,0a/0aebbea5.jpg
71YcW5T4jwL,2200,1879,0a/0a794563.jpg
71Z1R3VNXeL,936,2560,0a/0af9a602.jpg
71ZN0VO1+0L,2200,1879,0a/0a851578.jpg
71ZRPcaam2L,1001,1001,0a/0a6fe8a6.jpg
71ZXo1CN8-L,2000,2000,0a/0a6781b6.jpg
71ZY1IGAZoL,2200,1879,0a/0a6355cf.jpg
71ZgWLCSRFL,2200,1879,0a/0a07c32d.jpg
71Zki3amj-L,2560,777,0a/0a4c7e69.jpg
71ZqRRFJuUL,1500,1500,0a/0a2108c8.jpg
71ZrMjIv78L,1109,2318,0a/0ac11686.jpg
71ZtTOW3pLL,2200,1879,0a/0a38eeff.jpg
71Zu8iwcYkL,1500,1500,0a/0a3e0146.jpg
71ZvVDjZYNL,2560,2560,0a/0a34fd2f.jpg
71a9g17G8iL,2200,1879,0a/0ad6515c.jpg
71aE9th2h1L,2200,1879,0a/0acab2af.jpg
71aX4VRBvqL,1500,1500,0a/0a2e1501.jpg
71aXsaUF6yL,1920,2560,0a/0a9f7376.jpg
71acm1VbGTL,2200,1879,0a/0a718418.jpg
71ant0-pXIL,2200,1879,0a/0acd6591.jpg
71arre-ssZL,2000,2000,0a/0abd873d.jpg
71b0gMuqLBL,2200,1879,0a/0a4709b6.jpg
71b5Jwq4o0L,2200,1879,0a/0a49c25e.jpg
71bHeGhiRvL,2200,1879,0a/0a885fd1.jpg
71bLK2yWroL,2200,1879,0a/0ae372aa.jpg
71bWHFYqMhL,2200,1879,0a/0ade963c.jpg
71bhIfBi9YL,2000,2000,0a/0ab1edb2.jpg
71bnmijdprL,2200,1879,0a/0a08ccfa.jpg
71bsEEjowML,2200,1879,0a/0a6e33f9.jpg
71by0y8ARqL,2560,1082,0a/0a669e93.jpg
71c+Lo2hwcL,2560,669,0a/0a0fd000.jpg
71c55IJZSuL,1315,1239,0a/0a01f86e.jpg
71cHadPyC7L,1000,662,0a/0a9be280.jpg
71cJE9FkHHL,2200,1879,0a/0ad60536.jpg
71cN8ShSi3L,1125,1500,0a/0a6b9551.jpg
71cPabt81FL,2560,2560,0a/0a2b3431.jpg
71cbXMrD+rL,2200,1879,0a/0a8eaaa7.jpg
71cmubscqxL,1000,742,0a/0a6956ba.jpg
71coEiIMODL,2200,1879,0a/0aca9e30.jpg
71cpBKm3G6L,1000,1000,0a/0a5d07c9.jpg
71ctBD9a8vL,1242,1351,0a/0adf522f.jpg
71cwJNkajVL,2000,2000,0a/0a2414e1.jpg
71d49c76-IL,1200,1200,0a/0ab6e733.jpg
71dBkYXqiTL,2200,1879,0a/0af09018.jpg
71dDVjesAdL,2560,1707,0a/0ac2e040.jpg
71dHNi+ga-L,1500,1500,0a/0a5edba9.jpg
71dOWDUthAL,652,1500,0a/0a279b5b.jpg
71dZlzB-PsL,2560,2560,0a/0a57b3ae.jpg
71daXpKt7FL,2200,1879,0a/0a16e8d3.jpg
71dgvvjBZjL,2000,2000,0a/0a24e178.jpg
71dhmN9iRgL,1835,698,0a/0a419b5c.jpg
71dq8PIA2TL,2200,1879,0a/0a7dfa38.jpg
71dqV+MiDeL,1001,1001,0a/0aa76452.jpg
71dt8DFws7L,2200,1879,0a/0a062a40.jpg
71dw4efIXoL,2560,899,0a/0af94082.jpg
71dyHo1AJ6L,1670,940,0a/0ab59df0.jpg
71dzF9bGPmL,2200,1879,0a/0ab6887e.jpg
71e0P2duQUL,1512,920,0a/0a24f795.jpg
71e0faGMj6L,2200,1879,0a/0a780a11.jpg
71eHaVIGdhL,2200,1879,0a/0af42245.jpg
71eJfLH48HL,2200,1879,0a/0a147fcd.jpg
71eOCo13MVL,2200,1879,0a/0a2b3b2d.jpg
71ePRz8hLlL,2120,2120,0a/0a2fd04b.jpg
71eRogJ6dKL,1500,1500,0a/0a36a2fc.jpg
71eSmWPbbPL,2200,1879,0a/0a3cb4df.jpg
71eUxQmTGvL,1810,2560,0a/0ad0df1d.jpg
71eZiZWXZNL,717,1952,0a/0a613c23.jpg
71edtxZBZtL,2000,2000,0a/0ae09b2b.jpg
71efhjXWg+L,2000,2000,0a/0afb73dd.jpg
71fD0troKKL,2560,2560,0a/0a0d0b77.jpg
71fHoFcjDGL,1500,1500,0a/0a1c717c.jpg
71fRD32X7BL,2560,2560,0a/0a51b842.jpg
71fVmL9LiWL,1577,1592,0a/0a80365f.jpg
71fZD5ZEV6L,2000,2000,0a/0a6ec85d.jpg
71fmSQl09wL,2200,1879,0a/0a458a98.jpg
71fplAloJ6L,2048,2048,0a/0ac00856.jpg
71g-O3CN0xL,2000,2000,0a/0a2661a0.jpg
71g7OJdzeTL,1702,1702,0a/0aab9e95.jpg
71g7tk6HkYL,819,1169,0a/0a208cba.jpg
71g8shH90zL,1200,1200,0a/0a209d3f.jpg
71gCj-pc5aL,2200,1879,0a/0aed9c7f.jpg
71gFLOK3T9L,2200,1879,0a/0a4fc7df.jpg
71gIC3wZlWL,2200,1879,0a/0aeb0964.jpg
71gKzY00NwL,1706,2560,0a/0a064980.jpg
71gai9+dX2L,2200,1879,0a/0a78bbcc.jpg
71gfyqlRGCL,2560,1096,0a/0a4b6092.jpg
71ghdYqY5tL,2200,1879,0a/0a8fe016.jpg
71ghm5zBIUL,1986,1986,0a/0a9675f1.jpg
71gocftpHIL,2200,1879,0a/0aba6b03.jpg
71h+fwvNi4L,2560,2560,0a/0ae47151.jpg
71h0iDPwPVL,2000,2000,0a/0aee023b.jpg
71hHKEhmSTL,2200,1879,0a/0a8bcc51.jpg
71hbG7pvjQL,1500,1500,0a/0a12dc27.jpg
71i6VrdqSfL,2301,1144,0a/0a94e02c.jpg
71iBp16hBZL,2292,2560,0a/0a855a71.jpg
71iK2zOD9fL,2200,1879,0a/0a06cc6e.jpg
71iK7FBPfTL,813,1869,0a/0ab9738e.jpg
71iLG6e4pzL,1920,2560,0a/0a571fc9.jpg
71iM8EgQ63L,2000,2000,0a/0ac7ade6.jpg
71iaZ5tPjnL,2200,1879,0a/0afb5b9d.jpg
71ijRZ-DGSL,2200,1879,0a/0ad896bd.jpg
71j2NWrIrCL,2560,822,0a/0ae6a375.jpg
71jAjtg97PL,2547,2547,0a/0a2f7036.jpg
71jBwj+bNwL,2200,1879,0a/0af99ba6.jpg
71jIGRp0m6L,2000,2000,0a/0afe543c.jpg
71jZOapkTZL,2560,2560,0a/0a2a6284.jpg
71jzYzP-5FL,1500,1500,0a/0a8beb02.jpg
71k-Xi3bvBL,2560,2560,0a/0a993fed.jpg
71k638wyB6L,906,2560,0a/0ae2d648.jpg
71kAeg3mDvL,2200,1879,0a/0ae2b1a2.jpg
71kCOeYdB3L,2200,1879,0a/0aca901b.jpg
71kOpB2JVmL,2500,2493,0a/0acb46ed.jpg
71kbIVxzTNL,2200,1879,0a/0ac2555f.jpg
71kbTvSJlkL,2093,2093,0a/0a7a094a.jpg
71khDFLehPL,1900,1700,0a/0a44b67f.jpg
71kl2ogvebL,2200,1879,0a/0a4276ec.jpg
71kp90cX3gL,1500,1500,0a/0ad4560e.jpg
71kpd1cbqVL,2200,1879,0a/0af08730.jpg
71kpn9Y1mDL,2200,1879,0a/0adb94ad.jpg
71ku+1SnKSL,1200,1200,0a/0aa5d428.jpg
71lHjDE8KKL,2200,1879,0a/0a2064b6.jpg
71lQnD-R27L,2200,1879,0a/0a4fd578.jpg
71lckMBDCZL,2200,1879,0a/0ab30892.jpg
71libX-cuCL,2200,1879,0a/0abd0919.jpg
71m89YpV2zL,2000,2000,0a/0a74b918.jpg
71mEeJk1QTL,2000,2000,0a/0a2e339e.jpg
71mNY9BrVIL,1647,2500,0a/0a2a18a5.jpg
71mVRIenK4L,2560,1976,0a/0a680cbb.jpg
71mf8jIPiDL,1376,2560,0a/0a0cbba7.jpg
71mjAlrzEGL,2560,999,0a/0a8a70a2.jpg
71mljw1mtWL,1493,2560,0a/0ad4d88e.jpg
71mnIFt4lcL,2560,2028,0a/0ae868d0.jpg
71mo8V-6EzL,778,2560,0a/0a6068ad.jpg
71muT5TPjNL,2200,1879,0a/0aebf079.jpg
71nC99DhBIL,1432,1432,0a/0ad5710b.jpg
71nTQfBvlpL,2200,1879,0a/0a32fc8d.jpg
71nea2yC8zL,2200,1879,0a/0a884a98.jpg
71nvPL3BwvL,2267,2560,0a/0ae7acb7.jpg
71oEn5q95fL,2200,1879,0a/0a8d37ea.jpg
71oFPqboUNL,2560,1995,0a/0a5ba784.jpg
71oHGnXHNML,2000,2000,0a/0ade0d09.jpg
71oKLYmHm5L,2560,1521,0a/0aa6f264.jpg
71oSx+YSj4L,2560,2560,0a/0a49813d.jpg
71oYLWrYWOL,715,1920,0a/0ab849da.jpg
71odWt7lHfL,2200,1879,0a/0a94d51f.jpg
71oh4KcBXJS,1692,1494,0a/0a50ffba.jpg
71oiE45pjHL,2200,1879,0a/0a5ddfc8.jpg
71onq5+QjqL,1500,1500,0a/0a97569b.jpg
71p7fMJBbnL,2000,2000,0a/0a596da1.jpg
71pAJMz2hLL,2149,2560,0a/0a1fc411.jpg
71pBgSDQhpL,1613,657,0a/0ad6941b.jpg
71pHNMiHIAL,1100,1100,0a/0a2c44ce.jpg
71pNjRJEwjL,2200,1879,0a/0a9ce55f.jpg
71pTRAwnWbL,2560,2560,0a/0a5e441c.jpg
71pWlSBRV7L,1566,1566,0a/0a895453.jpg
71pfKbT6r8L,2200,1879,0a/0a8b04f8.jpg
71pkJQPgSHL,834,1526,0a/0a2e6e1f.jpg
71ppP6R7rkL,1100,1100,0a/0ad1be24.jpg
71puwMtMczL,692,2560,0a/0a52cb6a.jpg
71qd3yDqc7L,1080,1410,0a/0a8d1d39.jpg
71qjuwfqKHL,2510,2510,0a/0adcf897.jpg
71qp7z4wdgL,2560,2560,0a/0a8dd641.jpg
71qsmwVOVyL,2200,1879,0a/0a8e32a3.jpg
71r39m94IzL,1195,1729,0a/0a0380ec.jpg
71r8sr3-SxL,1500,1500,0a/0abd4b09.jpg
71rGxck2XeL,2362,2362,0a/0a818183.jpg
71rJjra-cLL,1055,2429,0a/0a451063.jpg
71s1ErzhGnL,2200,1879,0a/0a30ecf4.jpg
71s7H8t5vIL,2200,2200,0a/0a9ef317.jpg
71slSVHzeNL,1707,2560,0a/0af39598.jpg
71smvSF060L,2000,2000,0a/0a791fc3.jpg
71su95IgvmL,1511,1511,0a/0a8cfa3f.jpg
71sx7nbDwUL,2000,2000,0a/0a245d29.jpg
71sxCrhuioL,2200,1879,0a/0a336265.jpg
71szQNh0wBL,1048,2560,0a/0a9981df.jpg
71tGzffOf+L,2560,1530,0a/0afb39ed.jpg
71tL2iLXoTL,2200,1879,0a/0a090994.jpg
71tXkZQEI4L,2200,1879,0a/0a1c2518.jpg
71tbnEmobML,1368,2404,0a/0a31e5ec.jpg
71tfmrFuMlL,1151,2560,0a/0afafddc.jpg
71tiu6SZCCL,2560,871,0a/0ab11111.jpg
71twnP+S6TL,2200,1879,0a/0a5f5e51.jpg
71uPEJ9lzhL,949,2560,0a/0adbe27d.jpg
71ui7Rk2NkL,2200,1879,0a/0a138aa2.jpg
71uixF41KNL,2200,1879,0a/0acc0c53.jpg
71v8U6sOgvL,2000,2000,0a/0aa38315.jpg
71v980R9gUL,2200,1879,0a/0a138f63.jpg
71vCzrxUAwL,2560,2560,0a/0a23172e.jpg
71vDz5sdPjL,1100,1100,0a/0ad03f94.jpg
71vIXaEmg3L,2008,2560,0a/0adf51ec.jpg
71vZjI121nL,2000,2000,0a/0af115ee.jpg
71vbL1oCdWL,1444,755,0a/0a7ae0dd.jpg
71vlPK3QwML,1600,1600,0a/0a7a8a60.jpg
71vrRSJzYLL,2560,2560,0a/0a6da99c.jpg
71vvXFXEy0L,1866,1866,0a/0a798c72.jpg
71w+ocQoDOL,2200,1879,0a/0ae086e4.jpg
71w7sHrRtXL,2560,1244,0a/0a5a61ba.jpg
71wILjEFTiL,2200,1879,0a/0a035148.jpg
71wJXRKxb-L,2200,1879,0a/0a3d7ab9.jpg
71wMNi9RbLL,2200,1879,0a/0a8d8cbd.jpg
71wW8L-zysL,2200,1879,0a/0aad890e.jpg
71wYc46h-lL,1000,1000,0a/0a66d643.jpg
71x3Fk+Wh1L,2200,1879,0a/0afcf9bd.jpg
71x6yn2t-nL,2000,2000,0a/0a77dec0.jpg
71xBL6Q7VSL,2200,1879,0a/0a67872f.jpg
71xYHlHJtXL,1924,1924,0a/0a007195.jpg
71xju2CUxML,1200,1200,0a/0a73dc33.jpg
71xnNJYOKqL,2200,1879,0a/0aa3ecf7.jpg
71xufbkQDpL,2200,1879,0a/0abd10df.jpg
71y+IO5-I5L,2560,937,0a/0a311b73.jpg
71y+rjXAADL,1154,2187,0a/0ac4f7bc.jpg
71y0+J8fr9L,2200,1879,0a/0a38f06a.jpg
71y2rYdIEjL,2000,2000,0a/0aeb35a6.jpg
71yJc3wEfYL,1543,2546,0a/0ad5fe24.jpg
71yQHEWF11L,2560,825,0a/0ae5b22d.jpg
71ycSwWODHL,2560,1088,0a/0aff8ab2.jpg
71yi2yMkbkL,2560,2560,0a/0a5dd393.jpg
71ylFSAl1sL,2200,1879,0a/0ac1a846.jpg
71ynw9SggsL,1000,1500,0a/0a2dd8f6.jpg
71yurYqRyuL,2200,1879,0a/0a9f2b83.jpg
71yxr9kjWRL,1000,841,0a/0ac45cfc.jpg
71z1BhmtEVL,2000,2000,0a/0a8ebdff.jpg
71z9h96Sg9L,2560,999,0a/0abd02a5.jpg
71zTbV5bmiL,1545,1574,0a/0a57fb85.jpg
71zdLOxc9rL,2200,1879,0a/0aa518db.jpg
71zoSPneA7L,2000,2000,0a/0a6d98a5.jpg
81+0TO-Ah2L,2560,2560,0a/0a047fd7.jpg
81+Ag9irMGL,2200,1879,0a/0a7abbfd.jpg
81+AsldOzwL,1652,1652,0a/0aac1cae.jpg
81+Hcy5ioEL,2560,2560,0a/0a8c7917.jpg
81+M2hSWTUL,1500,1500,0a/0a1e3edc.jpg
81+amE0DrTL,2200,1879,0a/0ac2b063.jpg
81-3rI1r53L,2560,2560,0a/0ae18503.jpg
81-9-EEw6aL,2100,2100,0a/0a5a235e.jpg
81-N-WTh4HL,2560,2133,0a/0a98f273.jpg
81-PkRX3ToL,2560,2560,0a/0a00dbf2.jpg
81-WmtP06xL,2200,1879,0a/0a95f9f8.jpg
81-oDB8kdXL,1133,2560,0a/0afd925c.jpg
81-oGRU2+dL,1945,2560,0a/0aa738f6.jpg
81-r6+V6AeL,2200,1879,0a/0af9dd0f.jpg
810CtnDWTPL,2400,2560,0a/0a289d5f.jpg
810THZqEeBL,2560,1969,0a/0a8eb57d.jpg
810VKRPQ8hL,1740,1491,0a/0a7eb0bd.jpg
810g3O+tTmL,2200,1879,0a/0a9e8fdb.jpg
810iefvVaNL,2200,1879,0a/0aff3bd7.jpg
810kmMaJhaL,2560,1190,0a/0af72bd1.jpg
810vGI3HklL,2000,2000,0a/0a44b3aa.jpg
811FooV3ZgL,2560,1219,0a/0a53cc08.jpg
811JqI10ZOL,2560,2560,0a/0a9b5866.jpg
811KWCNx04L,2200,1879,0a/0ae13a08.jpg
811kkZWpzSL,1824,1431,0a/0aac2243.jpg
811mlpj7M9L,1541,2560,0a/0a722c9b.jpg
811oCoa4MCL,1309,1611,0a/0ad2be0e.jpg
8121wLATtpS,1578,2500,0a/0aa5fa1f.jpg
81256StJxgL,2200,1879,0a/0ae54cb7.jpg
812EFtFnlQL,2560,2560,0a/0a43ae3f.jpg
812MHupVPpL,2200,1879,0a/0ab86f88.jpg
812S5mfWVuL,2200,1879,0a/0ad15392.jpg
812a8u8ZfcL,2560,2560,0a/0a7318af.jpg
812oCeQ90vL,2200,1879,0a/0ab38831.jpg
812rkzg8ATL,1715,1715,0a/0ae3bf93.jpg
812uLL6-uCL,2200,2200,0a/0af49433.jpg
812uQWdOb3L,2388,2388,0a/0ac67b95.jpg
813+C8thlbL,2200,1879,0a/0aa1d15f.jpg
81333PmPJ4L,2200,1879,0a/0acaf497.jpg
8133fHxbPFL,2560,2560,0a/0ad3156d.jpg
813LYX+K2DL,1978,2323,0a/0a3ae642.jpg
813LcOzW8vL,2200,1879,0a/0a9d8948.jpg
813kDm+qyzL,1024,2560,0a/0ad3e5ab.jpg
813n9vw8UTL,2130,1857,0a/0a4591b5.jpg
813w5Wo0CPL,2200,1879,0a/0aaed45d.jpg
814WuFGB6eL,2560,2560,0a/0a62fe8b.jpg
814pcjRH0lL,1709,2560,0a/0a9d8daf.jpg
814w9bZerwL,2560,1039,0a/0a33283c.jpg
815V4lY1tHL,2200,1879,0a/0aed7453.jpg
815fFPgyKxL,2200,1879,0a/0ae1fe5c.jpg
816+Q+FLJwL,2500,2500,0a/0a6154e3.jpg
816S2djCXPL,2537,2560,0a/0a84eb20.jpg
816aMzNxn3L,2560,1832,0a/0a519987.jpg
816gaknsCyL,2475,2475,0a/0a1df710.jpg
8174mBlKbPL,2560,2560,0a/0a650ffb.jpg
817LLqOYopL,2200,1879,0a/0a5a39fc.jpg
817RyYXJTNL,2560,2560,0a/0a8d0589.jpg
817YVsnkkML,1250,2500,0a/0a14aee5.jpg
817eJKQi77L,2560,2560,0a/0a3a7612.jpg
817yK2B-yiL,1130,2560,0a/0a8d575e.jpg
818-rxJajyL,2560,2560,0a/0a1ab7ec.jpg
8182nNUXNNL,2000,2000,0a/0a9cc8d0.jpg
818iSYrIlSL,2560,1969,0a/0aade48a.jpg
818ivkAeqyL,2560,2560,0a/0a672c24.jpg
8190khMaCyL,1019,2560,0a/0a5e1479.jpg
8194IY7pG3L,1500,1500,0a/0a10d292.jpg
819KOKuTv8L,2200,1879,0a/0ad8cfc9.jpg
819hHzrw-UL,1500,1500,0a/0ae75273.jpg
819j29024TL,1150,2560,0a/0ad5f7e6.jpg
819jMewJuDL,2560,1592,0a/0a16db05.jpg
819sqboddoL,2560,2560,0a/0a3a0ed9.jpg
81B0oHHIPdL,1255,2560,0a/0a098d9b.jpg
81B8Zn4fuVL,2200,1879,0a/0a414d6c.jpg
81BlkWEV2NL,2560,1920,0a/0ae32604.jpg
81BurC47UgL,2560,2254,0a/0a773952.jpg
81C0Ms34KPL,1001,1001,0a/0ab27f53.jpg
81CAM+ZF0RL,2200,1879,0a/0a891d38.jpg
81CAd4tqepL,2200,1879,0a/0a38977b.jpg
81CDM57LfnL,2200,1879,0a/0ae9be0f.jpg
81CVD2Hv9-L,2560,2560,0a/0a2210ee.jpg
81CW5uGwF-L,2200,1879,0a/0aa0a80e.jpg
81CytImBrzL,1762,1462,0a/0a120701.jpg
81D-gJ1w69L,2000,2000,0a/0af4c06c.jpg
81DMz+dotZL,2000,2000,0a/0a77997f.jpg
81DQHKSvVuL,2500,1632,0a/0a2dcf6d.jpg
81DWdULkgOL,1707,2560,0a/0a5d27e5.jpg
81DY8nHrxdL,1920,2560,0a/0aee7347.jpg
81E6Oj2KqVL,971,2560,0a/0a20fcbc.jpg
81EVgn+tCrL,2560,2132,0a/0aae2f00.jpg
81EfCjhRVeL,2560,2560,0a/0a61e2d3.jpg
81Ew9LwLIbL,1000,1000,0a/0a7e176d.jpg
81FE9xSrdsL,2560,1486,0a/0a538be1.jpg
81FS0V5LzrL,2432,2560,0a/0a07c9b0.jpg
81FYSkRMd8L,2200,1879,0a/0afbff90.jpg
81FeEeaDYXL,1639,2560,0a/0aaeb9c6.jpg
81Fp0zblLeL,890,2560,0a/0a05de52.jpg
81FpSo3CgzL,2560,2560,0a/0aeb03b3.jpg
81FwSkRN6YL,1450,1450,0a/0ad5c23d.jpg
81G4wVkR4DL,2560,1242,0a/0ac73241.jpg
81G5guFbVxL,2200,1879,0a/0a82af39.jpg
81G8FBrLhyL,2560,1987,0a/0a8a1c8e.jpg
81GR6D0LmbL,1829,2560,0a/0aa82207.jpg
81GpAAcYMiL,2100,2100,0a/0acbb6fa.jpg
81GxdxvmMkL,2200,1879,0a/0aa688bd.jpg
81H0Do8GEYL,1358,2560,0a/0ad63c2b.jpg
81H4G+kSkGL,1897,2560,0a/0a8877fe.jpg
81HMO4sr8+L,2560,1343,0a/0a5a7f79.jpg
81HOObP02kL,2200,1879,0a/0aaef5e2.jpg
81HZR10B1HL,2200,1879,0a/0a1d5e5e.jpg
81HrJWdXTDL,2560,2560,0a/0a74bd01.jpg
81HryprF21L,1026,2560,0a/0ad51165.jpg
81I5X711XhL,2500,1322,0a/0a83d6eb.jpg
81ICs039WpL,2200,1879,0a/0ad974b4.jpg
81IEINDD-JL,1848,1863,0a/0ac89240.jpg
81IGMXC1Z9L,2560,2560,0a/0abb80c8.jpg
81ILGvHAPuL,2200,1879,0a/0ae32cf1.jpg
81IS7O+ljzL,2560,1486,0a/0a6eabbd.jpg
81IbQl0YTYL,2200,1879,0a/0a004e25.jpg
81Iy3Xw8v3L,2200,1879,0a/0a2aa321.jpg
81J49PnAKTL,2200,1879,0a/0ae9854b.jpg
81J9w5-bicL,2200,1879,0a/0ab755ad.jpg
81JNm30C07L,2560,1969,0a/0aa2562b.jpg
81JPDk+NajL,1078,2254,0a/0af5f40b.jpg
81JbYkyWIlL,2002,2002,0a/0adf0637.jpg
81Jcwql2Q3L,880,2560,0a/0a79c249.jpg
81KGwouF1gL,2560,2560,0a/0a257b10.jpg
81KN7I-LxdL,2560,2559,0a/0a32dd91.jpg
81KW5ZQhMEL,2200,1879,0a/0a1c87fe.jpg
81Kk76J+6iL,2048,1249,0a/0aac9380.jpg
81L0uedp+4L,2560,1180,0a/0a481074.jpg
81LplqifctL,2200,1879,0a/0ac5a959.jpg
81LuG6UE+OL,2560,1059,0a/0af307ab.jpg
81LvCtXOsPL,2200,1879,0a/0ab546d7.jpg
81M4MnZK1JL,2200,1879,0a/0a6e0de3.jpg
81M6aFhjtPL,2181,2264,0a/0a56b9bd.jpg
81N9XHIuUeL,2560,2005,0a/0acecfe4.jpg
81NFrAr1J+L,1508,1508,0a/0a63ddca.jpg
81NI4sNAq-L,2200,1879,0a/0a515569.jpg
81NIjzQjGDL,2200,1879,0a/0aaf99a9.jpg
81NJJzzhuGL,2200,1879,0a/0a9a083a.jpg
81Ne7crd3WL,2200,1879,0a/0af49c19.jpg
81NyKnkQvcL,2200,1879,0a/0a8adbe2.jpg
81OHbPQnwsL,2086,2560,0a/0a0454a9.jpg
81OVZcUPk1L,2560,2560,0a/0af90230.jpg
81PAvAWoocL,1233,2560,0a/0ab03e2b.jpg
81PtgVCV8WL,2560,2560,0a/0a616e46.jpg
81Pv9r44+2L,2200,1879,0a/0ac4f42b.jpg
81PzY5XM67L,1891,1891,0a/0a9f93b9.jpg
81Q8tvEBPjL,2560,929,0a/0a4e70c8.jpg
81QmPt9CfyL,2560,2051,0a/0aa77db4.jpg
81QzdFXjCaL,1315,2560,0a/0ad8e07b.jpg
81R-W5DTmQL,2200,1879,0a/0a0e9d0f.jpg
81RBdOoHL9L,2560,1240,0a/0a40670b.jpg
81RBfoJzqvL,1789,1327,0a/0a829342.jpg
81RP8RwbVnL,1879,2483,0a/0a9bb3dd.jpg
81RbN90fxHL,1412,1412,0a/0a0ef048.jpg
81RbR3Y4RbL,1430,2318,0a/0a7a3817.jpg
81Rn6yh7ZYL,2560,2560,0a/0a0913a1.jpg
81SrWE9za2L,2500,2500,0a/0a4fbf55.jpg
81Sx2aL051L,2560,2560,0a/0ad9219d.jpg
81T4qCuo0oL,2560,2560,0a/0af6255c.jpg
81T9TQ2duwL,2254,2560,0a/0af7e2af.jpg
81TFOz3U37L,2000,2000,0a/0a9d37fd.jpg
81TGGUSpT-L,2000,2000,0a/0ab73809.jpg
81TiDT0RLTL,2560,2145,0a/0ad07ea2.jpg
81TiVWbF4sL,2118,1874,0a/0a5c2495.jpg
81Tj6oVzvPL,2000,2000,0a/0afc57f9.jpg
81U5UrPc6wL,2200,1879,0a/0a8953bb.jpg
81UAzh-IDKL,2000,2000,0a/0aae7f6c.jpg
81UNameH1iL,934,2560,0a/0ae3c1a8.jpg
81UT1z18OqL,2560,2560,0a/0a2efe1f.jpg
81UW7UHHWNL,2560,1413,0a/0a2763d8.jpg
81VCWbA-8dL,2400,2400,0a/0abb10ce.jpg
81VK+56v-RL,2560,2304,0a/0a0f4eca.jpg
81VMagVK06L,1046,2560,0a/0a6240cc.jpg
81VPGUEcDtL,1800,1800,0a/0abff247.jpg
81VRVLXqATL,2080,2053,0a/0a09812b.jpg
81VU8TWfAnL,2560,2560,0a/0a400649.jpg
81VcJUrsMVL,2560,1404,0a/0ab03a6d.jpg
81W70roDQgL,2560,2503,0a/0a9c92b0.jpg
81W7txRvy8L,2200,1879,0a/0a3b4fc3.jpg
81WBQYWLNxL,2000,2000,0a/0aec31c7.jpg
81WZHYGWroL,2200,1879,0a/0a357057.jpg
81Wjtl6vrQL,2335,2507,0a/0a0d9e5d.jpg
81WkGPx4D8L,2200,1879,0a/0a1cb90c.jpg
81Wn0QmhBCL,2560,2560,0a/0a31d49f.jpg
81WrtkeFthL,2560,1859,0a/0a1c3ab5.jpg
81WtKk8u+pL,2200,1879,0a/0ad54d64.jpg
81WutnQ8KCL,2000,2000,0a/0af91c3e.jpg
81WwwSuHriL,2560,1391,0a/0a0e1cbb.jpg
81X965L66sL,2200,1879,0a/0a44768a.jpg
81XD3ru2dJL,2560,1003,0a/0aa0af7f.jpg
81XIMuecqrL,2560,2560,0a/0a8dd815.jpg
81XU0KXN9kL,882,2560,0a/0a51e94d.jpg
81XsqwK1PlL,2200,1879,0a/0a6659b1.jpg
81XtJC45puL,1737,2560,0a/0a46be6e.jpg
81Y1nEzLJuL,1412,2560,0a/0afde59e.jpg
81Y4mG+Y+0L,2200,1879,0a/0aa53aae.jpg
81Y6VxJypXL,1117,2560,0a/0a8c4b36.jpg
81Y7hHVjYQL,2295,2295,0a/0a80f50b.jpg
81YM6qhYt5L,2560,1550,0a/0aa6f097.jpg
81YRpDnTAGL,1891,2560,0a/0ae73eba.jpg
81YZ65M00TL,2558,2560,0a/0a51762e.jpg
81YZbPm9I1L,1922,1894,0a/0aab69dd.jpg
81Z+Dr7SidL,2200,1879,0a/0a7548e2.jpg
81Z46h7vI4L,2200,1879,0a/0acd38fb.jpg
81ZN9QkMyVL,2200,1879,0a/0a638b7f.jpg
81ZZUoPFcrL,2200,1879,0a/0a7582ee.jpg
81ZmzQb8a8L,2200,1879,0a/0aecb669.jpg
81ZqT-O10OL,2208,2208,0a/0a786f6e.jpg
81a+eGc5CML,1500,1500,0a/0a1fcc0a.jpg
81a3nQK0cBL,2560,2560,0a/0aae5b4b.jpg
81aGhuDotDL,2560,2560,0a/0a9d5818.jpg
81aW1j9otmL,2560,2560,0a/0aa94a52.jpg
81aaDifFPmL,2560,1381,0a/0a7f297c.jpg
81abncQ8mHL,2560,2560,0a/0a9d24e3.jpg
81adzZhDJ-L,2448,2220,0a/0ad29985.jpg
81alQcq-VKL,2200,1879,0a/0a8f549a.jpg
81amw1qgSOL,2560,1632,0a/0a29f214.jpg
81azmEUGiVL,2560,1217,0a/0aefe463.jpg
81b+VvdHbiL,2560,2560,0a/0a6a817a.jpg
81bAjHB8S8L,2200,1879,0a/0a57b9d2.jpg
81c+ErbHcWL,2000,2000,0a/0ab61d94.jpg
81cJv6O5AtL,2560,1166,0a/0abf5c35.jpg
81cVf8tvVLL,2200,1879,0a/0a946c23.jpg
81ccsqxQEDL,2200,1879,0a/0a6016b9.jpg
81ceKnzDdfL,1570,1772,0a/0a432dd8.jpg
81cu-pIucWL,1000,1000,0a/0a15a924.jpg
81d6NteJ9sL,2027,2560,0a/0ad4b436.jpg
81dAbGwdUrL,2200,1879,0a/0a11bb04.jpg
81dOb4FkVzL,1628,2532,0a/0a790c3b.jpg
81dQ0SRaPQL,1742,1742,0a/0ad34390.jpg
81dVnXVxJ-L,2560,1969,0a/0aac85a9.jpg
81dX2sKzooL,2200,1879,0a/0a5062f3.jpg
81diox1mz3L,1707,2560,0a/0ab00df2.jpg
81dr4lvclAL,1500,1500,0a/0a8b2816.jpg
81e0e59LsdL,2560,2560,0a/0af9dfaf.jpg
81e5ZGopG-L,2500,2500,0a/0add83a0.jpg
81e8meR9cOL,1637,2560,0a/0a6ed502.jpg
81e8o9DWllL,2200,1879,0a/0ac39c5c.jpg
81eFfeTkpBL,2200,1879,0a/0a2083c1.jpg
81eUxAefGEL,2546,2560,0a/0a2f600a.jpg
81enhhrmN6L,2200,1879,0a/0ab10490.jpg
81epZwykHYL,2560,1001,0a/0a0c0afd.jpg
81eqS4CX4yL,1930,1930,0a/0a0a372d.jpg
81f7Uk5QExL,2200,1879,0a/0ad896dd.jpg
81fOLw98ZTL,2200,1879,0a/0a5dff9d.jpg
81fUtFNLH0L,853,2248,0a/0a58df2f.jpg
81fdWYt1DTL,2560,2560,0a/0ac0e335.jpg
81ff66tkAhL,2560,1970,0a/0aeefb29.jpg
81fg-XT+6tL,2339,2339,0a/0a9372cf.jpg
81fxVR3u34L,2200,1879,0a/0a05df35.jpg
81fz9-5jovL,1182,1182,0a/0a56965d.jpg
81g6FJnP7YL,2560,2560,0a/0ade910e.jpg
81g7bBeYLpL,2560,1998,0a/0a3c25dc.jpg
81gFErL6QHL,2560,1969,0a/0a0b5034.jpg
81gSBDG5bNL,2200,1879,0a/0a9d478f.jpg
81hE4bFfHGL,2560,2560,0a/0aaa5306.jpg
81hUUdtY+4L,2056,1907,0a/0a9ed991.jpg
81hV3k3TkOL,2200,1879,0a/0ac01c46.jpg
81hVzYBfxJL,1990,2560,0a/0a33cf72.jpg
81hjo0so01L,2200,1879,0a/0aaee49e.jpg
81hmOwmjiuL,2370,1422,0a/0aa6f663.jpg
81hxjnTG93L,2560,2560,0a/0ab37748.jpg
81i00MlvtWL,1668,2560,0a/0a0ccfb7.jpg
81iAFopctWL,2500,1217,0a/0aa7020d.jpg
81iBxXQ2ZuL,2560,1718,0a/0aa9bf32.jpg
81iOEvcUeOL,1015,2560,0a/0aa31f1d.jpg
81iWJw4ZySL,952,2540,0a/0acdca2f.jpg
81icajOkG9L,1920,2560,0a/0a626e03.jpg
81icg54oMsL,1701,2560,0a/0a4d1291.jpg
81j+D6DzHfL,2200,1879,0a/0a91a971.jpg
81j18QF0TyL,2560,1188,0a/0a01cd99.jpg
81j4uFuTB9L,2200,1879,0a/0a0f544e.jpg
81j5Vr2JL5L,2560,2560,0a/0aac09d1.jpg
81j958zFDiL,1522,2353,0a/0ad6b6ca.jpg
81jX-XYYCYL,2200,1879,0a/0a3a3a74.jpg
81jbxRR+joL,2560,2560,0a/0a2b23d5.jpg
81jfjYLN6dL,2560,2560,0a/0a598916.jpg
81jkKPqit-L,2200,1879,0a/0aa528b2.jpg
81jpPL6+p2L,1113,2560,0a/0a06a9de.jpg
81jywfoT3fL,2560,1755,0a/0a87cf5f.jpg
81kUU0lDv5L,2200,1879,0a/0ab51cb4.jpg
81kUjFj6UQL,2200,1879,0a/0a382e1f.jpg
81kVHYtJ46L,2560,2560,0a/0aef748e.jpg
81kgtY1kmfL,2297,1656,0a/0a6ba4f3.jpg
81l+wv+c8rL,1887,2560,0a/0a70cbb2.jpg
81lHChWZnlL,2560,2560,0a/0a72c154.jpg
81lMie+K7QL,2560,1535,0a/0a847502.jpg
81lXdHWy87L,1978,2560,0a/0a0a91b5.jpg
81lZSUh1o8L,2560,1689,0a/0aaf8b28.jpg
81ltoCwhR7L,1849,1095,0a/0a064cb6.jpg
81m3V9CyfZL,2200,1879,0a/0ab61bf0.jpg
81m46aYOFIL,2420,2420,0a/0a885561.jpg
81mORP3puIL,2048,2375,0a/0abf6339.jpg
81mOsYvbF8L,2560,1386,0a/0a2e8b64.jpg
81mSAqMUvBL,2560,1969,0a/0a680921.jpg
81mSblaADIL,2200,1879,0a/0a3434f9.jpg
81mp0kcshVL,2000,2000,0a/0a4b06af.jpg
81mt8zyYPzL,1387,2560,0a/0a0c6f6c.jpg
81mvtunjIfL,2200,1879,0a/0ac61f2f.jpg
81nEVQ5pbVL,2560,2560,0a/0ab2045c.jpg
81nP-q7t0YL,2200,1879,0a/0adf037d.jpg
81oAcejhCQL,1275,2560,0a/0aef5709.jpg
81oKHPvBLBL,2200,1879,0a/0a270c14.jpg
81oMCRbhF1L,2200,1879,0a/0ad48abe.jpg
81oMkAbkpRL,2200,1879,0a/0a7a3be7.jpg
81oSyOfi23L,1500,1500,0a/0a1b0df1.jpg
81occTRt1xL,2560,1665,0a/0a7992fb.jpg
81p-Pm7OgOL,2560,2560,0a/0a914feb.jpg
81p9LALSEML,2560,2560,0a/0abf6495.jpg
81pEW8VKMsL,2200,1879,0a/0a48a4b6.jpg
81pSWWfrsCL,2560,2560,0a/0ad4a028.jpg
81pZ8TmT3hL,1152,2560,0a/0a766aab.jpg
81pnE7v18HL,2200,1879,0a/0a7f2585.jpg
81pziduVaaL,2560,1570,0a/0a82da98.jpg
81q1vYinVTL,2000,2000,0a/0a31a2d2.jpg
81q45mfuszL,2200,1879,0a/0a6c99fd.jpg
81qKZGCscYL,2200,1879,0a/0a366c21.jpg
81qgk45fNCL,2200,1879,0a/0ac328d0.jpg
81qu+I6r9IL,1500,1500,0a/0aaeb95f.jpg
81qxXYu9h+L,2200,1879,0a/0a321a22.jpg
81r-4syK46L,2560,2560,0a/0ad11dc7.jpg
81r16N-PjAL,2560,1950,0a/0a43b170.jpg
81r2iW64mDL,2560,2560,0a/0a281095.jpg
81r99FUL6rL,2560,1247,0a/0aa03372.jpg
81rWNF876fL,2200,1879,0a/0aad5e6f.jpg
81rv5VGklWL,2560,2560,0a/0a790e15.jpg
81s+ttu1zVL,997,2560,0a/0a57acd2.jpg
81s1l1kWSRL,1579,2560,0a/0a731657.jpg
81sHM1LpZUL,2560,2560,0a/0aa1cfbe.jpg
81sjQ6hz+wL,2560,1631,0a/0a4b1c46.jpg
81splDBgFpL,1979,1010,0a/0a7f7ab6.jpg
81sxTCKW6KL,2200,1879,0a/0a271908.jpg
81t2WklvdrL,2560,1796,0a/0ac2fac4.jpg
81tE3pmVlCL,1360,1381,0a/0a6570fd.jpg
81tU2q0rK9L,2200,1879,0a/0ad11a2c.jpg
81tj2U9KCxL,2200,1879,0a/0a57c7bf.jpg
81tlY20yVbL,2200,1879,0a/0a3ac57c.jpg
81tnSjQMmoL,2200,1879,0a/0a462875.jpg
81u-gmYoh0L,2560,2560,0a/0ac7f95c.jpg
81u27cFQscL,2560,2560,0a/0a605f0a.jpg
81uELQsU9pL,2200,1879,0a/0a3011bc.jpg
81uK7Eki9YL,2200,1879,0a/0a88a40a.jpg
81uPtsvkaNL,2560,2560,0a/0a7390cf.jpg
81uX+7k+JkL,2000,2000,0a/0a4333ee.jpg
81ueBibQVML,2200,1879,0a/0ab22c93.jpg
81uokTIArSL,1697,1324,0a/0af10914.jpg
81uqdAruCiL,1625,850,0a/0a2a2ff0.jpg
81vNjERscAL,2000,2000,0a/0a0dcc32.jpg
81vbkcKQiYL,1050,1050,0a/0aa07494.jpg
81vgGHUpWDL,2200,1879,0a/0a5246e1.jpg
81w5ujaBMGL,1920,2560,0a/0a039427.jpg
81wGEg6qQAL,1294,2560,0a/0a4960a0.jpg
81wUmSr3fQS,2500,2382,0a/0ae6e2f6.jpg
81wV0QAqJ4L,2112,1906,0a/0a4ee8ba.jpg
81wdrLTfbRL,2200,1879,0a/0acb5617.jpg
81wsD1hEbaL,2500,2500,0a/0a469559.jpg
81x4lDKM6TL,2560,2513,0a/0ae8feb9.jpg
81xDF+rIH+L,1513,2560,0a/0a5976a1.jpg
81xLtYsSerL,2372,2372,0a/0afa4724.jpg
81xPSDuXsvL,1676,1676,0a/0a837dd5.jpg
81xgCV2TZhL,2560,2560,0a/0a58857f.jpg
81xh8j1W2+L,2200,1879,0a/0a726d52.jpg
81xk0nvCOhL,966,2560,0a/0a88a0ee.jpg
81yAWEKAg9L,2200,1879,0a/0a63e7a1.jpg
81yGTqJ9Z7L,1204,2560,0a/0a89e169.jpg
81yJysdWBnL,2200,1879,0a/0af2257c.jpg
81yMwgH4ezL,1245,2560,0a/0adf6d90.jpg
81yPE0WlzrL,1866,1866,0a/0a41e903.jpg
81yUbpk2QGL,2200,1879,0a/0a582c5b.jpg
81yia96Ve5L,2560,1537,0a/0abddec3.jpg
81ymID-qWOL,2500,2500,0a/0a367725.jpg
81yrVz-BPDL,2560,1969,0a/0ad428cf.jpg
81yyBv3u7lL,1571,2560,0a/0a5ca447.jpg
81yzJcraxZL,1020,2560,0a/0a29e6cb.jpg
81yzkwtrr0L,1394,1394,0a/0a6530d7.jpg
81z-QDZKgTL,2200,1879,0a/0afe41ec.jpg
81z0fQHGt+L,2200,2200,0a/0af8045b.jpg
81z1nfFbzuL,2000,2000,0a/0aa97c42.jpg
81z8MmWRPGL,2560,1569,0a/0ae43764.jpg
81zJEjIhkWL,2560,2327,0a/0a916771.jpg
81zgG9ztGtL,2560,1369,0a/0a1e4850.jpg
81zzl2h6VIL,2560,1340,0a/0ad8931a.jpg
91+O6dxK5iL,2560,2560,0a/0ae33b4b.jpg
91+cDnECTZL,2560,2559,0a/0a7e4112.jpg
91+jQqAf9bL,2100,2100,0a/0a25be64.jpg
91+t+Ue6-2L,2560,2560,0a/0a333997.jpg
91-KmTgy1aL,1842,2560,0a/0a144882.jpg
911UKZb5yNL,2337,2560,0a/0ae79653.jpg
911WmhkM9uL,2560,2560,0a/0aba4db7.jpg
911cLUPRQoL,2560,1536,0a/0acc308f.jpg
912BfoUr+zL,2262,2560,0a/0a29355b.jpg
912DT8eNyPL,2560,1910,0a/0acf7937.jpg
912kvNVLfyL,2520,2520,0a/0ad4be3b.jpg
9151TQRlOrL,2560,2427,0a/0ace0e60.jpg
915QnhBsyYL,2560,2560,0a/0ad22e12.jpg
915RDu2NQzL,2560,2560,0a/0a98ade1.jpg
91655mB-tnL,2560,2116,0a/0ab28fa7.jpg
916YpzGTJHL,2560,2560,0a/0a45a417.jpg
916lNFyAYFL,1736,2560,0a/0a626837.jpg
916qzVQKc3L,1132,2354,0a/0a94642b.jpg
9181wlB1c9L,2560,2560,0a/0a8ac2cf.jpg
919QxxoQByL,2529,2529,0a/0a5988a9.jpg
91Az9GsxLAL,1601,2560,0a/0ae8d247.jpg
91Bfiys9IdL,2560,1834,0a/0aaba470.jpg
91CIf-WJn3L,2560,1581,0a/0a7e1bf4.jpg
91DlhoAkFYL,2387,2560,0a/0ae6a4cf.jpg
91ErToeaijL,2400,2400,0a/0a40c25c.jpg
91FHxx4d14L,2537,2560,0a/0ac1b49d.jpg
91GPmPPUWML,1564,2560,0a/0adc1951.jpg
91HBA+Ju6TL,2156,2156,0a/0a03ff57.jpg
91HlYwAkSHL,2317,2432,0a/0a49cffd.jpg
91I+HNegC6L,2560,1355,0a/0aaad259.jpg
91IXESl4lsL,2549,1673,0a/0ae97bc8.jpg
91JjlCRlCSL,2560,2560,0a/0a1ca032.jpg
91Jk43KiYmS,2061,2500,0a/0ae699cf.jpg
91Jv4xIG6gL,2560,2560,0a/0ad7435e.jpg
91KXuKcHAbL,2560,1969,0a/0a43241f.jpg
91Kgb2tFRTL,2560,2560,0a/0a6e59fe.jpg
91KvD-MSenL,2546,1913,0a/0a800a67.jpg
91KxFrHx4TL,1901,2560,0a/0a2aa43d.jpg
91L+5mvxugL,1501,2560,0a/0ab22521.jpg
91LD7FCRz0L,2560,2560,0a/0ac5febb.jpg
91LLjx3OSgL,2200,1879,0a/0a613941.jpg
91MRx1IUT+L,2560,2560,0a/0abe63f9.jpg
91MZokldZCL,2560,2560,0a/0a89bf0d.jpg
91McK84LoxL,2560,2560,0a/0a71ad2b.jpg
91MdIP-eCYL,2560,2560,0a/0ab745f3.jpg
91NLJD034aL,2560,1950,0a/0a5128fc.jpg
91NbmJaZ9OL,2560,1929,0a/0a46c604.jpg
91NfaYn6kkL,2560,2560,0a/0a1d46df.jpg
91NhqpgmFnL,2436,2479,0a/0a02da59.jpg
91OOfk9J3CL,2560,2408,0a/0a778cc7.jpg
91PFdZm8T8L,2560,2560,0a/0a796046.jpg
91PPfhrrkzL,2079,2560,0a/0a5e0cf3.jpg
91PUVf9ja4L,2119,2560,0a/0a99e5a9.jpg
91QJSPh6DWL,2560,2560,0a/0a0c7945.jpg
91R8hJ516YL,1426,2560,0a/0a53b47f.jpg
91RfNrUb7uL,2545,2560,0a/0adc8403.jpg
91RlVXdBaML,2560,1774,0a/0afd8c8f.jpg
91RpelZYm5L,2560,2560,0a/0a22f6aa.jpg
91RqdKI49-L,2560,2382,0a/0af0a5f2.jpg
91SPg2X2tDL,2560,1969,0a/0a41e108.jpg
91SPpQzdFpL,2560,2560,0a/0afbecb7.jpg
91UJR1yvR4L,2500,2500,0a/0a4913af.jpg
91UcjiVVnjL,1874,1874,0a/0a4a0f79.jpg
91VLC8F-TBL,2244,2560,0a/0af718ee.jpg
91VS3Zn05ML,2379,2560,0a/0aa8cea4.jpg
91WPSGdg5yL,2200,1879,0a/0a63edde.jpg
91XF-4Gz64L,2327,2327,0a/0a50b551.jpg
91XLf9bxpML,2190,2560,0a/0a5849db.jpg
91XsL1L3ZfL,2560,2560,0a/0a610cfe.jpg
91YqtlnES8L,2560,2105,0a/0a9e8d34.jpg
91ZCQNC1hOL,2560,1803,0a/0a166bb8.jpg
91ZEtzeM2sL,2560,2560,0a/0aea6704.jpg
91ZWaBOs5vL,1404,2560,0a/0a68892d.jpg
91Zpx71fq9L,2560,2378,0a/0a9cce64.jpg
91aYWoUfazL,2200,1879,0a/0a3f820e.jpg
91aow3KqqaL,2181,2173,0a/0a8cbec9.jpg
91b34C2BOhL,1997,2560,0a/0ae0094b.jpg
91bWOk0IXJL,2451,2451,0a/0a4aaef2.jpg
91cB3a9NdPL,1977,1977,0a/0a1600d3.jpg
91cHeNM3XDL,2560,2560,0a/0a476af0.jpg
91cMgP8wPeL,1786,2560,0a/0ab6eef5.jpg
91cUQ4g+X-L,2560,1969,0a/0a533b72.jpg
91clxgeAbZL,2560,2560,0a/0a6e7875.jpg
91d5KBMY7oL,2560,2560,0a/0a4fb130.jpg
91d8xb+334L,2476,2441,0a/0a9fed9d.jpg
91dAKHiYCuL,1521,1521,0a/0a95fb42.jpg
91e2xKANtkL,2560,2560,0a/0a8c4f62.jpg
91fOfkC1+pL,2560,1410,0a/0ad06792.jpg
91hxL5kuf9L,2560,1969,0a/0a2a4ea5.jpg
91iHPG8XCUL,2560,1969,0a/0afd3a5a.jpg
91iocAShK2L,2560,2560,0a/0ab60024.jpg
91j2XanyQfL,1500,1500,0a/0a1ca0fc.jpg
91jzxFWH5HL,2560,2560,0a/0aa03628.jpg
91k6VJJdW-L,2560,2560,0a/0a16f180.jpg
91k8Zv0zX4L,2560,2560,0a/0ad33e6b.jpg
91kW1jjw2GL,2560,1592,0a/0a14bbc6.jpg
91koVqsBMuL,2560,1785,0a/0ab97082.jpg
91kvVCeIPeL,2560,1969,0a/0a9b13aa.jpg
91l6zqkisqL,2560,2139,0a/0ad5cbb0.jpg
91lamKS+K7L,1500,1500,0a/0a3dd425.jpg
91lfTUlQ4gL,1646,2560,0a/0a20fdbe.jpg
91m6QbpTVVL,1176,2312,0a/0ac83b15.jpg
91mJZQrIDtL,1385,2560,0a/0ad4d6e0.jpg
91mmyNyUlrL,2560,2560,0a/0a25bc90.jpg
91moyPGsVdL,2470,2560,0a/0a6c5301.jpg
91nwURfKgSL,2560,2560,0a/0a305f7a.jpg
91nz0qyhGmL,2000,2000,0a/0ab8d6a5.jpg
91o3KqzIShL,2560,2100,0a/0abc0b43.jpg
91oXvEmBGKL,2560,1854,0a/0a801c2e.jpg
91odxHv8PUL,2360,2560,0a/0a976251.jpg
91pMw2lycBL,2560,2560,0a/0aac94b3.jpg
91pYSsF0m8L,2495,1776,0a/0a1ba0a6.jpg
91pbFfYAHhL,2560,2480,0a/0a2ac98f.jpg
91ppJ0iUJRL,2560,1698,0a/0aa6411a.jpg
91rIAL1JCQL,1935,2560,0a/0ac6c644.jpg
91rNcQqoEEL,2560,2560,0a/0a4ff0d2.jpg
91sbfIVHslL,2560,2560,0a/0a09d304.jpg
91snKDwxhQL,2560,2560,0a/0aac6850.jpg
91tMaWeOtmL,2560,2560,0a/0afd2416.jpg
91tmj1Rc-ZL,1500,1500,0a/0a2653cd.jpg
91ttrhd6+3L,2558,2560,0a/0a60c317.jpg
91u7JQXWs+L,1651,2560,0a/0ab36e4c.jpg
91uPpsNIujL,2200,1879,0a/0aa717ad.jpg
91ubG5PdJcL,1674,2560,0a/0a0c88b2.jpg
91ubngS34uL,2340,2305,0a/0af2275d.jpg
91uloje9QkL,2560,2560,0a/0a1cf854.jpg
91uwGQh8k+L,2435,2560,0a/0ab6caba.jpg
91vCCws6tAL,1826,2413,0a/0a4e8b2d.jpg
91vHqj2mfEL,2560,2560,0a/0a0579f6.jpg
91vdfsUEpWL,2560,2560,0a/0a39c5f0.jpg
91vf5aKwBsL,2560,2559,0a/0abc95c4.jpg
91wB9Kp-dfL,2560,2560,0a/0a776f6c.jpg
91ydmz5uhqL,2560,2560,0a/0a7da525.jpg
91z2BY1KkoL,1669,2560,0a/0a88f184.jpg
91zEKy8CA+L,1758,2560,0a/0af6c55a.jpg
91zNuprCnlL,2560,2560,0a/0a9b3a49.jpg
91zkiY972fL,2560,2560,0a/0a988046.jpg
A10fTZsHN2L,1707,2560,0a/0ad49ed1.jpg
A11Sxifq8ML,2560,2560,0a/0a1e57ec.jpg
A11XNX6300L,2560,2560,0a/0ae3e319.jpg
A11XYT08VWL,2560,2560,0a/0adfbd28.jpg
A12i2N2imUL,2148,2148,0a/0ac53324.jpg
A13Gse3XkVL,2560,1357,0a/0af3fa4f.jpg
A14-KTfmHeL,2560,2560,0a/0af4b688.jpg
A169Mi1gE2L,2560,2560,0a/0af3045e.jpg
A16ohlVkibL,2560,2560,0a/0a85fc14.jpg
A19JDIAEqHL,2560,2532,0a/0ae7c976.jpg
A19gjjumTZL,2560,2560,0a/0a84712e.jpg
A19zBiaACBL,2560,2560,0a/0aedd9d0.jpg
A1AqMrXk+nL,2380,2560,0a/0a3371f7.jpg
A1D1yyrJeSL,2560,2560,0a/0a19f419.jpg
A1DlYD78rBL,2560,2560,0a/0abddb62.jpg
A1Ed+XPFg7L,2560,2560,0a/0aadc324.jpg
A1F4csB0M9L,2560,2560,0a/0abef4d3.jpg
A1FJ1W5lXlL,2560,2560,0a/0ad4c7ec.jpg
A1IrkXtAhzL,2560,1433,0a/0a6893ef.jpg
A1Iyq7qKguL,2560,2560,0a/0a28feec.jpg
A1J8Gs4E2HL,2560,2560,0a/0a78abec.jpg
A1Kryd65P3L,2560,2560,0a/0a16fe4e.jpg
A1N9liabJkL,2171,2560,0a/0a963012.jpg
A1NQaPg43rS,1908,2406,0a/0a1f53fc.jpg
A1NZcLT+YrL,2560,2560,0a/0adced66.jpg
A1O84EnUTzL,2560,2560,0a/0abd80f1.jpg
A1PIUlsOGQL,2560,2560,0a/0ad808a5.jpg
A1U1fGFnX9L,2560,2560,0a/0adbe614.jpg
A1YVeVQ+4AL,2560,2156,0a/0a4cfd41.jpg
A1ZmydE-KUL,2560,2560,0a/0a15b6e4.jpg
A1bAkCQKgDL,2560,2560,0a/0a2362c8.jpg
A1djSLDBdYL,2560,2559,0a/0a382eec.jpg
A1f1zqRO7KL,2560,2560,0a/0aa99568.jpg
A1gnwY8UGwL,2560,2560,0a/0a3ca0fc.jpg
A1igvq-KsoL,2560,2560,0a/0ac3ee2b.jpg
A1lP0-Be90S,2328,1837,0a/0abd8a24.jpg
A1m8NGjhLzL,2560,2560,0a/0ab5523d.jpg
A1nKKdu6xYL,2560,1966,0a/0a579167.jpg
A1ncLMt0tAL,2560,2560,0a/0ab01ce8.jpg
A1soNOL124L,2560,2560,0a/0a1a85ce.jpg
A1vYL5OBQgL,2560,2560,0a/0a875044.jpg
A1vlC7u8PhL,2560,2560,0a/0ab1d2f6.jpg
A1xDuEamVuL,2560,2560,0a/0aac0628.jpg
A1yLDFF9M1L,2471,2471,0a/0a43d18c.jpg
A1yS0yRZluL,2560,2560,0a/0ae099ff.jpg
A1yYy7yaHaL,2560,2560,0a/0a9ce2e3.jpg
A1yjX+aAzzL,2560,2560,0a/0a5858cf.jpg
B1I0sahiaSS,2560,2560,0a/0a0e5722.jpg
B1VBMfRBCTS,2560,2560,0a/0a3c4e90.jpg
B1cR89cpI5S,2560,2560,0a/0afc06e0.jpg
B1e3msgAQlS,2560,2560,0a/0a71bb9d.jpg
B1kNknFpEAS,2560,2560,0a/0aee7c6f.jpg
B1sR9OJJvhS,2560,2560,0a/0a8bcf49.jpg
B1xpe85rGnS,2560,2560,0a/0a59cfd7.jpg
