211ral2vpbL,500,375,0b/0bca775c.jpg
21Dq-F5QQ0L,376,500,0b/0b71268d.jpg
21EkC7xl6vL,500,375,0b/0bb8a0ec.jpg
21NnMJfeRBL,500,375,0b/0bcdf262.jpg
21Xahs2bWrL,500,375,0b/0beca226.jpg
21uVX7HZHWL,500,375,0b/0bbae872.jpg
310XZXtr9GL,500,269,0b/0b4e7737.jpg
318Ro65vuzL,1000,471,0b/0bad2660.jpg
31BNInDoOjL,500,375,0b/0bae968d.jpg
31CWC-qqI9L,500,325,0b/0bdd51fa.jpg
31Go9r192tL,399,500,0b/0b6e1c5a.jpg
31HO10ZU0rL,500,375,0b/0bc030d3.jpg
31O1tYw6C2L,376,500,0b/0b3c8415.jpg
31SAvBE9L0L,500,375,0b/0b1e3f74.jpg
31d3fxkbBrL,500,375,0b/0bb89ee0.jpg
31fqwzXc2cL,500,375,0b/0b5fa07a.jpg
31hBPiOOy-L,375,500,0b/0b6669c5.jpg
31qmYsBgK+L,500,375,0b/0b802f69.jpg
31xPloggWgL,500,375,0b/0bd99ada.jpg
31ymWT93+BL,500,375,0b/0b57abb9.jpg
412r6jDqt2L,500,481,0b/0b376dc0.jpg
415WjKObxTL,648,1544,0b/0b046bb8.jpg
415rFdKaBrL,500,500,0b/0ba2c547.jpg
417LP+XHHsL,499,500,0b/0bd137a3.jpg
417WXGjwgGL,1126,783,0b/0bafe415.jpg
418OL60A0pL,1000,1000,0b/0bea85f7.jpg
41EgdzvSH2L,1000,1000,0b/0b80859a.jpg
41I0KRGRb0L,293,2560,0b/0bcf4c24.jpg
41J5WoLUH4L,1000,325,0b/0bf123f3.jpg
41K1ADP+56L,1050,1050,0b/0b93e4f0.jpg
41Kwadft4fL,322,500,0b/0bde07d5.jpg
41L+2wa3o5L,500,500,0b/0ba73062.jpg
41O1Laf0amL,500,500,0b/0b46a19a.jpg
41PBGHeEJPL,1000,234,0b/0bcf56c6.jpg
41PqJoZ7OHL,1000,1000,0b/0b7bdcd0.jpg
41b5kiQK3fL,1000,1000,0b/0b66ec0c.jpg
41hfdPiWYLL,500,500,0b/0b1d427e.jpg
41iBo6O6+jL,471,500,0b/0bc162c7.jpg
41l4XC8sqaL,1000,1000,0b/0b1ef61e.jpg
41nmbf1h9XL,500,500,0b/0b111711.jpg
41sG8AR9jJL,394,500,0b/0b038e1e.jpg
41zvQmWFNvL,146,1065,0b/0b6edddd.jpg
51-QGwykzdL,1066,1066,0b/0b0950a2.jpg
51-TMt2PkaL,1300,1300,0b/0bfff055.jpg
51-VdSH2s3L,1100,1100,0b/0bf87a7b.jpg
5101K+iN-tL,1500,1500,0b/0b4b263a.jpg
510rh7-PInL,1340,1340,0b/0bf257b3.jpg
511BsGGBJdL,1200,1200,0b/0b515a4b.jpg
511Eai1OwkL,1300,1300,0b/0ba12a1e.jpg
511cXeJfA3L,1100,1100,0b/0b6e7c23.jpg
512+c4g0zyL,257,1879,0b/0bb0912b.jpg
5122Cym4f-L,1200,1200,0b/0b9f59ca.jpg
513CbvK7tJL,2560,358,0b/0b76aa20.jpg
513DOkenCkL,1200,1200,0b/0bb9c036.jpg
513SZQGH56L,327,500,0b/0bcd24a1.jpg
513YwkE3NZL,1000,706,0b/0b9bbd0a.jpg
513lI7yaOyL,1000,1000,0b/0b0408e3.jpg
51424QOq2wL,1200,1200,0b/0b224ed0.jpg
51698HiqVBL,543,1096,0b/0b9c290d.jpg
518JXorbzIL,1200,1200,0b/0b36f166.jpg
518UiQTTCqL,1000,1000,0b/0b044d13.jpg
518gQb2d+lL,666,1899,0b/0b1a9014.jpg
519K6KPjc-L,1044,1044,0b/0bb4fe4b.jpg
51A7Hw7h3BL,1000,1000,0b/0b94e1f0.jpg
51AvClzdLAL,1500,1500,0b/0bce5954.jpg
51AviTWym8L,1000,1000,0b/0be9ab43.jpg
51C8Ls1zaaL,1000,1000,0b/0b65976e.jpg
51Cqwe1ZA8L,1187,1187,0b/0b47f1bc.jpg
51D+l6X0ZqL,1200,1200,0b/0bd5e39e.jpg
51DlWA7uxkL,1110,1110,0b/0b229ea0.jpg
51Do7bWfkNL,813,1000,0b/0b112fd4.jpg
51ETt3fSZYL,500,375,0b/0b7a52ed.jpg
51EtqqBnF5L,389,1788,0b/0b8083da.jpg
51FbBXuvKUL,1200,1200,0b/0b73a5c9.jpg
51FrgArID0L,1000,1000,0b/0b7e492f.jpg
51GOXSlHxOL,1500,1500,0b/0b598e26.jpg
51HSdQwjyCL,1200,1200,0b/0b4b7333.jpg
51Hkhf1d0wL,1000,1000,0b/0b65f336.jpg
51Hz7uD7GgL,950,1001,0b/0beda257.jpg
51ILnKIay+L,1366,1366,0b/0b9d75ca.jpg
51IkRiUFKSL,1000,1000,0b/0bf86c96.jpg
51JI6GZq-GL,1000,1800,0b/0bf3e3af.jpg
51JS1oE3EkL,1000,1000,0b/0ba3a45b.jpg
51Ku3FqgC7L,1000,1000,0b/0ba02818.jpg
51MGioSMGUL,1001,1001,0b/0b786b80.jpg
51N9H8W0PHL,1000,1000,0b/0b03f216.jpg
51Na8af0ajL,1500,1500,0b/0b4eda1d.jpg
51P+QXzirfL,1000,1000,0b/0bee1bdc.jpg
51PveMxw9AL,313,500,0b/0b91da66.jpg
51TWk4jOYDL,1200,1200,0b/0bf1add8.jpg
51Ug7JH4UpL,1000,1000,0b/0b535645.jpg
51WJqbfzW6L,1500,1500,0b/0b33a040.jpg
51Wcafz-GHL,500,500,0b/0b4153f1.jpg
51WxXg-oliL,1200,1200,0b/0bfa019b.jpg
51XZTJ-izUL,1000,1000,0b/0b3dc0ef.jpg
51Y9S3d3xhL,1000,1000,0b/0be53700.jpg
51YCX7QXGNL,1112,1000,0b/0b40f5c3.jpg
51a2G3vbApL,1000,1000,0b/0b6eaa28.jpg
51a84PylaBL,1000,1000,0b/0bcfb424.jpg
51aVZTiUdQL,336,1827,0b/0b46565d.jpg
51avZqJdoOL,663,1261,0b/0b92f358.jpg
51b1vF4oDvL,312,2500,0b/0ba6e2ac.jpg
51b9-0V8C3L,1000,1000,0b/0bbf3d2f.jpg
51burBhyUYL,1707,844,0b/0b17dc2f.jpg
51bw3wit6eL,1500,1000,0b/0b547f3e.jpg
51c18L7G8pL,339,500,0b/0b8b3036.jpg
51cfUuQ8BJL,1382,1382,0b/0bca51c9.jpg
51e1UKuq7wL,1000,706,0b/0bdc4c0b.jpg
51eLE64hUaL,438,500,0b/0bdc3905.jpg
51eufAmddKL,747,1061,0b/0b3ad8d0.jpg
51f3F+4Yb-L,1200,1200,0b/0bff85df.jpg
51fVJ8ecuoL,1100,1100,0b/0b067487.jpg
51gI5csAMRL,1200,1200,0b/0ba36e2b.jpg
51gUz5HVp1L,255,2468,0b/0b3f52d1.jpg
51gklfPLTQL,1050,1050,0b/0b7d3604.jpg
51hSY6izd8L,1000,1000,0b/0baa055f.jpg
51hTC8FnjZL,1001,1001,0b/0ba35dce.jpg
51hUTIRSEoL,1100,1100,0b/0bc7df93.jpg
51hzOXD0JkL,464,2560,0b/0b5eb5cc.jpg
51iN5sB0ijL,1000,1000,0b/0b14451c.jpg
51jIDJKUHFL,1200,1200,0b/0b1eb071.jpg
51jXwBUMMmL,1001,1001,0b/0b594126.jpg
51jYZqiFAHL,1000,1032,0b/0be6713e.jpg
51k2KOwUfhL,1500,1500,0b/0b684ed6.jpg
51nlw5rQ8SL,181,2500,0b/0ba3da32.jpg
51o66cfxQ3L,1000,1000,0b/0b2fdac3.jpg
51oPVJP4HCL,1001,1001,0b/0b3170d2.jpg
51pFxSe7u-L,214,500,0b/0b37132d.jpg
51qKE6bVo2L,640,1140,0b/0b7b6930.jpg
51rGTCYY3jL,1057,1571,0b/0b08f63f.jpg
51rSAd-fw2L,900,1200,0b/0bc9759f.jpg
51rrLLzQ8UL,1200,1200,0b/0b1729ca.jpg
51sWjzTZSAL,468,500,0b/0b73ff88.jpg
51skeEy+4hL,885,1500,0b/0b5c3d83.jpg
51slEoc2RVL,1000,1000,0b/0be21b3e.jpg
51spLvFWGNL,163,1766,0b/0bd8f2a6.jpg
51td91ntwlL,401,1021,0b/0be542e4.jpg
51tk988iE1L,1600,1600,0b/0bb308e2.jpg
51u50HPvF7L,1500,1500,0b/0b1a61db.jpg
51u6l4qeMHL,1000,1000,0b/0b8577cf.jpg
51uvo2NLfZL,1200,1200,0b/0b0f667d.jpg
51uzh+slKgL,1638,580,0b/0bbfa858.jpg
51v-tFoAxyL,1000,1000,0b/0b45b6e0.jpg
51vfW1Yd11L,2500,136,0b/0b87dab0.jpg
51vh-An+7YL,1000,1000,0b/0b6c3780.jpg
51wbhk1PrxL,1000,1000,0b/0be18bdf.jpg
51wpBwdy2TL,1000,1000,0b/0bec695a.jpg
51wySu4KL7L,500,500,0b/0b91744a.jpg
51xAEv9AKnL,1000,1000,0b/0b33ea98.jpg
51ylyQ3cNEL,1344,1344,0b/0bc5bbd7.jpg
51yty3Apw9L,1001,1001,0b/0b473bd3.jpg
61+8FBfYcfL,2234,2234,0b/0bf467c4.jpg
61+wPxuOcSL,1423,1423,0b/0be4b770.jpg
61+xeFDPDjL,869,1000,0b/0be715ae.jpg
61+xn8fxwJL,1001,1001,0b/0b60977c.jpg
61-LeJ4kh1L,1682,1682,0b/0bcb1064.jpg
61-U7nHRBJL,1753,1753,0b/0b6435ca.jpg
61-ZIBr8YIL,1000,1000,0b/0b7ce40c.jpg
61-hYFMDqPL,1316,1308,0b/0ba8b66e.jpg
61-mh5AFdjL,1000,1000,0b/0b0733ae.jpg
61-nHhoBaZL,1000,1000,0b/0b846b01.jpg
61-paWEyZDL,1315,1239,0b/0bf8e269.jpg
61023Nfec2L,1000,1000,0b/0b681517.jpg
610DuiFyVcL,1200,1200,0b/0b862c7c.jpg
610O9Co0t9L,1444,755,0b/0b928eaf.jpg
610PyxOxxOL,1000,1000,0b/0b00e36a.jpg
610wxTkg2xL,1444,755,0b/0badb026.jpg
611rmn84LoL,1200,1200,0b/0b7baab7.jpg
6128vA8xp3L,1775,1775,0b/0b99b3d3.jpg
612BC84sJSL,1200,1200,0b/0bbfe085.jpg
612GanRIWpL,1000,1000,0b/0b5e9c12.jpg
612LMPi08qL,1500,1500,0b/0b83d0db.jpg
6137YeRdk9L,1000,1000,0b/0b8705cb.jpg
613YEFAtzdL,2200,1879,0b/0b5695e8.jpg
613grtNCFiL,1315,1239,0b/0bc4234f.jpg
613kja71dnL,1000,1000,0b/0bd7c471.jpg
6143tIYaUEL,1050,1050,0b/0b3a1b5a.jpg
614StJXzkqL,931,2098,0b/0b8563cf.jpg
614bEmHmDSL,1001,1001,0b/0bec43b2.jpg
614eDCwgs6L,1100,1100,0b/0b23f65a.jpg
614oEGPJzLL,2200,1879,0b/0bb12466.jpg
615V98VsDzL,2560,1165,0b/0b304b42.jpg
616K5ieyWgL,2200,1879,0b/0b0bd4ed.jpg
616UrK4qSaL,1791,965,0b/0bda870a.jpg
616W6LgwozL,1444,755,0b/0bf35c38.jpg
616zoZHvomL,1000,1000,0b/0b753fa4.jpg
617DToskKcL,1000,1000,0b/0b2f10b1.jpg
617GPdWqPuL,1316,1308,0b/0bc99a8b.jpg
617Ib2-c3hL,1509,2170,0b/0b8983ea.jpg
617l7RzG2nL,1444,755,0b/0bba7220.jpg
618Cq5D8KpL,2560,2560,0b/0b7a821c.jpg
618gEeZ4jHL,883,1384,0b/0bfab9f0.jpg
619C1b8igxL,1001,1001,0b/0b0e59ce.jpg
619EODPcQKL,530,1599,0b/0b2de893.jpg
619Fp5ehMXL,429,2500,0b/0bcacc62.jpg
619Gz7vfUHL,1709,2560,0b/0b77be00.jpg
619JIaEafyL,1418,1500,0b/0be207e1.jpg
619PrIDyRdL,2560,1191,0b/0b5a143d.jpg
619SuPcfTOL,2160,2160,0b/0ba64c32.jpg
61A2Qu-iC3L,900,1200,0b/0b8ed448.jpg
61AEgc8nwUL,1200,1200,0b/0bf4b3b0.jpg
61AZzpSFsTL,1000,725,0b/0b9edf4a.jpg
61AbzrpL0BL,1050,1050,0b/0b1e2ddc.jpg
61AcgMGcZLL,1535,1535,0b/0b92c5d2.jpg
61Af1wTFxTL,2126,2126,0b/0bd017af.jpg
61AiGShhm5L,307,2500,0b/0bc70c43.jpg
61ApSFxee5L,2560,518,0b/0bce15c3.jpg
61B+j4LkfrL,1500,1500,0b/0b9b11a6.jpg
61BRQo8IFGL,815,1579,0b/0bf244e0.jpg
61CSfLshQtL,1200,1154,0b/0b8d1eaa.jpg
61CjUZV9lFL,1000,1000,0b/0bf0bd4d.jpg
61CwJPgJ7cL,1747,1253,0b/0be30288.jpg
61CxTohpc7L,2000,2000,0b/0b462002.jpg
61DSDqijulL,548,1516,0b/0b989500.jpg
61DSGqj+g6L,1001,1001,0b/0b054556.jpg
61DY6DjvcJL,1444,755,0b/0bd264e8.jpg
61E-Y4s2bVL,1199,1464,0b/0ba29cb7.jpg
61E6Vfzuo0L,2200,1879,0b/0bb5edea.jpg
61Ed0C2xioL,2160,2160,0b/0bbacf2f.jpg
61ElQy2JVfL,813,1000,0b/0b96ee91.jpg
61EzQwByjuL,1000,1000,0b/0bd9ba0d.jpg
61EzmDn25mL,1000,1500,0b/0ba15b15.jpg
61G5nA3mV8L,745,2560,0b/0b343cce.jpg
61GPRuBSuGL,1200,1200,0b/0bd71839.jpg
61GUQpwzTTL,1300,1300,0b/0bcaac80.jpg
61Ggnnl42wL,640,1208,0b/0bb2c90d.jpg
61GhvUM8ZiL,2206,658,0b/0bd57e28.jpg
61Gi2boz0sL,1809,2560,0b/0b17ce4e.jpg
61GmvPN-P4L,1500,1500,0b/0bfeaa61.jpg
61H47j17eVL,1000,1000,0b/0baf8e04.jpg
61H5JOow4pL,1100,1100,0b/0b65a73a.jpg
61HFdgRkFML,1315,1239,0b/0be11e9e.jpg
61HPUf15sTL,1200,1200,0b/0b961780.jpg
61HkQg0gUVL,1500,1500,0b/0bbb64a8.jpg
61HuvUBWF5L,1500,1500,0b/0bc2baf4.jpg
61IDI6rzEKL,2001,2000,0b/0bd1cee3.jpg
61IKUMG-yrL,1000,1000,0b/0b904aa0.jpg
61ITbF+I75L,1150,1150,0b/0b6ba6c2.jpg
61IrEFeTR5L,1000,1000,0b/0b4a79a9.jpg
61J4jiGth2L,889,2560,0b/0b9400b7.jpg
61JC8C99mrL,1001,907,0b/0bee70b5.jpg
61JNGSRC+wL,1500,1500,0b/0bb40684.jpg
61JOdT41rFL,1500,1500,0b/0b2b7745.jpg
61Jg+Ni4UgL,1000,512,0b/0bab63b7.jpg
61K+nhVN8CL,399,2560,0b/0b5d87c3.jpg
61KGXjrIImL,672,1465,0b/0be40641.jpg
61KMbFIe5sL,1200,1200,0b/0b009b0b.jpg
61KlTO2yS-L,1500,1500,0b/0b481464.jpg
61L4lUo5baL,1481,802,0b/0bee6b74.jpg
61LCUqphYRL,1316,1308,0b/0b97e967.jpg
61LMwMzsDGL,993,1742,0b/0b486ed0.jpg
61LVXtV0gGL,1113,1113,0b/0bc7c58c.jpg
61LnStbEjJL,1000,1000,0b/0b63a61e.jpg
61MBqt4wyiL,1500,1500,0b/0bfc9512.jpg
61MH7MXhm-L,2200,1879,0b/0b0a1c1d.jpg
61MPZocWz6L,1316,1308,0b/0b96f856.jpg
61MWQISYqFL,1000,1000,0b/0beece7f.jpg
61NXe6G4kTL,1200,1200,0b/0bcffc0b.jpg
61NvjAHyfXL,2200,1879,0b/0b9dd461.jpg
61O9JoN7jbL,1000,1000,0b/0b100ca2.jpg
61OBHQUyG-L,1280,1200,0b/0b60d755.jpg
61OfEEr24oL,2560,1739,0b/0bbf8c9f.jpg
61Oobg92iOL,1293,2560,0b/0bd6ed97.jpg
61OvPBTEwfL,1000,1000,0b/0b07d546.jpg
61OxlKoiCuL,1000,584,0b/0b92890c.jpg
61PNPgSIa8L,1625,850,0b/0bf88a33.jpg
61PvDN2VLbL,1712,1712,0b/0b1faa3c.jpg
61PxipNikWL,1100,1100,0b/0b43e085.jpg
61Q0VWR1loL,1200,1200,0b/0b91b67f.jpg
61Q5tU1ukcL,1607,1607,0b/0b70966b.jpg
61Q6-5eBQHL,1500,1500,0b/0bb698c3.jpg
61R7cuuMVJL,1000,1250,0b/0b7413c5.jpg
61RYk1Orm3L,1491,2560,0b/0b8de0cc.jpg
61STKXgZtpL,2015,624,0b/0bbe0610.jpg
61U70UQwQ+L,1000,702,0b/0be228c5.jpg
61UEtH+yC3L,826,1000,0b/0bfac8d8.jpg
61UliiZ8qIL,1000,1000,0b/0bf5b5e4.jpg
61UwmS9mlFL,1163,1529,0b/0b618874.jpg
61V+t0t7nmL,2200,2200,0b/0b13a34b.jpg
61V8iumQdDL,1200,1200,0b/0bfe1015.jpg
61VC1Z+xFxL,1444,755,0b/0b5c66c8.jpg
61VZ0E8eheL,1000,1000,0b/0bcaf1af.jpg
61VhE6qVmQL,2200,1879,0b/0b60726b.jpg
61W-SWFeGML,1444,755,0b/0b996f7e.jpg
61WEYqrPtML,909,1171,0b/0b58a8ea.jpg
61WI7aXfuGL,1000,1000,0b/0b55bcc6.jpg
61We0DyZfYL,1500,1500,0b/0b6347ce.jpg
61We5YPUJAL,2000,2000,0b/0bd8151e.jpg
61Ww-Ej0LWL,1200,1200,0b/0b1b5079.jpg
61XOORhIbzL,2560,686,0b/0b358391.jpg
61XPNSQb+gL,2000,2000,0b/0be7a54b.jpg
61Y-GpmlxGL,1315,1239,0b/0bd3929c.jpg
61YTkj59QjL,1529,1241,0b/0b54fe0a.jpg
61YvhRFUKXL,1707,2560,0b/0b169a37.jpg
61Yy-Xbj51L,1625,850,0b/0bad3ed5.jpg
61Z5UNQ0YSL,2560,978,0b/0bacc955.jpg
61ZFcupuTkL,938,1519,0b/0b00cbb9.jpg
61ZHs151nEL,2000,2000,0b/0be801c9.jpg
61Zgem0OHHL,1200,1200,0b/0b984d6d.jpg
61a+hx1-nsL,1315,1239,0b/0b39b8d1.jpg
61a6TayiKeL,1200,1200,0b/0b08b5c6.jpg
61a8Gajf7yL,1500,1500,0b/0b4c32f2.jpg
61aAx7ZOSBL,1000,1000,0b/0bd2ca06.jpg
61aBJnOUYoL,1625,850,0b/0ba357cb.jpg
61aJGUXO9iL,1000,1500,0b/0b6865d1.jpg
61aa7TSlvgL,1000,1000,0b/0b476173.jpg
61abJ60kM6L,1444,755,0b/0bd5d599.jpg
61at2YZavQL,1307,1307,0b/0ba8a3ad.jpg
61atRdz5TAL,1316,1308,0b/0b8f9c06.jpg
61bAqvdPq3L,249,2560,0b/0b54b895.jpg
61bsK0+17GL,1000,1000,0b/0bf5d306.jpg
61c1+NQ5wOL,924,2172,0b/0b31ca06.jpg
61c1KK4X83L,2200,1879,0b/0b8096dd.jpg
61cOCyN6osL,1000,1000,0b/0bc663c6.jpg
61cOEuj0YcL,1100,1100,0b/0b4e2e0c.jpg
61cX-+UtQnL,563,1000,0b/0b859306.jpg
61ciqsGaLiL,2200,1879,0b/0b10b51f.jpg
61ckK6prDAL,1500,1500,0b/0b33f3e8.jpg
61dVNwQoKIL,1000,1000,0b/0b7bac20.jpg
61dd9B2+VqL,2200,1879,0b/0b4494a6.jpg
61dnxT+yNNL,968,2560,0b/0b699866.jpg
61dofINgLZL,2560,2560,0b/0b81c42d.jpg
61eNRJhgxJL,1000,1000,0b/0bf1ff3e.jpg
61eQ6SFrcDL,1000,320,0b/0bd5d1da.jpg
61eRMwOCDZL,1000,1000,0b/0b3b6b08.jpg
61ec72+usoL,1001,1001,0b/0b72008c.jpg
61elFRuCN8L,1000,503,0b/0b51c1ba.jpg
61fPWYSJeXL,1498,1627,0b/0b5fcc34.jpg
61fRPQkmE0L,1100,1100,0b/0b1cb02a.jpg
61ft6EJ3tPL,1920,2560,0b/0bb92923.jpg
61gCdt9vafL,1444,755,0b/0bca1956.jpg
61gJkz+CaiL,1200,1464,0b/0bc6b15d.jpg
61gS-vXVzxL,1500,1500,0b/0b559d28.jpg
61gfW3w0zTL,949,2156,0b/0be9cf7d.jpg
61gmrhtdSLL,1200,1200,0b/0b07ad90.jpg
61golFAqVvL,1500,1500,0b/0b8e4780.jpg
61h926dm9UL,1000,1000,0b/0b3452d1.jpg
61h9MNC8H6L,2174,1044,0b/0bcefd19.jpg
61hTjuvGGjL,1000,1000,0b/0bc080e8.jpg
61hqk7D1VUL,2200,1879,0b/0be44ee1.jpg
61i8s5SfOBL,1000,1081,0b/0b0ab749.jpg
61i9VQZ0A4L,1000,1000,0b/0bf5968c.jpg
61idtZ18kZL,1799,1799,0b/0bfb1222.jpg
61ixfeF47eL,1001,1001,0b/0b13903d.jpg
61j6RQ6GikL,1891,1891,0b/0bb59c80.jpg
61jIrMKGp7L,1000,1000,0b/0b54df78.jpg
61jJ9-OEyGL,1000,1000,0b/0b949f6e.jpg
61jK9QKsmsL,1500,1500,0b/0bea64dd.jpg
61jZDX0RI0L,2200,1879,0b/0baa08ca.jpg
61jkLyfx82L,1306,1306,0b/0b37a0cd.jpg
61jnLc9PHLL,1497,2560,0b/0b82ea1d.jpg
61kDEfmN0qL,1108,1108,0b/0bf17eed.jpg
61kJ27Zku6L,2400,2000,0b/0bf5e487.jpg
61kbRgAtIKL,1444,755,0b/0b296376.jpg
61lLFcU6plL,1888,1417,0b/0b047358.jpg
61lYJ1L0HqL,1653,1653,0b/0bdb7226.jpg
61lYfnORaXL,2560,1947,0b/0b2f3fd8.jpg
61lZzFCG2AL,2560,2560,0b/0bcfcaad.jpg
61lcO7StriL,1500,1500,0b/0b851ed2.jpg
61m4AJIAadL,1315,1239,0b/0b8b8d41.jpg
61n9Dn8W2nL,437,500,0b/0b40c62a.jpg
61nGo54CCTL,1000,1000,0b/0bc2226f.jpg
61nLFAWVa-L,2560,593,0b/0b2ddb37.jpg
61nNDyBBi5L,1252,1639,0b/0b79a4fe.jpg
61nPcUtCxxL,1500,1500,0b/0b476d78.jpg
61nTtXUU-3L,1675,1085,0b/0bc31374.jpg
61nVKRPG5jL,1500,961,0b/0b8dcc34.jpg
61o0Uc53uML,1052,1070,0b/0b623304.jpg
61o9TxP5cPL,2560,2005,0b/0bccabc3.jpg
61oYXBt9fBL,1000,1000,0b/0b65cbe0.jpg
61ofkfQ6IvL,1000,1000,0b/0bbc4083.jpg
61oq4Gs15dL,1306,1306,0b/0b4c5e82.jpg
61p-1YDKu7L,685,1484,0b/0bb032d8.jpg
61p-vtZ5JxL,1000,1000,0b/0b7c5bd9.jpg
61p9xWUMMoL,481,2164,0b/0b45d62a.jpg
61pE6MTjbnL,1200,1200,0b/0b5d0503.jpg
61pTgsGq0BL,1500,1500,0b/0b1c368f.jpg
61pYFykdAOL,2200,1879,0b/0bfd9243.jpg
61pb34IaXrL,2200,1879,0b/0b1b0b3d.jpg
61pfCfgsz9L,1200,1200,0b/0b3ffbb4.jpg
61qAMEO41DL,574,2001,0b/0b449f19.jpg
61qH+eKnBtL,1390,2560,0b/0be52d48.jpg
61qMeFoOelL,2560,893,0b/0b24c74d.jpg
61qav-dSwVL,1316,1308,0b/0b23338c.jpg
61qgzWaPCEL,1080,1410,0b/0bd59d99.jpg
61qtALN8cWL,1821,1821,0b/0b60eee7.jpg
61qvJVYlCXL,1497,2560,0b/0b54119e.jpg
61qxjWwnNlL,1000,1000,0b/0bc351dd.jpg
61rDW4pvv0L,2160,2160,0b/0b229209.jpg
61rEoqYbBOL,1100,1100,0b/0b8669ce.jpg
61rSschdhmL,1238,2560,0b/0b4bb161.jpg
61rfJwYL9zL,1500,1500,0b/0b73d58a.jpg
61rjIIMEr9L,2000,2000,0b/0b5e0b4b.jpg
61s89aputIL,863,1870,0b/0b88b9a6.jpg
61s8llo0SmL,1000,1000,0b/0b68af3d.jpg
61sD45NUaxL,1000,1000,0b/0b9a797b.jpg
61sENhCUN1L,1444,755,0b/0b20f4ef.jpg
61siS5YGukL,1527,1612,0b/0bfee67b.jpg
61tMZaXMGcL,2035,2035,0b/0b3e1bf7.jpg
61tXOMKb--L,2200,1879,0b/0bb3c1f8.jpg
61uM1GbSQdL,1200,1200,0b/0b85f296.jpg
61uSxEY0-iL,1631,1631,0b/0b7baf38.jpg
61v-pDs49kL,1000,1000,0b/0bbea630.jpg
61v4WXyuNLL,2200,1879,0b/0bedf1e5.jpg
61vK+ML5VkL,1000,1000,0b/0bede622.jpg
61vr+0pDvuL,1625,850,0b/0b04cb37.jpg
61vslhrehqL,2560,1166,0b/0beb6104.jpg
61wDzza0nNL,1000,1000,0b/0b0b2b6e.jpg
61wQPjhfHzL,2560,1934,0b/0bfee58d.jpg
61wZIWF+LtL,1000,1000,0b/0bad79e9.jpg
61wbYgQt7nL,1100,1100,0b/0b6cecba.jpg
61wuDLoj-2L,1000,900,0b/0b427b74.jpg
61wzjqzPbOL,1479,1479,0b/0b8e38c1.jpg
61xLDfvYwBL,1484,2560,0b/0be54243.jpg
61xWnotFVxL,754,1080,0b/0b3ba6ed.jpg
61xs0cOTE+L,1500,1500,0b/0bf1af6e.jpg
61y3lik+9zL,1001,1001,0b/0be8e68f.jpg
61yNllEy2pL,1843,1791,0b/0b8c78d6.jpg
61ydQoJP5LL,834,2159,0b/0be0984c.jpg
61ypmYfZ+nL,308,2560,0b/0b6bfb19.jpg
61z9GfYY61L,1000,1000,0b/0bbebace.jpg
61zCKYbcs4L,1000,1000,0b/0b9f1d4d.jpg
61zHZfcasxL,1500,1500,0b/0b5a187e.jpg
61zHhvM8nBL,1358,654,0b/0b10108f.jpg
61zPKZEYTVL,1200,1200,0b/0b6948ba.jpg
61zWoSyN-VL,1000,1000,0b/0bc55e09.jpg
61zgnzZca7L,1444,755,0b/0b8f054b.jpg
61zhgyMJMpL,2560,1809,0b/0b7f6467.jpg
61zp+-gD5jL,1000,1000,0b/0b65a854.jpg
71+26+QZr5L,2200,1879,0b/0be2e7bf.jpg
71+8xFDVk3L,1500,1500,0b/0bf7eae8.jpg
71+Mr6ScN5L,1000,1000,0b/0b669fdd.jpg
71+PU9N7hmL,2000,2000,0b/0b213858.jpg
71+ZCsqRCVL,1228,1779,0b/0b782aa8.jpg
71+ZFDd3vOL,1636,1636,0b/0b008087.jpg
71+g5-16w8L,2560,2560,0b/0b852642.jpg
71+o4H-tQ1L,1200,1200,0b/0b045ae9.jpg
71+oT2dfRLL,2200,1879,0b/0b1b6b7e.jpg
71+w5+rGiML,1000,1000,0b/0b8eed8b.jpg
71--HzEAABL,1000,992,0b/0b8659da.jpg
71-0DZe3aJL,1200,1200,0b/0b487f31.jpg
71-5E8GX-0L,2200,1879,0b/0bc9e653.jpg
71-9UQ0D94L,1316,1308,0b/0be8925e.jpg
71-QG6bE6aL,2560,2560,0b/0b3e5a0f.jpg
71-XA+RUUGL,2200,1879,0b/0b5ccd9f.jpg
71-YD9bMrVL,2200,1879,0b/0b0851eb.jpg
71-cFId6W+L,2200,1879,0b/0b5cd0e5.jpg
71-nlPeiJEL,1310,1285,0b/0b0e3b3e.jpg
71-wGb-oUXL,2032,2032,0b/0bec0c9d.jpg
7101qx-dzDL,2560,2559,0b/0bc95f1f.jpg
7107pKRP3pL,2200,1879,0b/0b839c8f.jpg
710AsYW1-hL,2200,1879,0b/0b09f7a7.jpg
710NIW2EW5L,1816,2560,0b/0b4d3254.jpg
710PsxR7ZcL,2000,2000,0b/0b5e2fd0.jpg
710YEDle3OL,1500,1500,0b/0b0905a8.jpg
710ZD1+f24L,2200,1879,0b/0ba1ffe7.jpg
710cfmkUnRL,2200,1879,0b/0bcec4f0.jpg
710iYoJyFnL,1920,2560,0b/0b4bf9a5.jpg
710pxxF4FjL,2560,1697,0b/0b7f1f3a.jpg
710zAZB8jDL,2200,1879,0b/0b5ed6e8.jpg
711ElHAcSYL,2327,2327,0b/0b04a773.jpg
711EzUSgszL,2560,1366,0b/0b5f385e.jpg
711IJ5-CuQL,2560,1865,0b/0bb2fb84.jpg
711KkI0iqjL,1988,2313,0b/0b123f2a.jpg
711UPsjjuOL,1500,1500,0b/0b0b2394.jpg
711WCzhfe2L,2200,1879,0b/0b431c7d.jpg
711WrTqeL2L,2200,1879,0b/0b845cf4.jpg
711XKrAggkL,2560,2560,0b/0b40979f.jpg
711b6KscaKL,2200,1879,0b/0b82f36c.jpg
711lDrVDlpL,894,1494,0b/0ba71e04.jpg
711uwjclXML,1254,2560,0b/0bc6feea.jpg
711xljuaLtL,1422,1872,0b/0b137d11.jpg
7120esWjThL,2200,1879,0b/0b73e6d2.jpg
71224799xFL,2000,2000,0b/0b0f9aad.jpg
7129tGcWNZL,2322,1533,0b/0b6e98c4.jpg
712Ow6Ih6CL,2000,2000,0b/0bf71e26.jpg
712RnlzhX4L,2200,1879,0b/0b37d37c.jpg
712URkdTzLL,2200,1879,0b/0b43373d.jpg
712X8nHYd2L,1200,1464,0b/0bf94d25.jpg
712jCUXl0aL,2560,2560,0b/0bf9bd3b.jpg
712plu8lGnL,1900,1900,0b/0b14be93.jpg
712r+I5n2qL,2200,1879,0b/0bced0ad.jpg
712tV+I9NVL,854,1280,0b/0bb78e83.jpg
712zhaVbzVL,2000,2000,0b/0b885b92.jpg
713+fmT6rnL,2200,1879,0b/0b5f4176.jpg
7130Cx3b-2L,2560,2560,0b/0be819f7.jpg
7132XUO34VL,996,2560,0b/0b8f0366.jpg
713PSgTn0SL,2227,1741,0b/0bcfe230.jpg
713TnF0KzTL,2172,554,0b/0b9e1ccd.jpg
713VxMBaIQL,1200,1200,0b/0b7f523b.jpg
713f6m2dngL,2200,1879,0b/0b537ee7.jpg
713fMln70xL,2200,1879,0b/0b92d6c4.jpg
713moE-bTsL,1316,1308,0b/0b5d45e6.jpg
713ubglY9qL,2200,1879,0b/0b38c2f1.jpg
713ud6s5pFL,2200,1879,0b/0b0827bd.jpg
713vb2IwvsL,2200,1879,0b/0b23dcdc.jpg
713znP-exmL,1200,1200,0b/0b7e9d8c.jpg
714+LL4m75L,2200,1879,0b/0b527f2f.jpg
714AfOFYRBL,1000,1000,0b/0b7edd2d.jpg
714G79oC7IL,2154,2154,0b/0b9f8fe8.jpg
714JAHHU-hL,2200,1879,0b/0b3dad49.jpg
714dGrSqLHL,1098,1444,0b/0b244b8c.jpg
714pWrlHZYL,2200,1879,0b/0bd4b9e1.jpg
71525JcgFxL,2200,1879,0b/0b898974.jpg
7154CLdm7wL,2560,1196,0b/0b68ea04.jpg
7159A+hEdTL,2200,1879,0b/0b0d75fc.jpg
715dMnmpURL,2560,1969,0b/0b30377c.jpg
715kBDZcR0L,2500,2500,0b/0be4502f.jpg
715mCXIL0dL,2200,1879,0b/0b6ebeaf.jpg
715tAqSasJL,2200,1879,0b/0b5b892d.jpg
715yQHSpsbL,1200,1200,0b/0b2afc66.jpg
715yW5Q0qAL,2200,1879,0b/0bf52065.jpg
7163u7GqmNL,972,2560,0b/0b918148.jpg
7165jPQrnYL,1085,2483,0b/0b742ae0.jpg
7169jvSXMrL,2200,1879,0b/0b45c727.jpg
716ATptLuGL,2200,1879,0b/0be8a5b0.jpg
716M83jCTrL,2200,1879,0b/0be812d7.jpg
716aYk175UL,2200,1879,0b/0b0ac78a.jpg
716ghWTPK7L,2560,2560,0b/0b453b45.jpg
716iq-npm2L,2200,1879,0b/0b16b748.jpg
716nW2bOHWL,2000,2000,0b/0bbd4bfd.jpg
716p-znFfuL,2000,2000,0b/0baf02e8.jpg
716rGhPVVWL,2560,2560,0b/0b5a4207.jpg
716ziLHYESL,1841,1841,0b/0b482a25.jpg
717Agxx+olL,2200,1879,0b/0b1fa91f.jpg
717AiR6S1VL,1821,1953,0b/0bcbe39a.jpg
717DBkEM6oL,820,1327,0b/0b2e9b56.jpg
717I7LMGGnL,2560,2560,0b/0b307fad.jpg
717MdJeZl2L,1094,2560,0b/0b32c10a.jpg
717RXYG3HdL,766,2471,0b/0b179eb2.jpg
717U6VdvyKL,2560,2173,0b/0b9e1c24.jpg
717akLJSyDL,2200,1879,0b/0bf1c63d.jpg
7185Q3BIeCL,2200,1879,0b/0bf9d117.jpg
718JFs0VeDL,2560,1073,0b/0bc5d4aa.jpg
718lhWsArYL,2200,1879,0b/0b767269.jpg
718w4njt9ZL,1267,1699,0b/0ba8f2d5.jpg
718xVmsAHuL,2200,1879,0b/0b5e60e8.jpg
7191Xve2-AL,1500,1500,0b/0bdc2703.jpg
7191cH39QoL,2200,1879,0b/0b6e0bd0.jpg
7198gXLP6UL,2560,2041,0b/0b4b97fd.jpg
719G5pxaZOL,1920,2560,0b/0ba78dc1.jpg
719MizU7oTL,2000,2000,0b/0b901ca6.jpg
719Stadj16L,2560,2560,0b/0b74f7f2.jpg
719WgxuYyML,919,2560,0b/0bbcbfb5.jpg
719X0xgLoUL,2560,2560,0b/0bc24d2c.jpg
719d74u4AjL,2200,1879,0b/0bd710ee.jpg
71A6onGobOL,2000,2000,0b/0b57382b.jpg
71AEfAGXfKL,2560,2560,0b/0bd3a1b4.jpg
71AG1yNjEoL,1942,1363,0b/0be81b13.jpg
71AStyeicmL,2200,1879,0b/0bff4528.jpg
71AYy0gI0zL,2200,1879,0b/0bec0f35.jpg
71AflIMFEuL,2560,1969,0b/0bdfbc11.jpg
71AnPMG2hdL,2200,1879,0b/0baf10e7.jpg
71Apr1ffyYL,2200,1879,0b/0b9b37bf.jpg
71AqM+daG4L,2560,1707,0b/0b98dfa6.jpg
71AwjglA0zL,1800,1800,0b/0ba7d162.jpg
71AypfaFfZL,1448,1448,0b/0b84590b.jpg
71B7hXzwUtL,2000,2000,0b/0bbafee9.jpg
71BGo2RZZjL,1920,2560,0b/0bd5abd7.jpg
71BHxZ4cKCL,2000,2000,0b/0bf9543f.jpg
71BIDP6MNLL,1083,1463,0b/0ba389fb.jpg
71BIbNon8IL,2200,1879,0b/0b6871cb.jpg
71BJcLcW7pL,2000,2000,0b/0b3dd812.jpg
71BNjGm7l8L,2560,1228,0b/0be4e5bd.jpg
71BREn1qvKL,2000,2000,0b/0bb7cafd.jpg
71BRWL9rheL,826,1796,0b/0bd6b78e.jpg
71BTbd+zFGL,1000,1000,0b/0b262565.jpg
71BuEuL0JOL,1200,1200,0b/0bb46505.jpg
71BxOw2un7L,2560,2560,0b/0b1d53d9.jpg
71BymGSqwSL,2200,1879,0b/0b1e6abd.jpg
71C-1xvvEtL,804,1520,0b/0becf9d4.jpg
71C-dk4A2BL,1200,1200,0b/0b7d9fe2.jpg
71C0YhAvdyL,2200,1879,0b/0b9e123d.jpg
71C2OjqJaoL,2200,1879,0b/0b78d658.jpg
71CCdMuICKL,1707,2560,0b/0b37bf62.jpg
71CLpytio+L,2200,1879,0b/0b22b856.jpg
71CMP70y4aL,1001,1001,0b/0bfcb575.jpg
71COKWJAO4L,2200,1879,0b/0b3eec2d.jpg
71CPlsVz43L,1625,850,0b/0b39903f.jpg
71CURDAPs0L,2200,1879,0b/0becc250.jpg
71CVVNWaC-L,1000,1000,0b/0b1ff10b.jpg
71CW1Ay6FvL,2001,2001,0b/0b6c9b0b.jpg
71ChIQ3wFrL,2200,1879,0b/0b1926e4.jpg
71Cl4HvAErL,2560,1238,0b/0bb33faa.jpg
71D3bUNfQoL,2200,1879,0b/0b6ccc67.jpg
71DFdhH3JvL,2244,2560,0b/0badcf7f.jpg
71DPBmAaZgL,1719,1719,0b/0bfe3aeb.jpg
71DdNFLSe2L,2200,1879,0b/0b0807df.jpg
71Ddm2fV1PL,2200,1879,0b/0b6870d9.jpg
71DpoTihksL,2200,1879,0b/0bd3689f.jpg
71DyzxpGvUL,2200,1879,0b/0bb02e51.jpg
71E8-KqEytL,2200,1879,0b/0bbc5ef2.jpg
71EFf2clHIL,2200,1879,0b/0b545b9a.jpg
71EK0S64r-L,2200,1879,0b/0bcf84d9.jpg
71EYmfYPjKL,1185,1500,0b/0bf1a610.jpg
71EZzzM-CoL,2200,1879,0b/0bd03fdd.jpg
71EdpwF1bYL,2200,1879,0b/0b21f4b0.jpg
71Ep6w9k7UL,2200,1879,0b/0be66482.jpg
71Es9-U3DuL,2560,1045,0b/0b74e0a0.jpg
71Ettsz5VCL,1685,717,0b/0b215593.jpg
71F+IFuJ7dL,2200,1879,0b/0bbd4b51.jpg
71FKC45LjTL,2200,1879,0b/0b41c22f.jpg
71FMgPfGhKL,2200,1879,0b/0b9bd246.jpg
71FjSurSI5L,1444,755,0b/0b9a2467.jpg
71FmlunQRwL,2200,1879,0b/0b3385d2.jpg
71G3oFKPEAL,1019,2560,0b/0b31c348.jpg
71GExXRATRL,1500,1500,0b/0b79447d.jpg
71GFAymxFOL,2200,1879,0b/0bec4497.jpg
71GGjmr1OSL,2200,1879,0b/0b450f4f.jpg
71GOSwBtpWL,1500,1500,0b/0be70849.jpg
71GOpe0EOkL,2200,1879,0b/0ba1557e.jpg
71GRsjnM9+L,2200,1879,0b/0bc00615.jpg
71GWAhx8PvL,1865,2500,0b/0bba6f92.jpg
71GcppQ+upL,1978,2560,0b/0bc0e15b.jpg
71Gow3T4VtL,2200,1879,0b/0be087aa.jpg
71H6gH+wSzL,2200,1879,0b/0bacc736.jpg
71HXeOE9BhL,1571,1571,0b/0b25aae7.jpg
71HblgjUk1L,2000,2000,0b/0bb84858.jpg
71HcLglEgoL,1440,1440,0b/0b47150f.jpg
71Hee1meuCL,1731,2020,0b/0bff1f4b.jpg
71Hr3HsrKmL,2560,1161,0b/0b91bf25.jpg
71Hsk38bJlL,1921,1921,0b/0bec6754.jpg
71I54BNqzoL,2200,1879,0b/0b2f4ba7.jpg
71I5aJ3bAyL,2200,1879,0b/0bc3d094.jpg
71ICGmWwekL,2200,1879,0b/0b1a74f2.jpg
71IDetsr7DL,2560,2560,0b/0bc612f1.jpg
71IGJ9X28SL,2200,1879,0b/0b9907a4.jpg
71IHKz5wjKL,963,2560,0b/0bda3f94.jpg
71IHSdl9K+L,2200,1879,0b/0b7eb230.jpg
71IKvNWz4pL,2200,1879,0b/0b3bd5e1.jpg
71IejNcd+ML,2200,1879,0b/0bd772b8.jpg
71IlFOPeyOL,1500,1500,0b/0b6eb5a7.jpg
71Im286pKTL,2200,1879,0b/0b616f7d.jpg
71ItgxV7uhL,2000,2000,0b/0b776ee2.jpg
71IzLQ2dxzL,1147,1124,0b/0bf071b5.jpg
71J2ywqRzjL,2000,2000,0b/0b30310f.jpg
71J6YMaVOuL,2200,1879,0b/0bf4e3d7.jpg
71J77o4ppAL,1013,2560,0b/0b427d07.jpg
71JJPdoQKxL,2560,2560,0b/0bf9c01b.jpg
71JVYglqmKL,2108,2442,0b/0b9dcbf9.jpg
71JYbq1eFtL,2200,1879,0b/0b557415.jpg
71JZbHTT2wL,2560,2560,0b/0b85644f.jpg
71Jc3hYdJgL,2200,1879,0b/0b79e384.jpg
71Jjp-mBt2L,1800,1800,0b/0bc5febc.jpg
71Jq-2CzI2L,807,2560,0b/0b0f5502.jpg
71JqmX2mYHL,1000,1000,0b/0b08175f.jpg
71JtiKfncgL,1478,1764,0b/0b897a23.jpg
71JtnsEVJKL,2200,1879,0b/0b2b16d1.jpg
71K-PvQCq8L,2200,1879,0b/0b1eb8d9.jpg
71K-uq49saL,1090,1076,0b/0b35a848.jpg
71K84bPbRPL,924,2560,0b/0bcb481d.jpg
71KFmXkCpJL,2560,2560,0b/0bac82b1.jpg
71KJjhndBtL,2560,1843,0b/0bb03062.jpg
71KOLTYRVlL,854,2560,0b/0b9208ec.jpg
71KWPUECZ4L,2560,2560,0b/0be64212.jpg
71KadiNurEL,902,1605,0b/0bdb3fdb.jpg
71Kams6jLSL,2000,2000,0b/0bb27507.jpg
71KhOXU5cjL,1941,670,0b/0bca9eb6.jpg
71Kld5vsxDL,2200,1879,0b/0b6fb031.jpg
71KnRCvUj1L,2306,885,0b/0be3c968.jpg
71KuOf2Fx5L,2200,1879,0b/0bb1b23c.jpg
71KuiwBY1LL,1172,2560,0b/0b3af632.jpg
71L+jiXc4qL,963,2417,0b/0bbc99d8.jpg
71L3VncgPxL,1920,2560,0b/0b7c6aad.jpg
71LOpZLRwoL,1711,2560,0b/0b2a9778.jpg
71LltZniqgL,1501,1501,0b/0bbd604e.jpg
71LpAewcxtL,1500,1500,0b/0b934a45.jpg
71LtZBw0VEL,2200,1879,0b/0bdd1e35.jpg
71LxCGb6bnL,1500,1500,0b/0b97a1f1.jpg
71Lyos5JtJL,1409,2560,0b/0bb67591.jpg
71MC-UYhbQL,1200,1200,0b/0b125ee2.jpg
71MFA0zX54L,2200,1879,0b/0bc3c5ec.jpg
71MG+i0qcWL,2200,1879,0b/0bf657e1.jpg
71MK40ruTrL,2200,1879,0b/0b02dc51.jpg
71MbZ17fikL,2200,1879,0b/0b14d0f7.jpg
71McS0brwlL,2454,2139,0b/0b11c8ec.jpg
71MflElU1xL,2200,1879,0b/0b5c403e.jpg
71Mis+yXfcL,1200,1200,0b/0b9e7ec0.jpg
71Mo4+Xdy9L,1900,1900,0b/0b37ce53.jpg
71Mr2jRa45L,2200,1879,0b/0b4c5e6d.jpg
71N+V8-J1VL,1614,1614,0b/0b82cb8e.jpg
71N5M3Yp96L,664,1432,0b/0b0b4ea2.jpg
71N7V0t1m+L,2200,1879,0b/0b68d009.jpg
71N9bygN5DL,1592,1592,0b/0b833c1a.jpg
71NHbQ8dvnL,477,2560,0b/0bf3398a.jpg
71NJM-QARvL,2200,1879,0b/0bc05346.jpg
71NR10-EtoL,1316,2027,0b/0b2e0876.jpg
71NV7HUr9wL,1000,1000,0b/0bb0e59f.jpg
71NWfN9pUzL,1444,755,0b/0b5ef702.jpg
71NX++SS0kL,1000,1000,0b/0b9f4363.jpg
71NbS-zOHJL,2560,866,0b/0b87f66c.jpg
71NlFuzPHML,2200,1879,0b/0b55588d.jpg
71Nm74rrHAL,2000,2000,0b/0baaafe5.jpg
71NmXyMg0pL,2000,2000,0b/0be46415.jpg
71NpOOeG9-L,2560,1314,0b/0b1deab8.jpg
71NvvAI8ltL,2200,1879,0b/0b00db36.jpg
71O+4wPirML,2560,1626,0b/0bf60682.jpg
71ODNZGVvFL,2560,1969,0b/0ba75461.jpg
71OFmgBPelL,1762,1762,0b/0bd893b2.jpg
71OIghUxZKL,1061,1061,0b/0b97d2e4.jpg
71OKXkiWi6L,864,1500,0b/0b3a3e30.jpg
71ONY986HsL,2200,1879,0b/0bdcade0.jpg
71OjooD+5SL,2200,1879,0b/0bc99288.jpg
71OlwQwl6fL,2200,1879,0b/0b4508da.jpg
71OwoHIqfVL,2200,1879,0b/0b34e89e.jpg
71P2p6GvedL,2560,1969,0b/0b53f8dd.jpg
71P7e0jrm4L,2560,874,0b/0b1747ff.jpg
71P7j6bg8lL,2200,1879,0b/0b7fbd51.jpg
71PJLhQkw3L,1000,1000,0b/0b6acaf9.jpg
71PLQ0Y6S1L,2200,1879,0b/0bc42218.jpg
71PLpQVcj3L,1526,888,0b/0b66e301.jpg
71PQE2EEpOL,2000,2000,0b/0b114888.jpg
71PT0Do9PeL,2436,1872,0b/0bfc0ace.jpg
71PXfrtabfL,2200,1879,0b/0b117d45.jpg
71PZRGhYyAL,2267,2560,0b/0b203835.jpg
71Q1EHTTeRL,2292,1864,0b/0b31e3b7.jpg
71Q7epPclyL,1500,1500,0b/0b08f4a8.jpg
71QKV9krBhL,866,2204,0b/0be5fb4a.jpg
71QUeIQj0EL,966,2560,0b/0bc13686.jpg
71QV9DolRgL,1847,2560,0b/0b6785f1.jpg
71QgdngcOkL,2200,1879,0b/0b54b8a2.jpg
71QjYGrCT9L,745,2560,0b/0b98cf87.jpg
71QlwezfAgL,2200,1879,0b/0bcc9a15.jpg
71QoTFWFt-L,1542,2399,0b/0b18aab0.jpg
71QxMRxNyXL,2148,2560,0b/0bdfe1f6.jpg
71R0oZ1EGHL,2000,2000,0b/0b85d87f.jpg
71R1EdHqOaL,2560,1435,0b/0b3cafb6.jpg
71R4Lh2+T+L,2311,2311,0b/0b373adf.jpg
71RDX5hzCgL,2000,2000,0b/0b0745d2.jpg
71REFKU7HSL,2000,2000,0b/0b9e658d.jpg
71RHZvElf7L,2560,2560,0b/0bdbbe5f.jpg
71RHpMmJs-L,2200,1879,0b/0b95c2fd.jpg
71RNS1yTeSL,2200,1879,0b/0beac919.jpg
71RQYAdu8wL,2560,2560,0b/0b89135d.jpg
71RW4V-a+nL,2500,2478,0b/0b108f1f.jpg
71RiWvnldsL,2200,1879,0b/0bb94a49.jpg
71Risyaz35L,2560,1036,0b/0b7bfcab.jpg
71RkFfEbC7L,2200,1879,0b/0b9ab527.jpg
71RmJ+gTrRL,1585,2560,0b/0b17dcae.jpg
71RpyE1PlBL,1625,850,0b/0b0f3480.jpg
71RsuSLi3lL,1500,1500,0b/0b54073e.jpg
71S-v1k1E9L,1000,1000,0b/0b676d0f.jpg
71S8dxK-5cL,1316,1308,0b/0bc4658f.jpg
71SFIg-y0UL,2200,1879,0b/0bf7e7d2.jpg
71SObolTZPL,2560,1969,0b/0b5ac493.jpg
71SXt6mE0GL,2560,1565,0b/0b57fb82.jpg
71Sc6Xs7VML,1800,1800,0b/0b64957e.jpg
71SdXaVHAtL,2114,2114,0b/0ba69a3d.jpg
71Sdn69S5YL,1050,2505,0b/0b484a3f.jpg
71T29xcmvNL,1669,1669,0b/0b5be278.jpg
71T670yYfqL,2200,1879,0b/0b47d0ff.jpg
71TB512+7DL,2000,2000,0b/0bca7c42.jpg
71TN1M8K3ZL,2200,1879,0b/0b2b9db7.jpg
71TOCbwAAPL,2200,1879,0b/0b53b1aa.jpg
71TZt+eT9sL,1628,2560,0b/0bf27881.jpg
71TaksUgARL,2000,2000,0b/0bcee6c9.jpg
71TapICwcDL,744,2233,0b/0b3f7006.jpg
71To2OzexUL,1190,1523,0b/0bd42dca.jpg
71Ttn9wblGL,2200,1879,0b/0b6bc6c3.jpg
71TyLtXT82L,1162,1868,0b/0be192b5.jpg
71TyYeYq2PL,1277,1348,0b/0bdb4e08.jpg
71U1PZVon7L,2200,1879,0b/0b3d894d.jpg
71U3yYic4FL,2000,2000,0b/0bad1f1a.jpg
71UI7u7ccvL,2200,1879,0b/0b2875fc.jpg
71UUSqQV-wL,1500,1500,0b/0bb978f4.jpg
71UVhCf7i+L,2200,1879,0b/0b13ce1a.jpg
71UZLa8t0TL,2200,1879,0b/0b05de54.jpg
71UxOT2MgDL,2200,1879,0b/0b1309fb.jpg
71VHfksufSL,2200,1879,0b/0b746e33.jpg
71VnLlnNP-L,1001,1001,0b/0bc8b158.jpg
71VsndF0eqL,2560,1101,0b/0b22d04e.jpg
71W3jF8hUfL,2560,2560,0b/0b6973cb.jpg
71WJRZqoYfL,2200,1879,0b/0b861fcb.jpg
71Wch2BE6NL,2200,1879,0b/0be20645.jpg
71WcxHSQcqL,2200,1879,0b/0baa27db.jpg
71Wepy8OUzL,2200,1879,0b/0b3437cd.jpg
71WhG+vBfQL,1000,1000,0b/0b73dab2.jpg
71WhzWUAXDL,2200,1879,0b/0b93dd38.jpg
71WjvYJlawL,2024,965,0b/0b517e63.jpg
71Woc-eEsTL,1137,1818,0b/0b9de511.jpg
71WqeELJuAL,2200,1879,0b/0b4b742f.jpg
71WrxWrjw5L,2200,1879,0b/0b65c03e.jpg
71WyumirAvL,2560,1890,0b/0b6d64d2.jpg
71X6CEQa6qL,2275,2275,0b/0b3e0987.jpg
71XEQ3xYvcL,2560,1169,0b/0bfa8fcf.jpg
71XHE-9HkYL,2000,2000,0b/0bba4392.jpg
71XPLP5FG0L,2200,1879,0b/0b62b8c4.jpg
71XVMMeGx5L,1444,755,0b/0b8e738f.jpg
71XWFuFqScL,669,2108,0b/0babe11b.jpg
71XX5cW+8YL,2560,2560,0b/0b684c9e.jpg
71XbBxcifUL,2200,1879,0b/0bf3c5e1.jpg
71XcF6UdVvL,2200,1879,0b/0b7edee8.jpg
71XcKzDihaL,2200,1879,0b/0bad008e.jpg
71XhHTH+lLL,2200,1879,0b/0bedba8c.jpg
71Y5IbQvJjL,2200,1879,0b/0bf92c53.jpg
71YCGHaE2iL,2200,1879,0b/0b178ee3.jpg
71YIZaE9eJL,2200,1879,0b/0b2de239.jpg
71YUSEqgC5L,985,2560,0b/0b9f9360.jpg
71YfABWt-xL,1286,2560,0b/0bc5305f.jpg
71YkZRZDIDL,681,2500,0b/0ba7acfd.jpg
71Z+lfA9jdL,2560,1696,0b/0b6e3e4b.jpg
71Z0nrhHhcL,1500,1500,0b/0ba9a785.jpg
71Z6Uamz3lL,2560,2560,0b/0b439ce3.jpg
71ZGbM8TC9L,1000,717,0b/0ba5e015.jpg
71ZMe3hwqyL,1500,1500,0b/0b0827c5.jpg
71ZfXqgs9nL,2200,1879,0b/0b8dacba.jpg
71ZfaDW7dAL,1500,1500,0b/0bef9e93.jpg
71ZgksPy50L,1500,1500,0b/0b618177.jpg
71Zkn6r0ukL,2560,880,0b/0bf9158e.jpg
71ZpqJWDDUL,2200,1879,0b/0b520ea6.jpg
71ZqQX7XlaL,2560,2075,0b/0b879636.jpg
71ZqwLPQ31L,2200,1879,0b/0be43ad7.jpg
71a94rRybDL,2200,1879,0b/0b9d7edc.jpg
71aUIMOuPFL,2200,1879,0b/0b3110d3.jpg
71aloFeZhBL,2200,1879,0b/0bfafbbb.jpg
71b-6aJRdyL,1182,1182,0b/0b240b57.jpg
71b03McIezL,2200,1879,0b/0b42b908.jpg
71b7F1V5-3L,2380,2448,0b/0b0f32b7.jpg
71bDLsyMbML,2200,1879,0b/0b5b0854.jpg
71bDuXrc1CL,2200,1879,0b/0b6c590b.jpg
71bKw+sxYaL,2200,1879,0b/0bc50ed9.jpg
71bp3bUMGAL,2200,1879,0b/0b42682f.jpg
71cASoLGu-L,2200,1879,0b/0ba378f4.jpg
71cEbwrS0CL,2200,1879,0b/0bdbcacd.jpg
71cFost0XIL,1500,1500,0b/0bf5c324.jpg
71cHTFzHPvL,2200,1879,0b/0b3a0b97.jpg
71cMLnpJ7sL,2200,1879,0b/0b150bb1.jpg
71cSrKi4aTL,1330,1330,0b/0ba74c9a.jpg
71cWE5lwZIL,1500,1500,0b/0be09374.jpg
71ckTj0gs5L,1000,757,0b/0b4a4a31.jpg
71cp3NrU5UL,2560,2560,0b/0bfd7348.jpg
71cr97zkTJL,2340,2420,0b/0bc235c0.jpg
71cxpsBbQBL,1871,2560,0b/0b0d7d1a.jpg
71d7c+lXR0L,2200,1879,0b/0bd95539.jpg
71dHl9hZLGL,2493,2493,0b/0bd355cb.jpg
71dMfSe86bL,2200,1879,0b/0ba8b617.jpg
71dMfZVR1cL,2200,1879,0b/0b7a1702.jpg
71dTFpsYtbL,2200,1879,0b/0b604cfb.jpg
71dTaL9xmRL,2200,1879,0b/0be7153a.jpg
71dklMvefRL,950,1556,0b/0b773449.jpg
71doN-DMKZL,2200,1879,0b/0b55809b.jpg
71e-4a5+jyL,2200,1879,0b/0b838731.jpg
71e9+l8qkqL,1354,1484,0b/0b68c7c4.jpg
71e9sRpQ73L,2200,1879,0b/0b53517a.jpg
71eBgcHjrgL,1444,755,0b/0bacda2a.jpg
71eCqEsKRLL,2200,1879,0b/0b94f242.jpg
71eL1nd6wKL,2200,1879,0b/0bcd7dc0.jpg
71eTduHNEyL,2200,1879,0b/0b8becd5.jpg
71eWgU4+eaL,2248,820,0b/0b3de9d7.jpg
71ekhlLYNVL,1100,1100,0b/0bad260d.jpg
71ewM9C1fyL,2200,1879,0b/0b627b53.jpg
71fBxi3FYUL,2200,1879,0b/0b6a0742.jpg
71fE6PysAzL,2000,2000,0b/0b815aac.jpg
71fF+R1r11L,2560,2560,0b/0bffaf6d.jpg
71fFS2C0UlL,2200,1879,0b/0ba7387d.jpg
71fbh8oHMrL,1290,1290,0b/0b24353c.jpg
71fbujlRNJL,2000,2000,0b/0b15407c.jpg
71fo7THSMwL,2200,1879,0b/0b209e13.jpg
71fpnnSmMqL,1115,2166,0b/0bcc663f.jpg
71fuTb7+F-L,2000,2000,0b/0bf2b56f.jpg
71fzxWbtHqL,1119,1916,0b/0b09bfd9.jpg
71g+tVVX5iL,2088,2088,0b/0b75d022.jpg
71g0nWLkYTL,2200,1879,0b/0b2bbe37.jpg
71gE7y4guhL,2326,2326,0b/0bf16b68.jpg
71gc-yDVfAL,2200,1879,0b/0b2b640c.jpg
71gev0Y-3+L,1625,850,0b/0bc24e70.jpg
71gmTT36qTL,2560,1038,0b/0b1b4270.jpg
71gqRVqHhAL,2560,2560,0b/0bb43999.jpg
71gvFSPRkzL,2560,2560,0b/0b262f8d.jpg
71hQJhpCCzL,2200,1879,0b/0b17aade.jpg
71hTqTY8iYL,1500,1500,0b/0b3d0906.jpg
71hYy1NKoJL,1846,1075,0b/0b8aa3f3.jpg
71hZZ9bJDiL,2200,1879,0b/0b8d75c0.jpg
71hacYioHZL,2000,2000,0b/0bb8a2d1.jpg
71hbCBbMjqL,2000,2000,0b/0b2f17b1.jpg
71hnB3T8SsL,2560,1517,0b/0bf2f1bd.jpg
71hnYGK77ML,2000,2000,0b/0b18adf5.jpg
71hr1eSQDBL,2200,1879,0b/0b631126.jpg
71htc++GQFL,2560,1707,0b/0b552b3d.jpg
71hzV2pGd6L,2200,1879,0b/0b31b392.jpg
71iIN6XrZAL,2000,2000,0b/0b6a72fd.jpg
71iTB9hwMeL,1000,1000,0b/0b26e9b5.jpg
71iUmFT8zBL,2118,1161,0b/0b573902.jpg
71ic6wrcyLL,953,2560,0b/0be3be22.jpg
71izvvyfcWL,2200,1879,0b/0b78bcc5.jpg
71j3FTo8QQL,2200,1879,0b/0bdd87f5.jpg
71j8QSibIWL,1500,1500,0b/0bf2702d.jpg
71jGWlDh3+L,2200,1879,0b/0b895c19.jpg
71jHohnnM-L,1800,1800,0b/0b92ee15.jpg
71jdVO4u3dL,2000,2000,0b/0b7ea45f.jpg
71jf7qnLsGL,2200,1879,0b/0b58655a.jpg
71jg5mMi1FL,2200,1879,0b/0b22d8ba.jpg
71jnPUkMWXL,1954,1963,0b/0bbe9f8f.jpg
71jsO3ncNfL,1118,1118,0b/0b730361.jpg
71jxjjyrRPL,1001,1001,0b/0b62ac73.jpg
71k-AbRLv3L,2000,2000,0b/0b62ba13.jpg
71k3Vnw4OAL,2000,2000,0b/0b8edc31.jpg
71k3q7UO4TL,2200,1879,0b/0b16dcf1.jpg
71kEOvZ3ouL,2560,1970,0b/0b182c8b.jpg
71kZeoj0f7L,1500,1500,0b/0b0a8270.jpg
71kay3tv1eL,2560,1321,0b/0b015910.jpg
71ktK60cTqS,1191,2000,0b/0bc73d07.jpg
71lEjZG96tL,1316,1308,0b/0b80f368.jpg
71lr9KLcQUL,1500,1500,0b/0b00622f.jpg
71lx8OpOXrL,2200,1879,0b/0b538094.jpg
71lxxh0Xz1L,2200,1879,0b/0b17dfd4.jpg
71m++uWTQsL,2000,2000,0b/0bf4213a.jpg
71mATrlFBEL,2560,763,0b/0bfb91d3.jpg
71mGDpegmcL,2200,1879,0b/0b14afe3.jpg
71mMl+BMrKL,2200,1879,0b/0b511e15.jpg
71mV75MMCWL,1707,2560,0b/0bc66206.jpg
71mXdvd8CEL,1444,755,0b/0b5ebb85.jpg
71mb9OoWapL,2560,2034,0b/0b6cd7de.jpg
71mcXj67fdL,1542,2560,0b/0b41e8b3.jpg
71mkDpcncHL,1197,2494,0b/0b77a54b.jpg
71mwdJsdlqL,2000,2000,0b/0b965f9d.jpg
71n+QlsraGL,1904,1000,0b/0bf683bb.jpg
71n1XCah9DL,1707,2560,0b/0bb32009.jpg
71n80szs3yL,1439,1241,0b/0b4359b8.jpg
71nLsrVt6kL,2560,2009,0b/0b95c3c8.jpg
71nj8zE-V6L,2200,1879,0b/0b9a2ffa.jpg
71o0jfKHuFL,2200,1879,0b/0bab8d20.jpg
71o59Pie5DL,1500,1500,0b/0b5d3229.jpg
71oVNYcm4CL,1000,1000,0b/0bd18bdd.jpg
71oeM-xUC3L,2200,1879,0b/0be4db27.jpg
71okJL-iYXL,2200,1879,0b/0b3b92b6.jpg
71ooPWnGCmL,2200,1879,0b/0b1455dd.jpg
71ooR1yf6KL,1200,1200,0b/0b06b29e.jpg
71orG74QGGL,2378,2318,0b/0ba7b466.jpg
71p+Je+U27L,2200,1879,0b/0bc5241c.jpg
71p0G3AyJSL,1389,2121,0b/0bdce26c.jpg
71p36nizABL,1714,2560,0b/0b2d53d6.jpg
71p5DIDF13L,2100,2100,0b/0bd43b46.jpg
71pBozp28hL,2560,588,0b/0ba5156f.jpg
71pC+gQKAUL,2200,1879,0b/0b9cb830.jpg
71pEgPrAvDL,2500,1221,0b/0bf8096b.jpg
71pFlY+0i1L,2200,1879,0b/0bc303c9.jpg
71pVT4CT6SL,2200,1879,0b/0bce13ac.jpg
71peE3cqjJL,2560,2560,0b/0b31eed3.jpg
71pepaYfIIL,1140,2560,0b/0b5bbb23.jpg
71pi-Vvn-UL,2200,1879,0b/0b3852f9.jpg
71puzLLCU8L,2200,1879,0b/0b23be08.jpg
71pw166jUZL,2000,2000,0b/0b31a27c.jpg
71pzuZzd5ML,2560,1707,0b/0bfb08af.jpg
71q0Wi8zPSL,2200,1879,0b/0bdc301d.jpg
71q21OYPjjL,2200,1879,0b/0be9cc42.jpg
71qElOMM89L,1920,2560,0b/0b18ed9f.jpg
71qT4ea9AAL,2200,1879,0b/0b916005.jpg
71qeLadBwIL,2560,1707,0b/0b1cf979.jpg
71qfvZC8KtL,2200,1879,0b/0b9b4e58.jpg
71qjdaClQyL,2200,1879,0b/0b6eac2b.jpg
71qqh0kSY2L,1000,1000,0b/0b9bac17.jpg
71qzU4Y38dL,2200,1879,0b/0be5110e.jpg
71r-yrprf1L,2200,1879,0b/0b12d765.jpg
71rAhIT-uyL,2560,2560,0b/0b91272a.jpg
71rK0BniQAL,2400,2000,0b/0b733093.jpg
71rKgV-ag8L,801,1895,0b/0b0c5a39.jpg
71rL-VdENwL,2200,1879,0b/0b51530f.jpg
71rOn7kx6SL,1603,1140,0b/0b65774a.jpg
71rSJJdx0HL,1706,2560,0b/0bfab365.jpg
71rSgSrpUPL,1856,719,0b/0bc23e83.jpg
71ri+GExjQL,2200,1879,0b/0b6a1eff.jpg
71s2uoBcD5L,804,2560,0b/0b1f7edd.jpg
71sFKBUVWgL,2560,897,0b/0b409a97.jpg
71sHhYWT4gL,1908,1552,0b/0b2665aa.jpg
71sLFccc66L,1316,1308,0b/0b715ac4.jpg
71sNjg5szqL,2560,2560,0b/0b70ceea.jpg
71sUAc+vZhL,2200,1879,0b/0b5e652d.jpg
71sVjFFVGXL,2560,2560,0b/0bdf4f1b.jpg
71sWAuKWEwL,2200,1879,0b/0bb45bff.jpg
71semeOWWiL,1063,2183,0b/0bb018d3.jpg
71t-e4pQjjL,2200,1879,0b/0bf6e3db.jpg
71t1i1ExooL,2200,1879,0b/0bf651bb.jpg
71tOUZuxONL,2500,1350,0b/0b0b3a11.jpg
71tcKtAM0wL,661,1963,0b/0b9ea370.jpg
71tqK6hb+LL,2560,2271,0b/0b86d620.jpg
71txj4WlcML,2200,1879,0b/0badbd78.jpg
71u6-hcxwsL,956,2560,0b/0be88630.jpg
71u7QAUnzkL,2200,1879,0b/0b61a49e.jpg
71uDlSvEHDL,2200,1879,0b/0be790af.jpg
71uFunwaVQL,1285,2545,0b/0bf1c311.jpg
71uNsgMJ-YL,2200,1879,0b/0b55329e.jpg
71uU5I2SqML,2560,2560,0b/0b708282.jpg
71uW3KIzvAL,2200,1879,0b/0b64d159.jpg
71uYz-FXAqL,2000,2000,0b/0b804283.jpg
71uauva-YyL,2200,1879,0b/0bc6fa3a.jpg
71ucEp01qmL,2200,1879,0b/0b797a01.jpg
71unpvYzccL,1200,1200,0b/0b0cbda5.jpg
71uw1pctRkL,2048,2048,0b/0bb52591.jpg
71v3bsKPVcL,2000,2000,0b/0bcfc23e.jpg
71v7ngXE-KL,2200,1879,0b/0b028925.jpg
71v9Qt9muIL,2560,2005,0b/0b302e66.jpg
71vAB3A-taL,1500,1500,0b/0b97a399.jpg
71vNlD1gKxL,2200,1879,0b/0b1bbab5.jpg
71vVB6CIgtL,2200,1879,0b/0b24fca5.jpg
71vkI0Xs8SL,2500,1047,0b/0bae95bd.jpg
71vlZprTKCL,2560,1360,0b/0b9130af.jpg
71w+lpHtY4L,1566,1378,0b/0bf437fb.jpg
71w-HYtWA4L,1316,1308,0b/0bac9c9a.jpg
71w62nJ826L,2560,2560,0b/0b504927.jpg
71wCnuhHOdL,973,2560,0b/0bfea952.jpg
71wEUOaSoyL,1981,1981,0b/0b24d1c9.jpg
71wJjE-DUjL,2200,1879,0b/0b6ee9d5.jpg
71wKy4pCYFL,2200,1879,0b/0bf8fc2c.jpg
71wqBiQ6GEL,2200,1879,0b/0b03d415.jpg
71wywq4HTOL,2200,1879,0b/0bb6b47a.jpg
71x7i+YlrwL,2200,1879,0b/0b293366.jpg
71xB0XF4YtL,2560,2560,0b/0b43fb65.jpg
71xKqoJW+LL,1531,2125,0b/0b2f58aa.jpg
71xMsBi3opL,2200,1879,0b/0bd0680f.jpg
71xR0xPS9yL,1946,1477,0b/0b1a9850.jpg
71xULSwLYFL,2200,1879,0b/0baa7e32.jpg
71xZ0dD-NGL,2200,1879,0b/0b85cf98.jpg
71xg82M4XBL,1592,1566,0b/0b2d9a69.jpg
71y45p4mYwL,2560,1707,0b/0bdd65df.jpg
71y5YphFaXL,2000,2000,0b/0be3521b.jpg
71yW-+FlGjL,2200,1879,0b/0b214334.jpg
71ycXQovkoL,2000,2000,0b/0b6fb18d.jpg
71ylAFed-TL,2200,1879,0b/0b421f37.jpg
71ymv5vtUyL,1050,1046,0b/0b3cf84f.jpg
71ywJSqwvwL,2200,1879,0b/0ba91d0d.jpg
71yymg+82xL,1500,1500,0b/0b3f0c84.jpg
71z2gQjkPlL,1100,1100,0b/0b83ced3.jpg
71z6gBGCtUL,2560,907,0b/0bb2fbfd.jpg
71zDIRjRJmL,2200,1879,0b/0b6ea66e.jpg
71zGzy9yc0L,2200,1879,0b/0b00bdf8.jpg
71zVI7muU2L,2200,1879,0b/0b14c21b.jpg
71zYPEscYzL,1920,2560,0b/0b26d3a8.jpg
71zmnZlYqNL,2200,1879,0b/0b0d39b3.jpg
71zppIsuTLL,2000,2000,0b/0b84a16b.jpg
71zyajUQiPL,2200,1879,0b/0b93e46e.jpg
71zzELCqqRL,2200,1879,0b/0bd9f6fe.jpg
81+28RxOKZL,2400,2400,0b/0b9f67ae.jpg
81+5qmG7XjL,2200,1879,0b/0bb7ab7a.jpg
81+Cs6g4zJL,1700,1700,0b/0b8abfd8.jpg
81+OqvyltyL,1053,2560,0b/0b80d875.jpg
81+RXHjEbWL,1945,2560,0b/0b009181.jpg
81+avzgV33L,2000,2000,0b/0b095075.jpg
81+cj3K0zSL,2560,2560,0b/0b019d4a.jpg
81+puaeTNdL,2200,1879,0b/0bd3035b.jpg
81+xBNol4XL,1500,1500,0b/0bcae1ed.jpg
81--UvT5iZL,2560,1313,0b/0b7aaa45.jpg
81-V3IQUxlL,2560,2560,0b/0bf5983c.jpg
81-b31L3EtL,2200,1879,0b/0be65cea.jpg
81-lTP9U3qL,2200,1879,0b/0b88ba87.jpg
81-zZS6AxVL,2000,2000,0b/0b845429.jpg
8104Ae3LfnL,2000,2000,0b/0bad10f3.jpg
8109YWkCFjL,1237,2560,0b/0ba0f744.jpg
810E6ky9fsL,1500,2000,0b/0b9ec887.jpg
810FKJHUC-L,1000,1000,0b/0bb58f00.jpg
810JFjtga3L,2560,2560,0b/0b589f12.jpg
810XReNLwzL,1875,1500,0b/0be82d37.jpg
810ghNOo7jL,2560,2560,0b/0b0a1bf8.jpg
810gk7C2KDL,2200,1879,0b/0bf5b6fc.jpg
810xLDa-X+L,1709,2560,0b/0bde042d.jpg
810yOGYAyXL,2560,2560,0b/0b63fb55.jpg
811TTczeUZL,2303,1990,0b/0b342819.jpg
811ZTXk-8fL,2200,1879,0b/0bdc9574.jpg
811kgsHuMXL,2195,2195,0b/0be4af40.jpg
812JF5cgkTL,2200,1879,0b/0b797e13.jpg
812TpgyZfPL,2560,2560,0b/0b5ac752.jpg
812cUXrZbSL,2200,1879,0b/0b05fd75.jpg
812eriB4t6L,2000,2000,0b/0b1d58ca.jpg
812xDhj-3vL,1372,2560,0b/0bbfb5d1.jpg
81304qrPA0L,2560,2560,0b/0b24e7e7.jpg
813AMtd1OLL,2560,1410,0b/0b6a48f3.jpg
813IHgvEewL,1192,1228,0b/0b8bd3c0.jpg
813QVTviBIL,2411,2560,0b/0b621979.jpg
813ZqCJCRML,2000,2000,0b/0b5bdc1b.jpg
8145ZkCDlBL,1782,1782,0b/0b48a7e4.jpg
814J7tYvIBL,2200,1879,0b/0b0cf2e3.jpg
814ND40kJCL,2000,2000,0b/0be95f11.jpg
814S7L5EwPL,1705,1659,0b/0be8caa8.jpg
814bXd9-WyL,1575,2417,0b/0bcbf75a.jpg
814pm8pDgjL,1706,2560,0b/0b9583f6.jpg
814rVQCW5rL,1963,1963,0b/0bcc931f.jpg
8153XZDYawL,2492,2560,0b/0b6b2ec3.jpg
815ADEwtbNL,2000,2000,0b/0b62b53d.jpg
815DJFr3HBL,2560,2559,0b/0b74337c.jpg
815cjUkle4L,2000,2000,0b/0b6e21f0.jpg
815n4U4cl7L,2560,2560,0b/0b54dbf7.jpg
8168qiWywAL,2000,2000,0b/0bcd01fe.jpg
816SdBOQFSL,1873,2560,0b/0bd0c519.jpg
816VHE6ilAL,1424,2560,0b/0be7e816.jpg
816ahfd7+4L,2000,2000,0b/0b7d4d04.jpg
816uh+BytgL,2200,1879,0b/0bcea22b.jpg
8170-I3uNrL,2000,2000,0b/0bc4a386.jpg
817MhKj3VnL,2560,1520,0b/0b0ba45c.jpg
817VooYuJuL,1500,1500,0b/0b9dffb2.jpg
817mHEJ5KBL,1877,2348,0b/0b252620.jpg
817pdFT2vZL,2560,2560,0b/0b29a890.jpg
81801TMK36L,2200,1879,0b/0ba80298.jpg
818A+ASyTeL,2560,2560,0b/0bc0d6f1.jpg
818SysOjDuL,2360,1134,0b/0bbb3b19.jpg
818VbpVSYFL,2284,2284,0b/0bd1ec3b.jpg
818WXL2uM1L,1139,2560,0b/0ba1b114.jpg
818h5EZOFkL,2200,1879,0b/0b3479e8.jpg
819+qh-AMEL,1669,2560,0b/0b62ae46.jpg
819X8lsIPxL,1246,2547,0b/0bd40349.jpg
819b+bUsaUL,2560,2381,0b/0b182511.jpg
819khW5p+GL,2200,1879,0b/0b0aee57.jpg
819s76wenEL,2560,1969,0b/0b1419f7.jpg
819sxM+ZLfL,2560,1115,0b/0bf35d16.jpg
819udqIgBEL,2000,2000,0b/0b849c20.jpg
81A+--pxcSL,2200,1879,0b/0bac551e.jpg
81A2BtTUi5L,2067,2067,0b/0bd7f7a5.jpg
81AA145PSJL,2230,2230,0b/0b79719b.jpg
81ATi-qOJ6L,2560,1314,0b/0b907438.jpg
81AVGIuhZiL,2560,1360,0b/0b6628f7.jpg
81AWSe9jzKL,2000,2000,0b/0b782c9b.jpg
81Ajiew7AuL,2200,1879,0b/0be6fc6e.jpg
81AyPQuKymL,2560,1969,0b/0bc1b931.jpg
81BIa9BcF0L,2500,2500,0b/0b7f69cd.jpg
81Bc5Z8X5rL,2560,2560,0b/0b8eddc0.jpg
81Bck7f1t0L,2500,2475,0b/0b773d56.jpg
81Biq7SCDNL,2560,2343,0b/0bbb3c43.jpg
81BrIT+xcYL,2560,2560,0b/0b132111.jpg
81Bv55OLkDL,2450,2450,0b/0bafb89b.jpg
81C0DM7TUDL,2200,1879,0b/0b744080.jpg
81C3fHm1ysL,2560,2560,0b/0b227460.jpg
81C5Qnj68RL,2150,2150,0b/0b5213ca.jpg
81CE8sbH9gL,1073,2560,0b/0bda39bf.jpg
81CEmujmwdL,1000,1000,0b/0bc457f4.jpg
81CIrpQZLUL,2560,1010,0b/0bd38034.jpg
81COXkmIZ4L,1001,2134,0b/0b2716ac.jpg
81CZkqEMK0L,2560,2560,0b/0bdf181e.jpg
81D74wIl3HL,2000,2000,0b/0b303cba.jpg
81D9uEXTidL,2200,1879,0b/0b9fd825.jpg
81DMr1mV4+L,2200,1879,0b/0b886548.jpg
81DTYFooiKL,1500,1500,0b/0bbe7a6d.jpg
81DVg2ynkjL,2200,1879,0b/0bc3f69b.jpg
81Dc58K85mL,2560,2560,0b/0bb12f65.jpg
81DyPfY-THL,2560,2560,0b/0b2bb834.jpg
81E+FzwLRzL,2000,2000,0b/0b38fbd9.jpg
81EOolQAfRL,2200,1879,0b/0bad05a1.jpg
81EQfd8RfCL,2200,1879,0b/0b04c348.jpg
81EWPvssMaL,2402,2402,0b/0b2cc549.jpg
81Ef8bMVchL,1703,2271,0b/0bee243d.jpg
81Eotffys0L,2200,1879,0b/0b1a1480.jpg
81EyIUwWSdL,2560,2560,0b/0b34329a.jpg
81F9CjIuVpL,2082,2560,0b/0b199777.jpg
81FBWWHISOL,1165,2560,0b/0bac1659.jpg
81FvnzRNulL,2200,1879,0b/0b45e12b.jpg
81Fz3x+lNlL,1530,1530,0b/0b373914.jpg
81FzqiT3qqL,2200,1879,0b/0b7f69cc.jpg
81G+BqAe5LL,2000,2000,0b/0b37841c.jpg
81GHvUagJ2L,2560,1657,0b/0ba6d30b.jpg
81GN7MvyomL,2200,1879,0b/0b7bc64b.jpg
81GXTKwSgML,2560,2560,0b/0b6c08cd.jpg
81H5qkfjrvL,2560,2560,0b/0b49faca.jpg
81H6RgvcVrL,2560,1367,0b/0b432bf7.jpg
81H7FEhcXpL,2200,1879,0b/0b48f407.jpg
81H8BsSXciL,2200,1879,0b/0b822ba4.jpg
81HIyTh6lxL,2200,1879,0b/0b30176c.jpg
81HLMkgg7qL,2560,2560,0b/0b4f4ebf.jpg
81HU3tZFpbL,2560,2560,0b/0ba22227.jpg
81HlKDmL2kL,2391,2391,0b/0b6cc6dd.jpg
81I1ehwrqDS,1210,1210,0b/0b787ba3.jpg
81IKAeHi0FL,2560,2560,0b/0b2e4dfc.jpg
81IL7hkEJ8L,2425,2560,0b/0ba54f40.jpg
81IWFT5M7KL,2200,1879,0b/0b75e345.jpg
81J+Q6hYNeL,1013,2560,0b/0b29b70d.jpg
81JGlLRsVLL,2200,1879,0b/0bac8f14.jpg
81JNBZLSqtL,2000,2000,0b/0bffeb1f.jpg
81JVQEc68dL,2560,2560,0b/0ba7a6e6.jpg
81JwDduq9dL,2560,1826,0b/0bdbc1dc.jpg
81K+xrKvJdL,1500,1500,0b/0b38c540.jpg
81K8tWwnnaL,2560,2560,0b/0b554a64.jpg
81KDaFIy53L,2560,2560,0b/0b2db2ea.jpg
81KJHr+AWEL,2000,2000,0b/0bc86730.jpg
81KU+a8e-FL,1761,2550,0b/0b44cdd3.jpg
81KWNAJiCiL,2200,1879,0b/0b530edd.jpg
81KWUf+tRUL,2200,1879,0b/0b0b70dd.jpg
81Ka3sE+beL,2560,2560,0b/0bc46917.jpg
81KwBuQua3L,1941,1941,0b/0b09c37f.jpg
81Kza2RVO2L,2560,1107,0b/0bc57e6c.jpg
81LAwczbJOL,2200,1879,0b/0b803a13.jpg
81LG-ToWa2L,949,2560,0b/0b28c128.jpg
81LX4MZCouL,1005,2357,0b/0b5b80a7.jpg
81M3msFwWqL,2200,1879,0b/0bbf6197.jpg
81MBZjuoQ7L,1500,2000,0b/0bda569f.jpg
81MTY1uReZL,2200,1879,0b/0b98c707.jpg
81MTYwymRML,2000,2000,0b/0bdd6c51.jpg
81MWK8fvm9L,2200,1879,0b/0b2cc1d7.jpg
81Mj3wczYYL,2200,1879,0b/0beae318.jpg
81MlvMvNe0L,2560,2037,0b/0bca91dd.jpg
81MvLotGOkL,2200,1879,0b/0bfbc4e7.jpg
81Mz4cOrDYL,2560,2560,0b/0bcffb97.jpg
81N+GoXUr1L,2560,2560,0b/0be1579e.jpg
81NAfZ2tvEL,2200,1879,0b/0b426aac.jpg
81NjeELdfvL,1143,2560,0b/0bc8ae44.jpg
81Nk-f62WIL,2560,2560,0b/0b8a48f1.jpg
81NtfY-8euL,2560,2560,0b/0be95595.jpg
81Nz+TGh4DL,1800,1800,0b/0bf4e80b.jpg
81O4RkW+iRL,2560,2560,0b/0b1d2a8f.jpg
81OAW5wGLLL,2560,1969,0b/0b490fbf.jpg
81OB0Ql0C5L,2200,1879,0b/0b6f8468.jpg
81OBjLEzOvL,2200,1879,0b/0bfef8d0.jpg
81OEopOQ+wL,1329,1329,0b/0b4a314c.jpg
81Og8Phu5RL,2450,2450,0b/0b4a4005.jpg
81Oh-yc96mL,2200,1879,0b/0bdda1a9.jpg
81Ojrmek8QL,2007,2000,0b/0b74dc82.jpg
81OmBXuhgCL,2200,1879,0b/0b0949ec.jpg
81P1plovm1L,2560,2560,0b/0ba78e66.jpg
81P8OJZwuwL,2200,1879,0b/0b069ea0.jpg
81PpjJGsAyL,2200,1879,0b/0b27a78f.jpg
81Psg1Zh-2L,2200,1879,0b/0b03e204.jpg
81PtliYAaWL,884,2560,0b/0bf61c26.jpg
81Q71HOzERL,2000,2000,0b/0b9d75c6.jpg
81QKZ8O81EL,2560,2226,0b/0be6cf27.jpg
81QWAr3MsnL,2000,2000,0b/0ba9a3f7.jpg
81QbLhBzAkL,1378,2560,0b/0b13da52.jpg
81QcmgpTW1L,1333,2560,0b/0bf0e2d7.jpg
81R1Phlp+RL,2000,2000,0b/0b51ad60.jpg
81R1nXsnxwL,2200,1879,0b/0b4723a5.jpg
81R375WU-kL,1215,2466,0b/0b2e31a7.jpg
81RRyeYO58L,2000,2000,0b/0b7a2cd1.jpg
81RcOn+1ESL,2560,2560,0b/0b8767d7.jpg
81RghSxS-TL,2217,2217,0b/0b343cdc.jpg
81Rq8Xrk7RL,2560,1920,0b/0ba4fb31.jpg
81RvlK7luVL,1484,2560,0b/0bdc514d.jpg
81RzSwIlt2L,1500,1500,0b/0b9f54ce.jpg
81S2zQwgl2L,1706,2560,0b/0bd0623f.jpg
81SEVyXcLvL,2560,1434,0b/0bb47930.jpg
81SXZVJ8MdL,1569,1920,0b/0b80c7f2.jpg
81SXgUcz8-L,2560,1375,0b/0b7369eb.jpg
81SXtvUBynL,1500,1500,0b/0be2321f.jpg
81SbjnO+nsL,2500,2200,0b/0b5570c0.jpg
81SoRJl215L,1737,2560,0b/0bc4bb9d.jpg
81SskaBLs-L,1500,1500,0b/0bc0c2b7.jpg
81SzAp3TSaL,1410,2560,0b/0bf2b8a7.jpg
81T2FMhx2aL,2560,1780,0b/0bc5b67c.jpg
81T4WrlO3SL,2200,1879,0b/0b251e72.jpg
81TLRVgPovL,2200,1879,0b/0b04a5d2.jpg
81TQrMExDKL,1820,1231,0b/0b87af11.jpg
81TU2Qa-GNL,2560,2560,0b/0b499d3a.jpg
81TZD2nqpOL,1063,2560,0b/0b79354a.jpg
81TcwEm+CWL,1058,2323,0b/0bbf749d.jpg
81ThAn+mafL,2391,1700,0b/0b71072a.jpg
81TwwJataEL,2200,1879,0b/0b5ed948.jpg
81U5G6wHKsL,2560,1969,0b/0bb59918.jpg
81U9cGzitaL,1852,2560,0b/0b0253f9.jpg
81UBDe+PIgL,2200,1879,0b/0bf5b8ac.jpg
81UVO300-JL,2560,2560,0b/0bd3bacd.jpg
81Ue5iovvCL,2560,2560,0b/0b7cd326.jpg
81UeR5pG0hL,2560,2559,0b/0bc1a39f.jpg
81UyvIvj5YL,2000,2000,0b/0b665d3a.jpg
81V2L0fAU8L,2200,1879,0b/0bdfb17f.jpg
81V2PVGqc-L,1500,1500,0b/0b4c94f4.jpg
81Vy+jTkmgL,1814,2560,0b/0bb7926b.jpg
81W0vlLXaKL,2560,1210,0b/0b433cc4.jpg
81WB8rBRzbL,2200,1879,0b/0b5bfbe9.jpg
81WJvvwamCL,2560,2560,0b/0b36c6f5.jpg
81Wf+6JKPXL,2200,1879,0b/0b85c8f0.jpg
81Wiuj-8J8L,2200,1879,0b/0b188e2a.jpg
81WsTgpjAwL,2560,1900,0b/0b8bce80.jpg
81X9LzJGkcL,2478,2560,0b/0b59012b.jpg
81XadX8p1tL,2200,1879,0b/0b8168c9.jpg
81XbjBy2sWL,2200,1879,0b/0bd3b4fe.jpg
81XfYE+qKfL,2560,2560,0b/0b2076ad.jpg
81Xhu1gP7sL,2560,1285,0b/0bccbf4e.jpg
81XvkQ07RaL,1530,1530,0b/0b7f8ec6.jpg
81XxCyGc+7L,1000,1000,0b/0be8f698.jpg
81Xz0XtWB0L,2560,2560,0b/0be22b63.jpg
81YE4Sc8s2L,2200,1879,0b/0b8b6ea3.jpg
81YOXfhUO1L,2448,2261,0b/0bc55ac1.jpg
81ZMr4aEoXL,2560,2560,0b/0b1de9e1.jpg
81ZX+wIYbVL,1476,2560,0b/0bedf1ee.jpg
81ZsvDQTv3L,2475,2499,0b/0bcdf9b8.jpg
81ZxrLH+LPL,2200,1879,0b/0be86daf.jpg
81aM2-xZSKL,2560,1969,0b/0bc65c0d.jpg
81aXUgUDHkL,2560,2560,0b/0b1c3083.jpg
81abS60WnvL,2200,1879,0b/0b3b6f8f.jpg
81abl-NkYxL,2200,1879,0b/0b05a3b7.jpg
81adbyDnYXL,2200,1879,0b/0b5ab651.jpg
81avxVKph8L,2457,2086,0b/0b54676a.jpg
81ayBXJ0tcL,2200,1879,0b/0b4043c0.jpg
81ayr2llOSL,1328,2553,0b/0b6430a9.jpg
81bBbQbQNLL,2200,1879,0b/0bc45224.jpg
81bYyqyBRbL,1598,2560,0b/0bf4731a.jpg
81bcoeyTfmL,2200,1879,0b/0b8ae21d.jpg
81bhZUP0loL,2200,1879,0b/0bce4b50.jpg
81bq9wwalAL,2500,2491,0b/0bf9196e.jpg
81cF0Mb-8YL,1303,2560,0b/0bf7af25.jpg
81cJ2I1HkrL,1668,2560,0b/0b7fa82c.jpg
81cKFeEBlWL,2560,850,0b/0bb060fd.jpg
81cT6Y0ZqmL,2231,2230,0b/0bf0114b.jpg
81cWtb0eduL,2322,1767,0b/0b00942c.jpg
81chQYsnW7L,1351,2560,0b/0b519b5c.jpg
81ci7n3NFsL,2560,2560,0b/0b118939.jpg
81cvtq5TWmL,2200,1879,0b/0bd74d54.jpg
81cxep+RBXL,2074,2550,0b/0b4b2ab7.jpg
81d6EDYfZbL,1707,2560,0b/0b572f97.jpg
81dBJik9uNL,2560,2560,0b/0b2cbd1c.jpg
81dHyMERM5L,1387,2560,0b/0b2e8122.jpg
81dM0c7BjGL,2200,1879,0b/0bbd85e3.jpg
81dOINUk5ML,1612,2560,0b/0b75a5b4.jpg
81dSPzxshOL,2560,1686,0b/0b29f9ca.jpg
81dUa-kU28L,2200,1879,0b/0b88d8bc.jpg
81dWRlgQpiL,2034,2016,0b/0b4bf3cd.jpg
81dXDDdIWGL,2000,2000,0b/0be310e1.jpg
81dm3dT66iL,2560,1481,0b/0be58f0a.jpg
81driGkfX2L,2200,1879,0b/0b9ae507.jpg
81e7VD2Eq1L,2200,1879,0b/0b3616bc.jpg
81eIY6zkrUL,2560,2560,0b/0b817338.jpg
81eWoMmhsSL,2000,2000,0b/0bcb538d.jpg
81eXbEdY4YL,1664,2560,0b/0b124e79.jpg
81eeW52GJuL,2494,2560,0b/0b4024a2.jpg
81emf-2EqhL,2000,2000,0b/0b4e6ee2.jpg
81f63xYsq1L,2000,2000,0b/0bfd9212.jpg
81fWqbUGbXL,2200,1879,0b/0b83461b.jpg
81foxdbIopL,917,2560,0b/0b9dce0f.jpg
81fpAh4U3-L,2560,1416,0b/0bb87899.jpg
81fs9aQ+J6L,2200,1879,0b/0b8c9e66.jpg
81fup06t4PL,2000,2000,0b/0b6ac0ff.jpg
81gEKMHABwL,2200,1879,0b/0b19597e.jpg
81gcDdz1MJL,2200,1879,0b/0b7c71d4.jpg
81gk17ANIeL,2200,1879,0b/0b13a535.jpg
81gn9-uy1eL,2200,1879,0b/0b948baf.jpg
81grtZ+Hu4L,2560,1155,0b/0b91c8c7.jpg
81gvOzWbvgL,2200,1879,0b/0b49b8dd.jpg
81gyHc5fvfL,2200,1879,0b/0b919f3a.jpg
81h7G9DdGBL,2560,2560,0b/0bbed62d.jpg
81hHKCwlv3L,2200,1879,0b/0b369f6e.jpg
81hIfBscMxL,2200,1879,0b/0bc294c2.jpg
81hIuNeLWVL,2560,1344,0b/0baeb728.jpg
81hf9zNTAdL,2560,2560,0b/0b34efa0.jpg
81hhwe-EetL,2200,1879,0b/0b051704.jpg
81hjmt6ql1L,2560,2560,0b/0b28cb26.jpg
81ho4fMTTeL,2560,1970,0b/0b44468f.jpg
81hvh0N4b2L,941,2560,0b/0b7f384d.jpg
81i3joamBKL,2036,2560,0b/0bd7d462.jpg
81iH3hbsldL,1482,1870,0b/0b485e22.jpg
81iilQk2LiL,2560,1969,0b/0bea5e23.jpg
81iozkPdRkL,2500,956,0b/0b24b4c9.jpg
81ivCtp8fwL,2560,1969,0b/0ba6ce87.jpg
81j5Uhz8K4L,2200,1879,0b/0b14317b.jpg
81jh2asmmBL,2560,1250,0b/0b32923e.jpg
81jkcxGgecL,2560,2560,0b/0b39e0b5.jpg
81jvYsXXe7L,2560,1969,0b/0b85cc23.jpg
81jzQXgQz7L,2000,2000,0b/0b501e55.jpg
81k2nc6WDOL,2560,2560,0b/0bec334a.jpg
81k4dMIxCuL,2560,1313,0b/0bde76d6.jpg
81kDWtWiMAL,2560,1969,0b/0b3cb50d.jpg
81kENym37HL,2500,2500,0b/0ba8493e.jpg
81kFWIgAmEL,1496,2560,0b/0b674af0.jpg
81kNtbfmXWL,2560,1420,0b/0b72c297.jpg
81kfErowMgL,2200,1879,0b/0bc0c21b.jpg
81kjyDs35jL,2500,1156,0b/0b8b4965.jpg
81lAJzlU9YL,2401,2560,0b/0b1e1eac.jpg
81lOaBgM21L,2500,1701,0b/0b8887e2.jpg
81lZH+1YkRL,2560,2560,0b/0bc23401.jpg
81lfPxj4C8L,1252,2560,0b/0b4c724f.jpg
81lfgU2qvnL,2267,2560,0b/0b28fa4f.jpg
81lg0JpS07L,2560,2342,0b/0bf01ad2.jpg
81loOhAD-oL,2200,1879,0b/0b62477b.jpg
81lyOshh4zL,1920,2560,0b/0bb8758a.jpg
81m0K1Wb51L,1965,2500,0b/0bf2370b.jpg
81m0UtWNgAL,1688,2560,0b/0bee2675.jpg
81m1L7jPTdL,2000,2000,0b/0b228ec7.jpg
81m8huos0SL,2200,1879,0b/0b8aab8a.jpg
81mKpoUrXSL,2495,1919,0b/0b64656a.jpg
81mQQiWtnNL,2200,1879,0b/0b8f04ba.jpg
81n2E2lHumL,2000,2000,0b/0bbb7b2e.jpg
81nHU0i68NL,2560,2560,0b/0bc073ea.jpg
81nWQSWhvhL,1043,2560,0b/0b0c54cd.jpg
81neXz01QRL,2560,1969,0b/0b5dd3fc.jpg
81nlFN8MA5L,2000,2000,0b/0bfaa02c.jpg
81o6cY8U3uL,2315,2395,0b/0b05388b.jpg
81oF12kh76L,2200,1879,0b/0b0502d2.jpg
81oHkh-kRZL,1686,2560,0b/0bd88dbf.jpg
81oNdo-M6gL,1000,2560,0b/0b98faf2.jpg
81obPLVI66L,2500,2500,0b/0b0674d6.jpg
81okre6BoRL,2000,2000,0b/0be913a4.jpg
81orTHxZQ7L,2500,2500,0b/0bf3ab17.jpg
81p7lIxpfGL,2000,2000,0b/0b86933f.jpg
81pC3-eRurL,1146,1521,0b/0bd3a486.jpg
81pGippKLpL,2200,1879,0b/0b10de16.jpg
81pGw0lTVYL,2200,1879,0b/0b28742e.jpg
81pTXhit68L,1500,1500,0b/0b72443e.jpg
81pWXm2pejL,2075,746,0b/0b5145fa.jpg
81pfPl85mGL,952,2560,0b/0b9c4b2d.jpg
81q94YpXUwL,2131,2560,0b/0bbdc442.jpg
81qBJ9zGpsL,2262,2497,0b/0bc3a80b.jpg
81qDpV-ldHL,2200,1879,0b/0bcb6fe9.jpg
81qW++8XsoL,2560,1970,0b/0baf7ef9.jpg
81qY0Ur1ZlL,2200,1879,0b/0b2acb92.jpg
81qlfK82EmL,2559,2560,0b/0b2740c1.jpg
81qnJVVmhrL,2200,1879,0b/0bdb92ac.jpg
81qvxMpyH5L,2000,2000,0b/0b97d4c8.jpg
81qwuHQlaoL,2560,2230,0b/0b082fcd.jpg
81rJfZ7bv+L,2560,1693,0b/0ba31c21.jpg
81rMFMjSczL,2560,2560,0b/0be80d42.jpg
81sCmAn1o2L,2200,1879,0b/0ba2c701.jpg
81sGSy3sL3L,1238,2560,0b/0b0a721c.jpg
81sMZ4BmTsL,2200,1879,0b/0b83d0f1.jpg
81sPfizXHHL,2560,2543,0b/0b4dedb7.jpg
81sTRxeEpVL,2000,2000,0b/0ba6c056.jpg
81sdEXti4yL,2200,1879,0b/0b481031.jpg
81set8iec3L,2200,1879,0b/0bb21a0e.jpg
81skFuhAbeL,1920,2560,0b/0b57b260.jpg
81sqy6wT7CL,1803,1803,0b/0b8a4a23.jpg
81tAfMHY5wL,1500,1500,0b/0bff8958.jpg
81tW52b0voL,2169,1621,0b/0bb3b749.jpg
81tfsna3rsL,2560,1837,0b/0b24d4db.jpg
81ti9jxhx2L,1542,2560,0b/0b5a351e.jpg
81tlLVASKNL,2502,2550,0b/0b7d6b3d.jpg
81u8-zAWyqL,1020,1019,0b/0bb76093.jpg
81u8HADoXcL,2560,879,0b/0b58607a.jpg
81uG3xVGibL,2200,1879,0b/0b927317.jpg
81ubOwANNhL,1530,2560,0b/0bf1fbc0.jpg
81uvPeSa0iL,2000,2000,0b/0b516800.jpg
81uzMrzELVL,2560,2560,0b/0b8de981.jpg
81v1Uc-510L,2560,2560,0b/0ba64323.jpg
81vMmwwqmFL,2560,1760,0b/0b25cd61.jpg
81vem8kEdWL,860,2560,0b/0ba18b93.jpg
81vyL+hbk2L,2200,1879,0b/0b828bb4.jpg
81vzFZ6YUSL,2200,1879,0b/0b02bd67.jpg
81w0VlbR8wL,2000,2000,0b/0bb95eba.jpg
81w0wIGESTL,1850,1850,0b/0b0b5a44.jpg
81w44SFbJZL,2200,1879,0b/0bd37d46.jpg
81wKwrHmbGL,2459,2560,0b/0bdad221.jpg
81wO8PadcYL,1920,1920,0b/0b73e85d.jpg
81wShFbLQeL,2000,2000,0b/0b1d546e.jpg
81wSqR-ltGL,2500,2093,0b/0b49db01.jpg
81x6GvDG1YL,2560,1969,0b/0ba70006.jpg
81xO+hOQczL,2560,1817,0b/0b2c53c0.jpg
81xVAyqMYzL,2200,1879,0b/0b959052.jpg
81xXh0hgBRL,2560,2560,0b/0b8c9d34.jpg
81xcFld3KTL,1017,1500,0b/0b1a9c55.jpg
81xdNlUIORL,2000,2000,0b/0bb2599d.jpg
81yKpeYSenL,2560,525,0b/0b3f8f4f.jpg
81yk7Hff4TL,2200,1879,0b/0b98f856.jpg
81ynN3bklAL,2500,870,0b/0b20cf55.jpg
81yrhJRvYpL,2560,2560,0b/0b9f9b48.jpg
81z1vD9qGgL,1991,1991,0b/0b7a24f5.jpg
81z2fHWN9LL,2560,2542,0b/0b389cc3.jpg
81z8iAWMqpL,1828,2560,0b/0bcd4141.jpg
81zASGZTZAL,951,2560,0b/0b6a55a7.jpg
81zI4L1ZcWL,2436,2436,0b/0b1d622a.jpg
81zTh3ZB4uL,2200,1879,0b/0bd86da4.jpg
81zW6UZxakL,2200,1879,0b/0b1255f9.jpg
81zmthh2jVL,1279,2560,0b/0bba5b56.jpg
81zo6AKtJ7L,2007,1638,0b/0b4e1746.jpg
81zskOBAHaL,2200,1879,0b/0b038e23.jpg
81ztkkE2kPL,1829,2560,0b/0b2e4b04.jpg
81zxEXuK4YL,2000,2000,0b/0b320d18.jpg
91+0+dD9ofL,2560,1969,0b/0bde97f3.jpg
91+A3SQHw5L,1421,2560,0b/0b9bd0ad.jpg
91+pJrYf9bL,2560,2560,0b/0b3daea0.jpg
91-fhBnUD9L,2548,2560,0b/0b1d1ee3.jpg
910Lp1f3xUL,2560,2560,0b/0b862d38.jpg
91120V43ltL,1920,2560,0b/0b05af0a.jpg
9119rAfI3TL,1654,2560,0b/0bcb026e.jpg
911O0vWUgJL,1836,2560,0b/0b058382.jpg
911UnvM--NL,2000,2000,0b/0b3c0854.jpg
9123s7sk3kL,2560,1990,0b/0b55ceee.jpg
912C4DOHutL,2526,2359,0b/0bd07d2b.jpg
913OV+HCZ0L,2560,2560,0b/0b47c733.jpg
914A6AqtU7L,1796,2560,0b/0b1c9a7e.jpg
915VhWy6gXL,2560,2560,0b/0bbcbb70.jpg
915zBqzmbCL,2560,2560,0b/0b9e9ca7.jpg
916Iq9FpzsL,2560,2560,0b/0b95e15e.jpg
916QLo86BgL,1479,2560,0b/0b1f7be0.jpg
916ddWxrUxL,2560,2409,0b/0ba406a6.jpg
917SfmF6FeL,2560,2560,0b/0b89a332.jpg
917XLV-8xJL,1298,2560,0b/0b45fc7e.jpg
917yrbR29JL,2560,2102,0b/0b7c1f77.jpg
918EldcX+jL,2560,1969,0b/0b040f83.jpg
918fENhjRUL,2355,2299,0b/0b143575.jpg
918lBx15GTL,2442,2560,0b/0badf457.jpg
919GbJywSzL,2560,2560,0b/0b5e7e2f.jpg
919a0xxeNEL,1604,1436,0b/0be3a75b.jpg
91A5NFyCBOL,2560,2560,0b/0b7c06f5.jpg
91AEBqPhRQL,1288,2560,0b/0bab0198.jpg
91AKJ2rrmRL,1485,2560,0b/0b86bd0a.jpg
91AXGmCOvmL,2560,2152,0b/0bd3e1ff.jpg
91AXVu9NqNL,2560,1969,0b/0be53e28.jpg
91An9gz+GYL,2560,2560,0b/0bd4536e.jpg
91BUiqivBOL,2560,2560,0b/0b0878bf.jpg
91CJ9V5-rLL,2500,2500,0b/0b9987ae.jpg
91CNoRpVeeL,2000,2000,0b/0bbf5827.jpg
91CWhWJER4L,2560,1671,0b/0b85160e.jpg
91DVPrIviJL,1596,2560,0b/0b7cf457.jpg
91EdVfQxcGS,1654,2138,0b/0bd1b2a9.jpg
91EjiiTZUzL,2560,2560,0b/0b99ff5a.jpg
91FTMqIjgRL,2560,2560,0b/0b50be26.jpg
91GWAnEAaGL,2560,1920,0b/0b9625ca.jpg
91Gcxhb5NOL,2560,1962,0b/0b58e168.jpg
91GnQl6UUkL,2560,2560,0b/0be49ed2.jpg
91Hcwt6kn3L,2560,2560,0b/0b58e1fe.jpg
91Hzao8FziL,2560,2230,0b/0b68cafa.jpg
91JH03JxM5L,2560,2560,0b/0bfd9741.jpg
91JWCZlFzLL,2560,1658,0b/0b42b3a1.jpg
91JfWszrxkL,2560,1568,0b/0b6ddae3.jpg
91JpCVtZPYL,2560,2560,0b/0b3e5581.jpg
91KjGmw1S4L,1940,2560,0b/0b595a30.jpg
91KsU2zILkL,1389,2560,0b/0bacf168.jpg
91LA-uFVRUL,2560,2560,0b/0bade48c.jpg
91LMSViggZL,2560,2021,0b/0b6f656b.jpg
91LRnyzSVQL,2560,2432,0b/0bba6a46.jpg
91LYR3pNgjL,1931,2560,0b/0ba74807.jpg
91M5JGhLkzL,2560,2560,0b/0b4aa734.jpg
91MA8Zn8qUL,1858,1856,0b/0b1b26c9.jpg
91MlcJDUP+L,2384,2560,0b/0bfa0624.jpg
91N1+2adlrL,2560,2560,0b/0bea33fa.jpg
91OAL3+pISL,1920,2560,0b/0bee09d9.jpg
91OFRe+teBL,1386,2560,0b/0b30f2cd.jpg
91OWHyjWHXL,1269,2560,0b/0b27e658.jpg
91Ojw1mAUrL,2560,1962,0b/0b67d5d5.jpg
91P-65hYgjL,2560,2560,0b/0bfffa4d.jpg
91PIS1cOx5L,1681,2560,0b/0bec606d.jpg
91PRAyyn1TL,2560,1841,0b/0bed5f04.jpg
91PpI9REOtL,1876,1939,0b/0b57e423.jpg
91QHaAcSHBL,2560,2547,0b/0b696403.jpg
91R+lF3uBnL,2200,1879,0b/0bc95753.jpg
91RACgSKZXL,2560,2560,0b/0bcde84d.jpg
91RZrEAHBDL,2560,2560,0b/0bb15534.jpg
91RgPWZCbnL,2560,1969,0b/0beb6cb4.jpg
91RhxR8O-7L,2514,2453,0b/0bce4bc3.jpg
91RikSp3B8L,2560,2197,0b/0b0e663c.jpg
91RrbeN0CQL,2560,1969,0b/0b6feb20.jpg
91RzzKS-YDL,2560,2560,0b/0b746b9b.jpg
91SKA40kknL,2549,2560,0b/0b511a49.jpg
91SRwfgCsML,1915,2560,0b/0be3cd4a.jpg
91U0EHdNn8L,1923,1923,0b/0b225d6f.jpg
91VRnhoCevL,1142,2560,0b/0bafc4bf.jpg
91VeyelhHvL,1798,1878,0b/0bba32e5.jpg
91VijPnqE9L,2560,2560,0b/0bfd820c.jpg
91W0ifPyIwL,2560,2560,0b/0b68aff6.jpg
91W4OxFoK-L,2560,2559,0b/0b0506fb.jpg
91W4zbt23YL,2560,2560,0b/0b687212.jpg
91WZRNZLTbL,2560,2560,0b/0bd5cbc4.jpg
91WnTeHjVZL,2560,2392,0b/0b36964b.jpg
91X+ledUV0L,1474,2560,0b/0ba8c42d.jpg
91X7XRYe7gL,1500,1500,0b/0b8b7481.jpg
91Xth2MdidL,2560,1815,0b/0bd9fa41.jpg
91Y+bPTSpNL,2559,2560,0b/0b81a970.jpg
91YAQsDPmpL,2560,2560,0b/0b5f77fd.jpg
91YIPzNWfNL,2560,2560,0b/0b61f3a6.jpg
91ZoqyeIvLL,2560,2004,0b/0bdebcd4.jpg
91aTv8vioJL,2560,2560,0b/0bca9d66.jpg
91acDG2Z27L,2425,2560,0b/0b7f8f52.jpg
91b7HyhnzJL,2560,1707,0b/0bb1c4e6.jpg
91bW5S4RChL,2560,2560,0b/0bf9b41a.jpg
91cpnwtR31L,2256,2560,0b/0b31d3fa.jpg
91dP57utW1L,2560,1772,0b/0bd7b3e8.jpg
91eKOKCHVoL,2550,2550,0b/0b3fd080.jpg
91eOfJmN1bL,2560,2560,0b/0b2b2955.jpg
91eXsAC-itL,2200,2560,0b/0b4eea00.jpg
91fKl6o+0TL,2560,2560,0b/0b61627e.jpg
91fg51K0aYL,2560,2560,0b/0b620040.jpg
91gAAWONaaL,1970,2560,0b/0b47ea92.jpg
91gsBmAn1lL,2560,1525,0b/0b201ec6.jpg
91h1VNFN62L,2560,2560,0b/0b241b0d.jpg
91hodchIOrL,2560,2560,0b/0b34e036.jpg
91iGEpmb+-L,2560,2560,0b/0b9a87d8.jpg
91igUEAZw7L,1340,1939,0b/0bab5d4d.jpg
91ivK7IRS9L,2560,2559,0b/0bc0a4a2.jpg
91k1MJPR7TL,2132,2132,0b/0b1f61bf.jpg
91kA5b2vu4L,2560,1719,0b/0b41e19a.jpg
91kv1rFk7FL,2332,1927,0b/0b7a4735.jpg
91l2S67s-1L,2560,2560,0b/0be25b2f.jpg
91lDe0KoNIL,1717,2560,0b/0b960dad.jpg
91lS81fLGBL,1176,2560,0b/0b7017eb.jpg
91m9pp0xeSL,2332,2500,0b/0b182050.jpg
91mhCttO16L,1881,1881,0b/0b80d433.jpg
91n-DeOkrgL,2549,2549,0b/0bf0f51d.jpg
91nTMhEwZ+L,2560,2488,0b/0b80f9b5.jpg
91obyfqVWdL,2295,2560,0b/0b3be368.jpg
91p6GouWRYL,2559,2560,0b/0b5e1807.jpg
91pFBtFk6yL,2560,2560,0b/0bf0b910.jpg
91pSakPnIIL,1635,2560,0b/0b93b355.jpg
91ptr-6-4bL,2560,2304,0b/0b29731b.jpg
91qCAfbHiaL,2560,2560,0b/0b5e5b79.jpg
91qInyW52uL,2560,2560,0b/0b122038.jpg
91qecDT2VoL,1426,2560,0b/0b6beca2.jpg
91qpW6QspYL,1600,1600,0b/0bf35d92.jpg
91qzJJnwLIL,2560,2560,0b/0bcbbb1f.jpg
91rAyU+WrLL,2560,2560,0b/0b88da28.jpg
91rUIq3gUxL,2560,2126,0b/0b4c921d.jpg
91rgsS0cMTL,1622,2560,0b/0b90eb47.jpg
91sSFNOKmQL,2500,2500,0b/0ba0889c.jpg
91t-Bb4N7uL,2560,2560,0b/0b82e429.jpg
91uDt-9omtL,2560,2005,0b/0b3e6924.jpg
91v-mkUUDFL,2560,1525,0b/0b6a2f3b.jpg
91v5ECDtlPL,2558,2560,0b/0b087871.jpg
91vARwcNqcL,2000,2000,0b/0b1a29d2.jpg
91w0q6ag9+L,2550,2560,0b/0b8a9159.jpg
91wIRgZgFiL,1212,2560,0b/0b6056b8.jpg
91wJQjFtmHL,2459,2560,0b/0b289824.jpg
91xA4gBV7eL,2560,2559,0b/0bcb8719.jpg
91xfORjDRSL,2102,2012,0b/0b28ee63.jpg
91xpPNaBYkL,2560,2560,0b/0b024c76.jpg
91yqvpxi40L,2560,2560,0b/0b01c16c.jpg
91zCEtwxteL,2148,2148,0b/0b8cd0e0.jpg
91zCcJBya5L,2559,2560,0b/0bd5651b.jpg
91zRRIZ-dFL,1029,2560,0b/0b038fa7.jpg
91zgUtfr2nL,2560,1666,0b/0b55feaf.jpg
A1--7HtA9CL,2560,2560,0b/0b4222bf.jpg
A1-VZ9ytf+L,2560,2560,0b/0b5d9b7e.jpg
A13520H355L,1614,1959,0b/0b9e7796.jpg
A13s8GPlHlL,2560,2560,0b/0bfbdbbc.jpg
A14yoUJo16L,2560,2127,0b/0b338b86.jpg
A16Qt9qwDrL,2560,2560,0b/0b66fce8.jpg
A16eN4anGJL,2560,2560,0b/0ba6ba6d.jpg
A17HiANjy8L,2560,2560,0b/0bf42aa9.jpg
A17KhHxL0cL,2560,2560,0b/0bf76cd5.jpg
A1BGJWXAnrL,2560,2560,0b/0b66c7c2.jpg
A1Cdm4PVESL,2177,2560,0b/0b77544d.jpg
A1DdNJYBOhL,2560,2376,0b/0b992e2b.jpg
A1FoB4NUwUL,2098,2560,0b/0bb995fc.jpg
A1Fs7eymjOL,2560,2560,0b/0be98f26.jpg
A1GiBKuLPZL,2560,2560,0b/0be9662d.jpg
A1JZkc8pQXL,1996,2560,0b/0b734cdc.jpg
A1JewJEfh-L,2560,2560,0b/0b85cad8.jpg
A1Jf4BfhvXL,2560,2560,0b/0b71c693.jpg
A1KNcqqlbTL,2559,2560,0b/0bc12a30.jpg
A1LWI4o+OyL,2000,2000,0b/0b5aca2c.jpg
A1NAzcahrXL,2560,2560,0b/0b0c6404.jpg
A1NK-DpqWGL,1780,2560,0b/0b389e1f.jpg
A1NYDxYTsbL,2560,2560,0b/0ba761cc.jpg
A1Pl1ErY2qL,1988,2560,0b/0b6b8020.jpg
A1QFRjTZjpL,2560,2560,0b/0b77ee7f.jpg
A1R2aCBWqyL,2560,2560,0b/0b298a56.jpg
A1RRzTx3DyL,2560,2560,0b/0b802d13.jpg
A1TkT1IGVML,2560,1648,0b/0bfd34d8.jpg
A1YKbmgRWzL,2560,2560,0b/0be01430.jpg
A1Yfqnp8lYL,2560,2560,0b/0b7f5900.jpg
A1Yz+4myJyL,2121,2121,0b/0bb46216.jpg
A1cpmBoeOSL,2560,1513,0b/0ba00f40.jpg
A1dVcCh+iWL,2560,2560,0b/0bd3b70c.jpg
A1e+0tBQXuL,2560,2560,0b/0b39201b.jpg
A1eEhEE0cxL,2560,2560,0b/0b0ea43e.jpg
A1en5EsZI9L,2560,2560,0b/0bc577af.jpg
A1fHDcWb1RL,2560,2560,0b/0b5ad456.jpg
A1fJzpCVa0L,2560,2560,0b/0bf4aa16.jpg
A1hgHcmmRcL,1817,2560,0b/0b4ba6fa.jpg
A1hrWyp6WKL,2112,2530,0b/0bf1d4a7.jpg
A1iuWPsywTL,2560,2372,0b/0b365fe2.jpg
A1j+144IcyL,2499,2499,0b/0bb111fd.jpg
A1j6n3aLBJL,2560,2560,0b/0b8f3bc4.jpg
A1jOhTj-LuL,2560,2560,0b/0b55258b.jpg
A1kt3z3IrNL,2560,2560,0b/0bc7fa65.jpg
A1mBjefyQdL,2560,2560,0b/0b8de913.jpg
A1mhxRUEFEL,2560,2560,0b/0b14196b.jpg
A1nrO9wEBVL,2560,1649,0b/0ba3172c.jpg
A1ogO6pVpSL,2560,2560,0b/0b90995f.jpg
A1orGLWVMhL,2560,2442,0b/0b4e152e.jpg
A1rIJx77HiL,1845,2560,0b/0b143fc5.jpg
A1rNk8gfbEL,2560,2560,0b/0bd17e57.jpg
A1tr7Z4asVL,2560,2558,0b/0b1e8e82.jpg
A1vtJsivWVL,2484,2484,0b/0b5a5145.jpg
A1wo1Zl5beL,2560,2560,0b/0b91e466.jpg
A1x+kbNf3eL,2560,2560,0b/0bbf4f32.jpg
A1ynPjSp6iL,2560,2560,0b/0b08cf7f.jpg
B13zh3NFvqS,2560,2560,0b/0badbedb.jpg
B1ItsHcMvZS,2560,2559,0b/0bb32084.jpg
B1JCQBqgn1S,2560,2560,0b/0b52244b.jpg
B1TSu-hqq5S,2560,2560,0b/0bcfc6f8.jpg
B1amixmzIsS,2560,2560,0b/0b74dd29.jpg
B1v6ZcYFltS,2559,2560,0b/0b7ec0bd.jpg
