211Oznuny+L,59,500,01/01c6de79.jpg
216eo3fzkFL,500,376,01/01e8f5bb.jpg
216l-4IbpML,500,375,01/01782a75.jpg
21E-9MNncCL,500,375,01/0126db7b.jpg
21ePcImDEOL,500,375,01/01bb541f.jpg
21evWDpg6-L,500,375,01/01e728f1.jpg
31+bTjL-p1L,500,375,01/01c53511.jpg
3119CtKBNqL,500,375,01/01bbe157.jpg
318K2T5vIZL,500,375,01/01c5df9a.jpg
31AZTWNfuHL,277,439,01/011443bf.jpg
31AhYTYmstL,59,500,01/017f1ada.jpg
31Fb57zqy6L,500,375,01/01c300ed.jpg
31K1szh65JL,65,500,01/01c6a2ea.jpg
31NbBmklAqL,500,375,01/0102c77f.jpg
31OfGdI3dGL,500,375,01/01fc3ae5.jpg
31bAs7x4mGL,500,500,01/015923ac.jpg
31co4VtKwFL,500,375,01/01cb8444.jpg
31g4sPqHQQL,131,500,01/011ba535.jpg
31iPTIr2XpL,500,500,01/015df4ff.jpg
31lxhQApBcL,500,375,01/013197f5.jpg
31qWYctSH4L,500,375,01/01f221bc.jpg
31rauMFVjmL,500,500,01/01cb1bcb.jpg
31y1Ed+7zvL,500,375,01/01d5110f.jpg
31yrbpIr2+L,500,375,01/01849ee7.jpg
31zhVhtAWkL,500,500,01/01d8c371.jpg
41+8JCCLF5L,1000,1000,01/013ffa0b.jpg
412OsLJs7jL,1000,1000,01/0141c628.jpg
4145mjl0vPL,290,500,01/017b7e35.jpg
414HN6M09SL,469,500,01/01c584e7.jpg
414sD8OoyhL,1000,1000,01/0137479f.jpg
418eXzxGlSL,1010,1010,01/012e20ee.jpg
419C7RJQ4GL,500,467,01/01a41bd8.jpg
419Y00aguBL,500,375,01/01d74b7f.jpg
41E2VV+6e4L,113,1050,01/01cc394b.jpg
41I9LQhezCL,500,362,01/014c3ea8.jpg
41J0gcIlKrL,1000,1000,01/01633459.jpg
41MCkl2oJML,205,500,01/01a62e14.jpg
41RxsscVP5L,1000,1000,01/01bc0c2d.jpg
41T55vdu4VL,225,500,01/01e84aae.jpg
41WNL3KemiL,132,500,01/01e06d6f.jpg
41YQgQk+-cL,1200,1200,01/016a1e86.jpg
41gbqr3ELbL,1000,1000,01/01dae01a.jpg
41h-9npKwML,1050,1050,01/01158fde.jpg
41jc2Ry4GzL,1001,1001,01/0135a458.jpg
41vGDRBwuaL,128,1000,01/01d77677.jpg
41yE5dZlYXL,1000,1000,01/01531a94.jpg
41yHgCK0-FL,70,500,01/013eb754.jpg
51+IZ+y3EjL,1000,1000,01/015571e1.jpg
51+LATCODjL,1001,1001,01/012fcd6b.jpg
51--9Pnl-ML,1500,807,01/019107df.jpg
51-14Wj0F0L,486,2560,01/01f78d17.jpg
510B6C5aLaL,1000,1000,01/01ecf645.jpg
510Hya4e3UL,1000,180,01/017b8a56.jpg
510N8SD5RlL,1000,1000,01/01c7552d.jpg
511+gSz3mPL,497,500,01/0122e6c8.jpg
512dDRkAT-L,254,500,01/011c2e81.jpg
513soVysbLL,1000,606,01/01c0194b.jpg
514F1TGtoiL,1444,755,01/01029dbc.jpg
516MDCtHQKL,1000,1000,01/01f7126b.jpg
5181AEOMxgL,248,500,01/01a16e34.jpg
519bvl7AfRL,1213,1000,01/01c86a1e.jpg
51A1vdZA2AL,1000,362,01/01b40cb3.jpg
51AnCAH7xNL,1100,1100,01/01c89ea1.jpg
51BqFMV738L,1200,1200,01/0174668b.jpg
51CGcCLsQjL,1200,1200,01/017b7990.jpg
51CzB+KFH2L,1000,1000,01/01d66a36.jpg
51D+NDGCDGL,1000,1000,01/0139684c.jpg
51FTAY8FP+L,1500,1500,01/0148dcf7.jpg
51GWzwMbIRL,1050,1050,01/012dd440.jpg
51HKMohqPHL,1001,1001,01/0192d46b.jpg
51Hi-fzS37L,1100,1100,01/013b6063.jpg
51JOCKPtKpL,1097,1097,01/010999da.jpg
51JPu8pFsnL,1050,1016,01/01222fd1.jpg
51JfzJo+RzL,750,1112,01/016329a5.jpg
51JyraHJcML,1356,1056,01/0161981d.jpg
51LFVEm2C9L,900,1200,01/01726dd8.jpg
51LtX8nz5tL,1100,1100,01/01dfc1a9.jpg
51MkuzNsiYL,1625,850,01/01ac27d7.jpg
51MrTIOeJTL,1300,1300,01/01685f02.jpg
51N7Q857F8L,1000,1000,01/019e8b6c.jpg
51O5ki02UWL,1500,1500,01/010185b8.jpg
51OO5unCWzL,1000,1000,01/01da72de.jpg
51PVxmVEsiL,1156,953,01/01fd6482.jpg
51QBtWXHCUL,1037,1100,01/01f4c59f.jpg
51QhD6J5DoL,1001,1001,01/010c20f6.jpg
51Qujw9lRSL,389,500,01/01c2a3bb.jpg
51R2NAx790L,1500,1500,01/0115b56e.jpg
51R9slE249L,1100,1100,01/01260bc6.jpg
51SqFT17sqL,1200,900,01/0172566e.jpg
51SqqNEuTgL,1386,1386,01/01884c03.jpg
51TDk+lMSiL,1014,1014,01/019458a2.jpg
51TfxyLaBkL,1200,1200,01/01269042.jpg
51Um8NFfGvL,1000,1000,01/0198d700.jpg
51VazI4brAL,500,407,01/0183fa38.jpg
51VuhNlqHSL,1000,1000,01/01ac2784.jpg
51W23-e9PjL,1200,1200,01/01d0cd32.jpg
51WCZos50RL,1000,1000,01/01b7bd2d.jpg
51WY1Zjs54L,1123,891,01/0193e00a.jpg
51X3SpgWOLL,1200,1200,01/01faa567.jpg
51Xm5BXpBxL,388,500,01/01ff2a32.jpg
51Y3ETqBNFL,1000,1000,01/01478c72.jpg
51ZCt7pqvcL,241,1132,01/01cceccd.jpg
51ZiEyFMjfL,1000,1000,01/01af059b.jpg
51a10s60NHL,1000,1000,01/01e3be59.jpg
51aXGrPeFtL,500,500,01/0169e74a.jpg
51adJOsAT+L,1100,1100,01/018f1c03.jpg
51bx75SqY9L,1000,1000,01/01aac1eb.jpg
51c0iskHxIL,273,500,01/01f4d1e6.jpg
51cCEg9fVuL,900,1200,01/014858a4.jpg
51cJQ24j1DL,249,500,01/0127946e.jpg
51ePBRNeKVL,1001,1001,01/01350ea7.jpg
51epUmuJ8TL,1000,1000,01/018b62a7.jpg
51f9zn5UXPL,486,500,01/01968b7a.jpg
51fg6zj14UL,1000,1000,01/01a392da.jpg
51fjNJQJvYL,1000,1000,01/01b0f7fc.jpg
51fy5EzxHiL,1001,1001,01/012800f9.jpg
51g2+d75bNL,1000,1000,01/017da40a.jpg
51gCDPRTNML,1291,1291,01/0168253b.jpg
51gN3xPPOgL,500,500,01/0151eff7.jpg
51gU8vvnALL,802,1321,01/01c9a68f.jpg
51iJek1r3FL,1200,1200,01/01d6219f.jpg
51iz5XSUZiL,284,500,01/01a5c74d.jpg
51jII+85e5L,1200,1200,01/017c4922.jpg
51jNDURwViL,1050,788,01/01e3dc67.jpg
51k0b5QXGrL,1643,1643,01/017ed8c9.jpg
51kG7l3yNhL,500,488,01/014378f6.jpg
51kJGRIVEaL,1016,1000,01/01425075.jpg
51kiJS4OVPL,500,452,01/01d62dc1.jpg
51lE6nImq1L,1001,1001,01/011da2b1.jpg
51lkCCeQu0L,1100,1100,01/015a6768.jpg
51lwoujv14L,1200,1200,01/01ca69cf.jpg
51maLmo0S9L,1000,1000,01/01dd94b7.jpg
51mfEJLEBIL,1000,1000,01/01b747d1.jpg
51mrO7k9KnL,1000,1000,01/01fe36d8.jpg
51n9l-ntDpL,1000,1000,01/0177976e.jpg
51oAuxJDDzL,1000,860,01/011aea86.jpg
51ofqgyU6lL,1000,1000,01/01b7e02c.jpg
51p6QCvuGxL,1080,774,01/01b0fc0a.jpg
51pTifsypiL,1000,1000,01/01b37f1f.jpg
51qEp5jUUcL,1340,1065,01/0195f500.jpg
51rcUL1Z-JL,1000,1000,01/01c63425.jpg
51rhaYq6RAL,500,500,01/01f87ad9.jpg
51rmOh+bkkL,1200,1200,01/01e3bc1b.jpg
51stHwOEbgL,500,500,01/01467561.jpg
51tM91TxCUL,1000,1000,01/0171866d.jpg
51tgYlibTVL,441,500,01/01cfbe85.jpg
51vqOu3cHyL,1100,1100,01/01a9f488.jpg
51wlOIZwRbL,1050,788,01/01b05668.jpg
51wnU3uo20L,500,500,01/01a259c9.jpg
51xsm5qMV6L,1000,1000,01/01ce63bf.jpg
51yGMmVXDmL,1200,1200,01/01c60216.jpg
51yxKH5AKmL,1000,300,01/01cf441a.jpg
51z4BhCWgxL,1100,1100,01/013b3ddc.jpg
61+7JCJrBLL,2200,1879,01/013b697d.jpg
61+C0PV9BQL,1478,2218,01/01609d81.jpg
61+HThNVYkL,1500,1500,01/0105300e.jpg
61+Ky4hWEaL,1740,1740,01/0113b6c2.jpg
61+PUHSYz5L,1315,1239,01/01bd71e5.jpg
61+XkkhFNSL,329,2560,01/01d99aa9.jpg
61+bPG4s4+L,1063,1587,01/01c97a88.jpg
61-JmsqbjhL,1500,1500,01/01cbb184.jpg
61-ThOPnyHL,1444,755,01/019f25ad.jpg
610G7p74sAL,2560,1946,01/015854af.jpg
610aBp6y+4L,1316,1308,01/01f51c64.jpg
610aGD6SQZL,1500,1500,01/01981b85.jpg
610w0m2ex+L,245,2500,01/0121998f.jpg
610xwPz9HaL,2200,1879,01/01612fcb.jpg
611HGNVVx0L,1038,649,01/01a4f9fe.jpg
611h7UVoSOL,1000,1000,01/013d1e13.jpg
611jGBXEVBL,1103,1790,01/01d31c40.jpg
6129DUguUzL,1000,1000,01/014f2f96.jpg
612AnamBBbL,1486,2560,01/017ba385.jpg
612V54NeE2L,2000,2000,01/01593106.jpg
612pr-yjDyL,2200,1879,01/0120cf4c.jpg
6136Vor3FsL,1000,1000,01/0184f60a.jpg
6147YkIvvlL,2560,821,01/01bb9c64.jpg
614VsuBKh+L,2160,2160,01/0122871c.jpg
615IjKz-vOL,2126,2126,01/01b7bbd9.jpg
615vf09Ig+L,1000,1000,01/013946ce.jpg
615vsdd44CL,2560,1564,01/011a533c.jpg
615zfqdMaLL,641,1014,01/017f8a63.jpg
616zjTkaHXL,2560,664,01/01902689.jpg
617hpWXYnLL,1132,2083,01/011c1bbc.jpg
617n-zo1ClL,2200,1879,01/013dc66f.jpg
617oUBGupcL,2200,1879,01/01d13056.jpg
617scggr+CL,1080,1920,01/01cc6f3b.jpg
618gQIR5P1L,1000,1000,01/01341c5d.jpg
618qQD1G39L,1200,1200,01/0126b217.jpg
6192UYPX9uL,1000,1000,01/012a0c8b.jpg
6195AQcyQ0L,1625,850,01/011b6603.jpg
619XlHqNq0L,1001,1001,01/011cb244.jpg
619ZIzBfpvL,2554,2554,01/01ae8864.jpg
619cUFiZmuL,1500,1500,01/01412f0b.jpg
619gMtPXHIL,990,1066,01/0194ea17.jpg
619j02UnxeL,1800,1800,01/010b6174.jpg
619u805rgeL,2200,1879,01/01d5fc80.jpg
61A-si-O2fL,2200,1879,01/0166d807.jpg
61AQtadCDIL,1100,1100,01/014afb8e.jpg
61AcTHhjgyL,1250,1250,01/017eba62.jpg
61AzqndQAvL,1625,850,01/01f03511.jpg
61B+vYDl5EL,2560,1683,01/01b7948a.jpg
61BgjCaHdVL,2425,2425,01/01d3ef4a.jpg
61BvPs6WtXL,2560,1752,01/015c58ba.jpg
61C0L8n9vqL,758,2560,01/01aaa326.jpg
61C2m5ir-VL,1000,1000,01/01adb590.jpg
61CcORUqDfL,1625,850,01/01136e35.jpg
61Cql9XEGZL,1000,1000,01/019e5408.jpg
61DJ31nka2L,1316,1308,01/01337736.jpg
61Dc2mmetML,1000,1000,01/01cd7af2.jpg
61DkMRLoaBL,1751,1751,01/012e1e9b.jpg
61DpJWhkecL,1444,755,01/010e978d.jpg
61ER+GrfSVL,1090,1090,01/01313d39.jpg
61F-bMx5ZBL,2160,2160,01/01d365bc.jpg
61F0f20HGDL,1000,1000,01/0126da3f.jpg
61FCUWhZC3L,1000,1000,01/01abd93a.jpg
61FOQTcv+pL,1000,1000,01/016837dc.jpg
61FP-8ubpzL,1500,1500,01/011f695d.jpg
61FRq4rnE7L,2000,1700,01/01573a86.jpg
61FtqfNsMXL,1001,1001,01/014531cf.jpg
61Fx5iF1X2L,1920,2560,01/01f1275d.jpg
61G7AibsOaL,787,1500,01/01fdd2de.jpg
61GBMUrrfwL,1625,850,01/011e472d.jpg
61H9NHqE+KL,1987,1987,01/012aebd1.jpg
61H9b5si9xL,884,1626,01/01d479bf.jpg
61HTJeSrcWL,2234,2234,01/01e121ea.jpg
61HwzxzSD1L,1000,1000,01/017670a2.jpg
61IK1AdhWJL,1000,732,01/01f32677.jpg
61INcTEBEyL,1860,2472,01/01982061.jpg
61Ibev-sfdL,1000,1000,01/010bb555.jpg
61Ix-E2o0rL,900,1200,01/0128f78f.jpg
61J2TV9zIyL,876,1500,01/01f38909.jpg
61JsVeVU8ML,1800,1286,01/01bc562d.jpg
61JzFMJbCNL,568,1526,01/01beff4c.jpg
61K1Jwu0ZeL,2200,1879,01/01592965.jpg
61KLS+DXZsL,2200,1879,01/0148ffdb.jpg
61Kmwar5wCL,1500,1500,01/011cd209.jpg
61L3Kv6SPkL,1800,1800,01/0116b871.jpg
61L9Ps+7HnL,2200,1879,01/0197b92d.jpg
61LdIbHNknL,1200,1200,01/0191cb6c.jpg
61LigUo838L,1000,1000,01/015fac19.jpg
61Lvah6+tcL,1000,1000,01/01ead30c.jpg
61MMJnK4m4L,1000,467,01/011f7307.jpg
61Mbswoo3nL,677,1000,01/01ec58c6.jpg
61MiQ30NNdL,1024,1024,01/01d36ed6.jpg
61MkwKWxfLL,1001,1001,01/01182157.jpg
61MqDc3Pl9L,730,2560,01/01894cfe.jpg
61MwFnOervL,1000,1000,01/01a690ba.jpg
61ND0LIvV0L,2200,1879,01/01917c43.jpg
61NFJgE3riL,1444,755,01/015eff9a.jpg
61OhpnLQpuL,1000,1000,01/017403d5.jpg
61OlBBt-GPL,1444,755,01/01cf4593.jpg
61Ou42bzDiL,1333,2000,01/01f41895.jpg
61P-5jSZ5aL,2200,1879,01/0144694c.jpg
61P2EUYlxcL,1583,1584,01/018752b9.jpg
61P3JhP2qxL,1151,1240,01/012736b1.jpg
61Q0S-tOmaL,1500,1500,01/01adce58.jpg
61QD-L8pOqL,1000,1000,01/01aa5c88.jpg
61QcZXsUUKL,2200,1879,01/01b424fa.jpg
61QmKN3oqBL,1024,504,01/01b61e84.jpg
61QtlOe6nBL,401,1774,01/0108d018.jpg
61R-oW19ENL,1000,1000,01/01df2024.jpg
61R6OyXyv8L,1500,1500,01/01f15262.jpg
61R8qE4CLEL,1001,1001,01/01e3d8a0.jpg
61R9mjpNxbL,742,2560,01/01d5f8aa.jpg
61RC6DcQE9L,1408,1500,01/01e75a07.jpg
61RE3OoDAlL,1797,636,01/01942719.jpg
61RL7zTQf0L,1000,1000,01/01c921e4.jpg
61S3zu3j0uL,1001,1001,01/01cd3f62.jpg
61S4fjPXTLL,1100,1100,01/017cdf5b.jpg
61SK2ucyXCL,1000,1000,01/01dd943e.jpg
61SL8rBRhUL,1000,1000,01/016def06.jpg
61SgKFNjATL,1000,1000,01/01d0446c.jpg
61SziFgDzCL,1128,1500,01/0162da54.jpg
61SzndP6oTL,1000,1000,01/0185beee.jpg
61TIxOLDn7L,2160,2160,01/01372ff2.jpg
61TS2ccgf9L,475,1362,01/0130779c.jpg
61TYBRNg9EL,2200,1879,01/01c3226e.jpg
61TqSfJ0poL,1054,1500,01/012b2e3f.jpg
61UKbxmbntL,1600,1600,01/011da92b.jpg
61UNkxLIQQL,1109,800,01/014e68c6.jpg
61UYf-jNnCL,2200,1879,01/01abcc42.jpg
61UlyEnktyL,2560,988,01/01d8a096.jpg
61UptBkAErL,1315,1239,01/017b14ba.jpg
61UsU6swdVL,1000,1000,01/01518a0e.jpg
61UxJwAJMZL,1000,1000,01/0182a190.jpg
61VJLKtDRLL,2079,1568,01/014090e4.jpg
61VX4VqOTYL,1444,755,01/01d1be73.jpg
61VvBLJ0jcL,1316,1308,01/01f7edd1.jpg
61W2lymfMqL,1200,1200,01/0126ca5f.jpg
61WQNgblcbL,2200,1879,01/013bc9ec.jpg
61WfS6xHLxL,1892,1892,01/01df8202.jpg
61WlGBoREmL,1486,2560,01/01e7f203.jpg
61X+HRW3aXL,2247,799,01/013673aa.jpg
61X5tq4ZM5L,1707,2560,01/01427fd8.jpg
61XBmk8pAhL,1000,427,01/01f538b0.jpg
61XNI5Ha1FL,1175,875,01/01b9ccb1.jpg
61XhYOtj25L,1444,755,01/01413fbd.jpg
61Y0r7kF7gL,1000,1000,01/01f736d2.jpg
61YdqVkYpqL,1276,1276,01/0194f694.jpg
61Z3TsG+BLL,1500,1500,01/01ee3b1f.jpg
61ZFNSM7MCL,1316,1308,01/012b7383.jpg
61Zf32gKOiL,2200,1879,01/011c5221.jpg
61ZhPQRybzL,1000,1000,01/0161e302.jpg
61ZmxcsQBoL,1000,369,01/0116c401.jpg
61aAMi9gg1L,1500,1500,01/01eff8dc.jpg
61aAb0OaubL,1117,813,01/01784b76.jpg
61aCA4FfRTL,2560,1008,01/01437031.jpg
61aGbEF6lQL,1000,1000,01/0169a03b.jpg
61aLK4wD6dL,2560,703,01/01df4abc.jpg
61ary2LdjnL,1444,755,01/018f48ef.jpg
61ayyBx6R7L,1001,1001,01/01881134.jpg
61bPDrBLQjL,1000,1000,01/01b80f7e.jpg
61bgVwUcTpL,1000,1000,01/01e5c6e0.jpg
61bkuZdqcwL,1444,755,01/0132bf5d.jpg
61bnCVrdWhL,1118,1118,01/01c64559.jpg
61c0Hj1gVgL,2560,2560,01/019ddd6b.jpg
61ceTjnpjrL,1315,1239,01/01a10e47.jpg
61d+2m9d-TL,1100,1100,01/01841197.jpg
61d8ujapx1L,1000,1000,01/01ddcf0f.jpg
61dQ5nmOvHL,1000,1000,01/01398681.jpg
61dTjLyfQzL,1200,1200,01/01effee9.jpg
61doLYzfiBL,1073,1430,01/01fb4045.jpg
61eESQTMitL,2560,2560,01/017fb47c.jpg
61eF+i+J5FL,1000,1000,01/01ca0b84.jpg
61eWOn-9kvL,2560,1739,01/013bd5af.jpg
61egxOD+yjL,1000,451,01/018002d0.jpg
61fCS9peCOL,1315,1239,01/0175dcea.jpg
61fMft65u0L,1000,1000,01/01626ec2.jpg
61fUVIsgN5L,1001,1001,01/019d9009.jpg
61fV5hIqExL,1051,838,01/01a68c4b.jpg
61fW4jfayxL,455,500,01/012bba3a.jpg
61fqQizUZcL,1000,1000,01/01bfe3cf.jpg
61gHjjoxdFL,1000,1000,01/010d9865.jpg
61gyEgLZZcL,1500,1500,01/016028a9.jpg
61gzTTPl0VL,1000,606,01/010a0b72.jpg
61h8bPKz9oL,1200,1200,01/01ed6bb6.jpg
61hD6rZYyVL,2560,2560,01/01241b05.jpg
61hI-eAFCyL,2200,1879,01/01f3d559.jpg
61hIxM0RspL,1000,835,01/01ea9069.jpg
61hgpJm45eL,1000,1000,01/0158f2cf.jpg
61i1QmZWZ5L,1625,850,01/0168a441.jpg
61ivwDu4kyL,1500,1500,01/013240ce.jpg
61j1OrxWrqL,2560,1970,01/01afacb2.jpg
61j85hNHVeL,1000,1000,01/01bf0996.jpg
61jBKWhjSUL,464,500,01/01ed1e31.jpg
61k1pvw1-5L,2200,1879,01/01e7cca0.jpg
61kRcZ7bwsL,1709,2560,01/01ae07ce.jpg
61kevB4VrvL,1444,755,01/01b9e799.jpg
61lQ1DAwo3L,1315,1239,01/01022f73.jpg
61lSOR+WEVL,1000,1000,01/01ac6d27.jpg
61lmQRgXEaL,2200,1879,01/01b812e3.jpg
61lnKRKVtSL,1000,1000,01/01eb9860.jpg
61lqT-zQprL,2200,1879,01/019cf399.jpg
61m7bEglIdL,1444,1444,01/01e66370.jpg
61miHB6fW0L,1014,1466,01/01d7ffba.jpg
61mopqnPhGL,2342,2560,01/0194e39a.jpg
61mqC4SICnL,2560,820,01/019cc6d6.jpg
61mvxFcmbYL,2200,1879,01/01320a7e.jpg
61n7bGSEFFL,1000,1000,01/014ee460.jpg
61ncm6hQY6L,1000,1000,01/016535ad.jpg
61o7qBfYoiL,1500,507,01/01560a06.jpg
61oKDNJ82fL,900,1200,01/01e79537.jpg
61oLbrKMitL,1000,1000,01/01c126e6.jpg
61oaH49jtKL,828,1290,01/01f22d49.jpg
61oxOdxOtjL,1315,1239,01/017113b7.jpg
61p+ZpEItDL,2560,834,01/0129440c.jpg
61pM5J35yHL,1500,1500,01/0110e031.jpg
61pRLrnp5rL,1500,1500,01/01443daf.jpg
61pUUYgh+BL,1000,1000,01/01b0cbf7.jpg
61pbu1-EZdL,644,1500,01/01cd39d4.jpg
61pgo5HF28L,2419,2419,01/01d916c7.jpg
61pj7C1ZU-L,1315,1239,01/0186abeb.jpg
61pmklNLI+L,1009,1009,01/01b9ddfb.jpg
61pmn2cwntL,1955,1299,01/017a05cb.jpg
61pryxQplHL,1000,1000,01/016a24f5.jpg
61q+rQuoj6L,1303,1067,01/01b2ae60.jpg
61qHKK0eC-L,1444,755,01/013d85c0.jpg
61qOGCwp4vL,1316,1308,01/01882db1.jpg
61qQiKmPT9L,1000,1000,01/01d777fd.jpg
61quTYXSp3L,1444,755,01/018c2044.jpg
61r4r7F5IjL,2560,1216,01/01221bf4.jpg
61r5218bAzL,375,500,01/01e20b22.jpg
61rSsmBbDeL,1461,2500,01/016fa7c5.jpg
61rhXOVYy4L,2560,1931,01/0105822e.jpg
61s1woi6KAL,835,1000,01/0104012f.jpg
61sMQ5ScuXL,1500,1500,01/0126c218.jpg
61sMRsBZrXL,1315,1239,01/019a991a.jpg
61sPOyzxh5L,2462,2462,01/01690cf2.jpg
61sa9wtbouL,1500,1500,01/0175264c.jpg
61syieueOQL,1001,1001,01/015609c1.jpg
61t7mtZEoVL,2200,1879,01/01550b77.jpg
61tA5eyeSmL,920,1306,01/011817c4.jpg
61tW25svONL,1001,1001,01/011977c8.jpg
61tiryKHJJL,1000,1000,01/01ec1fd7.jpg
61u1R3ny4EL,2016,1693,01/0151ff04.jpg
61uKIBREHlL,1200,1200,01/01bf4127.jpg
61uMUpRaJ-L,2560,1089,01/01edfdc6.jpg
61uXxEId0LL,1742,1742,01/01c55138.jpg
61v1e60j+GL,1200,1084,01/019d39b3.jpg
61voiYp5XzL,1000,515,01/01121f3d.jpg
61vpfaXnwPL,1500,1500,01/01c798fd.jpg
61vq0ta2pfL,1000,1000,01/012615ae.jpg
61w9a48hLaL,1200,1200,01/01d73d0d.jpg
61xD5Uw0v6L,1500,1500,01/0115e185.jpg
61xMl5jG6UL,1444,755,01/01a6a509.jpg
61xRM-1YqDL,2560,903,01/01ed0f4d.jpg
61y+XFK9l+L,1316,1308,01/013f8369.jpg
61yKlVzMU-L,1000,1000,01/01927a1d.jpg
61ym8dzGe9L,1850,1878,01/01163ffd.jpg
61yq579OLBL,678,1526,01/01f4fc29.jpg
61zEKRmYaSL,1315,1239,01/013c6352.jpg
61zMA6GPvpL,1000,1000,01/011cee27.jpg
61zT5ojrK2L,1000,1000,01/011235c7.jpg
61zbEd208gL,608,1109,01/01b3bcca.jpg
71+2pA19ACL,1500,908,01/016a2e60.jpg
71+4AesIIJL,1113,1500,01/0141260b.jpg
71+92dtDp1L,2200,1879,01/01efe75f.jpg
71+BWrFrg1L,2560,2559,01/012e18ec.jpg
71+CZgJ2hdL,2560,2560,01/01611814.jpg
71+hJsdD+5L,1000,771,01/01c7a12c.jpg
71+ngh-ghcL,2514,2514,01/0134f56a.jpg
71+rqtZvlbL,2200,1879,01/01b76024.jpg
71-9fCw42XL,2560,1969,01/011f6609.jpg
71-AHifeYHL,2200,1879,01/015dd33e.jpg
71-EkskobqL,1407,2560,01/012f3847.jpg
71-GBsp9-EL,2200,1879,01/014fc13f.jpg
71-PY2g4ufL,1000,1000,01/0135a0d2.jpg
71-W0yqzMaL,2000,2000,01/01afa4fb.jpg
71-cosLEmXL,1896,1896,01/0191ad95.jpg
71-lz7JCM7L,2000,2000,01/01d85b89.jpg
71-nNAq+wDL,2560,2560,01/012bfdba.jpg
71-o9StBZCL,2200,1879,01/01de2487.jpg
71-pS8shUfL,899,2560,01/01f24a30.jpg
7100SGuIQzL,2200,1879,01/0196f12f.jpg
7100d3vLfGL,2200,1879,01/011ec46d.jpg
710PxWgdsZL,2560,1364,01/01d97619.jpg
710Pz3ynctL,2200,1879,01/01bd3368.jpg
710R4wgcXqL,2200,1879,01/0163d9e8.jpg
710hi5XqdmL,1000,1000,01/016174bb.jpg
710i0Z3m2NL,1000,1000,01/01894f57.jpg
710ifFFyCLL,346,1729,01/0186a5c1.jpg
710p3NVka3L,2560,1970,01/0138fb46.jpg
710sb+fUv9L,2200,1879,01/018df886.jpg
710wwLOVlJL,2560,1677,01/01fc4ebd.jpg
710xVxyvGjL,2200,1879,01/01fcf35e.jpg
710xapO9VSL,1920,2560,01/0144333c.jpg
710zSYsM3rL,2200,1879,01/01e2855c.jpg
711+ABImxAL,1000,1000,01/01f53b17.jpg
7110QYxbIfL,1000,831,01/01223e3e.jpg
711CIG0uJrL,2560,2560,01/01f3364a.jpg
711GjEI3O1L,2560,2052,01/0131d82a.jpg
711JnyqHxrL,2200,1879,01/01ca1226.jpg
711Q2UmUsGL,2560,1976,01/0162f3c5.jpg
711XIBhzaeL,2200,1879,01/010bfe79.jpg
711YLYELerL,1636,2560,01/015b488f.jpg
711ZjyzSPGL,2200,1879,01/01c26b1e.jpg
711b3ZS5FrL,2200,1879,01/0160da11.jpg
711fRL+I6vL,888,2560,01/01716c46.jpg
711idOTf7GL,2200,1879,01/016bafa3.jpg
711zu+DdVjL,2200,1879,01/017ab2f0.jpg
712J0CUf90L,2560,1165,01/01fbc537.jpg
712iAgab9yL,2200,1879,01/01897b3c.jpg
712q5wRl2ZL,1896,1896,01/011faf09.jpg
712vUnE5l+L,1100,1100,01/010350ae.jpg
713BZ4+rufL,2200,1879,01/01396db6.jpg
713riVmi03L,2560,2036,01/013e68a3.jpg
713tlE9XT4L,2500,1394,01/017c92df.jpg
713uyMoo8bL,1000,1000,01/01ff95aa.jpg
7142NBdknAL,730,2560,01/0177ea8c.jpg
7144Vjnlw+L,2000,2000,01/01a95ffe.jpg
71463EgYUHL,2559,2560,01/0179ca14.jpg
7148gWHTjQL,2000,2000,01/01da2fa8.jpg
714BpLJKODL,2200,1879,01/01a9a902.jpg
714CJkI69nL,2200,1879,01/01013f05.jpg
714Mt8O8YOL,2200,1879,01/01e90f18.jpg
714Xnr+ZCSL,2200,1879,01/010e635f.jpg
714kT8RD90L,2200,1879,01/019243eb.jpg
714pt7xcEEL,2200,1879,01/0183b27a.jpg
714u+J9MGWL,2200,1879,01/01112575.jpg
714x-jZacdL,2560,2560,01/014a1885.jpg
714xGkkW4GL,2560,1953,01/011553ac.jpg
715C2GkwCJL,1169,2360,01/0182116f.jpg
715G-G4IvnL,2560,606,01/0144ae15.jpg
715imeqUziL,2200,1879,01/0119edf7.jpg
716BzwJ0dVL,2200,1879,01/015fc5ce.jpg
716TRC68f8L,2200,1879,01/01fa8544.jpg
716bLavyJ0L,2200,1879,01/01f7cdef.jpg
716iJiEoZwL,1500,1173,01/01efd394.jpg
7173lcAXBkL,2560,1784,01/01997535.jpg
717ABxrWi5L,2200,1879,01/01f25afb.jpg
717TnJrDc9L,1444,755,01/01c0c26e.jpg
717a16zmbQL,1920,2560,01/012b0ac3.jpg
717i53vRBRL,1000,1200,01/013ad93a.jpg
717nobOEnJL,2200,1879,01/019bca14.jpg
717t1c2EKuL,2200,1879,01/01289fc5.jpg
718+vH4UuEL,2000,2000,01/014976a7.jpg
7180AD68fkL,941,2560,01/01acd0ba.jpg
718G5x2vD7L,2560,727,01/0179d3a8.jpg
718MadyvHEL,2200,1879,01/010960b8.jpg
718SeXWnSYL,862,2408,01/01dc66f4.jpg
718dlZre4BL,2200,1879,01/0161ef07.jpg
718kwI+7ESL,2200,1879,01/01e99254.jpg
71908Tp17XL,1000,1000,01/0184f978.jpg
719CXa9Lm2L,2200,1879,01/01b951e3.jpg
719NO+OkSkL,1585,2560,01/01d6b841.jpg
719NTRbcGcL,2000,2000,01/01146aae.jpg
719QuRuSLmL,2200,1879,01/016ab79f.jpg
719ckN9qwnL,2560,2560,01/01545563.jpg
719i4713VxL,2200,1879,01/01e48854.jpg
719iuPtSDlL,2200,1879,01/018dbd0d.jpg
719kk4trxAL,2200,1879,01/01e68fdb.jpg
719mibOaYNL,2560,2560,01/01889ed8.jpg
719pIQ4zAcL,925,2445,01/01ab5bb1.jpg
719qfD7giQL,2200,1879,01/019ebfb2.jpg
719uIQ3C0wL,2200,1879,01/01a3bd41.jpg
719vRjy6i7L,2560,2133,01/01c63b7e.jpg
71AAGCnGSHL,2560,1439,01/010cb8bc.jpg
71AJswZpYxL,1500,1500,01/01b4f693.jpg
71ALuJEDjpL,1000,1000,01/01cada93.jpg
71AYhw9EvnL,2200,1879,01/010848bf.jpg
71Ap+2P0beL,2200,1879,01/0193a70a.jpg
71AsD2UiwEL,1500,1500,01/0130fb68.jpg
71Aub4x8XXL,2560,2560,01/01a53fe6.jpg
71BElFy364L,2000,2000,01/016a9580.jpg
71BN6uufz8L,1200,1200,01/01bcd375.jpg
71BOVN5R0gL,2200,1879,01/01a91ea6.jpg
71BSb-hUbKL,2200,1879,01/0194ce92.jpg
71BVPTwh7UL,2560,2560,01/0136e1ab.jpg
71Biq6pZ9XL,2200,1879,01/013558bf.jpg
71Bk5gRqFnL,2500,1350,01/011aff8b.jpg
71BomG9W1zL,2200,1879,01/0134b717.jpg
71Bwa5yftKL,1171,2560,01/01e60ea0.jpg
71BwwrQ7tZL,1444,755,01/01e8726f.jpg
71Bx74bQFNL,2200,1879,01/01d0ce37.jpg
71C4iSAbHwL,1904,2464,01/0121e6fa.jpg
71C7UvUyFsL,1000,1000,01/01979490.jpg
71C8Nf1ajzL,2560,2560,01/0158b804.jpg
71CHYCZHnkL,1707,2560,01/0134914e.jpg
71CK9BsuO5L,2070,1972,01/0100a084.jpg
71Cbebr-haL,2200,1879,01/017eae13.jpg
71CcBfI5xPL,610,2119,01/0130edba.jpg
71CcYWfG2mL,2560,2560,01/01c14866.jpg
71Cletcs27L,2200,1879,01/01e2afd5.jpg
71Cq4+8jb2L,1749,1749,01/019ce58f.jpg
71CsKzZ37VL,2200,1879,01/0132a9d7.jpg
71CxBekO0qL,2200,1879,01/019464a7.jpg
71D9NI3wxfL,2500,792,01/012f6953.jpg
71DIU24YXnL,2500,2500,01/01d2758b.jpg
71DUvtkROtL,1899,1501,01/01e7e08c.jpg
71E6CJ90fZL,1333,2000,01/01b3d02b.jpg
71EHFwaF0KL,2200,1879,01/014aa7f6.jpg
71EY8WAv4VL,2560,2560,01/01c677e9.jpg
71EdPXp47tL,1001,1500,01/012c6e2a.jpg
71EkBTO3SaL,2000,2000,01/01d3358f.jpg
71Enwu3Z8uL,2200,1879,01/01dbfa38.jpg
71Ep1W9CBmL,2200,1879,01/01351c32.jpg
71EtzE8k1CL,2200,1879,01/015febe7.jpg
71F8PRmMibL,988,1246,01/01fb10d3.jpg
71Fce7r0W1L,1000,1000,01/01264108.jpg
71Fir4cIsxL,2410,2410,01/01462e52.jpg
71Fu69f0KmL,2560,1440,01/01e3bdf3.jpg
71FvOidPOPL,1426,1846,01/0180455a.jpg
71GGH4qBnVL,2560,2560,01/01f7c610.jpg
71GJo9io9TL,1444,755,01/01dc1867.jpg
71GM6SNTUfL,1284,1877,01/01ef321f.jpg
71GP9Y70utL,2560,1603,01/01974d06.jpg
71GSUTt90oL,1400,2560,01/018080f9.jpg
71GdE9LZ4oL,1709,2560,01/013b4768.jpg
71Gdb+5Nc0L,2200,1879,01/01d14e00.jpg
71Gyr7VfkPL,1500,1500,01/013048f6.jpg
71H-XO8k9gL,1444,755,01/01814376.jpg
71H79QHFU1L,2200,1879,01/01d7a1fd.jpg
71HUXmrumbL,2280,1098,01/01466057.jpg
71HgSL40EPL,1625,850,01/01812d4c.jpg
71Hi5fl4C2L,2200,1879,01/01a0caab.jpg
71HsgKEWeBL,2200,1879,01/01631c37.jpg
71HwaxPemOL,1500,1500,01/01dccfac.jpg
71I2Kwij5OL,2200,1879,01/0114befb.jpg
71I4hWL1flL,2200,1879,01/013082c9.jpg
71I6594-9aL,2200,1879,01/01f7cef8.jpg
71IAZrhVD8L,832,2270,01/015483a4.jpg
71IBPfjEDLL,1000,1000,01/013803fa.jpg
71IFw9Hi4PL,2200,1879,01/0186c4aa.jpg
71ILeJzM4wL,2200,1879,01/01b39041.jpg
71IWJbmsLjL,2200,1879,01/01a7ecfd.jpg
71IYu3aTMdL,2560,2325,01/01e0fa62.jpg
71Ihh7rhWwL,2200,1879,01/01ef94c0.jpg
71IqAfvmm+L,2200,1879,01/0142594e.jpg
71IqL48DlIL,2200,1879,01/018e4821.jpg
71IrL200cmL,2200,1879,01/010544e7.jpg
71J+XaGs7TL,2560,1464,01/01e5559f.jpg
71J19NZjQNL,2000,2000,01/019e7379.jpg
71J1WLd9pUL,1200,1200,01/0101b71c.jpg
71JEP14LtqL,2000,2000,01/018d9314.jpg
71JRN9swslL,2200,1879,01/0130442e.jpg
71JUJUWs0jL,2200,1879,01/01ab7b88.jpg
71JdeJAZOvL,2560,2560,01/0148099f.jpg
71K1SWGvhGL,1379,2449,01/015d3abd.jpg
71KGeJ-NmHL,1321,1340,01/0131aa4c.jpg
71KHiWKSqJL,1500,1500,01/01255f1c.jpg
71KInzWqdWL,2200,1879,01/01ade574.jpg
71KJw9C4yAL,2560,1969,01/0172ce58.jpg
71KV0-VRDyL,2200,1879,01/01372404.jpg
71KeQ87hLaL,2560,1970,01/01749ac5.jpg
71KrMbn5keL,2200,1879,01/01062baf.jpg
71KsCeawLEL,2200,1879,01/01c50557.jpg
71KvIumhE5L,2200,1879,01/019a9c90.jpg
71L2YDlZJHL,2200,1879,01/01a346e0.jpg
71LCgCiXLxL,886,1845,01/01ee6327.jpg
71LO4lZsu7L,2200,1879,01/010c7e01.jpg
71LWdztJV3L,2200,1879,01/012cd995.jpg
71LY5PuahaL,2200,1879,01/01c550be.jpg
71Lb46zdORL,1500,1500,01/01e4db95.jpg
71Lb478i8RL,1212,2384,01/019f8536.jpg
71LrR24nbdL,2560,2560,01/01a2fcbc.jpg
71Ls6UTmMbL,861,2560,01/014896a8.jpg
71Lv-AvHHML,2200,1879,01/01170966.jpg
71ME04OpGlL,1470,672,01/015f06ae.jpg
71MIWhQiPkL,1715,1715,01/01b1badc.jpg
71MLXMh+ATL,2000,2000,01/01cb8491.jpg
71MLx6nvduL,2560,2560,01/01965d21.jpg
71MdFcS-f4L,1000,1000,01/0116564f.jpg
71Mln9e9AaL,1200,1200,01/0126c34d.jpg
71MsytbaYuL,2560,2560,01/011e6dfd.jpg
71NEJcEAbTL,2200,1879,01/01f3de95.jpg
71NTIMdPTvL,2200,1879,01/01a555c8.jpg
71NaXM32LEL,2560,910,01/01d4b1dd.jpg
71NdDlqOLVL,2200,1879,01/01b7c769.jpg
71Njtr83FkL,2200,1879,01/015256ed.jpg
71NjvR7qSkL,2400,2400,01/01884891.jpg
71Nn1zk3hqL,947,2560,01/018962e0.jpg
71Nq9Mk2uKL,2200,1879,01/0169ac35.jpg
71Nr9BJNqJL,1000,762,01/0147baa7.jpg
71O+FHw0AXL,1424,2560,01/016a0bb2.jpg
71O60ev5NPL,2560,2560,01/01e83319.jpg
71OIUZfUbwL,2200,1879,01/0155f7c1.jpg
71OaJZ5XWxL,2560,2365,01/017c1798.jpg
71Obc-tPqCL,2200,1879,01/01773512.jpg
71OyraDWUPL,2512,2512,01/01648fca.jpg
71P86DAivcL,944,2560,01/013ea5fc.jpg
71PCXmu5s7L,2000,2000,01/010c6c58.jpg
71PEXXPmHZL,1500,1500,01/01be471c.jpg
71PJ7SAvzHL,1475,1116,01/01e7279a.jpg
71PJaZX9oHL,1468,2560,01/01fb4d0b.jpg
71Pb4fzbllL,1200,1200,01/01d7344c.jpg
71Ph2vySc9L,2200,1879,01/0166c299.jpg
71Q1RFufOML,2200,1879,01/01d9a579.jpg
71QAaBgzpTL,2200,1879,01/017add35.jpg
71QN5SRJUKL,2292,1883,01/01ee9757.jpg
71QNv83LDcL,2200,1879,01/01a20ee9.jpg
71QQCmLdtHL,2200,1879,01/01c5c214.jpg
71QTdlVjeYL,2200,1879,01/01672b9b.jpg
71QXBVFziqL,1259,1337,01/019f87c1.jpg
71QbfvCP34L,1366,1500,01/017ff8bb.jpg
71QbwKb0hbL,2200,1879,01/010c3e4d.jpg
71QtNkbFsIL,2200,1879,01/014521e6.jpg
71QulQiIHFL,2200,1879,01/01b00c53.jpg
71Qvf0TOvtL,2200,1879,01/01db4f29.jpg
71R-R3O+j7L,1500,1500,01/0111d4ae.jpg
71R2gp5k+BL,2200,2200,01/01ef3957.jpg
71R6rN1Wd1L,2200,1879,01/0163152f.jpg
71RJ-HWz0jL,2200,1879,01/01b2c5b4.jpg
71RLK1IbdSL,2200,1879,01/010e07e0.jpg
71RT-5VFR5L,1100,2298,01/011284f5.jpg
71RXbnlWWWL,2200,1879,01/0159adb1.jpg
71Rk2fwRwdL,2200,1879,01/014167df.jpg
71RmYtMlTcL,2200,1879,01/01e09048.jpg
71RzDjE+G4L,2200,1879,01/01b450b7.jpg
71S+pAWO66L,948,2560,01/015fdc1a.jpg
71S60IV9z2L,1333,2293,01/01df4855.jpg
71S9FGNIWLL,1200,1200,01/01f0de93.jpg
71SASH3NpRL,1500,1500,01/01b86542.jpg
71SCExgihFL,2560,2560,01/01cfa920.jpg
71SEgMtQYAL,2200,1879,01/01811f4c.jpg
71SEk0+ZOWL,2200,1879,01/01338b78.jpg
71SIG0sItVL,2560,1709,01/017434d3.jpg
71SPv39eR+L,2200,1879,01/014513bb.jpg
71SZMuSWmIL,2200,1879,01/0149fd72.jpg
71Sh0YOz2tL,1815,2541,01/01682e4d.jpg
71ShvX8KPLL,2200,1879,01/01ef959d.jpg
71Sq5v26s7L,1200,1200,01/010be330.jpg
71SucHfuzYL,2200,1879,01/01bc7c3c.jpg
71T2wEJqbtL,1831,1918,01/01f16e64.jpg
71T4FCG6svL,2560,1969,01/01a23824.jpg
71TW5ZHhjtL,2200,1879,01/01302cd7.jpg
71TbWEycVuL,2200,1879,01/01d9bdab.jpg
71TdOMJNUpL,2200,1879,01/019b34a5.jpg
71To1e-p-0L,1500,1500,01/01faadda.jpg
71Tsjg9PjTL,1678,1678,01/01f1c938.jpg
71U4N-RCN8L,1500,1500,01/014633f7.jpg
71UAH7JvBOL,2560,1810,01/01973e14.jpg
71UO5ZdUh+L,1000,1000,01/016cee6f.jpg
71URlCtBsrL,2200,1879,01/0126b36a.jpg
71V3M8naOzL,880,2560,01/0132a859.jpg
71V3MgfINqL,2200,1879,01/01cee599.jpg
71V3k67SaML,2560,1919,01/01b4686a.jpg
71VJS841+YL,2526,2526,01/01338881.jpg
71VPyR9mOVL,1160,2366,01/0123a2bd.jpg
71VdFztJXaL,2500,785,01/0160a0dc.jpg
71VnJnAUKNL,2200,1879,01/017c3fda.jpg
71WKcMBYaDL,2200,1879,01/015aca5e.jpg
71WNhgJNkVL,2200,1879,01/019b7e82.jpg
71WOS-tmKjL,2200,1879,01/01889b4e.jpg
71WU3kGaAOL,2000,2000,01/016d7f33.jpg
71WUH6kr8zL,2018,2018,01/01195763.jpg
71WpXCyt8rL,2200,1879,01/010f5d5f.jpg
71WpiLTJo9L,1800,950,01/01f786d8.jpg
71WxH5UNa5L,2560,968,01/01453d30.jpg
71WzW4NSmoL,2200,1879,01/01233c41.jpg
71X9E9+vaDL,2560,1969,01/01c2803f.jpg
71XHL-kc8DL,1500,1500,01/01cda507.jpg
71XIzrhz8bL,2560,1204,01/01bb6e7a.jpg
71XTDfLw4AL,1206,1824,01/012f79f2.jpg
71Xgnf4L2qL,1712,2266,01/01bd81ac.jpg
71XjUPcP43L,805,2224,01/01e3f77a.jpg
71XoL8xhcLL,2560,2560,01/011ba4ec.jpg
71XxtnnS3+L,2200,1879,01/01464785.jpg
71Y-o0mThWL,2000,2000,01/01e70ff3.jpg
71Y7LuYgzuL,1500,1500,01/0165a1cf.jpg
71YEObXddbL,2132,2132,01/0151cc92.jpg
71YJFJKqO0L,2200,1879,01/01017c1f.jpg
71YLhXDHzlL,2200,1879,01/01bd952d.jpg
71YMH06fDaL,2000,2000,01/0151dbf3.jpg
71YNxapLvRL,2560,1976,01/018c3dbc.jpg
71YTecRkTAL,2200,1879,01/01e1779d.jpg
71YrqYZLt2L,2200,1879,01/013acd51.jpg
71YxUtce+yL,1000,1500,01/01181879.jpg
71Yz2iepwCL,2200,1879,01/01a7b569.jpg
71Z280hNewL,2200,1879,01/016723ad.jpg
71ZAcPjtwwL,2200,1879,01/010d8cd8.jpg
71ZEEdq8LVL,2560,768,01/014eda37.jpg
71ZEPe-d5cL,2200,1879,01/01eb93a1.jpg
71ZL0NkuZaL,2200,1879,01/0156d7a0.jpg
71ZRjwiE05L,2200,1879,01/01d0256d.jpg
71ZUNtxQNuL,1500,1500,01/018041ec.jpg
71Zj+LYQXbL,2560,1732,01/01df8115.jpg
71ZkICMv2FL,2200,1879,01/013aba17.jpg
71ZvR757AVL,1636,1637,01/01e3e070.jpg
71ZxLUxM38L,2560,2560,01/012ea736.jpg
71a0Qn2KmRL,2200,1879,01/01d535ef.jpg
71a8-4w4aAL,1087,2560,01/0199935e.jpg
71aREDgaH0L,2560,1901,01/01af876d.jpg
71aU17n7bpL,1000,1000,01/0112ad32.jpg
71aWsZqZwvL,1097,1500,01/0121fa57.jpg
71aaqZ-YAZL,2100,2100,01/01937555.jpg
71agqugR5ZL,2200,1879,01/01f90b31.jpg
71akWM-YM+L,1297,2327,01/01568dab.jpg
71b4zuEIIPL,1285,1779,01/01240581.jpg
71bB-xnibgL,2200,1879,01/012cc79d.jpg
71bGlkKvwcL,1500,1500,01/01076eb7.jpg
71bKF6rct-L,2560,2560,01/015d1a3e.jpg
71bN4m3kZvL,2560,492,01/010ba205.jpg
71bOc9ZjBpL,2200,1879,01/01b9967b.jpg
71bQV-GmAVL,2560,1585,01/01fd4349.jpg
71bb8QnfFkL,599,2560,01/017bde0a.jpg
71bc6DqLp6L,2207,2207,01/0139c92b.jpg
71bd6tOctXL,1108,2348,01/01c1f0f4.jpg
71bp9fjQERL,2200,1879,01/01555a52.jpg
71bxLLVyMHL,2500,2500,01/01e83edc.jpg
71byE48eKPL,1000,1000,01/01a8bc51.jpg
71c-sC9-C2L,1444,755,01/01424564.jpg
71c2reBlgzL,2200,1879,01/0198c643.jpg
71c98hth1gL,1500,1500,01/01587cd3.jpg
71cE32UKMTL,867,2417,01/01ca82b3.jpg
71cXPQ8K7+L,2000,2000,01/015314ad.jpg
71cZMQo426L,2560,2560,01/013f6c6f.jpg
71cjV16RWqL,1200,1200,01/0148dca5.jpg
71cni0FJ2ML,2000,2000,01/012286f7.jpg
71dDYkVX0mL,1444,755,01/01d2bd02.jpg
71dFG4RxakL,2200,1879,01/017f1f06.jpg
71dKUYZMuJL,1125,2387,01/01cbce4f.jpg
71dcobVHXBL,2200,1879,01/01c461fc.jpg
71ddZ2Zx0VL,1500,1486,01/01ab7c30.jpg
71deL0JS+VL,2200,1879,01/01564844.jpg
71df3Uk3ptL,2200,1879,01/01d78138.jpg
71dinTq1baL,1000,1000,01/01133497.jpg
71dmsO1EsnL,2000,2000,01/018492b3.jpg
71dyYPwcZyL,1956,2560,01/013d3c32.jpg
71dzylz-PJL,1500,1500,01/01a83873.jpg
71e1X8t4pGL,2200,1879,01/016e7613.jpg
71e83DLSFvL,1500,1500,01/01d7516d.jpg
71eI7uTOmYL,1707,2560,01/01555438.jpg
71eJyURbDLL,2200,1879,01/01fa5270.jpg
71eMoxSwMWL,2074,2074,01/011366fe.jpg
71eVDKksNbL,2200,1879,01/019c6f23.jpg
71eg+XOJVwL,1004,2560,01/011a8ced.jpg
71eqS1vTI3L,2200,1879,01/0138f477.jpg
71f+jNRlGOL,2000,2000,01/01e17f5a.jpg
71fAuiV3K6L,2560,2560,01/012c392d.jpg
71fFLadUggL,2560,2560,01/0173c072.jpg
71fFO9RuHkL,2560,2560,01/018e30b7.jpg
71fFhhX65iL,1270,1300,01/01937c9a.jpg
71fK2dEZYKL,1904,1599,01/01d2cd72.jpg
71fPO3TuwZL,1423,2560,01/018a6006.jpg
71fTsAV66FL,819,2276,01/0111f608.jpg
71fWlrd-hAL,2200,1879,01/010ee9a0.jpg
71fh7FypRUL,2200,1879,01/01f583ed.jpg
71fvAmu4MKL,2560,2560,01/0140b542.jpg
71gB9lqqBNL,2200,1879,01/01e19a8a.jpg
71gX0ae7g+L,2200,1879,01/01fbaaa6.jpg
71gY8u8XqVL,1879,1234,01/01be52d3.jpg
71gZHFMk70L,2200,1879,01/01f44190.jpg
71gZbGcCwDL,1709,1671,01/0127e47d.jpg
71gknbhsUWL,2386,2386,01/01104662.jpg
71gnMARfQRL,2000,2000,01/015a51c0.jpg
71gpXJOsqZL,2200,1879,01/01a2920f.jpg
71gr27mDZAL,1500,1500,01/019fdc6a.jpg
71gvtOW4nqL,1100,1100,01/018a3b9e.jpg
71hKgVj7GIL,2200,1879,01/0138669f.jpg
71hMzuCSRsL,2200,1879,01/012a1457.jpg
71hOw1m6CNL,1444,755,01/0188aaae.jpg
71hP1JEHDFL,2000,2000,01/01f2b368.jpg
71hS2ij90qL,2200,1879,01/014a48cd.jpg
71hV6Z3sagL,2560,2211,01/010de4b8.jpg
71hWuvD+VPL,2200,1879,01/01449bfb.jpg
71hlmt1vqPL,1829,1171,01/012c37c1.jpg
71i8zmXoubL,1932,1932,01/0143390b.jpg
71igfDWQvaL,2560,855,01/01178885.jpg
71ioQqNhksL,1500,768,01/0124d6dd.jpg
71j+t3KTyfL,2200,1879,01/01b5d020.jpg
71j4YHzlA-L,1000,1908,01/01e56a60.jpg
71j9RmPJX3L,2100,2100,01/0190eb0b.jpg
71jGIC2kehL,2200,1879,01/011becd7.jpg
71jHi9JXuPL,2200,1879,01/01c1c951.jpg
71jKF2+ObvL,1519,1168,01/014644f7.jpg
71jfDuB+9BL,2462,2560,01/01f4d368.jpg
71jgFbLnbCL,2200,1879,01/0104856a.jpg
71js0ffRmzL,1500,1500,01/016a80b3.jpg
71k3KnaF0dL,2560,2560,01/0101f232.jpg
71k5bFdErkL,2200,1879,01/01448743.jpg
71kInlbWtoL,2200,1879,01/01ae3312.jpg
71kSgnvYcUL,1030,2560,01/013a3d13.jpg
71kTPtGEJhL,2200,1879,01/01c8200f.jpg
71kUmqY92jL,2200,1879,01/01866add.jpg
71kjxJMbemL,2462,2462,01/0139ff39.jpg
71kn2+e8F6L,2500,797,01/01639a27.jpg
71kyKHSEeqL,2200,1879,01/01d5424b.jpg
71l3EuKmguL,2560,2560,01/01ebbb95.jpg
71l8fCbB3yL,1200,1200,01/019d6955.jpg
71lEGwEKUfL,2200,1879,01/01d14a18.jpg
71lIgsVrE6L,2200,1879,01/016c3560.jpg
71lKq0pcXML,606,1500,01/01ee5012.jpg
71lL82Aw7eL,1336,2148,01/0170f781.jpg
71lLvYr9OaL,2200,1879,01/015fc6ce.jpg
71lSmQCXBML,2560,2560,01/01a74c4e.jpg
71lsV20TmrL,2560,2560,01/01311d10.jpg
71lxZcxdw-L,1500,1500,01/0161643f.jpg
71mJ2qZJ7cL,881,2505,01/016802fc.jpg
71mUxuSRnOL,2204,709,01/01e1c5e5.jpg
71mcasi2ImL,2228,2228,01/019c7a5d.jpg
71md14rXRVL,2560,2560,01/01fb7ac5.jpg
71mkCXKCfIL,2560,1430,01/0194a85e.jpg
71myhFj9nHL,2200,1879,01/011873fa.jpg
71n9FTtau3L,2200,1879,01/0146f787.jpg
71nG++ElYpL,2560,2560,01/018f6e91.jpg
71nI9NCsjnL,2200,1879,01/01f89557.jpg
71nIX-mUKtL,1392,1392,01/01b96e44.jpg
71nLQESXjEL,977,2560,01/018a4826.jpg
71nhQpTNCVL,856,2241,01/01078611.jpg
71nhb4KmoBL,1600,1600,01/01c8744d.jpg
71nlto8GzNL,1000,1000,01/01351c98.jpg
71nxcJyoP6L,1500,1500,01/013f9f05.jpg
71oT4RUcmSL,2200,1879,01/014bbb8b.jpg
71oeBHYqZ0L,2406,2560,01/018cf6d4.jpg
71oeCIs4NhL,2076,2560,01/0146ac59.jpg
71oj84IJR9L,2200,1879,01/0137f1b5.jpg
71orh3klAHL,1449,2560,01/01c21ea7.jpg
71owc91CBAL,2560,2560,01/012a7ff8.jpg
71pF4PDl8BL,1000,1509,01/015d4d01.jpg
71pKMJmSRqL,1067,1067,01/01e4986d.jpg
71pOINuD8SL,1833,1833,01/016ce911.jpg
71pSTCyav3L,2200,1879,01/0127b0e1.jpg
71pYaPtplCL,2500,2500,01/0122e6dc.jpg
71q+Er5CqUL,1500,594,01/012f0349.jpg
71q-jtQNz1L,2200,1879,01/013e0f4a.jpg
71q1W1g3uQL,2560,2560,01/0134d16f.jpg
71qQ2CAwE0L,2200,1879,01/012c808a.jpg
71qTcO4oWTL,2059,2000,01/018927fc.jpg
71qUnAbn9PL,2200,1879,01/01a5d518.jpg
71qc7v5kcqL,2200,1879,01/015240c3.jpg
71qrLYA0HnL,1000,1000,01/01c0b84f.jpg
71qtMhYt1UL,1100,1100,01/01a2e7b5.jpg
71qvZ0FxDSL,2200,1879,01/01a2c080.jpg
71r4101mnGL,2560,860,01/010a9370.jpg
71rB1iQRxuL,2200,1879,01/01b6f3c9.jpg
71rCEn-3oUL,2560,1137,01/01dbf4a8.jpg
71rhL7UUGVL,1029,1334,01/01cf311d.jpg
71rs062PzsL,2200,1879,01/01348fbb.jpg
71s9O+G1BQL,1485,1485,01/016105b3.jpg
71sMGssG5CL,2560,2560,01/01573b33.jpg
71sVe7EctUL,1792,1792,01/011e428e.jpg
71sXCapNm9L,988,2560,01/018939f3.jpg
71sbiV2Q67L,1000,579,01/01a44e4f.jpg
71sfLt47D5L,2560,1706,01/017aac95.jpg
71sfTsON-XL,2560,2560,01/01aaba7a.jpg
71t2DlCdaZL,455,2560,01/01b589e7.jpg
71t7Ttxr24L,1306,2484,01/012514ec.jpg
71tHAqzGXML,2200,1879,01/0188f26c.jpg
71tIqj3MTbL,1378,2560,01/01248e23.jpg
71tJCOkfhWL,1296,1500,01/01943aef.jpg
71tV-jbpEYL,2170,2170,01/0149545d.jpg
71texSmZyFL,2200,1879,01/015466da.jpg
71tsgr3R69L,1500,1500,01/010cf1ed.jpg
71u-ThSbriL,2200,1879,01/0149fab9.jpg
71uCOdIaOEL,2200,1879,01/01c39b81.jpg
71uFdqTJerL,2200,1879,01/01b849cd.jpg
71uJAkLFSSL,2200,1879,01/01289598.jpg
71udNANu8ZL,2200,1879,01/01b8573b.jpg
71umA-QmNuL,924,2560,01/019d3f64.jpg
71vPprmc8yL,2560,802,01/01474c51.jpg
71vWZ1rP6lL,2200,1879,01/01f21edb.jpg
71vX4Ot1xKL,2560,1969,01/0117107d.jpg
71vXJAjvuLL,2200,1879,01/01e0cf0c.jpg
71vd69HZImL,1500,1500,01/0196d468.jpg
71vljlstG-L,1756,1756,01/0191d29b.jpg
71vqnnnmnNL,2500,2500,01/01848385.jpg
71wCWZMg3VL,2000,2000,01/019496df.jpg
71wHI2P3RDL,1706,2560,01/016f7088.jpg
71wKP2gzm2L,2560,2560,01/010c9a4a.jpg
71wLtXVEhEL,2200,1879,01/017c14ee.jpg
71wS+8cndOL,2560,1315,01/01903bc2.jpg
71wTKosBfUL,1964,2560,01/01e3e634.jpg
71wgFso+q9L,2560,1039,01/01273089.jpg
71wxPCWr9SL,2200,1879,01/015ee975.jpg
71xECtbKuRL,2560,2560,01/01fdef9c.jpg
71xG6JY8--L,2200,1879,01/0124bcc7.jpg
71xMHP4pVSL,2000,2000,01/014b0ac0.jpg
71xSriuyWpL,2200,1879,01/01aca1bc.jpg
71xTlM9oJLL,2560,2560,01/01cdc40a.jpg
71xUo-zSDbL,2200,1879,01/012565b9.jpg
71xgRU6nuaL,646,2077,01/011cbe91.jpg
71xjHElTmJL,2200,1879,01/01178df3.jpg
71xm8vviUIL,2200,1879,01/0125b2e8.jpg
71xwSmWE-QL,2000,2000,01/01256bed.jpg
71xzk4wvNyL,2200,1879,01/019caf9c.jpg
71ySFnS7peL,2560,2185,01/01672cc7.jpg
71yY2t+2ZRL,2258,2258,01/01a9f349.jpg
71yf7XL+2vL,2200,1879,01/01e6b918.jpg
71ytBohvpZL,2176,2176,01/01e968f5.jpg
71ywzRxEgXL,2200,1879,01/01b10db5.jpg
71z9CQFRe+L,2200,1879,01/01057c32.jpg
71zDoHotFFL,2200,1879,01/015db12d.jpg
71zUxysfA4L,1781,1284,01/015c25d9.jpg
71zVMDAtNjL,2560,2226,01/01775ee4.jpg
71zbbOYg8aL,1921,1921,01/01173ca9.jpg
71zgNYC7XEL,2200,1879,01/016dc942.jpg
71zsa4JoCtL,2200,1879,01/0112ff54.jpg
81+0K5MVNvL,1828,2560,01/019d9014.jpg
81+2kiSZkhL,2286,2286,01/01510b9d.jpg
81+Ey4GJ3zL,1707,2560,01/01f63090.jpg
81+J+vUUvCL,2200,1879,01/016f6d86.jpg
81+MSfWfWGL,1022,1001,01/013de4f9.jpg
81+VBeQ+qBL,1625,850,01/01ec457f.jpg
81+awHbVBJL,2000,2000,01/019153a4.jpg
81+ijx7koML,2000,2000,01/01184ecb.jpg
81-5fI9RqeL,2200,1879,01/01781d1f.jpg
81-G4rBjW4L,2560,2560,01/0178ef2c.jpg
81-GRLEfT7L,1459,1459,01/01ccb6b1.jpg
81-HQjBKMrL,2559,2560,01/0123fb2e.jpg
81-TZFeydWL,2560,1386,01/01360fee.jpg
81-ecf5NhzL,2528,2560,01/01029621.jpg
81-fP8iSbwL,2200,1879,01/018ca30b.jpg
81-iF7yeXfL,1596,2419,01/015829b0.jpg
81-vi8g0KuL,1036,1518,01/015ea20e.jpg
81-wsiz5QPL,2560,2560,01/011ccb15.jpg
8100Z3dGQ7L,2560,615,01/010affd0.jpg
8103oyxyY+L,2560,2560,01/01ac7b0c.jpg
810LxI0DRhL,2560,937,01/017a4198.jpg
810mN5lVj3L,1927,1954,01/0143c51c.jpg
8116wDEO-TL,2560,2560,01/0191938f.jpg
811ZIuXefsL,1826,1826,01/01788f2e.jpg
811fmacUkvL,1618,2560,01/015c7b32.jpg
811hvaRldAL,1983,1983,01/013c2541.jpg
8121xW2OFFL,1384,2275,01/0188e3ee.jpg
8124SXWiHgL,1500,1500,01/01ff2caf.jpg
812BcWwkixL,2000,2000,01/0188c31a.jpg
812DRKaW2dL,1707,2560,01/013b2121.jpg
812G8W+doXL,2418,2499,01/016c0054.jpg
812MC84f0hL,1707,2560,01/01421a93.jpg
812RYeI6qIL,1674,2560,01/010d37b8.jpg
812bAAavs+L,2219,2560,01/013f3137.jpg
812quQmcmHL,2560,2560,01/0190279d.jpg
813DQVSn-KL,815,2305,01/01d12bd4.jpg
813HMK8lbwL,2200,1879,01/0126f41a.jpg
813Jc6xJC1L,1920,1899,01/01be9d12.jpg
813NpeCjtHL,2560,2297,01/01ac5f92.jpg
813hLrCRIhL,2200,1879,01/016784f8.jpg
813v-oIdV7L,2200,1879,01/0150f3c1.jpg
813wKKgeY5L,2322,2092,01/01a35625.jpg
813y07MrTjL,2560,2420,01/01a633b5.jpg
8145qTod4CL,948,2560,01/0199198c.jpg
814JJrs2qXL,2200,1879,01/014debdf.jpg
814ZiF-jjBL,1873,2560,01/012f578d.jpg
815+sbkPNyL,2381,1041,01/017bd829.jpg
815Dbe1imOL,1707,2560,01/015d4367.jpg
815Qc6518NL,2560,1402,01/0152b218.jpg
815lRiJWSvL,1687,2560,01/01cb11b0.jpg
815veAA0EgL,2560,1394,01/01938bae.jpg
815xvonfoLL,2117,2560,01/01e3ffc3.jpg
815yleiPyuL,1155,2560,01/016d9c53.jpg
8167HsPc3mL,2560,1322,01/01cd2bc8.jpg
816A3bK+sbL,1288,2500,01/01aedc8e.jpg
816DbIyowgL,2200,1879,01/01bf2541.jpg
816eW3cGSXL,2152,1372,01/011d9e69.jpg
816ke2yZDiL,2560,1279,01/011dac01.jpg
816l4f4KYZL,2200,1879,01/01e156cf.jpg
816xy+FC9HL,1829,2560,01/01893987.jpg
81717SkqD2L,2200,1879,01/01a30f5c.jpg
817QlVafZ5L,2337,2337,01/01a92517.jpg
817aBWHrmoL,2200,1879,01/013e5227.jpg
817eKRmTk8L,2000,2000,01/014ec69f.jpg
817fM+8gQRL,2560,2560,01/016adb91.jpg
817qxHMqkEL,1934,2560,01/013795ff.jpg
8183iM+NB1L,2560,1183,01/01f32b1e.jpg
818Gt2AWDLL,1318,2560,01/018baea3.jpg
818OTvgaYVL,1998,1998,01/019207b7.jpg
818VlE3gk0L,2200,1879,01/01972307.jpg
818ycVlJR5L,2492,2492,01/01559d83.jpg
819D04SUVwL,2560,2560,01/0104abaa.jpg
819I2koN+tL,2200,1879,01/019afe7c.jpg
819OVHGYYIL,1500,1500,01/014e2843.jpg
819gUBR-F9L,989,2560,01/0158e121.jpg
819sVGjiCAL,2560,1969,01/018ae581.jpg
819vwxK6eGL,2560,2560,01/01d868b2.jpg
81ACT-7Z21L,2200,1879,01/014ce3e5.jpg
81AJTikIbZL,1500,1500,01/011da5b9.jpg
81AJd10HhbL,2200,1879,01/0191a619.jpg
81AOnSaPsXL,1230,2560,01/01874f77.jpg
81AoG11O1HL,2200,1879,01/01635081.jpg
81AyGdH1VHL,2480,2560,01/01c92673.jpg
81B0v55Kz8L,1871,2356,01/0175e934.jpg
81BOTuvN5UL,2311,2311,01/011aef1c.jpg
81BWHlGTnHL,1920,2560,01/01e72a0e.jpg
81BeVAzTjYL,2404,2560,01/01e6462f.jpg
81BudfBso2L,2200,1879,01/01428e99.jpg
81C+9rPpoVL,2560,1382,01/010607f6.jpg
81C0GM33mIL,1500,1500,01/01c42e69.jpg
81CEQPzKJiL,2560,1969,01/011d6497.jpg
81CODnTW1WL,1490,2560,01/0110bcfa.jpg
81CWAHryjgL,1500,1500,01/017a839c.jpg
81CZTZNT6PL,2200,1879,01/01021cd8.jpg
81Ca9FP7fAL,2560,2560,01/01d63768.jpg
81Cg5WlkMOL,1707,2560,01/014b4a7e.jpg
81CrCrchtDL,2200,1879,01/01dae7a3.jpg
81DHjJpOCQL,2560,2372,01/0102dad2.jpg
81DpEOJvKSL,2560,2560,01/0164593d.jpg
81Dwro+7K0L,2200,1879,01/01e0d8ae.jpg
81Dy5i8P8GL,2200,1879,01/019d62f7.jpg
81DyHDLHssL,1379,2560,01/016d3e9b.jpg
81E0lD+kusL,2560,1707,01/01cf08b0.jpg
81EACiXQIsL,2560,2560,01/0195ecb5.jpg
81ESJ54U3YL,2500,2500,01/01794d30.jpg
81EcGJZB6aL,2200,1879,01/01cc811a.jpg
81EdEIYOlnL,2200,1879,01/01089650.jpg
81EgT2Six-L,2560,1969,01/013fb4e6.jpg
81FdTNC+NSL,2438,2438,01/0105a347.jpg
81FhAlFtd1L,2560,2560,01/01311450.jpg
81FuihSSPIL,2200,1879,01/01e60afd.jpg
81G+ydK43yL,2500,2500,01/014b1e91.jpg
81GPIavNFYL,2200,1879,01/010cfdb6.jpg
81GUUePp5DL,1297,2560,01/01720d79.jpg
81GZnB8I96L,2500,2500,01/01be28c9.jpg
81GuL2nf9RL,888,1530,01/01558c7e.jpg
81GuxS7g7aL,1138,1234,01/011d8993.jpg
81GuzKvSbYL,2200,1879,01/010cbf1f.jpg
81Gv56SeZvL,2560,2325,01/01e52c35.jpg
81H-C4yP9OL,2200,1879,01/01964bf9.jpg
81H4koLHxWL,2200,1879,01/0144225b.jpg
81HXvEtcaxL,2200,1879,01/016d27ae.jpg
81HkAe-LyaL,1530,2560,01/018ec8dc.jpg
81HwAyAdA3L,2560,2560,01/01584694.jpg
81Hx850+KjL,2200,1879,01/01b6294a.jpg
81IBy-HbwTL,2241,2241,01/01730217.jpg
81IUeLwO1hL,2560,2560,01/01eb9755.jpg
81IXW7dzRxL,1952,2167,01/01530a19.jpg
81IZdx5q5KL,2560,2560,01/0194c862.jpg
81IhaaCzNjL,2200,1879,01/01b6a8a9.jpg
81IvfTvKYjL,2560,1246,01/019826f1.jpg
81J46Pgr6pL,2200,1879,01/01268086.jpg
81JCW4CrQXL,2076,2560,01/016c4355.jpg
81JEcKBuHOL,2200,1879,01/01272203.jpg
81JINkoTpRL,1438,2560,01/01386e98.jpg
81JQBirxxyL,1382,1907,01/01c064ba.jpg
81JYfOoa43L,1305,2560,01/0198e0ec.jpg
81JYgK9-NtL,2200,1879,01/01e84f75.jpg
81JgvtCPuZL,1828,2560,01/012bd544.jpg
81KDtuBQjGL,2200,1879,01/0120107e.jpg
81KHBTu7n+L,2560,2560,01/0130a3dc.jpg
81KSV1UYBTL,2200,1879,01/01070bb4.jpg
81KVv0+X5WL,2495,2495,01/016917ee.jpg
81KYfUE4KtL,2000,2000,01/0185ba64.jpg
81Kb2u6849L,2305,2305,01/01914609.jpg
81KbwhKf0NL,2200,1879,01/01d4c66c.jpg
81Kc8KfCnGL,2560,2560,01/018243af.jpg
81KhxC0ltDL,2500,2500,01/01e861bd.jpg
81KkzEKmrlL,2560,2560,01/010e127b.jpg
81Kx2OLmDOL,2200,1879,01/015cf6ea.jpg
81LVrtNByIL,2200,1879,01/011118a5.jpg
81LXCR3E3CL,1094,2560,01/019ecf7c.jpg
81Li5AlSPXL,2400,2400,01/0111fcf3.jpg
81LmekefA2L,2560,1955,01/01b84779.jpg
81LnFEE1PeL,2200,1879,01/0133f5e3.jpg
81LsrtZ0YyL,2560,2560,01/01bc38f5.jpg
81LsvX6CqiL,2560,2560,01/01ed26cc.jpg
81Lun79e3kL,2200,1879,01/010f7ea0.jpg
81M0XCCBL2L,1500,1500,01/019d78c8.jpg
81M6UfKdrbL,1811,1535,01/0135fa98.jpg
81MJOrMHzxL,1812,2560,01/01e13926.jpg
81MUz6PJsnL,2560,2560,01/01cc502e.jpg
81MpSOJN-+L,2560,2560,01/014c0cb0.jpg
81NEWUs5IbL,1459,2155,01/01e90711.jpg
81NP4h+gZNL,2200,1879,01/01e472e7.jpg
81NPqnzdnHL,939,2560,01/0190f636.jpg
81NSGcqAXKL,1696,2560,01/019060e2.jpg
81NmLGO8KhL,1599,1599,01/0196c56c.jpg
81Nn+nLbI3L,2406,2501,01/016beb43.jpg
81O5LqP0-lL,1707,2560,01/01440a4d.jpg
81OB1scZlJL,2200,1879,01/01834734.jpg
81OEMTLUPdL,2200,1879,01/019635aa.jpg
81OJMa2ShYL,2560,1969,01/0107780c.jpg
81OJalMeOtL,1500,1941,01/01f2719e.jpg
81OQTWBkSTL,2000,2000,01/0110eec8.jpg
81OTx15gpHL,2200,1879,01/011a5d76.jpg
81OUW044IlL,2200,1879,01/0141531a.jpg
81Od1SGo8UL,2144,2560,01/01c47da6.jpg
81OgzehMh+L,2200,1879,01/01919b3d.jpg
81OlT+gr6HL,2560,1930,01/019f4667.jpg
81OmheJ0xrL,1856,2560,01/019eddc7.jpg
81P8TXY0kTL,2560,2560,01/01b8a173.jpg
81PAHn1VTUL,2200,1879,01/01289edb.jpg
81PBi+rheNL,2200,1879,01/016bc043.jpg
81PRNKH2baL,2560,2204,01/017903aa.jpg
81PXmq1StML,2500,2500,01/01fdd2a5.jpg
81Q16Td6tgS,1600,1656,01/01c759ef.jpg
81Q86Wp61LL,2000,2000,01/01d9e0ff.jpg
81QHEJP7tpL,2560,1318,01/017b00b3.jpg
81R4SF91YmL,2200,1879,01/01f471d6.jpg
81R9cWTgTQL,2560,2560,01/0120ac50.jpg
81RB0cRVO5L,2560,1800,01/015c6658.jpg
81RHLuZyfXL,2560,1969,01/0143afc3.jpg
81RLq6RjnBL,2200,1879,01/012c4ffe.jpg
81RiANYT1+L,2000,2000,01/01f8b76f.jpg
81SKfYsIxxL,2481,2021,01/017b30a5.jpg
81THFwerAfL,2560,1384,01/01cc751a.jpg
81TP06fi57L,2200,1879,01/018c6b2e.jpg
81TXwFDe81L,2200,1879,01/01406151.jpg
81Tcx8BAQ8L,2560,2560,01/01ddb586.jpg
81U1V9OjnHL,2200,1879,01/01960ede.jpg
81UDGGNw17L,2560,2560,01/016f8eb1.jpg
81UK6KhxfGL,2560,2560,01/01cd5637.jpg
81ULF-nYkvL,1669,1669,01/01edbee2.jpg
81UQSzAJHOL,1916,2560,01/019185d7.jpg
81UU1sTmH9L,2200,1879,01/01471366.jpg
81UW32dUdYL,2200,1879,01/011fb51f.jpg
81UkVCg0meL,2560,2560,01/017bc0fa.jpg
81UxeSKzqmL,2200,1879,01/016dbe0a.jpg
81V567CZdlL,2200,1879,01/016f53c6.jpg
81VKjPama7L,1613,1613,01/01bb4f40.jpg
81VNBNDfvKL,2200,1879,01/012a8ae1.jpg
81VOLDcNPSL,2560,1288,01/01e20e64.jpg
81VUrUfGjSL,2497,987,01/016339a2.jpg
81VVHTgFDcL,1707,2560,01/01af8f50.jpg
81VWzXvhtcL,2560,947,01/017f9f04.jpg
81VZMYnXrUL,2200,1879,01/01852a61.jpg
81VatRvmkvL,2560,2560,01/0125fa2d.jpg
81Vcpegqb4L,1668,2560,01/0182eb57.jpg
81VgORPp+cL,1470,2500,01/01c1a3a4.jpg
81W0gNatoOL,2000,2000,01/01cd4330.jpg
81W4vsZuvvL,2000,2000,01/01d22692.jpg
81WXbd0pLBL,2000,2000,01/01cbabaa.jpg
81WgN8+VzuL,2200,1879,01/01269402.jpg
81WjwbPDASL,1252,2560,01/01b80a84.jpg
81WlXFDVOtL,2398,2414,01/01273a35.jpg
81X5y+ObZuL,2483,2483,01/01e4ff74.jpg
81XN9Mr2ljL,2200,1879,01/01bd5c1d.jpg
81XXgfN83CL,2200,1879,01/01352e25.jpg
81XcTOFVIgL,2560,2560,01/010d8076.jpg
81XlsnkdcoL,2200,1879,01/019f56d5.jpg
81Y1k5uGycL,2200,1879,01/014deb07.jpg
81YDqZDkStL,2560,2005,01/011a2ae9.jpg
81YTMyq85uL,915,2498,01/01e4239c.jpg
81YeqGMV5DL,2560,1798,01/0109016f.jpg
81YxSS94QvL,2000,2000,01/01bf23b2.jpg
81Z14LkWEHL,1528,2560,01/01fd7d74.jpg
81Z8XWOHR1L,2200,1879,01/0179d340.jpg
81ZKRkXuz7L,2067,1941,01/01fa5d93.jpg
81ZTMa1RB6L,2000,2000,01/010e5a27.jpg
81ZyI3WXImL,1500,1500,01/01f67390.jpg
81ZyyggI0SL,2560,2560,01/01e29957.jpg
81aCJpPtJ4L,1650,1224,01/01917062.jpg
81aMVgklKVL,2200,1879,01/011161e0.jpg
81aZHhRU3gL,2560,2560,01/0107fcc3.jpg
81ab0ggzRQL,1876,2560,01/013cef83.jpg
81abWYeLTyL,1524,2560,01/0189921d.jpg
81acxyNSlHL,2200,1879,01/01d05973.jpg
81aeCK2lQQL,2200,1879,01/01a7548c.jpg
81af0GwhYYL,1288,2560,01/01190762.jpg
81amWDG89JS,1088,2420,01/01395839.jpg
81ao5IXbfBL,2560,2560,01/01056727.jpg
81b732ujL4L,1434,2560,01/010d7d51.jpg
81bFZbkhCSL,2000,2000,01/01c26462.jpg
81bFxFJXFHL,2200,1879,01/01c9cf44.jpg
81bLbSAVGCL,1551,2293,01/01774327.jpg
81bPNTb6nkL,2200,1879,01/01c1df4d.jpg
81bUnDYVuIL,1160,2560,01/01d71be4.jpg
81bX2Dqna7L,2560,2560,01/01d744e4.jpg
81buTjYMGZL,2200,1879,01/0161c758.jpg
81c24ucVGYL,2560,2560,01/013a3808.jpg
81cGQHRqymL,2200,1879,01/017bd3f8.jpg
81cPmL6i1hL,2560,2560,01/01ee1655.jpg
81cdseE9gfL,2560,1501,01/0127fcfc.jpg
81coH6hl0+L,2200,1879,01/010bd427.jpg
81ctEXXjVAL,2560,2029,01/0122ce85.jpg
81cvvJCVdHL,1333,2560,01/01eece1c.jpg
81d79z6I7OL,2200,1879,01/01ec73b5.jpg
81dSM7AP-gL,1125,2560,01/01612f17.jpg
81dYYaPK15L,2000,2000,01/01e0b7e8.jpg
81dne+k21nL,2560,2271,01/0114a5c6.jpg
81dtZWGd-3L,1153,2560,01/01cba9da.jpg
81e3VXPiNqL,2033,2003,01/01934523.jpg
81eHsljStrL,2056,718,01/013954a1.jpg
81eQMct3HSL,2560,1255,01/011ac9f5.jpg
81eUF8xqIxL,1312,2560,01/01aa391b.jpg
81eYMdrtDoL,1266,2560,01/014ff0fa.jpg
81eg+rn2NcL,2200,1879,01/01dea414.jpg
81ex7wVDP2L,2560,1545,01/01a0d07b.jpg
81eyEKXKABL,2200,1879,01/01f6631f.jpg
81f+DXOY7aL,2200,1879,01/01f9c243.jpg
81fGimFQuaL,853,2560,01/0125f209.jpg
81fMfe2YqVL,2560,2560,01/01b8ee70.jpg
81fnh3e6wNL,2200,1879,01/01b7711c.jpg
81fzzi31WcL,2200,1879,01/019496dd.jpg
81g-cuhgzXL,2560,1707,01/0133ff54.jpg
81g7NvQObKL,2000,2000,01/012ad9d7.jpg
81g7hnLNbAL,1010,2152,01/01be7956.jpg
81gNX+emGML,2200,1879,01/01e91fe3.jpg
81geB5klTEL,2200,1879,01/0131b865.jpg
81gpco-q10L,2560,1373,01/015c6fed.jpg
81gzmsQ3zuL,2560,1452,01/01045e2e.jpg
81hAVhN3s5L,2200,1879,01/016be7eb.jpg
81hAxCZtChL,2560,2560,01/015c4d36.jpg
81hYSttbDqL,1536,2560,01/01a15799.jpg
81hc+ombNZL,2200,1879,01/01a74ce1.jpg
81hrNZy9HKL,1920,2560,01/01589e95.jpg
81hsy-s-2eL,2200,1879,01/0179479f.jpg
81i4ej8Yk-L,2000,2000,01/01b1cb58.jpg
81iNFiyh3RL,2560,2560,01/019b6a78.jpg
81jXwriv97L,2200,1879,01/0110981b.jpg
81jm94eMm5L,2200,1879,01/01ee8cb5.jpg
81k52UMelNL,2234,2560,01/0176f13b.jpg
81k8DQelRjL,1916,2560,01/01ee1c8b.jpg
81k8yUGgCVL,2560,2560,01/01d4a746.jpg
81kKogvV+fL,1822,2348,01/01889b12.jpg
81kOqY3-sfL,2560,2560,01/01924604.jpg
81kVAq65c8L,2500,2500,01/01e21b6c.jpg
81kqF5U8w2L,2310,2310,01/0189e54d.jpg
81lEvabNd1L,1470,2560,01/016fb297.jpg
81lGI09c1TL,2560,610,01/01142161.jpg
81lHbhoQ4RL,2200,1879,01/01b3225e.jpg
81ldYMbFw2L,2284,1173,01/01aa613b.jpg
81lkhsIRC2L,2000,2000,01/015833cb.jpg
81lmX8UDtGL,1569,1920,01/017e7149.jpg
81lox6Tk2JL,2560,1590,01/019827ad.jpg
81lxQdBgZzL,1500,1500,01/017d3539.jpg
81lzZpPdflL,2200,1879,01/0156aeed.jpg
81m+KfhR5cL,2560,1980,01/01a6d482.jpg
81m6tzXBYZL,2200,1879,01/01a0fb6e.jpg
81mAKz6FZQL,2560,2560,01/014aeba8.jpg
81mF+Fo7auL,2560,1969,01/01a09def.jpg
81mFvkVHz0L,2200,1879,01/01334748.jpg
81mQhplJhOL,938,2560,01/01fff5b7.jpg
81maATGSxEL,2000,2000,01/0136540f.jpg
81mnIfoSXWL,2560,2560,01/01b0fbe0.jpg
81morb-Q2AL,2388,2388,01/016f8227.jpg
81myVCCpUgL,2560,2560,01/01d2ae41.jpg
81n0wKqzZXL,1361,2560,01/011e4feb.jpg
81n2zHS2tyL,2200,1879,01/0120f167.jpg
81n9u7cg1GL,2200,1879,01/018df33a.jpg
81nDCaPRYiL,2200,1879,01/016e3c0c.jpg
81nIt0y8kYL,1868,2560,01/015d280f.jpg
81nKryFJ9DL,1317,2560,01/01b144ed.jpg
81nUEn8BZNL,2200,1879,01/01a3bef6.jpg
81nnB-poJhL,2500,2501,01/01d465cd.jpg
81npem60qdL,2560,2560,01/012c9b1a.jpg
81o9bHk4SNL,1445,1445,01/012101a1.jpg
81oINac4C9L,2200,1879,01/01dd9d7b.jpg
81oMJpf9cXL,2440,2560,01/01e6936c.jpg
81ofEXaj0FL,2349,2411,01/01c53e18.jpg
81oxzrSCm2L,1500,1500,01/0193011d.jpg
81ozUWSyKlL,2200,1879,01/01520ff0.jpg
81p+Z0K4yAL,2278,2268,01/0140c557.jpg
81pJ7s7BLhL,2200,1879,01/0130f285.jpg
81palNgjytL,2200,1879,01/01213229.jpg
81plsqOfmuL,2000,2000,01/01840862.jpg
81pzYeLICnL,2200,1879,01/01ce9f3d.jpg
81qm3vlGA6L,2560,2560,01/01cf5690.jpg
81qxhmQDoNL,1158,2560,01/01d2297f.jpg
81r1aHD+pgL,1800,1800,01/01160282.jpg
81r2qOups2L,2560,2560,01/0107b438.jpg
81rEz5cLtsL,2560,1471,01/0121008b.jpg
81rGNoc9gSL,2200,1879,01/0184fddf.jpg
81rMV6SxyPL,1545,2560,01/01a87916.jpg
81rUw3nmqFL,1176,2560,01/01375b98.jpg
81rbO80vpOL,2267,2560,01/018c46e3.jpg
81roM8dClhL,2560,2560,01/01b23de1.jpg
81rqvz1-gVL,2560,1373,01/011aa196.jpg
81rtiEtKkJL,2433,2486,01/0173940d.jpg
81rw6Za-2KL,2560,1969,01/01ea4498.jpg
81sVw3rm+RL,994,2560,01/01da1c51.jpg
81sa8uFEZ+L,2560,2560,01/01992880.jpg
81sgCrSsO6L,2200,1879,01/01fadadb.jpg
81sgXzizN6L,1363,2560,01/0118bf70.jpg
81sqHzQHX9L,2000,2000,01/01043c28.jpg
81srZdAO6LL,2200,1879,01/01ba6b46.jpg
81srwd0wbUL,1603,2006,01/0174ae2f.jpg
81stmqWgvXS,1976,2500,01/014e1db7.jpg
81t-liEgCOL,2176,2560,01/01e73249.jpg
81tGdRHFFML,1447,1900,01/01fefcd1.jpg
81tR87UD4HL,2200,1879,01/0195937a.jpg
81tqBQ4VlyS,2500,2491,01/011c4816.jpg
81tvR2a9j-L,2200,1879,01/01ef8f6e.jpg
81uGAVcyLnL,2200,1879,01/01747f24.jpg
81uKfLXESTL,2200,1879,01/0180c38f.jpg
81uSEIfTjuL,2560,2560,01/01163a26.jpg
81ugtIOWJqL,2200,1879,01/0159beb5.jpg
81ujfKY9XXL,2512,2560,01/01d73c03.jpg
81ukTZe2UGL,1500,1941,01/0186bf58.jpg
81voA7Btp3L,2513,1012,01/01a587ac.jpg
81vtwRjN8TL,1947,1280,01/018923ad.jpg
81w0jxzx8UL,2200,1879,01/013b77e5.jpg
81w2K8LgzcL,1500,1500,01/012b83e4.jpg
81w36eL1C1L,2000,2000,01/018e42f4.jpg
81wF3Edz5YL,2560,2560,01/011d83df.jpg
81wHjmTl+QL,2200,1879,01/01943877.jpg
81wcyHAuVML,2156,2156,01/0136c829.jpg
81wgbU7pD8L,2560,776,01/01b83a58.jpg
81wnQAgjPXL,1385,2426,01/01705ac0.jpg
81x4I3bC6IL,2200,1879,01/015e9f21.jpg
81xSTgTlo8L,2200,1879,01/0172e94b.jpg
81xT00XeZaL,2200,1879,01/01cfacfa.jpg
81xXSZLkjyL,2560,1969,01/01e14b1f.jpg
81xbjsV+z+L,2500,2300,01/01a3fb41.jpg
81xcQ2CwfPL,2560,1969,01/010dc35f.jpg
81xhZ4IanzL,2560,2560,01/0114ada9.jpg
81xiNYAnfeL,2200,1879,01/01d9cc37.jpg
81xl27VtErL,2560,1539,01/01a76680.jpg
81xnwwYLxsL,2200,1879,01/01263ac8.jpg
81xpQp3SaOL,2560,2560,01/01832025.jpg
81y1GDpZc9L,1590,2560,01/011592ca.jpg
81y5Ent9pNL,2200,1879,01/014950d0.jpg
81yPv+stgNL,2200,1879,01/01daccaa.jpg
81yUn23DtzL,2000,2000,01/013b0c58.jpg
81ykj26ogaL,2200,1879,01/01906f36.jpg
81yt5K0Jj+L,2560,1862,01/01ce27d8.jpg
81ythgKCp8L,2200,1879,01/01f3a0f1.jpg
81yub5GQKRL,2560,2555,01/01b1ee23.jpg
81yyRRS-bZL,2200,1879,01/01a2f41e.jpg
81z53KOD2UL,2094,2094,01/01ffd180.jpg
81z7GIdeQlL,2560,2560,01/01852dfe.jpg
81zBMxIGWCL,2560,1162,01/01f509d9.jpg
81zT2hFfPoL,1947,2349,01/018c89d2.jpg
81zVpzB8WRL,995,2560,01/01c4304b.jpg
81zpz+DNI+L,2200,1879,01/0112299a.jpg
91+GN8f73EL,2560,2560,01/012a8f78.jpg
91+Lodd0aAL,1321,2560,01/01f8f1c6.jpg
91+M0EZJ2-L,2560,2560,01/01f711d6.jpg
91+cPmq+gHL,2560,2560,01/01622c12.jpg
91-DizYnrHL,2560,2559,01/0136f5c5.jpg
91-MUPTnoeL,1754,2560,01/01f84f9a.jpg
91-aTGretGL,2560,2560,01/01dc6098.jpg
91-iTasGBnL,2560,2560,01/0126f51e.jpg
910SoYYT+nL,2560,2560,01/01b1ab19.jpg
910fvNGmcoL,2560,2560,01/01027170.jpg
911U-xFNftL,1747,2560,01/015328e8.jpg
9126EA9pOXL,2262,2460,01/01ad8bb5.jpg
9131g6qjuAL,2560,2560,01/0157a417.jpg
913EgYm4lTL,2560,2560,01/01e340ab.jpg
913IMWgctGL,1800,2560,01/01cd64f7.jpg
913ZpLkxLYL,2155,1867,01/01fd7881.jpg
913lKMbp7OL,2560,1966,01/0179aca5.jpg
914jS57moWL,1728,2560,01/0136e551.jpg
915+C2Z4XrL,2374,2374,01/013d9bdb.jpg
915OCcsLT0L,2548,1960,01/017564ae.jpg
9168vHbFE3L,2560,2560,01/0111d955.jpg
916OIK7hDSL,1690,1694,01/012780d8.jpg
9181W3pYdlL,2256,2209,01/019c0af5.jpg
918E5unVSWL,2560,2552,01/01e098ba.jpg
918WS-08pUL,2560,2560,01/016d6e1f.jpg
918siHUFMFL,2560,1969,01/0198404c.jpg
919KyP9C2HL,2560,2560,01/01fb175e.jpg
91AMC+m5KBL,1978,2560,01/01ab63ef.jpg
91BpCaAcHYL,2560,2560,01/010b6441.jpg
91CDNojsm5L,2228,2560,01/01202c0a.jpg
91Cy3KN3v-L,2560,2560,01/01fb151e.jpg
91DSuU32V8L,1074,2560,01/018860a8.jpg
91E3KLO11zL,1729,2560,01/013d2790.jpg
91EV9NsPaIL,2289,2416,01/01790940.jpg
91EtBIglqqL,2236,2560,01/019e57ff.jpg
91F+5MkHcsL,2560,1969,01/017c6dd4.jpg
91FebMD5LML,2560,1969,01/019ed3a2.jpg
91GIMz6-mrL,2560,2245,01/01a7ce49.jpg
91GPWvhN0GL,2560,1682,01/0148c352.jpg
91H9YJ4FxPL,2436,2560,01/01b28543.jpg
91HB0oT3+cL,2560,1849,01/01cabe9c.jpg
91HJ69UYF0L,2560,2560,01/013effac.jpg
91Hh+SUKm-L,2560,1969,01/01bccf4e.jpg
91IiKIex5YS,1789,2500,01/017fb25f.jpg
91JCfM4QQ0L,2431,2431,01/0168d54f.jpg
91Ja8RQZldL,2560,2304,01/01caa476.jpg
91JcqS6tdnL,1707,2560,01/0100cc8c.jpg
91Kb2ah-8ZL,2560,2560,01/013f3a77.jpg
91L3XWx9c1L,2560,2560,01/01e29585.jpg
91L4hpWdtiL,2200,1879,01/013ec6b6.jpg
91LIbyzBnoL,1707,2560,01/01da7256.jpg
91MFcTeGjFL,2043,2560,01/015a977e.jpg
91MbsTEmhVL,2560,2560,01/015b7bbb.jpg
91NDqb96ybL,2560,2560,01/01b4636b.jpg
91NKlxqL4fL,1500,1500,01/0167b28b.jpg
91NP1fN4KfL,2560,1677,01/0116c2d9.jpg
91NflmbubML,2560,2560,01/01d78772.jpg
91Nw75TDRhL,2560,2560,01/01896725.jpg
91OBIbXh-QL,2560,2560,01/0143f42e.jpg
91OeuRfUrYL,2560,2560,01/01a4e6cc.jpg
91OofaOxoTL,2560,2560,01/016c4e6c.jpg
91Q1XUyol7L,2560,2560,01/011b7a8c.jpg
91QgMGaX0tL,2560,2560,01/0198138b.jpg
91R0MWdPuZL,2560,1969,01/01794c22.jpg
91R4eejU+TL,1403,2560,01/011db56d.jpg
91R7B62PK6L,2332,2560,01/01fda1da.jpg
91SWDbl-WYL,2560,2560,01/01f273e7.jpg
91Scwyg8P-L,2560,2341,01/01f72641.jpg
91SnB0u1KOL,2560,2560,01/01de4a34.jpg
91TIX2UGE3L,1942,1846,01/0193e8ff.jpg
91To6i7TwzL,1909,1909,01/019a1bb3.jpg
91ToDtRI-aL,1934,2560,01/01cd5f08.jpg
91TyqNHX-UL,2523,2560,01/01fb2706.jpg
91UUa-h0GlL,2560,2353,01/01421337.jpg
91UnbImhg1L,2560,2560,01/01553948.jpg
91Vh4FaRBhL,2200,1879,01/012ee30f.jpg
91VhVuMrSpL,2306,2560,01/0114cead.jpg
91ViFLYe8PL,2560,2560,01/019664f1.jpg
91WCE8ATS4L,2560,2560,01/018f8c92.jpg
91XVnBkH3tL,2212,2560,01/0152b996.jpg
91Xf-WUEPUL,1200,1200,01/01233345.jpg
91XhUush68L,2560,1565,01/01ee87ea.jpg
91XqlxZOacL,2560,2560,01/01d5b8a9.jpg
91Y9hRNsNBL,1131,2560,01/011c81fb.jpg
91YBBN60WjL,2192,2500,01/01666a06.jpg
91ZMx+pLJQL,2404,2443,01/0117dd1c.jpg
91b4F364TCL,2284,2560,01/013eb3c9.jpg
91bekCQVpnL,2147,1591,01/01fda3bc.jpg
91bq98KL+0L,1768,2000,01/016bb6bb.jpg
91cJki0nj2L,1800,2400,01/017b0397.jpg
91cOiGJIjrL,2560,2560,01/013de1eb.jpg
91cm6g155hL,2560,2560,01/01c144e8.jpg
91dRZSgdLBL,2560,2062,01/01aa9b1a.jpg
91ddwzoVO9L,2500,1702,01/012f50ae.jpg
91e0eKEW2mL,2200,1879,01/0136a8ba.jpg
91eZ9acpXTL,2400,2400,01/01b19915.jpg
91ehAhH5RaL,2560,2560,01/01b16e09.jpg
91f4kWfZ02L,2560,2560,01/013d5c29.jpg
91fGPSItERL,2560,2560,01/01c20922.jpg
91fo01srw5L,1949,2560,01/0125a53f.jpg
91g1xd3-J4L,2560,2560,01/015b8a4e.jpg
91h6P7jIRdL,1757,2560,01/01c3a56a.jpg
91hGHZpJogL,2560,2454,01/01e22b36.jpg
91hsAuUtmoL,1455,2560,01/0129dde9.jpg
91hzqZ6eeIL,2560,2560,01/011a5460.jpg
91i1XembS2L,2560,2560,01/01e73d48.jpg
91iD8ukwLuL,1356,2560,01/01375e42.jpg
91jKzJO0IxL,2560,2560,01/01eeedd5.jpg
91lEWkwLpdL,2560,2560,01/019d6e9f.jpg
91mN1ei962S,1875,1375,01/01692253.jpg
91mc1qrRM1L,1747,1678,01/0139bcb5.jpg
91n4ILgvYXL,2560,1347,01/012c737a.jpg
91nGJLpxXUL,2560,2560,01/01a7d569.jpg
91nIGRl3icL,2560,2560,01/0115373b.jpg
91nigxIHYaL,2560,2560,01/01589189.jpg
91nuT9I1llL,2163,1479,01/010c7756.jpg
91o3sEfJt9L,1346,2560,01/011a2444.jpg
91ooHbCPG9L,1551,2560,01/018af4b7.jpg
91oxH7XyAmL,2200,1879,01/01dc680a.jpg
91p03-IbPHL,1681,2560,01/01b72032.jpg
91qFxcWDtjL,1982,2560,01/0111c309.jpg
91qwtFKeToL,2043,2560,01/01f48d51.jpg
91qy0idaexL,2284,2560,01/01e3900e.jpg
91rDx7mVJsL,2560,2560,01/0198cd93.jpg
91s79C68IOL,1780,2560,01/013e836a.jpg
91sbWPaoRAL,1829,2560,01/01e18bf0.jpg
91sx1LlEs2L,1362,2560,01/01bcf993.jpg
91tLqj8DYxL,1425,2003,01/01ee7f62.jpg
91tkSNj6SJL,2560,1969,01/01eccdc4.jpg
91vOatOB+mL,2200,1879,01/013a9a74.jpg
91vcTKDuTIL,2560,2014,01/01a9e52a.jpg
91wXjS0BbYL,2560,2560,01/01f578c4.jpg
91wp+pW77ML,2560,2560,01/01acc875.jpg
91x+2gscNVL,2560,2560,01/01accfc4.jpg
91xvSl78M7L,1714,2560,01/014cf5b2.jpg
91y6fcjo4qL,2100,2560,01/01706792.jpg
91yrMtCciCL,2560,2184,01/0189b4e8.jpg
91z+xPgu8JL,2560,2560,01/01c25cde.jpg
91z7GlqVkjL,2560,1962,01/01c2b520.jpg
91zDFEwcGqL,2350,2560,01/019c11e0.jpg
91zMmNdJDOL,2560,2560,01/01a0ecfb.jpg
91ze+h43vFL,2560,1969,01/01fad2b9.jpg
A1+sb41vmFL,2560,2560,01/01ca3a73.jpg
A1-VXjQ7xAL,2560,2560,01/01c5fc64.jpg
A10zcWhvWGL,2017,2560,01/015dd3bd.jpg
A11FYfR8syL,2560,2560,01/0160aee2.jpg
A13ENvmKpcL,2560,2560,01/013b23a0.jpg
A14PU4VlJ-L,2000,2000,01/01e5740b.jpg
A163M50CnsL,2560,1861,01/01c00b54.jpg
A17kQ05kwDL,2560,2560,01/01ccd65f.jpg
A1ASx24xKWL,2560,2466,01/0180fc5c.jpg
A1AiJD5HdaL,2560,2560,01/01128d05.jpg
A1AkLz3wo0L,1292,2560,01/01adff91.jpg
A1CA0AzQcwL,2560,2370,01/0184c5d0.jpg
A1CBhNXUdDL,2560,2560,01/019039f9.jpg
A1D5x0kIaZL,2560,2560,01/017493ad.jpg
A1Fw2FiVRvL,2560,2560,01/01f727ff.jpg
A1GJsplHtVL,2560,2560,01/01b56de0.jpg
A1KDambstGL,2560,2560,01/01be9d1a.jpg
A1L6x4k8-OL,2560,2560,01/01160e3f.jpg
A1LOysoszPL,2560,2560,01/01392005.jpg
A1MGI-nOsFL,2560,2556,01/017e533f.jpg
A1NdIFsmQRL,2560,2560,01/0156d542.jpg
A1O6FozteKL,2117,2560,01/01fa6e7e.jpg
A1Q6B1K1bXL,2560,2560,01/0145e777.jpg
A1T4emurwtL,2560,2560,01/0101c672.jpg
A1T6gnfgJhL,2560,2560,01/01c00ab7.jpg
A1Th603FwuL,2509,2560,01/018de603.jpg
A1XIUY0ghgL,2560,2560,01/010c6833.jpg
A1XdzhQJWyL,2560,2085,01/016c9bd7.jpg
A1ZQELSHkuL,2560,1534,01/012a7791.jpg
A1c2K59oX0L,2207,2207,01/01b1bc1e.jpg
A1cvzeH0cNL,2560,2515,01/0111ba12.jpg
A1cxgE3pRjL,2560,2560,01/01a6c067.jpg
A1eq+huUxbL,2560,2560,01/0104fe26.jpg
A1f2jnehCvL,2560,2560,01/01d7a52e.jpg
A1j83sGwU5L,2560,2560,01/0152b5bf.jpg
A1jDYuZ7XfL,2560,1970,01/01f20eb5.jpg
A1k1JynU5qL,2560,2560,01/01b2dff8.jpg
A1kB-mYje9L,2560,1855,01/01c14485.jpg
A1o1VFlTncL,2352,2352,01/01b7c2d5.jpg
A1pUyJtLRzL,2560,2560,01/0185064a.jpg
A1pqP4vkITL,2560,2560,01/01ee5e17.jpg
A1qy-l59IWL,2560,2560,01/01a95577.jpg
A1ryo67FjeL,2560,2560,01/01ddf239.jpg
A1uiao1XCrL,2560,2560,01/01642d6b.jpg
A1v16XV0v7L,2560,2560,01/01077604.jpg
A1vANCrL9yL,2560,1950,01/0144bc0c.jpg
A1y1K4rMMCL,2560,2560,01/0170e9bd.jpg
A1yFLZSU4zL,2500,2500,01/01625141.jpg
A1ztFIOeWAL,2500,2500,01/01be2cef.jpg
A1zxr6tyLVL,2560,2560,01/01ef8fed.jpg
B11VP0IZRkS,2559,2560,01/01264745.jpg
B19l3AE7PGS,2560,2560,01/016ea063.jpg
B1H8x6f7YfS,2560,2560,01/01c4cf20.jpg
B1JFUiGjVxS,2560,2560,01/0173afb2.jpg
B1KmruyQbqS,2560,2047,01/0117f9ea.jpg
B1awVl3f6NS,2560,2560,01/01a18264.jpg
B1nO2o1+oCS,2446,2560,01/013ea561.jpg
B1qDR8Yc63S,2560,2560,01/015f096b.jpg
