212qvEEjz7L,33,500,0e/0e00b1c1.jpg
21e0b-MWZ1L,500,375,0e/0efff8c8.jpg
21ejekUULXL,500,375,0e/0e6e746e.jpg
21iBwGV2-0L,500,376,0e/0e9420c6.jpg
31+TrjZ+ZfL,500,170,0e/0ea5f87f.jpg
31--m0cDqOL,500,500,0e/0ecabd0e.jpg
313gbQLpQGL,85,500,0e/0e931d6c.jpg
314-sQLLWOL,500,375,0e/0ebd9128.jpg
316ZauiyuDL,500,375,0e/0eaa3ec0.jpg
319c-mYWqDL,500,165,0e/0efea8af.jpg
31BOZYQJv7L,376,500,0e/0eb6696c.jpg
31H5VARVoWL,500,500,0e/0e54b77d.jpg
31IyjMFfyyL,500,375,0e/0ed09b65.jpg
31X+rlR-GwL,500,500,0e/0e70f6f0.jpg
31YzS18uyyL,500,500,0e/0e5f911b.jpg
31aAKkSWnEL,500,375,0e/0e5917a3.jpg
31aHffWbJLL,500,375,0e/0e70b813.jpg
31adyC0NU7L,500,375,0e/0ebaefde.jpg
31d+ErDCrEL,500,375,0e/0ef939c1.jpg
31hH5F3XzlL,500,500,0e/0e2c846b.jpg
31jTJfouE-L,500,375,0e/0edcdb37.jpg
31lYspbkmLL,500,500,0e/0edb4a1a.jpg
31pXP5l5QGL,500,500,0e/0e32278f.jpg
31pxMwwQ9IL,500,147,0e/0e2a6e19.jpg
31so1l2sBZL,63,500,0e/0e4e6aa5.jpg
31tQlMsoaBL,500,500,0e/0ea442ea.jpg
31vT0bYL+dL,500,375,0e/0e4c3b3f.jpg
31vVEbfCrPL,362,500,0e/0e9c7a63.jpg
31zr67EMq1L,500,375,0e/0ec12056.jpg
411gmta7rZL,159,500,0e/0e7da318.jpg
4125MOPM9uL,500,500,0e/0e4ca407.jpg
414RJtsHNaL,1010,1010,0e/0e278aeb.jpg
414fjlNKCnL,470,500,0e/0ecd888e.jpg
415HKJ7KHKL,500,323,0e/0e5f4dff.jpg
416SBdZWIFL,1000,1000,0e/0e460081.jpg
417gSTr8GCL,1000,1000,0e/0e8cd543.jpg
4180eOC-fJL,1000,826,0e/0e19e9cd.jpg
419JBJ8ttAL,65,500,0e/0ebd6fed.jpg
41AqrNKBdfL,1000,1000,0e/0eb13941.jpg
41Ez4qD06EL,494,500,0e/0e7fc41f.jpg
41GbhKAzp1L,1000,1000,0e/0e81a6ee.jpg
41IGzJH01jL,1050,788,0e/0e76de9d.jpg
41M+Ymu9tuL,500,500,0e/0e9904c8.jpg
41QTnfH86OL,500,375,0e/0e212581.jpg
41UnqbUtY1L,1200,1200,0e/0e9b7e92.jpg
41Xb9VQIMPL,443,500,0e/0e7fab9d.jpg
41Zvze5Bw9L,110,500,0e/0e1a2088.jpg
41avhFa3DsL,1000,1000,0e/0e7e3c96.jpg
41cJq44aC5L,367,500,0e/0ea0ad94.jpg
41dfe2MSreL,500,500,0e/0e61ef4b.jpg
41dhnOtKawL,1000,1000,0e/0e6e4753.jpg
41ecG5bxyUL,1200,1200,0e/0e29635c.jpg
41ect+T-kXL,500,375,0e/0e7f3f84.jpg
41g2TXIdr4L,1000,1000,0e/0ef70018.jpg
41jXTcHEN3L,312,500,0e/0e93bb4b.jpg
41jbysRHmtL,343,500,0e/0eafafb4.jpg
41lcsXlosKL,1000,1000,0e/0ec8e9bd.jpg
41pY25v2wwL,1010,1010,0e/0ede226c.jpg
41q9Rx188vL,500,375,0e/0e73f94b.jpg
41yrpKILobL,1000,1000,0e/0e1dfa45.jpg
41z6-HsNVoL,1050,1050,0e/0e39780c.jpg
51+G0r0kOcL,212,1404,0e/0ebc6b0f.jpg
51+dg-mzsgL,1000,1000,0e/0e663a55.jpg
51-fN7Z3J0L,500,500,0e/0e44a141.jpg
51-sWnlI9lL,1444,755,0e/0ee5dc20.jpg
510viBfKqfL,1582,1582,0e/0ec0e288.jpg
512KLISlLiL,500,261,0e/0e197d5f.jpg
512ZzxdHHmL,1000,1000,0e/0e34c66f.jpg
513iscB1u9L,1000,298,0e/0e2826e6.jpg
5142s199RTL,1000,1000,0e/0eb81a68.jpg
514JI68tcDL,1000,1000,0e/0eb6e846.jpg
5151NbvHgQL,1000,1499,0e/0ea44fff.jpg
515HzN4SkCL,1302,1302,0e/0eeec8f6.jpg
516kryJZ3JL,1300,1300,0e/0e4615ee.jpg
517GiX5EW0L,900,1200,0e/0ea5ce26.jpg
51896J2ndeL,1117,942,0e/0e559325.jpg
518qDxt7SEL,1000,1000,0e/0e2eab91.jpg
519Nzo0iX9L,1170,939,0e/0e594238.jpg
51A07xthBaL,1200,1200,0e/0ecc5d51.jpg
51AiNeOm5EL,1000,1000,0e/0ed7d280.jpg
51C3AL3TVyL,1000,1000,0e/0ee9dd6c.jpg
51CVDPfeUsL,500,267,0e/0e9119e2.jpg
51DCFrZpGQL,1300,1300,0e/0e49a7d4.jpg
51DLZVt9WML,1010,1010,0e/0e8b7741.jpg
51EgjbUTlzL,1000,1000,0e/0e2a4793.jpg
51GsbgSmj-L,1001,1001,0e/0e9b6512.jpg
51HvtNGiNwL,1000,1000,0e/0efc69af.jpg
51I0bXI5L9L,1000,1000,0e/0efab917.jpg
51JIfDL7+xL,1000,1000,0e/0e8ffcc1.jpg
51JSL-a2LAL,1001,1001,0e/0e52f2f2.jpg
51JpHYuXraL,1200,1200,0e/0e92e784.jpg
51JviDRFXnL,1500,1500,0e/0e8bab43.jpg
51KaSv7oTOL,1000,1000,0e/0e3250a3.jpg
51KkWHqUDpL,900,1200,0e/0ec7bd57.jpg
51LdjVkUXyL,496,500,0e/0ec49bdb.jpg
51LyvMuOoeL,1200,1200,0e/0ea7ad5c.jpg
51MNTIFZbXL,1000,1000,0e/0ecfb1c0.jpg
51MXFHOdOoL,1100,1100,0e/0e8d137c.jpg
51MpMRJaa2L,1000,1000,0e/0ea8e59e.jpg
51MzhY74XcL,404,500,0e/0efa74e0.jpg
51N-Hnk5hsL,777,1271,0e/0eb3e5bf.jpg
51NslkPrULL,1000,1000,0e/0e568cac.jpg
51Nwt+oqneL,1000,1000,0e/0ec1d899.jpg
51O2beLNr9L,1000,1000,0e/0e48e677.jpg
51OxjFIQduL,1000,1000,0e/0e503369.jpg
51PFCkEOM3L,855,1520,0e/0e7195dd.jpg
51RRigNz2gL,1000,1000,0e/0ef33448.jpg
51Styay0QaL,350,500,0e/0e6b1ffa.jpg
51U5f8Vi2cL,1236,1236,0e/0e568111.jpg
51V2wVF08JL,1000,245,0e/0ee20b18.jpg
51WvZvRvgpL,1000,1000,0e/0e48afbb.jpg
51XzTILRSmL,1300,1300,0e/0e1c6e6c.jpg
51YZAorC2zL,1000,1000,0e/0eb12189.jpg
51YZccOKK9L,967,1469,0e/0e4ed820.jpg
51ZrXRW7QvL,500,464,0e/0ec77b44.jpg
51Zri4UosxL,1200,1200,0e/0e118b4f.jpg
51arZT4Q+JL,636,1400,0e/0e54a891.jpg
51dBc25W4wL,1000,1000,0e/0e99156e.jpg
51dUl2vgAJL,1408,1408,0e/0ee1f3ef.jpg
51dltNfvORL,1000,1000,0e/0e91bc11.jpg
51e3ydV9sWL,914,1038,0e/0ebd98da.jpg
51efXnzm54L,1000,1000,0e/0e90bb0a.jpg
51fPwVzJphL,1100,1100,0e/0e5c6080.jpg
51fqRXjC8wL,1235,1235,0e/0efaac00.jpg
51hPCkxKIWL,1000,1000,0e/0ebca6f3.jpg
51htKjgF4vL,1550,779,0e/0eebf32d.jpg
51iL5neHlYL,500,250,0e/0e0a9a73.jpg
51ixMwfeE9L,225,500,0e/0e14e423.jpg
51lG-3ieECL,1000,1000,0e/0e378e9e.jpg
51lLkrZSxnL,1000,1000,0e/0e15c4e4.jpg
51mA6MAD5VL,500,500,0e/0ecc1acb.jpg
51n2NDrej5L,1118,1118,0e/0e6eb98e.jpg
51nLJahwHgL,1001,1001,0e/0e5e5b54.jpg
51oMxGN3o4L,1300,1300,0e/0ea936b0.jpg
51p-xF8SuYL,1001,1001,0e/0e886ea0.jpg
51pFcBKFj0L,336,2560,0e/0e0e565a.jpg
51pMzpEoLHL,1000,1000,0e/0e972942.jpg
51qJt926fdL,1500,445,0e/0ec9fa2c.jpg
51r3N+L4h5L,1315,567,0e/0e4d661c.jpg
51r6+qkURsL,1500,1500,0e/0e7e0a25.jpg
51rQVz5oxSL,1000,1000,0e/0ef43240.jpg
51rSgeTx70L,1000,999,0e/0ed41016.jpg
51rUVDc29FL,182,1000,0e/0ed730cd.jpg
51sgakwav4L,1200,1200,0e/0e186bef.jpg
51svOt+sRdL,500,377,0e/0eac7418.jpg
51t41mp9JkL,1425,1425,0e/0ec6cf3e.jpg
51u4IEMKt5L,1000,1000,0e/0e8eefc7.jpg
51u6LCITyuL,182,500,0e/0eff2071.jpg
51uikF87iKL,1554,510,0e/0e8d8d1d.jpg
51vE09Lg3JL,1200,1200,0e/0e7ed3b0.jpg
51vXT2PdspL,1100,1100,0e/0ed5f2fe.jpg
51viROsvFuL,1000,1000,0e/0e5bb644.jpg
51vrEl80dKL,1000,378,0e/0e41af08.jpg
51xfn2tM2dL,1000,1000,0e/0e6ab6af.jpg
51xgeIqZ7xL,1000,1000,0e/0e843ac1.jpg
51xi-H2wuzL,1000,1000,0e/0e01a556.jpg
51y1d9RfrRL,1153,1094,0e/0ed0c53d.jpg
51y8Ptid+bL,1000,364,0e/0e857288.jpg
51y8d3FT1UL,1000,1000,0e/0ec0c8cd.jpg
51yYnSVww-L,1001,1001,0e/0e44b1ad.jpg
51yyrntfNFL,1400,1400,0e/0e157354.jpg
61+QTNIYKXL,1050,968,0e/0e15dffe.jpg
61+k7JnDrtL,1305,798,0e/0e687e36.jpg
61+yDT1W4zL,1001,1001,0e/0e44aefc.jpg
61--FMmuf8L,1000,1813,0e/0e6a43d9.jpg
61-B+aGSSGL,1000,1000,0e/0ecca1bf.jpg
61-Rs6hVpiL,1800,1800,0e/0ed3a5ed.jpg
61-Z-MlvJCL,1966,1966,0e/0e1929fd.jpg
61-sfbTdi7L,268,2560,0e/0e2a7010.jpg
6108G10p51L,675,1200,0e/0e95304f.jpg
610C2Z-cvML,1300,640,0e/0e93252d.jpg
610ZWffYqDL,1000,1000,0e/0e5441f5.jpg
610rznhQS9L,1315,1239,0e/0e495f3d.jpg
610uIQh0vzL,1000,1000,0e/0ea379fb.jpg
610uTdRNWDL,2500,582,0e/0ee3c118.jpg
610vH+M6rZL,2200,1879,0e/0ee927ef.jpg
6115VA-spAL,2200,1879,0e/0eaa019b.jpg
61185yFPQ9L,1000,1000,0e/0e42417b.jpg
611AbtDyojL,1625,850,0e/0e60e962.jpg
611UycN77RL,2200,1879,0e/0ea62117.jpg
611ZuF4DWlL,2200,1879,0e/0e504a48.jpg
611i1nlLESL,1100,1100,0e/0ed7e180.jpg
611nKuiw+eL,1478,2218,0e/0e0d9cd8.jpg
611u8-K9jZL,1800,1143,0e/0e594ad1.jpg
612SMXDC+mL,2200,1879,0e/0e07e272.jpg
612XJJU1U-L,1500,2000,0e/0ec8a350.jpg
612byB7UNTL,1707,2560,0e/0eee6d19.jpg
612lUzSXSdL,1000,1000,0e/0e04be9f.jpg
613A2ZeVfFL,1000,1000,0e/0ee048c2.jpg
613vXV5wRXL,1000,1000,0e/0efe99de.jpg
6143XW5AdHL,1444,755,0e/0e480518.jpg
614Y-tAF23L,1100,1100,0e/0e751c38.jpg
614Zsi4vyLL,1000,1000,0e/0ea3fcf0.jpg
614hpfpa5sL,1625,850,0e/0e3024a7.jpg
6150B4RIzUL,1300,1300,0e/0e867f87.jpg
6151mp0h52L,2560,689,0e/0e158e8c.jpg
61520frK+rL,1000,1000,0e/0ee12709.jpg
615LZPT-8tL,1285,852,0e/0ed12177.jpg
615UoZWnpxL,1500,1500,0e/0e1df521.jpg
615Y5LMf1tL,1000,724,0e/0eab10f7.jpg
615zsEFBinL,948,1538,0e/0efdc8b1.jpg
616UA7UteYL,2200,1879,0e/0e30eb02.jpg
617+l0JKBxL,1444,755,0e/0e182e8a.jpg
6177GfrjqPL,1444,755,0e/0e03060c.jpg
617Jr+oDMOL,1001,1000,0e/0ef4a272.jpg
617ufLLhloL,1001,1001,0e/0ed4a813.jpg
618-X0MrLgL,1188,1688,0e/0e23eff6.jpg
6180+MHztCL,1000,1000,0e/0e2cf167.jpg
6182iinPsiL,1444,755,0e/0e0f33ad.jpg
618EEt66LJL,1024,683,0e/0ea69383.jpg
618HqezsY9L,1316,1308,0e/0e27bd0e.jpg
618derwFNeL,1200,1200,0e/0e3efd17.jpg
618kLNIdxcL,848,2248,0e/0e9792dd.jpg
618oGxKzeSL,1200,1200,0e/0e810f7b.jpg
618ouGth9pL,1000,721,0e/0e2f2157.jpg
618uVA3BJbL,1200,1200,0e/0e4bc4be.jpg
618vXL4ZWzL,2200,1879,0e/0e2d3088.jpg
618yKy7sqkL,1000,1000,0e/0e94eeed.jpg
619++hhQKUL,2560,1739,0e/0e15a43f.jpg
6195nux1x3L,776,1071,0e/0e731bbc.jpg
619Ou0W2-0L,1001,1001,0e/0e9f26c7.jpg
619RcgVnD2L,2160,2160,0e/0ed28850.jpg
619gBO19RtL,2200,1879,0e/0e98f545.jpg
619kwOCrmkL,1707,2560,0e/0ed3e7c1.jpg
61A8DD+S14L,1000,1000,0e/0e9ffb8b.jpg
61ATHm9BiZL,1299,2239,0e/0eaaac67.jpg
61AjJuq9zJL,1200,1200,0e/0ecbe50e.jpg
61B8CuvXxtL,1000,1000,0e/0e94bcbc.jpg
61BbLbXUYEL,1000,1000,0e/0e8d454f.jpg
61BgbPz-xPL,539,1599,0e/0e56aafc.jpg
61Bk4eoM-FL,2200,1879,0e/0ec6bbf6.jpg
61C0Lonu43L,629,1155,0e/0e747892.jpg
61CDYFCAvrL,1811,683,0e/0e82a1aa.jpg
61CnC87bG3L,2200,1879,0e/0e3bd1bf.jpg
61D-85YchgL,1200,1200,0e/0eafcc98.jpg
61D3q7OpmcL,2200,1879,0e/0e94cef2.jpg
61DETCSOkeL,2560,545,0e/0ee39c74.jpg
61Dm4VgZcTL,1444,755,0e/0ec1043d.jpg
61Du5OT8HtL,1500,1500,0e/0e3dd476.jpg
61DvLyVzObL,2000,2000,0e/0e1844c6.jpg
61DzfuSBVoL,2200,1879,0e/0e838ab0.jpg
61E3W4TccuL,1000,1000,0e/0e48ff3d.jpg
61Eo8HkYL+L,542,2560,0e/0e272094.jpg
61Ep2LSOnNL,435,2263,0e/0e637c4e.jpg
61FC-9CXq1L,1316,1308,0e/0e3c00d1.jpg
61FOoq-wRuL,757,1519,0e/0ec1fcbf.jpg
61FxoHbrXxL,619,1230,0e/0edee332.jpg
61G7A+CDEZL,1315,1239,0e/0edee320.jpg
61GBBDlyJ9L,1316,1308,0e/0e38faa6.jpg
61GT7F9VcjL,2200,1879,0e/0ec6d0ab.jpg
61GVXFFXIIL,985,1009,0e/0eec603d.jpg
61GaMWOGQML,2200,1879,0e/0e53424d.jpg
61HLnNjQuBL,2200,1879,0e/0ec51a7e.jpg
61IF13M0nUL,1371,585,0e/0e422619.jpg
61IF2AYQR6L,1659,1691,0e/0eb07bf8.jpg
61IfAtgnQDL,1000,1000,0e/0e1156dc.jpg
61JVJkSZ43L,1138,2087,0e/0e51cfe7.jpg
61Jbf0Se-0L,1316,1308,0e/0e1f6930.jpg
61KSSZldr5L,1500,868,0e/0eefe1f4.jpg
61KgKpjm1UL,1024,792,0e/0e12bb2b.jpg
61L+BkE9uIL,690,2467,0e/0e39a5c1.jpg
61L7R1YgKfL,850,1050,0e/0e7c6749.jpg
61LEIGxRA9L,1444,755,0e/0eb54a86.jpg
61Ld5DM57KL,1000,1000,0e/0e578d68.jpg
61Li8ZXS43L,1163,969,0e/0e521ec1.jpg
61MN9T4t-aL,1882,1152,0e/0ef6e1ac.jpg
61MQWeXLoNL,1625,850,0e/0e134e84.jpg
61MbNkXAsRL,1000,1000,0e/0e9d973a.jpg
61MoPiIpsLL,1007,769,0e/0e4cb149.jpg
61N4f6dNGeL,1000,1000,0e/0e52c774.jpg
61NIGXKHyCL,1100,1100,0e/0ef3be5d.jpg
61Nf1ve7TiL,1454,1454,0e/0e72fe51.jpg
61NsR+1dHyL,2200,1879,0e/0e5a2ded.jpg
61NwQaMvL2L,1000,1000,0e/0ef295c1.jpg
61O0caC5DuL,1052,1052,0e/0e32774c.jpg
61O7YExwxgL,1500,1500,0e/0ea6841c.jpg
61ORozjLLAL,1300,1300,0e/0ee23080.jpg
61OUIIxo9RL,1000,1000,0e/0edd7983.jpg
61OXaMMOvtL,2560,579,0e/0e6033d0.jpg
61Oc1PkZqBL,267,1962,0e/0e72b3bc.jpg
61OiN828HRL,1000,1000,0e/0e52ee99.jpg
61OkoHsq5HL,1352,1352,0e/0ee5158b.jpg
61PX-z1vzNL,1200,1200,0e/0ed48b91.jpg
61PX8HD5dbL,433,1000,0e/0eb37711.jpg
61Pdneo3gVL,1001,1001,0e/0e45be7b.jpg
61QKEVoxAQL,2200,1879,0e/0e917bcd.jpg
61QKX2NS1wL,1444,755,0e/0e5cb85b.jpg
61QSDH1JWEL,518,1473,0e/0e44eaa3.jpg
61QSEa2cHLL,1316,1308,0e/0ebe901c.jpg
61QjgCSF93L,2000,2000,0e/0e07c89c.jpg
61RtMK+QMcL,1500,1500,0e/0e848044.jpg
61RthAWQgUL,2388,2388,0e/0e92f5b0.jpg
61SHqw3Iq0L,1315,1239,0e/0ee4f519.jpg
61SPimv9vdL,1605,1605,0e/0ed41cbc.jpg
61SSBboneXL,1000,1000,0e/0ebe9180.jpg
61Sda6GqJCL,1316,1308,0e/0e9cfcdc.jpg
61TPQc0x7eL,1315,1239,0e/0e9f4897.jpg
61TQbHkkSHL,1444,755,0e/0ef75fcd.jpg
61TjAfPS-kL,1347,1559,0e/0ec2fb04.jpg
61ToaYKC7TL,1000,1000,0e/0e167529.jpg
61Tr2Y5BPJL,1516,2560,0e/0eda4317.jpg
61UK5eNl+IL,1920,2560,0e/0e809bbe.jpg
61USfQ5FPuL,1444,755,0e/0e4a3c44.jpg
61UjP4xJ1ZL,1000,1000,0e/0e8625d2.jpg
61Uldj2pbhL,901,1500,0e/0ede1539.jpg
61V+cDdE46L,1444,755,0e/0ebbe00b.jpg
61V-oL204fL,1000,1000,0e/0e59722e.jpg
61VLQuxlSXL,1001,1001,0e/0e32ea30.jpg
61VgFHYRyHL,1015,1500,0e/0e845928.jpg
61Vp6nV9C5L,1001,1001,0e/0e8dacba.jpg
61VrSRSiO5L,1316,1308,0e/0e8470eb.jpg
61W8B-oAilL,1027,2560,0e/0e4550c2.jpg
61WIsoijT6L,1000,1000,0e/0e7c4d6b.jpg
61WSqt8CoOL,542,2560,0e/0e7290d5.jpg
61X+TAr-UzL,1625,850,0e/0e0a1e9a.jpg
61XaqpN6R2L,1500,1259,0e/0ee2c580.jpg
61XcW-XTmmL,1049,1684,0e/0efa843f.jpg
61XdJsg2EwL,1000,1000,0e/0e5d04fc.jpg
61XliFKKfyL,1600,1600,0e/0e768e89.jpg
61Xm5ooNB8L,900,1200,0e/0eabb458.jpg
61Y7vqzfSmL,1580,1155,0e/0e94b844.jpg
61Ybob5c+4L,1000,1000,0e/0e1c4c00.jpg
61ZhQAbYpaL,1500,1500,0e/0eb49265.jpg
61Zw2+W-WpL,1200,1200,0e/0eba80e7.jpg
61a-pIY1YrL,1000,1000,0e/0eb47157.jpg
61aPgM4EADL,1500,1500,0e/0ef08e52.jpg
61akWcAuhDL,1382,1000,0e/0eeecdec.jpg
61apqL-h2DL,1100,1100,0e/0ec3333d.jpg
61asCReK7pL,2200,1879,0e/0e139079.jpg
61au4wCSxTL,2560,825,0e/0e17e93f.jpg
61c+WfYgfnL,2200,1879,0e/0e368752.jpg
61ce0nEPcJL,479,2496,0e/0eb68c65.jpg
61ch-VT8coL,1001,1001,0e/0e7b366f.jpg
61cqhfthWbL,1737,1737,0e/0e1fc18f.jpg
61cx33A-msL,1050,1050,0e/0ee1ec1d.jpg
61dMVUThHxL,1500,1500,0e/0e91a533.jpg
61dRCNsqu1L,1800,1143,0e/0ecfd093.jpg
61dYn-kOMML,2200,1879,0e/0e2afc35.jpg
61eK-RDCrqL,2200,1879,0e/0e4d09d5.jpg
61eMLFi3NjL,1444,755,0e/0ec46e2e.jpg
61eRn3xNOkL,1000,1000,0e/0e4850bb.jpg
61eYArkaBlL,1200,1200,0e/0e32011a.jpg
61ebmyfLmsL,1000,1000,0e/0ed51164.jpg
61edVuiCyEL,1500,989,0e/0ed57de6.jpg
61emIgF-mUL,1444,755,0e/0e3eb140.jpg
61ftFOqo9jL,1000,1000,0e/0e40c0cf.jpg
61g+XbvrprL,2200,1879,0e/0e7c1dbd.jpg
61gUE3i5F8L,1495,2560,0e/0ead3e7f.jpg
61gnd6UaeAL,1200,1200,0e/0e26efad.jpg
61hT9GGIqPL,1315,1239,0e/0e1b9b9f.jpg
61hX2hBFjiL,1200,1200,0e/0ee41de1.jpg
61hawyOr2+L,791,2560,0e/0e387fae.jpg
61hbGkqkwtL,1319,668,0e/0e670275.jpg
61hpUq60N8L,1500,1500,0e/0e657674.jpg
61hye0zd5zL,1706,2560,0e/0ef8a8ca.jpg
61hzuSkRxCL,1000,1000,0e/0ef26861.jpg
61iY4QRhZ-L,1500,1500,0e/0e5ff9c9.jpg
61iqbEs1IOL,1000,1000,0e/0e926f32.jpg
61jK9aLcarL,1500,1500,0e/0e34c2e3.jpg
61jt5ssgnQL,2200,1879,0e/0e5abd5f.jpg
61kAOsfH-IL,2000,2000,0e/0ee7debd.jpg
61kQKODw0CL,2200,1879,0e/0ec2e226.jpg
61koW13BApL,1500,1500,0e/0e409bb3.jpg
61kofGkyhWL,2560,1323,0e/0ebc8c2e.jpg
61kz0jAfZoL,1500,1500,0e/0eac93a0.jpg
61l28JC5zAL,1444,755,0e/0ea675ef.jpg
61l8yfnxwWL,1033,1113,0e/0e4ab6db.jpg
61lFx417FOL,1500,1500,0e/0e636b08.jpg
61lR7Hs3UgL,1001,1001,0e/0e987c1b.jpg
61lUH8ZSS+L,2000,2000,0e/0e52776f.jpg
61lyjPwWzpL,1315,1239,0e/0eaf8e47.jpg
61m2HIKFBBL,1201,2329,0e/0eda0cee.jpg
61mPnf+vQyL,1316,1308,0e/0ebf720b.jpg
61mSwJAgQKL,1749,1749,0e/0e8f3b5a.jpg
61mYrl9JLOL,1316,1308,0e/0e832afc.jpg
61mkS0lIvML,1316,1308,0e/0ef7969d.jpg
61mkYKJkclL,2200,1879,0e/0e9e6847.jpg
61n03gbPDIL,1136,1136,0e/0e170bc8.jpg
61n9GomYXRL,1000,1000,0e/0e8d84e4.jpg
61nM+2o49KL,1000,1000,0e/0e0b481b.jpg
61nXkDiapIL,2200,1879,0e/0ebbd149.jpg
61nqGpRQL4L,2000,1700,0e/0e8a04e3.jpg
61nvTukAnoL,1000,1000,0e/0e516f01.jpg
61o80+nD6ZL,1500,1500,0e/0ea226fc.jpg
61ovd3KLooL,2200,1879,0e/0e190c70.jpg
61pK-manCCL,2200,1879,0e/0eaf54fd.jpg
61pMY6JmrUL,1000,1000,0e/0eed508b.jpg
61pW5oEe5mL,1000,1000,0e/0e614142.jpg
61pfVIuggqL,1301,1301,0e/0e321b25.jpg
61pj3MqWkqL,2560,1621,0e/0e3778e8.jpg
61ptqT-njKL,880,1248,0e/0e20fd25.jpg
61qGcqpwLQL,1444,755,0e/0e433762.jpg
61qTJk1QKtL,2560,633,0e/0e666290.jpg
61qeYbKckAL,1500,1240,0e/0e34fda1.jpg
61rMiVerW2L,1000,1000,0e/0e0afbc0.jpg
61rjWA41-1L,1315,1239,0e/0ee7dd82.jpg
61sPAdV6bWL,1976,1976,0e/0eead583.jpg
61sfdTiBIRL,1000,1000,0e/0e9ae431.jpg
61sgbwSDvRL,1485,2560,0e/0e3d1435.jpg
61tKZH2CVoL,2200,1879,0e/0eb17819.jpg
61tKw+RefrL,1000,1000,0e/0ec0c051.jpg
61tUynsuh4L,1200,1200,0e/0e4dc088.jpg
61tXHoG-0bL,816,1000,0e/0e5910f8.jpg
61u3AO6HWjL,1319,2383,0e/0e698aa6.jpg
61u82iOIqUL,2560,1739,0e/0e3108bc.jpg
61uNDe0X6lL,2560,1254,0e/0e76c0a3.jpg
61uNbIocRIL,1444,755,0e/0e6237e8.jpg
61umJHz17TL,237,2500,0e/0e040aac.jpg
61vJsoRNwgL,603,1498,0e/0e4a8cc6.jpg
61vPzgnET7L,2560,796,0e/0ea4e662.jpg
61vZSmFjMAL,1000,1000,0e/0e55de0b.jpg
61vtqKqIH1L,1100,1100,0e/0e2850cb.jpg
61w3mpZcg6L,1979,1979,0e/0e6c1ad8.jpg
61w6faBXEDL,1001,1001,0e/0e1c19c7.jpg
61w7DCkplwL,1500,1500,0e/0e84a9d9.jpg
61w99nDn64L,1224,1224,0e/0eead8e3.jpg
61wJncVd4mL,1000,462,0e/0e6c2952.jpg
61wX3EXIFCL,859,1500,0e/0ef2a17e.jpg
61wuOLTYX1L,2000,2000,0e/0e65a3b2.jpg
61x+bM7lz5L,1000,1000,0e/0e782fc9.jpg
61x4lMhlm1L,1100,1100,0e/0ee0082c.jpg
61xezJGOOzL,1000,1000,0e/0e89a21c.jpg
61y4hTjgqTL,1500,1500,0e/0e9eb6e8.jpg
61y7-8kQ0pL,1000,1000,0e/0ef80697.jpg
61yHe7BuBbL,1001,1001,0e/0ebd95cc.jpg
61yNkz+HlZL,1200,1200,0e/0eb3da50.jpg
61yjyMWPGgL,2560,625,0e/0e0ac394.jpg
61yp6nw3OFL,1500,1500,0e/0e82bb37.jpg
61zImTjxy9L,1000,1000,0e/0edfbae7.jpg
61zSpOkkrPL,1500,1500,0e/0efd9717.jpg
61zXW9YdpKL,1000,1000,0e/0e25f5f7.jpg
61zsK6RTKeL,1100,1100,0e/0ecf68cf.jpg
71+6i2j5EaL,1430,1744,0e/0e445934.jpg
71+BL6K+bIL,1501,1500,0e/0e0edaa0.jpg
71+OOgzBQaL,2560,2560,0e/0e26fdba.jpg
71+iMBwqy1L,1500,1500,0e/0ecb058f.jpg
71-6Hk5wmML,2200,1879,0e/0edddb7f.jpg
71-7kigRhpL,1815,677,0e/0eb8f9e2.jpg
71-CX+Pop8L,2000,2000,0e/0e739071.jpg
71-NXovyy6L,2200,1879,0e/0e2bf63d.jpg
71-RUpBmc+L,2200,1879,0e/0e1dc7ae.jpg
71-RcSNeXwL,1293,1263,0e/0e2bed27.jpg
71-brRPzb4L,2560,1582,0e/0e1d37ae.jpg
71-fmkYnXeL,2200,1879,0e/0e99b4e2.jpg
71-qp4x0BjL,2200,1879,0e/0ef35047.jpg
71-qrPkxnOL,1444,755,0e/0ee46d3a.jpg
71-sEeRMQkL,2200,1879,0e/0e251fa5.jpg
7103Ozf2JsL,2000,2000,0e/0e770c74.jpg
710CCrOiACL,2200,1879,0e/0ec6e31d.jpg
710GF8fzZ3L,2500,2497,0e/0ebf9ee9.jpg
710VCLkwdBL,1973,2560,0e/0e7c5984.jpg
710Vv+0uajL,2200,1879,0e/0ec4e067.jpg
710YWBSJ5TL,2200,1879,0e/0e4f5a4b.jpg
710hU0sRFUL,2200,1879,0e/0e513897.jpg
710n9OvoEwL,2200,1879,0e/0e7a16f6.jpg
710sEut23uL,2560,1120,0e/0e58f24e.jpg
710su+Y3-KL,1316,1308,0e/0efa20b5.jpg
711438viFnL,2200,1879,0e/0e7c4cda.jpg
711O1QSxnPL,1100,1100,0e/0e359c9c.jpg
711pEuWw7XL,2560,1477,0e/0ee8f2fe.jpg
711w-TZGkaL,1500,1500,0e/0e7e5f96.jpg
711zDLeMS2L,2200,1879,0e/0e7b0fce.jpg
7129m8T6bKL,2200,1879,0e/0e2c00d2.jpg
712DqhUL+KL,2560,2560,0e/0e860dc1.jpg
712i0dZCI1L,2200,1879,0e/0e600606.jpg
712oEgHTQuL,2200,1879,0e/0e18d5e0.jpg
712z0kVe1lL,2200,1879,0e/0ee101be.jpg
713+5LCECJL,1500,1500,0e/0e19c85c.jpg
713+OgoHNcL,2200,1879,0e/0e8d28fc.jpg
7133rPSak9L,2200,1879,0e/0ef70429.jpg
7136aNUZpCL,2200,1879,0e/0e893d71.jpg
713HXbTx83L,2200,1879,0e/0e1a4559.jpg
713Pxt5UNBL,2200,1879,0e/0e8e409d.jpg
713S6QgEB6L,2200,1879,0e/0eb4717c.jpg
713gfr09V2L,2560,1810,0e/0e69b274.jpg
713wqllKz+L,2200,1879,0e/0ee8fccf.jpg
714+KokPwOL,2200,1879,0e/0e884d2b.jpg
714VOyJjb3L,1000,1000,0e/0e292b8e.jpg
714X60EHFCL,2200,1879,0e/0e6827a0.jpg
714YfE6ATNL,2560,2560,0e/0efc4b68.jpg
714aa1v00dL,1500,1500,0e/0ebcac3c.jpg
714bBC+yA1L,2560,1143,0e/0e635bf0.jpg
714qD8Gh43L,2200,1879,0e/0ec3c968.jpg
714s1CLL0sL,2200,1879,0e/0e514281.jpg
714yyEVi1KL,1389,1500,0e/0ea32f17.jpg
715KVwV8aaL,1625,850,0e/0e272c0e.jpg
715P3E2B34L,2560,2560,0e/0e92a311.jpg
715RFrYeFML,2560,1898,0e/0e57a0f6.jpg
715U-iWG+AL,2200,1879,0e/0e20cf67.jpg
715banxHvGL,1746,621,0e/0eb9ac55.jpg
715jgGm7+aL,1050,2560,0e/0e4c957d.jpg
715qtRI17eL,2200,1879,0e/0eb3e7aa.jpg
715wPb29aSL,1024,2560,0e/0e58b245.jpg
716-aIWkl2L,2000,2000,0e/0e581d3f.jpg
7162Eu9YD3L,1387,2560,0e/0e9130aa.jpg
71687MuJZFL,2200,1879,0e/0e4cf24b.jpg
716FxJ-VaSL,2200,1879,0e/0e9d588c.jpg
716Ky4FlkVL,2200,1879,0e/0e313909.jpg
716sx3VfBFL,2200,1879,0e/0e77d4a6.jpg
7172+cGUt8L,2200,1879,0e/0efa5b1b.jpg
71780vTIwgL,2200,1879,0e/0ef02f87.jpg
7178gnFKjHL,1958,2560,0e/0ec64951.jpg
717TaSVfECL,2200,1879,0e/0eb54872.jpg
717hrhuDB8L,2200,1879,0e/0eb3839b.jpg
717hw8z2UrL,2200,1879,0e/0e2ee4d5.jpg
717lyqKmz8L,2560,826,0e/0e46c997.jpg
717vwNuVP5L,1774,2275,0e/0e89ea42.jpg
718Zpq1OY6L,2200,1879,0e/0e7b1451.jpg
718gTqohz9L,2079,2079,0e/0ebfa9b1.jpg
718geOQ8-lL,1200,1200,0e/0ee11c9f.jpg
718kKmRPGgL,2200,1879,0e/0edc6043.jpg
718lXewXS8L,1863,1863,0e/0e6a70dc.jpg
718vxi4123L,2200,1879,0e/0e772e63.jpg
718w7B0ibmL,1500,1500,0e/0e1820ad.jpg
7193Bt4D7tL,2200,1879,0e/0e13edc9.jpg
7195r9NgpfL,2560,993,0e/0e4b4bc4.jpg
7199qOa+J+L,2200,1879,0e/0e552429.jpg
719AiYORpUL,2200,1879,0e/0e8438f7.jpg
719Ap-2TebL,2200,1879,0e/0ea5ee29.jpg
719AwPs3dWL,2200,1879,0e/0ef7d6bf.jpg
719FfW4uutL,2200,1879,0e/0ef77537.jpg
719IorIVOwL,2560,2560,0e/0e1b08bf.jpg
719KSuclKGL,1500,1500,0e/0e0536a2.jpg
719ayC8xOWL,2200,1879,0e/0ef5a8f8.jpg
719cY0dCkgL,1709,2560,0e/0e629729.jpg
71A3Gp9Z2oL,719,2186,0e/0e5e7316.jpg
71A4Mcoi2IL,2218,2218,0e/0e0c1cac.jpg
71AM1VDaNtL,2200,1879,0e/0e4a8ecf.jpg
71ASi0U-f2L,2200,1879,0e/0e08f05e.jpg
71AZ6GG2J+L,1707,2560,0e/0ed0a9db.jpg
71Aij0E776L,2200,1879,0e/0e320ab6.jpg
71ApwsQ4hvL,2200,1879,0e/0ed0feef.jpg
71ArYhFzfYL,564,1341,0e/0e886482.jpg
71ArosAVi-L,2200,1879,0e/0e4d51c4.jpg
71As-y6+rCL,2200,1879,0e/0ef4906e.jpg
71Awis3UyDL,1000,1000,0e/0e8cb716.jpg
71B2cF22L8L,2200,1879,0e/0e2c3481.jpg
71B6dOw288L,2000,2000,0e/0ea99d8f.jpg
71B8Zywp0ML,1300,1300,0e/0e753834.jpg
71BUUkJbXeL,2200,1879,0e/0e46ba5b.jpg
71BVpHQhRjL,2200,1879,0e/0e7737f3.jpg
71BhtHV16hL,2022,1815,0e/0e9e344b.jpg
71Bmg4RL04L,2560,1379,0e/0eefc5e0.jpg
71BnLFmlQXL,2560,2560,0e/0eb90ac4.jpg
71BtKLn-ZUL,2200,1879,0e/0ee20f35.jpg
71ByNKlt0jL,1777,2560,0e/0e1b8fa0.jpg
71C+mKltvmL,2200,1879,0e/0ef86570.jpg
71C10BeCLjL,1000,1000,0e/0e51cdc8.jpg
71C22Ll-fDL,1342,2560,0e/0e9ced94.jpg
71C2lULGokL,2560,2560,0e/0ec8be37.jpg
71C2lbeSsVL,1850,1850,0e/0ec1e887.jpg
71C6GgDJNfL,2200,1879,0e/0e4c6d8d.jpg
71CHxdWQiML,1943,1419,0e/0eff262f.jpg
71CL5ax9XHL,2200,1879,0e/0e681f7d.jpg
71CLdk5UHKL,1625,850,0e/0e62026b.jpg
71CXXkf7LDL,2236,1014,0e/0e702d53.jpg
71CpCh36UpL,2200,1879,0e/0e748b48.jpg
71CqB6iiOTL,2200,1879,0e/0e9cd833.jpg
71CugnGnOoL,2200,1879,0e/0e760f32.jpg
71CvvOnjr3L,2500,875,0e/0e27d30b.jpg
71Cwpt8f7VL,796,2471,0e/0e484a30.jpg
71D1GsUji3L,608,2109,0e/0e55f381.jpg
71D4F4-l05L,2560,1709,0e/0e478bfd.jpg
71D59NG6t6L,2200,1879,0e/0e59e2fa.jpg
71DLK8rxrgL,2200,2200,0e/0ee26df8.jpg
71DTdKopZoL,2200,1879,0e/0eb8a05c.jpg
71DUFOHwqWL,2560,1953,0e/0e19fb6a.jpg
71DVs-LEe-L,2000,2000,0e/0e98e5f7.jpg
71DYqJdRevL,1707,2560,0e/0ef429a3.jpg
71DZ5eSAxPL,2560,2560,0e/0ef0bda4.jpg
71DkxvWpyuL,2200,1879,0e/0ee96b50.jpg
71Dn7fsPuHL,2200,1879,0e/0e89f905.jpg
71Dr5HNuGhL,1500,1500,0e/0e87c11b.jpg
71EYBVC67FL,2400,2400,0e/0ee26a2a.jpg
71EdC+xvsxL,2505,2505,0e/0eb7d395.jpg
71EfM-FcD-L,2200,1879,0e/0ec4add5.jpg
71F6nutpKjL,2000,2000,0e/0ec72ccd.jpg
71FAgX4L8KL,2340,2560,0e/0e086e3c.jpg
71FFgyuoD1L,1000,1000,0e/0e7f3c07.jpg
71FFktlVBgL,1962,2560,0e/0eeda300.jpg
71FGXvtmT8L,2200,1879,0e/0efacd40.jpg
71FM-iBaJwL,992,2560,0e/0e294483.jpg
71FRPRA5nSL,1261,1397,0e/0e6b29a6.jpg
71FYxpv8t9L,1055,2344,0e/0e36f7a2.jpg
71FcNXh1kVL,2560,1969,0e/0ed4cec5.jpg
71Fe0wOeZxL,2200,1879,0e/0e0938b6.jpg
71FoiX4tYUL,2200,1879,0e/0e634753.jpg
71FuzDElb9L,2200,1879,0e/0e14ca0f.jpg
71FuzZtiUjL,2200,1879,0e/0ea61991.jpg
71G2f4T4+-L,1491,1595,0e/0eae8b67.jpg
71G3593gfJL,2000,2000,0e/0e1b7763.jpg
71G4L2ZSoZL,2560,2560,0e/0e23726f.jpg
71G86ZSHPiL,2200,1879,0e/0e2b129f.jpg
71GMJK2XUnL,2200,1879,0e/0eb4d5c0.jpg
71GQp6CFuuL,2560,2560,0e/0ed895a5.jpg
71GRCM3r7tL,2403,2403,0e/0e04b8d7.jpg
71GVuCpl0VL,2200,1879,0e/0ecdbddb.jpg
71GkbVceFeL,2200,1879,0e/0e1ede68.jpg
71GnJarycpL,1000,1000,0e/0e632dcc.jpg
71GviepiMlL,2200,1879,0e/0e19c771.jpg
71H+0eeEPPL,2200,1879,0e/0eb957c6.jpg
71H51fyGgLL,2200,1879,0e/0e9fa3ba.jpg
71HdzeHSxTL,1000,1000,0e/0e40c987.jpg
71HhJKk6wrL,1500,1500,0e/0ed26835.jpg
71HiTAwDuHL,2200,1879,0e/0e0a340f.jpg
71HtVLOTj7L,2200,1879,0e/0ee72f6f.jpg
71HyRjcM+pL,2200,1879,0e/0ec308c8.jpg
71I0zJZJq+L,2200,1879,0e/0ed739c1.jpg
71I6tNKoAyL,1775,1262,0e/0ef6e3e5.jpg
71IJf6jshnL,2560,1707,0e/0e72df1e.jpg
71IL5rE4nWL,2200,1879,0e/0e15cd79.jpg
71IukeX7YqL,2560,2560,0e/0eea4ca5.jpg
71IyShp3U6L,807,1705,0e/0ed761bb.jpg
71J4EPNXXEL,2560,2560,0e/0ec3e7e7.jpg
71JFsZg4aQL,1749,2560,0e/0eb77449.jpg
71JPTgudFtL,1329,1329,0e/0e5d36a6.jpg
71Jd-cG-c+L,2200,1879,0e/0e8d41dd.jpg
71JiftxrE5L,2013,664,0e/0eb7b633.jpg
71JsfHL-sRL,1500,1500,0e/0e2099ba.jpg
71K3yieXtfL,2200,1879,0e/0e71949c.jpg
71K7oPUmJVL,2274,2560,0e/0eac8f50.jpg
71K84NFms8L,2206,2206,0e/0ef5dec6.jpg
71KR6PrsU4L,2200,1879,0e/0ea5fe16.jpg
71KVZ2XB5PL,1200,1200,0e/0e0ce5e5.jpg
71KuMQrdR4L,2200,1879,0e/0e327c0b.jpg
71Kytuk0kKL,1675,1020,0e/0eb70005.jpg
71L00hm3FbL,2200,1879,0e/0e79a504.jpg
71L4XC5dCHL,2560,1920,0e/0e67b7ad.jpg
71LAJjskWZL,2119,2208,0e/0e67d188.jpg
71LNDuLepcL,2112,2400,0e/0e6bdd34.jpg
71LO2zgT9gL,1050,1050,0e/0e065f59.jpg
71LTJn5EOWL,2000,2000,0e/0e4ea389.jpg
71LpRs72CgL,2200,1879,0e/0efdca5b.jpg
71LsDmWyx2L,2000,2000,0e/0eb5e213.jpg
71M-1h4VyNL,1841,2560,0e/0e3e37dc.jpg
71M71mMgoLL,2200,1879,0e/0efe2196.jpg
71MGwV1CgOL,2200,1879,0e/0eb95d65.jpg
71MUn+kjK3L,2200,1879,0e/0e9323d2.jpg
71MgoK4d9kL,2560,1844,0e/0e5bd312.jpg
71Mz93pQwrL,2560,1707,0e/0ee79672.jpg
71N1-VE+m-L,2200,1879,0e/0ebe36d0.jpg
71NKL6vmaAL,2200,1879,0e/0ef19cf6.jpg
71Nw96YSPTL,1500,1500,0e/0eae2cb2.jpg
71O0TNopT9L,855,2560,0e/0eb3e362.jpg
71O3FuS9g1L,1294,1600,0e/0e1514fa.jpg
71O8iqGLVlL,2200,1879,0e/0ed942d5.jpg
71OMExNrJiL,2560,2560,0e/0e156091.jpg
71OWHP6DwAL,2000,2000,0e/0ec6ea40.jpg
71ObCEat40L,2560,1143,0e/0e1bfd50.jpg
71ObD7iJmwL,1329,2560,0e/0edfe281.jpg
71OepylAa+L,2003,2000,0e/0eea55a4.jpg
71Om-uOnw4L,2200,1879,0e/0e13b5c2.jpg
71OveaZjDsL,1500,1500,0e/0e5999cf.jpg
71OwaJu-QlL,1000,999,0e/0ed83e58.jpg
71P9DZHcd6L,2560,2560,0e/0e576215.jpg
71PClRajjQL,1500,1500,0e/0e4f60c8.jpg
71Php628tJL,2000,2000,0e/0ec9ffdc.jpg
71QG4QTCmCL,2200,1879,0e/0ef7f6ea.jpg
71QhbOrNFeL,730,2560,0e/0e58f3a9.jpg
71Qo2AI8iOL,2529,1886,0e/0e94b11b.jpg
71QpExEW2vL,2200,1879,0e/0ed93e1f.jpg
71RLer6N8wL,2000,2000,0e/0e50e99a.jpg
71Rbdq5ELbL,2200,1879,0e/0ed6d7c8.jpg
71ReZFCGK8L,2200,1879,0e/0e252d68.jpg
71RhozvqV2L,2200,1879,0e/0e04a6aa.jpg
71RkzO-MjcL,2200,1879,0e/0eecaee7.jpg
71Rpt4I++rL,1001,1001,0e/0efbdc19.jpg
71Rpwb+gcUL,1651,1442,0e/0edd1665.jpg
71RzVMU1xAL,2560,2560,0e/0ed47c85.jpg
71SHCkH-9nL,1176,1500,0e/0ed3633f.jpg
71SUfsHm98L,1438,2084,0e/0ece694f.jpg
71Sd3j4qOlL,2200,1879,0e/0ef24517.jpg
71Sv++oOV6L,2560,2560,0e/0e182681.jpg
71SvidcTTPL,2200,1879,0e/0e1e4bc4.jpg
71Sw0CLz5gL,2200,1879,0e/0ef8ece0.jpg
71T+XCPg0kL,2200,1879,0e/0e57d416.jpg
71T-Gyn6y9L,1500,1500,0e/0ea64797.jpg
71T5WR12wqL,2200,1879,0e/0e5eef2f.jpg
71T6vxHjj1L,2500,1309,0e/0ecc1784.jpg
71T8YGCAftL,2200,1879,0e/0e5712c7.jpg
71TB7W6-PSL,2200,1879,0e/0e346c8f.jpg
71TCJosZ-xL,1200,1200,0e/0e6210f2.jpg
71TFghvld3L,2560,1358,0e/0eb995f0.jpg
71TG4afAxZL,2441,1090,0e/0eab1f3f.jpg
71TN9kBiHFL,2200,1879,0e/0e985b8c.jpg
71TVnt43oWL,1300,1300,0e/0e4c7c5d.jpg
71Tud0aeKXL,1500,1500,0e/0e9a7c12.jpg
71U2-po3QHL,2500,1274,0e/0ec66b3f.jpg
71U4JRi-Q9L,1001,1001,0e/0e178438.jpg
71UOvaaGGLL,1315,1239,0e/0edc6fe5.jpg
71UXJtN05pL,2560,1671,0e/0e9614e9.jpg
71UYTFFioEL,2200,1879,0e/0e20dc16.jpg
71UaaYC1pPL,2200,1879,0e/0e25d941.jpg
71UcmKDZEAL,2200,1879,0e/0e4427e9.jpg
71UuFnHgfSL,2200,1879,0e/0e1c6a92.jpg
71V6oSo2vQL,2200,1879,0e/0ebe7915.jpg
71VFsCJ+NJL,2200,1879,0e/0e85e376.jpg
71VSwflg83L,1448,1024,0e/0ee788dd.jpg
71VVTwh87GL,2200,1879,0e/0e6d73ba.jpg
71ViKO7g6+L,1584,1584,0e/0e301f92.jpg
71VqhEknLCL,2200,1879,0e/0ea787e6.jpg
71VrtF4VzvL,1538,2560,0e/0ead228f.jpg
71VvRsf5OSL,2083,2083,0e/0ea7c221.jpg
71W+eJhVXPL,2560,762,0e/0eeb7b00.jpg
71W3Xz9lppL,1600,1200,0e/0ed39fe2.jpg
71WFr507hpL,1200,1200,0e/0e43c7e8.jpg
71WFsqNiiFL,2500,2500,0e/0eca2421.jpg
71WHaBIizuL,1000,1001,0e/0e880ab7.jpg
71WOuJY-ggL,1500,1200,0e/0e4c3757.jpg
71WZJ3ixu1L,1347,2126,0e/0ef9987d.jpg
71Wg5cp3DfL,2200,1879,0e/0e538c32.jpg
71Wi0UuF8aL,2200,1879,0e/0e083688.jpg
71WilldOisL,569,1520,0e/0e627403.jpg
71Wytwym5cL,2560,2023,0e/0e4a84f5.jpg
71X-FA8pG3L,2200,1879,0e/0ee013db.jpg
71X0+lCc6WL,1022,1327,0e/0eed9210.jpg
71X48o27UkL,2200,1879,0e/0eece676.jpg
71XJmbv9+IL,2200,1879,0e/0e363660.jpg
71Xffu3z1jL,2000,2000,0e/0e575baf.jpg
71Xq7VFa+qL,2560,1707,0e/0e9602ff.jpg
71XxqUk2WeL,2079,1930,0e/0edef8fc.jpg
71Y+EJv-seL,1309,2560,0e/0eb1b6db.jpg
71YvNmsw2aL,1500,1500,0e/0e1667e1.jpg
71ZETSelyUL,2560,2560,0e/0eee1f2b.jpg
71ZHomztnjL,2200,1879,0e/0efc9276.jpg
71ZKCgBMO1L,2200,1879,0e/0e22bd73.jpg
71ZMsUgBZ9L,2000,2000,0e/0ee51d90.jpg
71ZT96fgW6L,1900,1900,0e/0e8381f1.jpg
71ZUodbGjCL,2200,1879,0e/0e1e4280.jpg
71ZfIEgr2sL,544,2560,0e/0e9fba93.jpg
71a-x30p86L,1950,819,0e/0e4a3862.jpg
71aCU09MGwL,1948,2560,0e/0e490b19.jpg
71aYJxKR1KL,1500,1052,0e/0e107c1d.jpg
71abPiKlwmL,2560,2560,0e/0e9dab37.jpg
71al5ZWFjtL,1517,1517,0e/0e9ce972.jpg
71ayEXEWjKL,1500,1500,0e/0ea82d38.jpg
71b72I-LfRL,2200,1879,0e/0e7cfbf5.jpg
71bBUioRmFL,2200,1879,0e/0e1a7653.jpg
71bK1IY57EL,2200,1879,0e/0e313791.jpg
71bNAJbZZ-L,1444,755,0e/0e41ac4d.jpg
71bUCErOwuL,2200,1879,0e/0ea088ad.jpg
71bUmFS3rtL,2000,2000,0e/0eb7fa9d.jpg
71baCXc+6GL,1781,1781,0e/0ea513dc.jpg
71brPzyOnNL,1810,2560,0e/0e162e7f.jpg
71btMoalNHL,1500,1500,0e/0e434ae6.jpg
71c6DByviYL,1197,1932,0e/0e0deb25.jpg
71c9GHBSlBL,2200,1879,0e/0e8771bf.jpg
71cKyBPUQjL,1000,1000,0e/0e1eab6e.jpg
71cQK5m7jdL,2200,1879,0e/0e49a571.jpg
71ceSmuzhXL,2560,1044,0e/0e6702e9.jpg
71ckXGsW4uL,2000,2000,0e/0e4c7c93.jpg
71cs+Br70PL,2200,1879,0e/0ebedfd2.jpg
71dKVaL+BiL,1444,755,0e/0e24e149.jpg
71dLhkq+fZL,2560,1809,0e/0e8ad1e4.jpg
71dNvpsPeeL,891,2027,0e/0e7ce364.jpg
71dTIeliuxL,2200,1879,0e/0ecf0ff1.jpg
71dbv8NmmGL,1296,1500,0e/0e4818b6.jpg
71dhfM7sKyL,2200,1879,0e/0e04de8b.jpg
71dmGLz1NIL,2560,1284,0e/0e2296a6.jpg
71e1leCih7L,1500,1500,0e/0e0b4389.jpg
71e32vrpU2L,2200,1879,0e/0e1e6dac.jpg
71eBfKmO+ML,1500,1500,0e/0ecb2ca0.jpg
71eCtO066xL,773,1985,0e/0ec89628.jpg
71edDJzHqXL,1772,1181,0e/0e9d37b8.jpg
71efZVydMxL,1500,1500,0e/0e22324f.jpg
71emQ+eY35L,2000,2000,0e/0e414b8b.jpg
71f+QL7UE9L,2000,2000,0e/0e884c83.jpg
71f76pO9ueL,2200,1879,0e/0e5b6223.jpg
71fGIrfquNL,1616,2560,0e/0e00108d.jpg
71fZWbC6XbL,2361,2361,0e/0ec6315d.jpg
71fao2Sf7sL,2200,1879,0e/0ecee7b3.jpg
71fbFmnNYML,2200,1879,0e/0e9491bb.jpg
71g8L236a7L,2200,1879,0e/0e1e6642.jpg
71gGfyGSNhL,2500,2500,0e/0edcc7e4.jpg
71gKTZn4f0L,2560,1969,0e/0ee48ef0.jpg
71gO8QWpGbL,2560,1271,0e/0edfafa4.jpg
71gZy5jdI1L,2200,1879,0e/0e4c3469.jpg
71gcY0ipHpL,2200,1879,0e/0e369392.jpg
71gdWNuCSHL,985,2560,0e/0e0a8531.jpg
71got8+GDDL,2560,1197,0e/0ea829d9.jpg
71gpj9Ade-L,2200,1879,0e/0ef1056b.jpg
71grANoo3KL,2200,1879,0e/0e32c069.jpg
71gx4EAZ+AL,713,1950,0e/0e111971.jpg
71gyu-1XJlL,786,2282,0e/0e4d8fe7.jpg
71h1DBz-IQL,2200,1879,0e/0e3ee543.jpg
71h4mXmHv1L,2000,2000,0e/0eda5e65.jpg
71hGC3uk5NL,1050,2560,0e/0e8c6d7b.jpg
71hOCplbD3L,2498,1411,0e/0e9360b9.jpg
71hPEOV3rqL,2200,1879,0e/0e7e75cf.jpg
71hVsm5pq5L,911,1522,0e/0ec7871d.jpg
71hX8o0f6WL,1823,2560,0e/0e42e83e.jpg
71ha5dUQ5+L,2200,1879,0e/0e029e6c.jpg
71haKq80t4L,2200,1879,0e/0ea45a25.jpg
71hmD6a0MVL,1456,1084,0e/0ee16122.jpg
71hx77sxOcL,2000,2000,0e/0ec36721.jpg
71i-LbRRAiL,2200,1879,0e/0ea88ce6.jpg
71i9ml0no5L,1313,2560,0e/0e62f439.jpg
71iIgUV2MAL,2200,1879,0e/0eff0c25.jpg
71iMyrJ7mCL,748,2171,0e/0ebe8b1a.jpg
71iRDISjIXL,1500,1196,0e/0e765e64.jpg
71iWThyXhCL,811,1521,0e/0e73ce0e.jpg
71idjXBZE4L,2200,1879,0e/0ec03242.jpg
71ieXLEGOGL,2200,1879,0e/0e92bc9e.jpg
71ijWHpYj9L,961,2560,0e/0e18700c.jpg
71iqC9MXkaL,2200,1879,0e/0e701319.jpg
71iz8fwTgTL,2500,2498,0e/0e42fc41.jpg
71izmyzUPAL,2000,2000,0e/0e782dc5.jpg
71j3L-3nOoL,2200,1879,0e/0e3f0fa6.jpg
71j3bt92mkL,2048,2048,0e/0eb02da5.jpg
71j7O05wdmL,1099,2260,0e/0e1d47fe.jpg
71jOZP8FtoL,2202,1113,0e/0e83dce1.jpg
71jVeGcKPIL,1722,1722,0e/0ec748d6.jpg
71jW89YPosL,2200,1879,0e/0e1d0cda.jpg
71jW9cbYFhL,2200,1879,0e/0e4e07b1.jpg
71jYO47zClL,2560,2560,0e/0ec26ca9.jpg
71jcY1VHcyL,2200,1879,0e/0e3cb07c.jpg
71ju0xnJktL,2200,1879,0e/0eabbe97.jpg
71jw4QkUclL,2200,1879,0e/0ed7ec6e.jpg
71k1AbEFhpL,1741,2208,0e/0eb31bfa.jpg
71kAAhSMm5L,1115,2538,0e/0ec8360f.jpg
71kAi56JniL,2200,1879,0e/0e223e52.jpg
71kCeEs+czL,2200,1879,0e/0efe63b5.jpg
71kD4-MdioL,2200,1879,0e/0e8fb08d.jpg
71kF4d+5K5L,2200,1879,0e/0e124158.jpg
71kR76aEqFL,922,2560,0e/0e8441d8.jpg
71kU4iL4s+L,2000,2000,0e/0e8339e1.jpg
71kxLEl3aqL,2560,2560,0e/0e90e602.jpg
71kzoj612iL,2200,1879,0e/0ecdd090.jpg
71lAN5pXKwL,2560,2560,0e/0e42f8ee.jpg
71lG0DZhaTL,2200,1879,0e/0e960c47.jpg
71lLUk+jYoL,2538,1452,0e/0ef12723.jpg
71lR3sqy6XL,1343,2560,0e/0e9943f2.jpg
71lbdnPjrxL,1500,1500,0e/0e429963.jpg
71ld0Fxvb4L,2200,1879,0e/0ec1f8ef.jpg
71lqqJvkI0L,1920,2560,0e/0e2630c6.jpg
71lx4yyixFL,1315,1239,0e/0ec9a74b.jpg
71m+8SrVtIL,2200,1879,0e/0e90010e.jpg
71m7xe9y+9L,2200,1879,0e/0e840a52.jpg
71m8SZn9PCL,2560,2560,0e/0ef25d45.jpg
71mELUF0wLL,2200,1879,0e/0e5f4f38.jpg
71mPBClqpRL,1500,1500,0e/0ec4e136.jpg
71mQ5f52VJL,2200,1879,0e/0e33e979.jpg
71mWXWbXtkL,2200,1879,0e/0e849df9.jpg
71mWZ08OHFL,2560,1238,0e/0e1389b9.jpg
71mXnMSXSfL,2500,2500,0e/0e9a34fc.jpg
71mb4wg3m5L,2200,1879,0e/0e5c7bf0.jpg
71meztFaCjL,1197,2560,0e/0ed0eb93.jpg
71mgb5ZCx2L,1849,1910,0e/0ec6676d.jpg
71mquI3BG8L,923,1917,0e/0eb7903a.jpg
71n-u3ITIIL,1563,1563,0e/0e1640e5.jpg
71n2a33K2rL,2560,2034,0e/0ef68c58.jpg
71nJGEe4bKL,2000,2000,0e/0ebc1391.jpg
71nbSlr125L,2193,2193,0e/0eb8a943.jpg
71o+ZJWFn9L,2200,1879,0e/0e14caae.jpg
71oIPvV38OL,2200,1879,0e/0ebb72d5.jpg
71oIt7EJk2L,1100,1100,0e/0ed6730e.jpg
71oKJsD0ymL,2560,1920,0e/0ea59893.jpg
71oLo-OkzxL,1635,1635,0e/0eab947c.jpg
71oQ1eJ27OL,1200,1200,0e/0e15bcb4.jpg
71oZ74HPaLL,2200,1879,0e/0e283e16.jpg
71oeMvoyDqL,2200,1879,0e/0ec27ad7.jpg
71oiNABEc1L,2072,1257,0e/0e2771e9.jpg
71olV6ZJ0HL,1316,1308,0e/0e977aa2.jpg
71op560giUL,2200,1879,0e/0eb05c29.jpg
71otI5jdSdL,2560,2560,0e/0e678e7f.jpg
71p3U+tabFL,2200,1879,0e/0e127556.jpg
71p69oeEkiL,2000,1500,0e/0ecdf90e.jpg
71p6WjDVsWS,2500,904,0e/0ec5f5c9.jpg
71pDmGXNCFL,1001,1001,0e/0e67b02d.jpg
71pFbIxknEL,2200,1879,0e/0e47723a.jpg
71pMo4YZykL,1014,2560,0e/0eb0cfff.jpg
71ppMFygQBL,2560,2560,0e/0ed90a91.jpg
71pw2BFQLhL,2000,2000,0e/0e27e53a.jpg
71q2qTU3OpL,1707,2560,0e/0eea22b9.jpg
71q35mzG5sL,2200,1879,0e/0e26874c.jpg
71q36kbLPSL,1000,1000,0e/0e5d7248.jpg
71q3OlIiRrL,2200,1879,0e/0ec05ee5.jpg
71q8NBIA1XL,2200,1879,0e/0ea6bc99.jpg
71qfnLb8kFL,1602,821,0e/0ec51657.jpg
71qpmLHtOzL,2200,1879,0e/0ee46e10.jpg
71qtqvITEHL,913,1894,0e/0e12eb9c.jpg
71qx562dMGL,2200,1879,0e/0eb85957.jpg
71rDVRzSr+L,2560,2560,0e/0e2f8d3d.jpg
71rGQ23W6KL,2083,2083,0e/0e8236be.jpg
71rInLLcd5L,2200,1879,0e/0ec4b38e.jpg
71rflIUoCkL,2200,1879,0e/0e9787ce.jpg
71rhLzJxMoL,2560,1065,0e/0e7258d4.jpg
71rrTBu8R+L,2200,1879,0e/0eec0a3b.jpg
71sH1VhIHgL,2000,2000,0e/0eaec458.jpg
71sWFdtIx2L,700,1600,0e/0eb72573.jpg
71t9KLsW0IL,2200,1879,0e/0e60eb05.jpg
71tDht+i-wL,1492,1492,0e/0ed3351e.jpg
71tT2a-EffL,2313,2313,0e/0e6b5489.jpg
71tZvh3pJRL,2200,1879,0e/0e5ac8ea.jpg
71tb7FWWiQL,1071,2071,0e/0ea05f8c.jpg
71tuSgEKWHL,2200,1879,0e/0e6e6592.jpg
71tyC2TFVjS,2352,1264,0e/0ec017f7.jpg
71tyrnxl1AL,2209,2209,0e/0ece8b40.jpg
71u2ygPoUSL,1500,1500,0e/0ea5c094.jpg
71u7O4m2Q4L,2200,1879,0e/0efaf836.jpg
71uCzjTJRWL,1072,972,0e/0e616b36.jpg
71uGbItmBNL,1500,796,0e/0ea1ae31.jpg
71uOc5ofa6L,2200,1879,0e/0e75eb38.jpg
71uP5NUmi4L,2200,1879,0e/0e7c3cea.jpg
71uV8SIgaIL,2200,1879,0e/0e8f3100.jpg
71uYD7VfTXL,1150,1586,0e/0e5b6fc0.jpg
71v-lPhEGNL,2560,2560,0e/0ecc9278.jpg
71v0+QueUOL,2200,1879,0e/0eae20bb.jpg
71vKYJBbd1L,1200,1125,0e/0ed960b4.jpg
71ve1co2mjL,2000,2000,0e/0e03f404.jpg
71vi8v63-mL,2035,2035,0e/0eb4a5c1.jpg
71w2Uz1zVhL,2560,753,0e/0edb02b2.jpg
71wIAmC-OLL,775,2078,0e/0ee0df09.jpg
71wi5171x5L,2200,1879,0e/0eadabb3.jpg
71wjcZof0ZL,1200,1200,0e/0ef56c6b.jpg
71wuygG1OWL,2560,2520,0e/0e1dd86e.jpg
71x9q1tJZpL,2200,1879,0e/0e718cc7.jpg
71xCqQpPJSL,2028,830,0e/0e77f7f8.jpg
71xIbEA9kgL,2000,2000,0e/0e2f3be7.jpg
71xV9OgS81L,2200,1879,0e/0e68425e.jpg
71xXq5SFNnL,2200,1879,0e/0e849597.jpg
71xma25QINL,2000,2000,0e/0e63eaf6.jpg
71yHMRGJM9L,2200,1879,0e/0ef67f58.jpg
71ySKZVU6lL,2200,1879,0e/0e5e4ec7.jpg
71yTCtZ4P3L,2200,1879,0e/0e164cf4.jpg
71ydamjs2+L,2200,1879,0e/0ef804a6.jpg
71yqyFE1hpL,2200,1879,0e/0eac7374.jpg
71z0hTQz68L,2342,2342,0e/0ecb1e29.jpg
71z3aEpbeOL,2200,1879,0e/0e132f8a.jpg
71zL2T+xGKL,2200,1879,0e/0e31d339.jpg
71zMYAbPiPL,1723,2560,0e/0e30c5bf.jpg
71zXXViQ7+L,1495,2560,0e/0eb6b8c3.jpg
71zYDaLN-vL,893,2527,0e/0ee492bd.jpg
71zaywmChdL,2560,1406,0e/0ed3c3e4.jpg
71zhH7FfU4L,938,1865,0e/0eb9cb52.jpg
71zlAsf5ciL,2200,1879,0e/0e6b0874.jpg
71zphC1fq2L,2200,1879,0e/0edd6827.jpg
71zvzeupSML,1500,1500,0e/0ec1903f.jpg
71zzOekwIyL,2200,1879,0e/0e8bdba3.jpg
81+3w0DhfGL,1529,2521,0e/0e1f38d2.jpg
81+4A8sUrVL,2200,1879,0e/0eacf15c.jpg
81+ZQGWBOzL,2560,1227,0e/0e754de0.jpg
81+kxUu12GL,2400,2400,0e/0e642259.jpg
81+ryIU1eNL,2560,2560,0e/0efb0c33.jpg
81+t5Wv3U9L,2200,1879,0e/0e5aed69.jpg
81-HqUJoPEL,2560,2560,0e/0edd1b45.jpg
81-Ng6VqHJL,2374,2560,0e/0ef4cdf6.jpg
81-WQWHUdaL,2200,1879,0e/0eee9e62.jpg
81-mLtnSa3L,2560,1969,0e/0e570b82.jpg
81-zj6L21UL,832,2560,0e/0eac66fc.jpg
810+xhXpaKL,2560,2560,0e/0e062b0d.jpg
81018e1FFiL,2000,2000,0e/0ef710a3.jpg
810FvrmT7dL,2560,1120,0e/0e58dbf4.jpg
810Uat5aarL,932,2560,0e/0e239d5d.jpg
810itt7Eg-L,2200,1879,0e/0e655e13.jpg
811XnYLJSYL,2560,2560,0e/0ef018df.jpg
811dBOO75OL,2560,2560,0e/0e5f9010.jpg
8128xf88n3L,877,2560,0e/0e8be668.jpg
812EnjS7b6L,2200,1879,0e/0e4cb570.jpg
812S1fOyp2L,2200,1879,0e/0e364142.jpg
812TGwBub4L,2560,2560,0e/0ecdb1a2.jpg
812nL281mUL,1500,1416,0e/0e5e74ec.jpg
812p-ByLgVL,2177,2177,0e/0e4dfe48.jpg
813LB9sVLiL,2200,1879,0e/0ef7a159.jpg
813PKKZG2dL,1920,2560,0e/0eba90e2.jpg
813jGr-5x1L,2500,1704,0e/0efb6eff.jpg
813rMUU9PjL,2000,2000,0e/0eb005f7.jpg
813th7FS1QL,2560,2560,0e/0ee39ac2.jpg
813xq-JfXJL,2560,1374,0e/0e2914c8.jpg
814941NUrXL,1906,2018,0e/0ea60c63.jpg
814FYzpR3NL,2560,2560,0e/0e006c4c.jpg
814JHHhDAmL,2000,2000,0e/0e428e1e.jpg
814S6bZOYqL,2560,2560,0e/0e2856f5.jpg
814iLz7R04L,1500,1500,0e/0e2bd2a7.jpg
814uGXCuGZL,2560,2560,0e/0ef64ef2.jpg
815-OrhUkqL,1972,2560,0e/0e493ffd.jpg
815C4S3THLL,1514,2560,0e/0ef63842.jpg
815MfG0Tl5L,2200,1879,0e/0e61577c.jpg
815PbrrqXIL,2200,1879,0e/0eaa1f2c.jpg
815WBzEU-KL,2318,2451,0e/0e29467a.jpg
815iDMguUjL,2200,1879,0e/0e1930c6.jpg
815jaBX4ZKL,1621,2560,0e/0ee0d06d.jpg
815tFPa1fSL,2200,1879,0e/0ef17c0b.jpg
816gMbKTt-L,2560,1212,0e/0e0825e2.jpg
816nu76s7LL,2200,1879,0e/0e8dc911.jpg
816nuUzHa7L,2550,1985,0e/0e3c07cd.jpg
816uza-qrnL,1500,1500,0e/0e263179.jpg
8172zCzU3XL,981,2560,0e/0e9e9880.jpg
817LdKPtkcL,936,2560,0e/0e545946.jpg
817Nf+pdDaL,2560,735,0e/0e93d791.jpg
817Sf9EWflL,2560,1969,0e/0e1ceac7.jpg
817cpw3a1ZL,1828,2560,0e/0e023889.jpg
817dwk2Du4L,1615,2560,0e/0e3f623f.jpg
817xMUdY8IL,2560,1382,0e/0e810a17.jpg
8188fVZD41L,2258,2258,0e/0e9734c0.jpg
8188ySV+DpL,2340,1474,0e/0e96b6d4.jpg
818hMxXZIPL,2200,1879,0e/0e61dd8b.jpg
818vLHOmueL,2137,2560,0e/0ec34a78.jpg
818x2HsXvFL,2200,1879,0e/0ed5ea5a.jpg
819-IsEWTtL,2200,1879,0e/0ed8c405.jpg
8192QN+zX-L,2200,1879,0e/0e0ce131.jpg
8198Vl7oI0L,2200,1879,0e/0eb63e99.jpg
819AcampOEL,2560,1955,0e/0ea89afa.jpg
819BoXFg3mL,2560,1372,0e/0e94d7fa.jpg
819HE6q7p9L,2560,1353,0e/0eee5251.jpg
819YFyf3dpL,1704,2560,0e/0e5b2015.jpg
819ZpEgAEaL,2560,2560,0e/0e23c59a.jpg
819fKlT-e5L,2560,1710,0e/0ef3383d.jpg
819gJmuFiwL,2200,1879,0e/0e8d6198.jpg
819ikftacWL,2560,2149,0e/0eee93c8.jpg
819y8u4Bg0L,2560,2339,0e/0e69a965.jpg
81A+8QIl5EL,2200,1879,0e/0eb18700.jpg
81A-tzE21qL,2103,2392,0e/0e57f834.jpg
81A2s6qbF0L,2200,1879,0e/0e33ed86.jpg
81AF6NGZ4UL,2550,886,0e/0e584d98.jpg
81Ad2M3PpUL,2084,2084,0e/0eccd9cf.jpg
81AwcHLuR7L,2150,2560,0e/0e7d3c8c.jpg
81B9IYgwseL,2000,2000,0e/0eef4392.jpg
81BCGTPd1kL,2200,1879,0e/0e8b755e.jpg
81BJFrZNvnL,2560,2560,0e/0e02b732.jpg
81BO5MNGT0L,2401,2401,0e/0e909095.jpg
81BrLQxUxuL,2560,1671,0e/0e8faa27.jpg
81C-BjlYq-L,2560,1970,0e/0ee78a43.jpg
81C-dNJjPbL,2560,2559,0e/0ea1f68f.jpg
81C9b4-W4lL,2200,1879,0e/0e2118eb.jpg
81CAv8MjobL,2027,1824,0e/0ed0022a.jpg
81CDbhmp6TL,1829,2560,0e/0e4935c8.jpg
81CDhutujzL,2200,1879,0e/0e05c1fe.jpg
81CQjS9NVBL,1707,2560,0e/0ef4a6d9.jpg
81CXXyET7cL,2560,1285,0e/0e842f9b.jpg
81CjBF5I0YL,2200,1879,0e/0ed6eeb5.jpg
81ClQr4MBUL,2200,1879,0e/0e42baba.jpg
81CmcPxRGJL,1707,2560,0e/0ea28e5c.jpg
81CnHiaLJqL,2560,2560,0e/0ea58cf8.jpg
81Cs9f9dFiL,2200,1879,0e/0e14bb60.jpg
81Csp5L1FAL,1500,1500,0e/0ec3b25f.jpg
81CtwgueqML,2000,2000,0e/0ebf8c7f.jpg
81CxxvexyCL,2200,1879,0e/0e7c55c8.jpg
81CzdNxAryL,2040,1731,0e/0e0cef52.jpg
81D1lQ2NkRL,2200,1879,0e/0ec8b815.jpg
81DAyPjIW7L,2500,2500,0e/0e9064a3.jpg
81DHP4tB3qL,2200,1879,0e/0e6b20ec.jpg
81DJvdKj0BL,2000,2000,0e/0e2405be.jpg
81DNt4TtgFL,1150,2560,0e/0e990f73.jpg
81DPlnjd-JL,2200,1879,0e/0eecfc10.jpg
81DZfSydq7L,2560,2560,0e/0ece1291.jpg
81DamIC61cL,2200,1879,0e/0e7db391.jpg
81DogGFPDZL,2200,1879,0e/0ebb31e3.jpg
81DxshObGpL,2200,1879,0e/0ec0d9b7.jpg
81E+a92jhTL,2560,2560,0e/0e7be8b5.jpg
81ESN2VqPUL,2200,1879,0e/0e4a3c34.jpg
81F3zlEyXyS,1709,2500,0e/0e333577.jpg
81F6B00YGFL,2200,1879,0e/0ef3f410.jpg
81FIn6k7QtL,2560,2560,0e/0e3a66d2.jpg
81FMO1xUwNL,2200,1879,0e/0e3fa3ce.jpg
81FOKAP0NjL,2560,2560,0e/0ea76d13.jpg
81FV-huyAqL,1008,1500,0e/0e6281ef.jpg
81FX1a3uc7L,2100,2100,0e/0eec6a77.jpg
81Fy6oxpsIL,1673,1927,0e/0e91750c.jpg
81G+bN4WXrL,1920,2560,0e/0e86c6f5.jpg
81GCCSQdd2L,2559,2560,0e/0e982103.jpg
81GDzAM5bwL,2200,1879,0e/0e974fe5.jpg
81GHe-IdAmL,2200,1879,0e/0edfe1c8.jpg
81GJwM455DL,2200,1879,0e/0e7f1044.jpg
81GOLoSB9cL,2200,1879,0e/0ed4068e.jpg
81GlmxvEgwL,808,2364,0e/0e7a34cc.jpg
81GnKwSWK3L,2123,2156,0e/0ea5a44d.jpg
81GpemsV+ZL,2200,1879,0e/0e7e00a5.jpg
81GzibuSfsL,2380,2236,0e/0ed25a67.jpg
81HATOUS2FL,1105,2560,0e/0e7f0bf2.jpg
81HFnK9xPEL,2200,1879,0e/0e5eccd2.jpg
81HJXBjQmFL,1236,2257,0e/0e3700c4.jpg
81HYP4dn9lL,2560,1980,0e/0e148d99.jpg
81Hghvn+B+L,2560,2560,0e/0e973409.jpg
81HkpP+fnrL,2200,1879,0e/0ec4b9a3.jpg
81HydvS-R8L,2560,1795,0e/0eea4803.jpg
81I4qeEBk2L,1340,2560,0e/0e656eb7.jpg
81IMl-RMe4L,2200,1879,0e/0e8cb405.jpg
81J-1Z3T4VL,2560,1969,0e/0ee7ac25.jpg
81J4XfnlAUL,2560,2560,0e/0e697711.jpg
81Jt6AwkM-L,2560,1970,0e/0e477fd9.jpg
81KHZmAsFUL,1200,1200,0e/0e9abd3b.jpg
81KcUYljViL,1500,1500,0e/0ee56b30.jpg
81KeYJqSejL,2200,1879,0e/0eb34465.jpg
81KjH4pnoBL,2132,2560,0e/0ee16a88.jpg
81KjuLsSkjL,1647,2095,0e/0e618d33.jpg
81LFvIUBnGL,2000,2000,0e/0ed578c6.jpg
81LX5mzGoBL,1113,2560,0e/0e507e05.jpg
81LfRVpS14L,2200,1879,0e/0ea7b1a8.jpg
81LhB6k3PRL,937,2560,0e/0e88c4d0.jpg
81Lk4jmvDyL,2560,2307,0e/0e31f8f8.jpg
81LpFYHWM4L,2560,2560,0e/0ecf40dc.jpg
81M5q26oObL,2343,2560,0e/0e3f4698.jpg
81MWNhFx-FL,1851,2560,0e/0e3faa61.jpg
81MayWAUs1L,2560,2560,0e/0edc8305.jpg
81NPFr3BunL,2200,1879,0e/0eac9b32.jpg
81NWPZ+KP2L,2200,1879,0e/0e3e061d.jpg
81NdioXjkyL,2560,2560,0e/0ef2f95e.jpg
81Ndzny9sLL,939,2560,0e/0e224eae.jpg
81NmEIQyC3L,2200,1879,0e/0e9dc288.jpg
81O6mX5t03L,2560,2560,0e/0e483a8e.jpg
81O9yGPcjCL,2200,1879,0e/0ea8e56d.jpg
81OGm4PY9OL,2559,2560,0e/0e13469c.jpg
81OJTnoXHdL,2000,2000,0e/0edd325c.jpg
81OMVqui+aL,2200,1879,0e/0edaa8b8.jpg
81OWWDyadYL,1307,2560,0e/0e6739f4.jpg
81OWvbIP5cL,2200,1879,0e/0e8178b3.jpg
81OqyTfJnCL,2560,2560,0e/0e9afbc2.jpg
81Ot-WKdnfL,1023,2560,0e/0e41248e.jpg
81PDq8tkwkL,2200,1879,0e/0edfda9d.jpg
81POahi7tfL,2500,1954,0e/0e8df7f7.jpg
81PahE4kCeL,2560,2560,0e/0ee7c28a.jpg
81Pu5+XjtfL,2200,1879,0e/0efd419d.jpg
81Q1ZG4zM-S,2500,2498,0e/0e4f5ec0.jpg
81QC3tGTMOL,2560,1378,0e/0e03eaf4.jpg
81QGVZnoyYL,1496,2234,0e/0e811aef.jpg
81QHzgOfGkL,2560,2560,0e/0e8a539a.jpg
81QLQKyBRBL,2560,1343,0e/0ee92dda.jpg
81QcC6qp2PL,2217,2217,0e/0eefb889.jpg
81QfcqCfLBL,2560,1969,0e/0eaffb01.jpg
81QkgU9RKWL,2200,1879,0e/0e346a59.jpg
81R920URLOL,2560,1970,0e/0e63b5e5.jpg
81RCteRRSIL,2200,1879,0e/0eb6ceea.jpg
81RJRAzc77L,2480,2480,0e/0eb3afac.jpg
81RNE88v7-S,2001,2500,0e/0ee85d6c.jpg
81ROh8zqXjL,2200,1879,0e/0e6df544.jpg
81RRWikD+UL,2560,2221,0e/0e4d4915.jpg
81RWH2UvW3L,2560,1372,0e/0e0760c1.jpg
81RdjAOfXkL,2200,1879,0e/0eaa7fcd.jpg
81RhDufrbqL,2560,2305,0e/0e7b8e5d.jpg
81Rz5UqUZVL,2200,1879,0e/0e1151d0.jpg
81S+1mD9HpL,2200,1879,0e/0efcc982.jpg
81S+gmstzmL,2200,1879,0e/0e91f62a.jpg
81SAZSAiZzL,2560,1520,0e/0e737bf1.jpg
81SAaDL9enL,2560,2549,0e/0ee5a5c8.jpg
81SV6F0+RcL,1190,1630,0e/0e71e8ba.jpg
81Sex7qwZyL,2200,1879,0e/0ee26a76.jpg
81ShCoc7M3L,2560,2560,0e/0edbdc6f.jpg
81St3tGx5NL,2560,1547,0e/0e42b03a.jpg
81SuatAzMsL,1500,1500,0e/0e48ba67.jpg
81T63kbxAfL,2560,2560,0e/0ef22375.jpg
81TAv9TDMmL,2200,1879,0e/0eb0a34f.jpg
81TMBcnFcxL,2200,1879,0e/0e870584.jpg
81TlPBhu5XL,2560,2304,0e/0e52bc48.jpg
81ULjBf4RWL,2560,1549,0e/0ec029ab.jpg
81URN5nCnSL,1092,1151,0e/0ea4c5d1.jpg
81URb-hsdcL,1500,1500,0e/0e87aefc.jpg
81USN3xT5lL,1625,850,0e/0e014335.jpg
81UdJhODXxL,2560,1969,0e/0e1d6bdd.jpg
81Udw1cqE0L,1090,1538,0e/0ef5f4a8.jpg
81Ugo8fCqfL,2200,1879,0e/0ef99c40.jpg
81Uz7NyGagL,2560,2560,0e/0ee242d0.jpg
81V0yX5IEQL,2200,1879,0e/0e253f03.jpg
81V13QzYhLL,2560,1393,0e/0ea696fe.jpg
81V2pTTvOYL,2207,2207,0e/0e3abc94.jpg
81V5iLkwgFL,1992,2341,0e/0e6b43b1.jpg
81Vy+VkCyyL,2500,2278,0e/0e7c70b2.jpg
81VyfrckEBL,2560,1969,0e/0e0796a4.jpg
81WK8W7WSNL,1629,2560,0e/0e797778.jpg
81WNxA-nW1L,2200,1879,0e/0ef713a9.jpg
81WgcBUEB0L,1810,2560,0e/0e2d7534.jpg
81Wwk4+bVhL,1594,2560,0e/0ec77d9e.jpg
81XSDmizKcL,1682,2560,0e/0e83d2a3.jpg
81XZp19ZQFL,2200,1879,0e/0eedff0c.jpg
81XfAPtBZbL,2450,2450,0e/0e575708.jpg
81Xwcjqu9GL,2560,2560,0e/0e3f2dd7.jpg
81YA4qt+3jL,2000,2000,0e/0e16db96.jpg
81YT89DOxbL,2560,1368,0e/0ea156cb.jpg
81YgV1UQrdL,2200,1879,0e/0e854deb.jpg
81YqTdNRLVL,2560,2560,0e/0e7c998c.jpg
81YtSmkncPL,2560,2560,0e/0ec35fd4.jpg
81Z-ZpU7o5L,2560,1366,0e/0e82c29f.jpg
81Z3yP8XDGL,2200,1879,0e/0ee82aa8.jpg
81ZKXvmnJPS,2274,2500,0e/0e863871.jpg
81ZLDX2GpsL,2200,1879,0e/0e9076c1.jpg
81ZMKE6HJGL,1625,850,0e/0e9f8617.jpg
81ZQBfXdBpL,2560,2560,0e/0ea12a6b.jpg
81ZQa+xls8L,2200,1879,0e/0e0c839a.jpg
81ZXKmr793L,2560,1195,0e/0ef6f584.jpg
81ZYwdvlmvL,1707,2560,0e/0eef929f.jpg
81Zq+isgBnL,2200,1879,0e/0e1232e2.jpg
81a4KSWn7bL,1928,2412,0e/0e61be0d.jpg
81a9sPn4wlL,2147,2147,0e/0e1f0f4c.jpg
81aEIyI5fEL,2560,1969,0e/0e9ff86c.jpg
81aKkwg8+nL,2200,1879,0e/0e2efb59.jpg
81aqsk3+nLL,1314,1500,0e/0e055a21.jpg
81b6tiH-WUL,2200,1879,0e/0e36ef62.jpg
81bE7dKbqOL,2200,1879,0e/0eb25f51.jpg
81bL6A7tIEL,2560,2560,0e/0ee59504.jpg
81bPrQwCodL,2000,2000,0e/0eefe92b.jpg
81bQKxbP++L,1597,2442,0e/0ea8f4a5.jpg
81bXUadNExL,2560,1095,0e/0e7df2de.jpg
81btNap-2NL,2177,2177,0e/0e883a8f.jpg
81cTBYcCTqL,1000,1000,0e/0e6f21f4.jpg
81cVk5xfRxL,2560,2560,0e/0eba5ed2.jpg
81cgTa5+gBL,2560,1969,0e/0e263fcd.jpg
81cly9yAk8L,2560,2093,0e/0e383e8b.jpg
81cz1Y-ghZL,2560,1707,0e/0e4552d1.jpg
81dNP180H1L,2200,1879,0e/0ec7c221.jpg
81dObm47aSL,2200,1879,0e/0e2a1774.jpg
81dtSgzfAlL,2200,1879,0e/0e81fa41.jpg
81eKlqqa79L,2560,1969,0e/0ed67318.jpg
81eUmdgWd+L,1599,2560,0e/0e403627.jpg
81eYR-0Q8HL,2200,1879,0e/0e00f54d.jpg
81f+lAa0PxL,1639,2560,0e/0eb0289c.jpg
81f88d1H-9L,1300,1300,0e/0eafbe84.jpg
81fQzxHmUQL,1621,2560,0e/0e5f2b9c.jpg
81fRQ-cy9hL,2200,1879,0e/0e198f23.jpg
81fe4LMyTEL,2560,1969,0e/0e22561d.jpg
81fndpkrO5L,2560,968,0e/0e4d1060.jpg
81gAMJBWOjL,1233,2560,0e/0ed82594.jpg
81gQ4daUraL,1730,2077,0e/0e72629b.jpg
81gVnTtlG9L,2560,1962,0e/0e52df74.jpg
81gZIAvvF9L,2000,2000,0e/0ee82f12.jpg
81gc1+eagyL,2560,2560,0e/0ee080c2.jpg
81glEc2TvnL,2560,2560,0e/0e7ae6f0.jpg
81gt3mr5+qL,1515,2560,0e/0ec0779c.jpg
81gvDzHWq3L,2286,2560,0e/0ea522dc.jpg
81gvfSUsCnL,902,2489,0e/0e90ddfa.jpg
81gzs9uJl9L,2200,1879,0e/0e588062.jpg
81hDb-6Ek8L,2500,801,0e/0e63580b.jpg
81hGqlbrqOL,2200,1879,0e/0e544917.jpg
81hVQlNPg9L,2560,2560,0e/0e8dcf5b.jpg
81hbv8yFyeL,2200,1879,0e/0e63d677.jpg
81hm+t62NxL,2200,1879,0e/0e9efcb3.jpg
81hoJnay+jL,2200,1879,0e/0ea652c9.jpg
81hxvqVSItL,2560,2560,0e/0e813970.jpg
81iUwnSqMTL,2200,1879,0e/0e342f28.jpg
81ihsRzGoGL,2560,1554,0e/0e943441.jpg
81izdBPu0ZL,2560,1969,0e/0e8df810.jpg
81jNAj8al2L,2200,1879,0e/0e7bf16b.jpg
81jNwWw0E1L,2000,2000,0e/0e9e6930.jpg
81jgoADKg6L,2200,1879,0e/0ea7f54a.jpg
81jhJyc8ODL,2560,1854,0e/0e2ae917.jpg
81jiyTrDqeL,2200,1879,0e/0ed898f3.jpg
81jpIh2tbyL,841,2560,0e/0e214bef.jpg
81jxne7+SOL,2200,1879,0e/0e4eaac6.jpg
81k1Rbc2pUL,2200,1879,0e/0e27e740.jpg
81k2bzLEjyL,1981,1125,0e/0ee20306.jpg
81kBoa4e+GL,2000,2000,0e/0e2433ba.jpg
81kF4rvP31L,2200,1879,0e/0e421314.jpg
81kFp7ZfRJL,2200,1879,0e/0e6a360f.jpg
81kLRaySxWL,2560,2340,0e/0e0f7f5f.jpg
81kRGW+Sz5L,2560,2560,0e/0ecaa988.jpg
81kW2MA2bpL,1328,2560,0e/0eebd9a0.jpg
81kahKIQJQL,2000,2000,0e/0e4527ee.jpg
81kdi8NxD-L,2560,1969,0e/0eaf2b00.jpg
81kgBc7Ap6L,1500,1500,0e/0eae34ec.jpg
81knxWRgV+L,2560,2560,0e/0e0f6d65.jpg
81kqIHh2O1L,2200,1879,0e/0e5b0928.jpg
81l0PRxOjYL,2200,1879,0e/0ebec5d7.jpg
81l0ZhW5QjL,2200,1879,0e/0ea1589f.jpg
81lCq3i-Q5L,1000,2350,0e/0e2bb1b6.jpg
81lOthsU3ES,2116,2500,0e/0eecdc79.jpg
81lWoImKdLL,2200,1879,0e/0ebee5f3.jpg
81liFoJqXSL,2200,1879,0e/0ea35f88.jpg
81lqA9v-OoL,2036,2036,0e/0eda4e19.jpg
81lzFfzTyOL,2200,1879,0e/0e9fe1b2.jpg
81m1tm-iGbL,2560,1451,0e/0e9d9c70.jpg
81mKht-3MTL,2097,2560,0e/0e32c850.jpg
81mL8xoO9RL,2200,1879,0e/0e55785e.jpg
81mZa68guxL,2200,1879,0e/0e728174.jpg
81n-+Yfes4L,2560,2560,0e/0e051d8d.jpg
81n1A4iTf3L,2200,1879,0e/0e2768e8.jpg
81n3Zq3iX5L,1500,1500,0e/0e5d4014.jpg
81nHK4cgi4L,2560,973,0e/0e13f3ea.jpg
81nN-xZK6EL,1500,1500,0e/0e9ac511.jpg
81nYI3FBahL,1707,2560,0e/0e829c81.jpg
81nu7OOR0gL,1500,1073,0e/0e2cd1db.jpg
81nydP6VvtL,2560,1312,0e/0ed73a3b.jpg
81oCYrTonVL,2560,2560,0e/0e9d4438.jpg
81oeGUJmX6L,1873,2500,0e/0e547283.jpg
81ohZPLKkdL,2052,2560,0e/0e2d9562.jpg
81p6Pj9e7dL,2000,2000,0e/0e5c25d2.jpg
81pGlqr4g3L,2466,2560,0e/0e5d31e6.jpg
81pMmDDqHhL,2200,1879,0e/0eb33857.jpg
81pW4M8oIIL,1212,2560,0e/0eaff9b7.jpg
81pdLSE7azL,1500,1500,0e/0e1654f3.jpg
81pm623Ef6L,2560,2329,0e/0e830958.jpg
81ppP1O5RBL,920,2560,0e/0eb4df85.jpg
81pt8bXIgBL,2200,1879,0e/0ec46c83.jpg
81q+dpHc5PL,2200,1879,0e/0ec44ec6.jpg
81q-a1iHUeL,2560,2114,0e/0ef017d6.jpg
81qBJPAq8oL,2560,1009,0e/0eeab92a.jpg
81qKD6VaZSL,1097,2560,0e/0e5b6092.jpg
81rBIEgvaJL,1842,1438,0e/0e98cb8f.jpg
81rHEr3VraL,2200,1879,0e/0e6c346e.jpg
81rMpCNXJoL,2560,1292,0e/0ec8f971.jpg
81rdUdgTOWL,2560,1879,0e/0ee719b9.jpg
81rlUnzqWQL,2560,1989,0e/0e886cbd.jpg
81sNyInf1HL,2560,2560,0e/0e735f46.jpg
81sba3xRI3L,1777,1777,0e/0e238969.jpg
81sgeO7i8bL,2200,1879,0e/0e24b8d1.jpg
81skEEw7a5L,1284,2560,0e/0e6d8355.jpg
81skG6EvVzL,2463,2463,0e/0eecfe0c.jpg
81skmA5D-tL,1241,1241,0e/0e260d37.jpg
81tEd4fOfGL,2370,2560,0e/0e05e60f.jpg
81tT8nACEmL,1645,2560,0e/0e05bc23.jpg
81tjL6eRVIL,2560,2560,0e/0ecf643a.jpg
81uMnmycnXL,2231,2560,0e/0ea38586.jpg
81uSvIM2rVL,1248,2560,0e/0e294dc9.jpg
81uY-AdK7-L,1539,2560,0e/0e3ce908.jpg
81ulgWf--2L,1800,1800,0e/0ebc933c.jpg
81usL-FWboL,902,2560,0e/0ecc21bb.jpg
81uv6CVD49L,2200,1879,0e/0e97be68.jpg
81vMu4R8SPL,2560,2560,0e/0e29b006.jpg
81vQKnhdtbL,1379,2560,0e/0e6481d6.jpg
81vglMEGJhL,2560,1682,0e/0e1f1971.jpg
81vny-g9-HL,2560,2560,0e/0e034238.jpg
81wA1L+fV8L,1259,2501,0e/0e7b4750.jpg
81wExef8vqL,1390,1216,0e/0e4c95fc.jpg
81wKejr-+0L,2560,2560,0e/0e3855ab.jpg
81wVxeimzxL,2560,1395,0e/0efa7201.jpg
81waktLnB6L,1974,1176,0e/0e27cf4c.jpg
81wi0c0fpZL,2000,2000,0e/0e103d75.jpg
81wi1dmc33L,2200,1879,0e/0ece77c1.jpg
81wjwv3+wlL,2560,1752,0e/0ed9e35b.jpg
81wm1PgM3NL,2380,2380,0e/0eb3de4c.jpg
81wqcBjJWaL,2200,1879,0e/0e5a45bc.jpg
81wroyxfUaL,2560,2560,0e/0e3be2ac.jpg
81xFWlKgWyL,2560,2560,0e/0e70df71.jpg
81xHLu3AjJL,2000,2000,0e/0eeb7277.jpg
81xQLMeRwOL,1500,1500,0e/0e6230c7.jpg
81xTafC8glL,2560,2560,0e/0e4340ba.jpg
81xl+DQkKPL,2560,1794,0e/0ee07fde.jpg
81xo1oq2JcL,2560,2560,0e/0efdb467.jpg
81xueD52oML,2200,1879,0e/0e1756bb.jpg
81xvltcAJiL,2560,2560,0e/0e8eea04.jpg
81y7iU7q5tL,2200,1879,0e/0eaeba89.jpg
81yA56UfZRL,1500,1500,0e/0e78e32d.jpg
81yB3q4P9ML,2560,2110,0e/0e4f0d4b.jpg
81yFFhM-UdL,2146,1490,0e/0eda8299.jpg
81yIpf1XZ0L,2200,1879,0e/0e8e7aed.jpg
81yUe+fJ1IL,2200,1879,0e/0e36ec58.jpg
81yaCw7PEvL,1195,1500,0e/0e092796.jpg
81ycE4FbFSL,2000,2000,0e/0e79e4ee.jpg
81ycNtGnIlS,1608,2500,0e/0e058180.jpg
81yj+T1z0BL,2560,2560,0e/0e3673e5.jpg
81zL9XdFWVL,2560,2560,0e/0e94d5e5.jpg
81zx+0YmVEL,2560,2560,0e/0ee82393.jpg
91+FCP3nHzL,2405,2560,0e/0efd7a89.jpg
91+FoYKGJ7L,2110,2560,0e/0ef85b10.jpg
91+lUZ0R+0L,2560,2560,0e/0e8c0304.jpg
91+xfJzFfTL,2021,2000,0e/0eb52995.jpg
91-4S49TnRL,1992,2560,0e/0e979c0f.jpg
91-OVJs4Z-L,1547,2560,0e/0ea14bbf.jpg
91-h7GU-X+L,1902,2560,0e/0e309d4f.jpg
910WanvcGPL,2560,2560,0e/0eb7ae3a.jpg
9115snUS-KL,2560,2560,0e/0e6197ce.jpg
9118-A1LFsL,1655,1655,0e/0ea9c653.jpg
911uPoBttgL,1809,2560,0e/0e98a3ec.jpg
913ABkqq7UL,2352,2352,0e/0e0db468.jpg
913DADUTcWL,2560,2560,0e/0eef48b8.jpg
913GjDiB9qL,2560,2560,0e/0e94e3c2.jpg
913KgU6aDDL,1707,2560,0e/0e223970.jpg
913rGRdE6fL,2551,2560,0e/0e329d43.jpg
913rZpt67GL,2560,1969,0e/0ead2c2d.jpg
914EbSqVK+L,2560,1928,0e/0eb78e3b.jpg
9150KTSEctL,2560,2560,0e/0eb0c9f1.jpg
9159iz-QCbL,2560,2560,0e/0e57ff7f.jpg
915CIzNWoAL,2000,2000,0e/0e8706ff.jpg
915Gp1vi8SL,1966,2560,0e/0e92f3aa.jpg
915QQU16snL,1794,2560,0e/0e772ceb.jpg
916EsSF5bFL,1476,2560,0e/0ebf05a1.jpg
916L9vgxP8L,1982,2560,0e/0e17fbf1.jpg
916OJJ7Y20L,2560,2560,0e/0ecb7884.jpg
916whi2OhlL,2560,2560,0e/0ed3e823.jpg
917JFr7ojnL,2560,1969,0e/0e513f90.jpg
9181I4R7tfL,2560,2422,0e/0ea03d1b.jpg
9184UrjcxFL,1233,2560,0e/0eb88421.jpg
918Kg+pRWWL,2560,2560,0e/0e2e68e1.jpg
918W9UHpWwL,2560,1969,0e/0e7f1274.jpg
919ZWlAmneL,2559,2560,0e/0eae8669.jpg
91BELzZrr5L,2560,2560,0e/0ef3580a.jpg
91BofCmGBJL,1969,2560,0e/0e1d04f8.jpg
91BxvLCs1bL,2560,1882,0e/0e62a5bc.jpg
91CaV-WVgYL,2560,2560,0e/0eae4e4f.jpg
91Cg22+4IwL,2000,2000,0e/0e1a9cfa.jpg
91DoiaesIqL,2560,2560,0e/0e582de1.jpg
91EAdC+wjaL,2560,2327,0e/0efce9a9.jpg
91EPU77KVNL,2282,2500,0e/0e74f8f4.jpg
91EoKOxqoKL,2560,2560,0e/0e2527ae.jpg
91F71JOvn8L,2126,2560,0e/0e9ab80c.jpg
91G9k1TROzL,2560,2560,0e/0e74815c.jpg
91GE6qAcGZL,2229,2560,0e/0e16690f.jpg
91HJM+3GhYL,2176,2374,0e/0e51f5e2.jpg
91IYI6CQ7qL,2560,1866,0e/0e63b640.jpg
91IZfOXLsYL,2204,2560,0e/0e4c73e6.jpg
91JHckK+lTL,2560,2560,0e/0ef9ebaf.jpg
91KL-FC2kFL,2560,2560,0e/0eff2fa0.jpg
91KkHQHRRIL,2560,2560,0e/0e0a67d9.jpg
91KmliDdTvL,2560,2560,0e/0ee10055.jpg
91LBE9L-k3L,2490,2489,0e/0e23e6c2.jpg
91LewI-OvZL,2560,2560,0e/0ebfce9a.jpg
91M9wEBRzPL,2560,2560,0e/0e036789.jpg
91N6e54Pw9L,2560,2560,0e/0e878bac.jpg
91NsGd-s3YL,2560,2560,0e/0e194b29.jpg
91NzX2c0iCL,2156,2560,0e/0ef3a2ac.jpg
91O8UBqBKPL,2560,1969,0e/0ed39dac.jpg
91OBoCDQEIL,2469,2057,0e/0ee193fa.jpg
91OSodp3hCL,2560,2560,0e/0e0d2191.jpg
91OdaZb23PL,1811,2560,0e/0ee4c097.jpg
91PIZd4ncJL,2560,1946,0e/0eb692e3.jpg
91PT8RuTQ7L,2191,2560,0e/0ed567fa.jpg
91PuARN8lvL,2559,2560,0e/0e6f81c7.jpg
91Q71z1lxBL,2559,2560,0e/0e92c143.jpg
91QGgUni8SL,1915,2560,0e/0e078823.jpg
91QhRXubGaL,2560,2560,0e/0eb2eadb.jpg
91QokAbTQfL,2560,1969,0e/0e63e128.jpg
91Rkdt1+hYL,1845,2560,0e/0e0b6b4e.jpg
91SEKTcEwnL,1361,2560,0e/0e14fc0f.jpg
91SNNATTkbL,1487,2560,0e/0ece5b85.jpg
91TUkqPPkUL,2560,1661,0e/0e28d5e7.jpg
91TcOB4JpzL,2200,1879,0e/0e072253.jpg
91Uo0eRpJBL,2560,2560,0e/0efc122b.jpg
91UrcrXx-tL,1991,2560,0e/0e5712aa.jpg
91V-nPDif8L,2560,1216,0e/0e0cad28.jpg
91VSwSF+7GL,1965,1965,0e/0e10430c.jpg
91VoU3W7TXL,2427,2427,0e/0e0bc578.jpg
91WeDhtNibL,2500,2499,0e/0e7b1887.jpg
91WhJVEvw9L,2560,2560,0e/0ef5eda0.jpg
91XRDXsx0CL,2435,2560,0e/0e7a4247.jpg
91YtZMhsPgL,1709,2560,0e/0eef60e8.jpg
91ZAPH+vtWL,2560,2559,0e/0eb8b58f.jpg
91ZCiU-Gr5L,2560,2304,0e/0e0c43cc.jpg
91ZNnDmjwnL,2510,2388,0e/0e5956e8.jpg
91ZqYiaL4zL,2560,2560,0e/0e72de59.jpg
91Zwwoe16cL,2560,2540,0e/0ef1f422.jpg
91b93qY1xtL,2559,2560,0e/0e953f87.jpg
91bNOnGQuxL,2550,2261,0e/0e11428a.jpg
91bjSS-2sML,2560,1941,0e/0e5b953d.jpg
91c62rBDc2L,2560,2560,0e/0e6bb7b3.jpg
91cQvrvERrL,2560,2516,0e/0e95c74d.jpg
91cehMY6ApL,1405,2560,0e/0e75c636.jpg
91cu1NYRDEL,2560,2560,0e/0ee9e340.jpg
91dXAq7f+iL,2560,2560,0e/0eb7790c.jpg
91dcVjpg0KL,2560,2560,0e/0e26caf1.jpg
91eA3OkmjtL,2560,2560,0e/0e153c23.jpg
91ePH2z-ALL,2560,2560,0e/0e23b9a0.jpg
91eSjEkQwFL,2419,2419,0e/0eb89a9b.jpg
91eXpmUW-3L,2560,2560,0e/0e5a1306.jpg
91eucM7l9-L,2560,2560,0e/0e60d147.jpg
91g9QN7KVoL,2318,2327,0e/0efb4940.jpg
91gItEXj-AL,2190,2191,0e/0e9e8be4.jpg
91gOcCMXRlL,2560,2560,0e/0e550fee.jpg
91gl+qhTbFL,2560,2560,0e/0e7a9f8c.jpg
91gpXpts98L,2560,2560,0e/0e189935.jpg
91h9hr1ArKL,2560,1942,0e/0e65591d.jpg
91hchK-vRTL,2560,2560,0e/0ed30152.jpg
91i7hnnx3OL,2560,1970,0e/0ebb5597.jpg
91igPAV51+L,2560,2180,0e/0e99f6e2.jpg
91j4S0xXrkL,2560,2560,0e/0e77611b.jpg
91jVqwinnYL,2560,2560,0e/0e56c8c3.jpg
91jmtB5b7vL,2560,2560,0e/0e66ee7b.jpg
91kCp6uugRL,2560,2560,0e/0e4d5bab.jpg
91kHwWKvM1L,2560,1969,0e/0e7b2961.jpg
91l+Tk4UHnL,1778,1778,0e/0eebc08d.jpg
91lK510cT4L,2559,2560,0e/0ef5c018.jpg
91mM04dcxzS,2462,2500,0e/0ed22bec.jpg
91n4IfxDS3L,2560,2176,0e/0eda08c1.jpg
91ntqDizWmL,2560,2560,0e/0e943bca.jpg
91nvvNti7-L,2200,1879,0e/0e86d54c.jpg
91o6d7ss0rL,2560,2560,0e/0ea5a69e.jpg
91oA8k34y8L,2560,1969,0e/0efae4a5.jpg
91oNRjUrYlL,2560,2560,0e/0ee6f946.jpg
91p44xMaBsL,2559,2560,0e/0e1dc5bb.jpg
91pnIH2iwTL,2560,2560,0e/0e301e33.jpg
91q7wFm7AVL,2560,2560,0e/0e6fdfd5.jpg
91q92gpn9lL,2000,2000,0e/0e85388e.jpg
91q9jyo2OtL,2560,2132,0e/0e984ef7.jpg
91qLHPtNdkL,2560,2560,0e/0eecfede.jpg
91qctNHqPeL,2560,2560,0e/0ed8a37d.jpg
91rmAN+xK9L,2557,2557,0e/0e7b6edf.jpg
91sHmWQUd0L,2560,1462,0e/0eb195db.jpg
91sQ0V4QTxL,901,2103,0e/0e71c055.jpg
91sfA9Mu8KL,2560,2560,0e/0e14c81d.jpg
91sif+E6vqL,2560,2521,0e/0e4918e7.jpg
91tZKuZSKbL,2560,2560,0e/0e2f28f7.jpg
91twgMm4NCL,2423,2465,0e/0e4d3a1e.jpg
91tzJA8YDiL,2560,2560,0e/0ecfc9b2.jpg
91uOt59+W3L,1967,2500,0e/0ef3b577.jpg
91vfDtqarIL,1613,2560,0e/0e4dedac.jpg
91wsu4TXvwL,2024,1208,0e/0ecb6e82.jpg
91x-dOulxCL,2560,2560,0e/0eaef55c.jpg
91xTf3kgbaL,2386,2386,0e/0eaeb750.jpg
91yLpy2hM1L,2560,2560,0e/0efdf31c.jpg
91z90kBcFeL,2500,2500,0e/0eb93f63.jpg
A127UD5mVVL,2295,2560,0e/0ed25f37.jpg
A12Bp5O6CWL,1346,2560,0e/0e90a81f.jpg
A13TIKK2rtL,2560,2560,0e/0eca0a3f.jpg
A1ANZIvYlkL,2560,2560,0e/0e0772f7.jpg
A1CtIaIpoxL,2462,2462,0e/0eb83ade.jpg
A1DUMaA+ZqL,2560,2135,0e/0e3c207a.jpg
A1EmgaJZgSL,2560,2560,0e/0ee19e19.jpg
A1Eo+KZqYBL,2550,2550,0e/0ead227a.jpg
A1FCHL8CICL,2560,2560,0e/0ec3451b.jpg
A1FeitHUzOL,2560,2560,0e/0e23e885.jpg
A1Gr2ppVvLL,2517,2517,0e/0e4828bd.jpg
A1HFbKoirUL,2560,2560,0e/0e8617be.jpg
A1HnOztBl4L,2020,2020,0e/0edad7d8.jpg
A1ILouvrUNL,2560,2559,0e/0e801c4b.jpg
A1Ixfc6Qv8L,2555,2560,0e/0ecde56d.jpg
A1KkJhNEAXL,2560,2560,0e/0e1c3081.jpg
A1L0vFXD8dL,2560,2560,0e/0eb78758.jpg
A1P9po40LYL,2558,2560,0e/0ec65b0e.jpg
A1Pkz4YbfYL,2560,2560,0e/0ee198fb.jpg
A1RLXhoF5AL,2329,2560,0e/0e372655.jpg
A1RV92TTmgL,2560,2560,0e/0efc6039.jpg
A1UnZteFUoL,2560,2560,0e/0ee5b224.jpg
A1Uo7z5DihL,2560,2560,0e/0e88adfa.jpg
A1UoG-7j93L,2560,2560,0e/0ec811da.jpg
A1Vk+fnWiBL,2560,2560,0e/0ec72308.jpg
A1XFFBQ4ZsL,2560,1515,0e/0e106ba3.jpg
A1XVwtotWgL,2560,2560,0e/0e6e8639.jpg
A1XYNLOG8oL,2560,2560,0e/0e32150f.jpg
A1a7YiNSBtL,2560,2530,0e/0eb31b21.jpg
A1adZTNCbPL,2560,2560,0e/0e20252b.jpg
A1bErxF3pWL,1493,2560,0e/0e1dd9f9.jpg
A1c2DFSDUtL,2560,2560,0e/0ede8176.jpg
A1cV0d304mL,2560,2560,0e/0e9c2b7d.jpg
A1cebTPLzaL,2560,1969,0e/0e829395.jpg
A1cxsaO9KRL,2222,2560,0e/0e213269.jpg
A1ejGW412+L,2555,2560,0e/0e5666e4.jpg
A1ikkCo-gAL,2560,2560,0e/0e6877ba.jpg
A1itRWq161L,2560,1627,0e/0e314e6c.jpg
A1jiuAFz5HL,2560,1874,0e/0e48aac7.jpg
A1o9I7Dl3qL,2322,2322,0e/0eb43a97.jpg
A1qQArJ31IL,2560,2560,0e/0e674026.jpg
A1vnCbC3LhL,2560,1543,0e/0e94393b.jpg
A1vzhbgC5nL,2560,2560,0e/0e543767.jpg
A1w5RyibnML,2560,2560,0e/0eaddd3d.jpg
A1wAOVQV7sL,2560,2560,0e/0e497ba4.jpg
A1wXQL3e2jL,2560,2560,0e/0e7808a5.jpg
A1wsYsS0M5L,2560,2560,0e/0e2e3042.jpg
A1yp3ZHXkTL,2560,2560,0e/0e519751.jpg
B1-97R21EbS,2560,2560,0e/0ea256c5.jpg
B170n8bSR7S,2560,2560,0e/0e971fa9.jpg
B1Kz9ua45US,2560,2560,0e/0e5534e8.jpg
B1fJad7u+6S,2560,2560,0e/0e7ac61d.jpg
B1q5GbLsMjS,2560,2560,0e/0e02ba6a.jpg
B1qkNxGInAS,2467,2467,0e/0ecb8238.jpg
B1umpnMdPyS,2071,2560,0e/0e7d3e0a.jpg
