213wrBGsqtL,500,375,09/0904e315.jpg
21H5YZV04ZL,500,375,09/09e1acc8.jpg
21URU85jQXL,376,500,09/091b823b.jpg
21k1dTlR8iL,38,500,09/09b280ba.jpg
313l74ShjqL,74,500,09/09716c07.jpg
3140JwXXMbL,500,375,09/09a22c08.jpg
315XIIqb+XL,500,500,09/097c712b.jpg
319y5HxDtSL,500,500,09/09ca6ab5.jpg
31A16WzXViL,500,375,09/093f1701.jpg
31ACVT8-FKL,500,375,09/0956c4a1.jpg
31V4OkC7iWL,500,499,09/09b3a4b6.jpg
31gOr1Vfh2L,500,375,09/09362bff.jpg
31imxTMuHwL,500,375,09/09202db1.jpg
31jTgUDmT+L,500,375,09/09e712ab.jpg
31ns8ZRmwUL,84,500,09/09b3db56.jpg
31nteHCT4DL,500,375,09/0914852e.jpg
31sfdsq6tiL,500,375,09/09be88ac.jpg
31uVQWVuEuL,500,375,09/09ea8b9c.jpg
31vEfOVimOL,500,375,09/09098663.jpg
31w0oYZ6gdL,500,500,09/09b0689a.jpg
4127s6BHl2L,113,500,09/092d52a7.jpg
412zuDstp8L,130,1169,09/0907ff0b.jpg
414Rq7JEL+L,500,500,09/097bc762.jpg
4186MMXDHGL,256,500,09/09c3f3bc.jpg
419XsjEwQtL,1000,1000,09/090d7df9.jpg
41AHZA9gUZL,1000,1000,09/0931b859.jpg
41CU+xyD76L,500,500,09/09eb9c3e.jpg
41CufJ7jlpL,1000,1000,09/09fba53d.jpg
41FKEPhhQrL,683,1024,09/091a4bd9.jpg
41HHB5KZyPL,500,500,09/093d7c62.jpg
41HZ5F7xvmL,1000,1000,09/09e8f69d.jpg
41IFQpyLE3L,1200,1200,09/099dd072.jpg
41IrSntVBFL,1000,256,09/09f3c661.jpg
41JHKkfDhuL,500,500,09/092b4f29.jpg
41KQ-N49RgL,500,295,09/09c6b94d.jpg
41MMiUwX4ZL,170,1000,09/0938346b.jpg
41QKXzxhPxL,377,500,09/09c41f05.jpg
41QnQ6CEBHL,1050,1050,09/09092848.jpg
41R9XunpoVL,1000,1000,09/09749ec4.jpg
41UfSnbkWJL,500,500,09/0999265d.jpg
41XgTlNxmqL,1200,1200,09/09843e33.jpg
41XyYmfjlkL,500,410,09/0951b0a3.jpg
41a1He+GQ8L,500,500,09/091c0d4f.jpg
41brLSRPQOL,500,500,09/0967cfa9.jpg
41e5D7n9yLL,500,500,09/09bc5bae.jpg
41fnxxarZ3L,229,500,09/09e190ef.jpg
41gCO2REuQL,350,500,09/090777af.jpg
41h7l6VaXiL,132,500,09/098e0ce7.jpg
41j9rxDItEL,131,500,09/0971ad18.jpg
41mr1ycVLPL,500,500,09/095b4db7.jpg
41mt91C5pqL,187,500,09/09f37c06.jpg
41nthnZomQL,1000,1000,09/09c95ef7.jpg
41p4Cj7OUOL,500,500,09/09c59895.jpg
41pYRsjLtDL,152,500,09/09bd3049.jpg
41pszf3inoL,72,500,09/092d7fac.jpg
41rTckLMjZL,495,500,09/0934c493.jpg
41wuIsWqrFL,1001,1001,09/090e8580.jpg
41xIRie-WHL,1010,1010,09/09a98da7.jpg
51-CKe9bc7L,574,1514,09/0919ed9a.jpg
51-eYdMzFwL,1300,1300,09/09f20cfe.jpg
5105E1h9IZL,1000,1000,09/0929680f.jpg
512KMEFhXUL,1000,1000,09/09ff29ca.jpg
514rhYuQeOL,1000,1000,09/096e398d.jpg
515Z3jAbhLL,1444,755,09/09458c34.jpg
5161GspA-FL,1250,788,09/091ea0da.jpg
516OPdfJvDL,500,417,09/09e47c79.jpg
516XRTR79eL,1200,1200,09/096e9a6e.jpg
517yj4NehaL,1000,1000,09/09f5b988.jpg
518hcvSUqgL,1100,1100,09/092a0c90.jpg
519jPIL5EML,230,1317,09/09c68168.jpg
519wkmOsnML,1124,1124,09/0939e080.jpg
51AIUZlvXeL,1000,288,09/09d9e923.jpg
51Aelk7Us+L,1500,1500,09/09cb2f6a.jpg
51B7bdCuyHL,500,497,09/09a0d97d.jpg
51BREgQRnHL,900,1200,09/098393d3.jpg
51C+Ce0E1XL,1444,755,09/098aba8f.jpg
51C4XBmE1wL,1001,1001,09/0963e253.jpg
51CBzYcsjoL,1001,1001,09/099cc24b.jpg
51DueE+158L,161,500,09/09ecdd78.jpg
51Dw30fTEqL,1000,1000,09/09c6532d.jpg
51E+IQnQQzL,1500,420,09/091f071d.jpg
51ElIt5XPuL,1000,1000,09/09f1a1b7.jpg
51EuDE1i5BL,1488,1488,09/09cb06af.jpg
51FBL5AMRiL,1524,1524,09/093eef58.jpg
51FseBGW-QL,1500,1500,09/0902150d.jpg
51Fu2OvpL+L,1500,1500,09/0913c1b9.jpg
51GBosX5y1L,1001,1001,09/09984e9d.jpg
51GHVG4xEDL,1000,1000,09/0916bee6.jpg
51GRTFFPslL,1000,1000,09/09e0cb2e.jpg
51Hn+k5ubzL,1386,1317,09/09ca8c4c.jpg
51HuAGrhJwL,2025,905,09/09b01692.jpg
51JYqZ+N7hL,1000,1000,09/0951d64d.jpg
51KQDEg0vzL,500,500,09/09fe8b4e.jpg
51L3LFCTbsL,1000,1000,09/092beb81.jpg
51M1wXOFaaL,2245,560,09/099671b7.jpg
51M3fKnGtCL,1100,1100,09/09da64c0.jpg
51MbJJoDE-L,1000,272,09/094711e2.jpg
51N37fIlStL,869,1643,09/09fe5a58.jpg
51QFGVwyx1L,1000,1000,09/095813b0.jpg
51QLeEQpMjL,1000,924,09/0981ace6.jpg
51QyP5XiGNL,1000,1000,09/09d5b974.jpg
51RLI8VWLUL,500,327,09/098d0068.jpg
51TSsQIDEPL,1000,1000,09/096262c0.jpg
51TeEOSvMxL,1000,1000,09/090076d5.jpg
51TqE20pyCL,1300,1300,09/098f79bf.jpg
51UIwKx5I6L,1317,1317,09/09262f34.jpg
51Um8DzEQ-L,1300,1300,09/092931cc.jpg
51VDgoz6oeL,1156,1156,09/0933259e.jpg
51WrYq1wRCL,1000,1433,09/095a9b57.jpg
51X109iXlIL,1000,1000,09/09ec0666.jpg
51XAZ+Ih7DL,220,500,09/095b2b01.jpg
51Xon3o1RnL,1000,1000,09/09d44d49.jpg
51ZG3M0WYCL,305,500,09/0952af32.jpg
51ZZ6GG1zML,1200,1464,09/0947e176.jpg
51ZiDiOe0rL,1001,1001,09/09d16899.jpg
51Zo+8uDpPL,1000,1000,09/096e03e9.jpg
51bYz7bq+ML,1178,1178,09/095c999f.jpg
51cX6FXT4GL,1062,636,09/092a925e.jpg
51cojpMW2sL,1001,1001,09/09372e14.jpg
51d3JiFp4gL,1000,1000,09/09e37353.jpg
51eHXPYw3KL,1200,1200,09/095a08f6.jpg
51eUDSC-sRL,1200,900,09/09cc765e.jpg
51fMrYAm30L,1100,1100,09/09b201bb.jpg
51fNFswwMsL,1000,358,09/0979cbd6.jpg
51kDdbKTe8L,1000,1000,09/099363c0.jpg
51lEb5q9HDL,849,1000,09/091798b9.jpg
51lYIFwFN5L,572,1353,09/096378dc.jpg
51mHhTUH8FL,227,500,09/09184b46.jpg
51n9lhLEJ+L,1100,1100,09/0927811f.jpg
51naHTVVPAL,1000,1000,09/094c39e1.jpg
51nuZ8HUJyL,1200,1200,09/092d08de.jpg
51o0jOc1WpL,1500,1500,09/09acd692.jpg
51o6dLyxuML,500,500,09/09046773.jpg
51obcsK4QDL,1070,1070,09/09f37db9.jpg
51omd3sdpuL,355,500,09/091ff5e1.jpg
51pXJt30FGL,1200,1200,09/099a38c3.jpg
51prIaAz0-L,200,1562,09/097a105b.jpg
51pv6jHmTML,1000,1000,09/09e34e55.jpg
51qswwrC8WL,500,500,09/09abd1b9.jpg
51rQA0rCqGL,1000,1000,09/096bad06.jpg
51rQn+MPWkL,1001,1001,09/09517491.jpg
51sy+nRCHRL,1200,1200,09/09126901.jpg
51uCUWRBdIL,1200,1200,09/092eeade.jpg
51ubPnJTusL,1100,1100,09/09e3c0b4.jpg
51wQWBQWHlL,367,500,09/095bfa67.jpg
51wcKx4ba7L,1050,788,09/0911540d.jpg
51xzMUSXYYL,1500,1500,09/096483d2.jpg
51z2C05MwrL,1500,1500,09/09acf6c8.jpg
51zD4KsZTNL,2560,250,09/091f53a7.jpg
51zXmZKvExL,1000,1000,09/09ec85ec.jpg
51ztMijz5VL,1400,1400,09/094ef5a1.jpg
51zw4KhR4-L,1000,1000,09/09dd47e2.jpg
61+29F+iNQL,1472,2560,09/09ec049e.jpg
61+7hMBInEL,1000,1000,09/096084c8.jpg
61+EvWgie6L,1485,2560,09/09da4fbf.jpg
61+Ncmjwl6L,2200,1879,09/09f9d1cc.jpg
61+SjoYIyjL,1000,1000,09/0962181a.jpg
61-3EXxe3CL,1894,1894,09/09bbb254.jpg
61-8jXhv-nL,667,1525,09/091c2295.jpg
61-bNYShJXL,397,500,09/09de4e5d.jpg
61-kRBK59nL,2200,1879,09/09506f83.jpg
61-o8JoKy-L,1200,1200,09/094ef548.jpg
61-u+OBagjL,2000,2000,09/091fe8e7.jpg
6104PvhMhlL,2560,2560,09/09a090ab.jpg
610CorrO+5L,1500,1500,09/09fd51f4.jpg
610SOHJmDuL,1000,463,09/09067627.jpg
610jVRMk3kL,2200,1879,09/0925b8f2.jpg
610rieJdeML,1100,1100,09/09f5f523.jpg
6117+s5U96L,731,2331,09/09b1049e.jpg
6119u4L+r9L,1000,1000,09/096fe1d0.jpg
611bXPnmuIL,1050,1022,09/09d65311.jpg
611e13fdWpL,1500,1500,09/096c8499.jpg
611ql34CN9L,1200,1200,09/09a87bfb.jpg
612BVcwUlFL,1008,931,09/092b98d8.jpg
612EFbGgY0L,2000,2000,09/090c0abe.jpg
612EyC27ylL,2560,473,09/095f17ed.jpg
612WrtmPYXL,1000,1000,09/09dca217.jpg
6130Yw5UwAL,2560,892,09/09b21f80.jpg
613grsgzm5L,2200,1879,09/09e9cb92.jpg
613jKb8h86L,314,2560,09/0946d0cd.jpg
613v7KWYp6L,500,500,09/09edaede.jpg
614AjBragNL,1500,1500,09/09393b7a.jpg
614Hv3z-4OL,2200,1879,09/09f1681c.jpg
614swhd7WwL,1300,1300,09/0905282b.jpg
614taq3GM0L,1333,2000,09/093387a8.jpg
614ub28XLXL,2560,619,09/09c954c9.jpg
615Z-qNGMqL,1100,1100,09/098198ca.jpg
615dhZeN-aL,1625,850,09/09f13c1e.jpg
615jSb7LY0L,1444,755,09/099aaddf.jpg
615vp4nzbFL,2560,861,09/09f6172e.jpg
615yLCG8HoL,582,1075,09/092de8ba.jpg
6161Unm9B1L,817,2560,09/09e5a20e.jpg
616HPZ0oA7L,2200,1879,09/096f78f4.jpg
616Rg3GC6KL,1375,2499,09/09a4387c.jpg
616abgytOnL,1000,1000,09/09ea161b.jpg
616tEStQDqL,1000,1000,09/09815d26.jpg
616uZS3GZeL,2200,1879,09/09f3c171.jpg
616vXgmCBRL,361,1500,09/09064c5d.jpg
617+Q1Km+NL,1444,755,09/0985632d.jpg
6179sU2116L,1000,1000,09/09edff9e.jpg
617DalDK-kL,1100,1100,09/09083412.jpg
617QEhZuGzL,1500,1500,09/09d21f74.jpg
617YoZDeVTL,1200,1200,09/09efcec3.jpg
617xDxlpHUL,1404,1404,09/092ff9eb.jpg
618TrmLNbNL,1200,1200,09/09f985df.jpg
618uBQw9QNL,1316,1308,09/09b4ac7b.jpg
6197m9yDcjL,787,1500,09/09989c23.jpg
619MxRcReZL,1614,1614,09/092d5880.jpg
619OUkmOMqL,821,2560,09/09a043e7.jpg
619Q-lhk3sL,1000,1000,09/098b29fe.jpg
619ZK9w-aYL,1444,755,09/09e8496b.jpg
61A1Hb19ETL,1200,1500,09/094d658e.jpg
61A5nNX0Q8L,1519,1518,09/09fd58ba.jpg
61ANYmKyLTL,2200,1879,09/09df80f5.jpg
61ArhtDacLL,1500,1500,09/0966e933.jpg
61B35PDACLL,1500,1500,09/09917fff.jpg
61B52JXfdQL,428,1000,09/0946c464.jpg
61B8sN+GuaL,1712,1712,09/09ce99a8.jpg
61BQ11ydw-L,488,2316,09/09890ab9.jpg
61BYFMbZ1NL,2560,1049,09/0955e4a4.jpg
61Bh13BaPtL,1670,945,09/0995aab4.jpg
61BleV1D1IL,1299,1000,09/0908cb44.jpg
61BtiREzwbL,2000,2000,09/0916d83a.jpg
61CZYHwFg9L,1000,1000,09/099facf8.jpg
61CtNjPf4mL,309,2560,09/096845bb.jpg
61DAzAfPEDL,1000,418,09/090af49b.jpg
61DcSklouXL,980,1278,09/094c12a7.jpg
61DmqO13kCL,1000,1000,09/090ff5ac.jpg
61EDBKrWLfL,1638,1638,09/09bf1ee6.jpg
61EHYf1EtuL,1709,2560,09/09391bfd.jpg
61EN7aQ2hmL,2200,1879,09/0939b9d5.jpg
61EVtFmEhoL,1000,1000,09/09800895.jpg
61ExWaxo33L,1000,1000,09/090c7616.jpg
61FMOklobdL,2200,1879,09/099001a0.jpg
61FRBbxS0OL,2290,2290,09/092368eb.jpg
61FpqNnk3dL,1599,1599,09/096d729e.jpg
61Fytz8C+QL,1444,755,09/09d5e53d.jpg
61G-6MYjjzL,2500,1132,09/09e0cb6c.jpg
61G0ECbrALL,2560,659,09/09f412ac.jpg
61GGDqK6CoL,1000,1000,09/09927f4e.jpg
61GQDbJ9WSL,1200,1200,09/09cb2662.jpg
61Gt1HjZ-cL,1111,1500,09/09b593d9.jpg
61H3puR0n7L,1000,1000,09/09a3eef6.jpg
61HsMyZqTYL,1500,1500,09/09d35a44.jpg
61I2G403DeL,1500,1500,09/09046ed8.jpg
61IGeXVzCDL,1000,1000,09/097b8a04.jpg
61IKXlfSB1L,1301,1375,09/09f8fd5c.jpg
61IWYkJHg1L,1000,1000,09/09507ead.jpg
61IYUbyAFrL,2560,2560,09/0906f119.jpg
61IcJayDYeL,1920,2560,09/09b6db7d.jpg
61IgVMAKUaL,2200,1879,09/096f4cdc.jpg
61InskcyqpL,1001,1001,09/09edebf8.jpg
61IntFSX+9L,570,2050,09/095fa537.jpg
61J1SqkxyOL,363,1156,09/097da908.jpg
61J9jkYBtdL,2200,1879,09/097439fa.jpg
61Jvype0djL,2200,1879,09/09731696.jpg
61KBa7ZbnoL,1370,1500,09/09e2000e.jpg
61KCNmRfnyL,2560,619,09/09416534.jpg
61KwNjwlqfL,1200,1200,09/095c1879.jpg
61LGZxnyAsL,2200,1879,09/09196530.jpg
61LPCVoGKPL,1316,1308,09/09ac8b77.jpg
61LxTFcBY6L,2560,1956,09/09d4f73b.jpg
61LywyGCjbL,1500,1500,09/091ea816.jpg
61M3a0jptCL,1920,2560,09/0999f629.jpg
61M5RprwSnL,1000,1000,09/092597eb.jpg
61M7dnvAxOL,1000,1000,09/09ef61ab.jpg
61MKV1STCuL,1000,441,09/09a4c2b3.jpg
61ML2JQy3nL,1500,1500,09/0956e4ac.jpg
61MVO8sTv-L,1965,1965,09/0931773b.jpg
61MfwncG2+L,2000,2000,09/09f99f67.jpg
61MlMDXTsHL,2200,1879,09/09fa4a46.jpg
61MqXZlVUZL,1000,1000,09/09085934.jpg
61MuKcCpMUL,2000,2000,09/09c1c74d.jpg
61N3Q31ceQL,1444,755,09/09401ce8.jpg
61NbSthyw1L,1409,1409,09/0999550c.jpg
61O1mlnC6jL,1026,715,09/0940d4b9.jpg
61OFtFcw2yL,1001,1001,09/0905b19c.jpg
61OTeV6KlNL,1000,1000,09/097c6ee8.jpg
61OUL8SspaL,1500,1500,09/099902e5.jpg
61OWBsGWeqL,1000,1000,09/09f20bb8.jpg
61OrlXGytML,1418,1914,09/098104d9.jpg
61OseIsztML,2560,1024,09/098e32f9.jpg
61P0EEgrqBL,1537,1581,09/09b26964.jpg
61PCTgvDL5L,1001,1001,09/0936730a.jpg
61PCiLZs2fL,2200,1879,09/095b0efc.jpg
61PGKyNKktL,2200,1879,09/094bee15.jpg
61Q-QtB3avL,1200,1200,09/09ca2d05.jpg
61Qec61k-EL,900,1200,09/092b8093.jpg
61R5Emi9bPL,2200,1879,09/0909513f.jpg
61RBNpMlM+L,2560,1228,09/09a706f2.jpg
61RUwuzHnoL,1444,755,09/09ca8f9d.jpg
61S0Xb53htL,1315,1239,09/091abb7e.jpg
61S6hHz0qIL,1200,1200,09/09abe54d.jpg
61SNxX7fq+L,2200,1879,09/098e4d9d.jpg
61SwvXvFpbL,1315,1239,09/093b552a.jpg
61T-22aflAL,1000,566,09/09698d92.jpg
61T1GFnRDfL,1364,1951,09/09258924.jpg
61TNBR0bq4L,1168,1006,09/09d9e539.jpg
61TNszhJWWL,729,1500,09/0906f6e1.jpg
61TnkfxW7mL,1001,1001,09/09b1a03f.jpg
61U5vyhFMcL,2000,2000,09/09825778.jpg
61U7caH1kRL,1200,1464,09/0956e185.jpg
61UOKOZwPEL,2164,366,09/09f9d684.jpg
61UbGPR5gNL,1319,1493,09/0927b274.jpg
61UgQ6Wad4L,2200,1879,09/09f51e91.jpg
61V+XyZeSwL,2200,1879,09/09ed0c9d.jpg
61V1nnlP-7L,1500,1500,09/09771a67.jpg
61VNqq2DSfL,1500,1500,09/0927bfc0.jpg
61VcudXLzwL,1500,1000,09/09c28a81.jpg
61VewaG5tCL,1444,755,09/09a9f547.jpg
61VugEqDdyL,1300,1300,09/091a92db.jpg
61VvJGTVRjL,1886,801,09/0941e3df.jpg
61W+s8xbBnL,1764,1974,09/09e895d9.jpg
61WGvs84FBL,2200,1879,09/098702a4.jpg
61WPVKkk3dL,1000,1000,09/09d435db.jpg
61Wu3IPspLL,1000,512,09/09a884d7.jpg
61XG8lpLKyL,566,1149,09/098b7438.jpg
61XdPK4yvDL,1000,1000,09/09f4a570.jpg
61YErZ-8rQL,2300,2300,09/094248f3.jpg
61YhxMiU9xL,484,2560,09/093ca2dd.jpg
61YixB7aE0L,1198,1198,09/099f69d3.jpg
61ZEBBuqh1L,2200,1879,09/09fce3ac.jpg
61ZG+Y23lGL,2560,1295,09/09d71122.jpg
61ZWf0Hga7L,1100,1100,09/09d6c89e.jpg
61ZWfJ3EJPL,2000,2000,09/09b234c4.jpg
61ZmXq5kraL,1000,1000,09/093aa6d3.jpg
61Zqm-kXkRL,1000,1000,09/09aa6fe7.jpg
61ZsPz-bzFL,1548,2560,09/095200f4.jpg
61Zv3u3XjnL,1018,2560,09/09b3c7f8.jpg
61a4CKrX+sL,1054,1100,09/0931ea44.jpg
61aMrEhOJLL,1000,1000,09/099d6cb6.jpg
61aPlv1mplL,2200,1879,09/0945cb12.jpg
61aWftjMIrL,1000,1000,09/092e2703.jpg
61aiSU6pTNL,2289,472,09/0927cfb8.jpg
61aszElbh4L,1500,1500,09/0903b777.jpg
61at8wNUxEL,1000,1000,09/09b8c903.jpg
61axPYy26zL,1707,2560,09/09017e76.jpg
61bGO1BG3aL,900,1200,09/090c347e.jpg
61bPwV1350L,2200,1879,09/09e2beca.jpg
61bTalyIMjL,825,1698,09/094c6ec4.jpg
61bWuS1HtrL,1000,1000,09/097d477f.jpg
61cCIrRxfsL,1200,1200,09/09e85bb7.jpg
61cDzSNP96L,1444,755,09/09d3d489.jpg
61cJxLLd7oL,1315,1239,09/0952fee5.jpg
61cg6EC245L,1000,760,09/090d5123.jpg
61clf1YGA4L,1500,1500,09/099cad92.jpg
61d1Oqg7j-L,1316,1308,09/09965be0.jpg
61d4hDw6d5L,2120,2120,09/09fedc08.jpg
61dFi9V9UTL,1080,1410,09/09a3c79e.jpg
61dgHuCCJ1L,1200,1200,09/09af9143.jpg
61dyPM+fN7L,1315,1239,09/0918e4ff.jpg
61e5gONqo1L,2200,1879,09/09a95ba2.jpg
61e7Yxeeu5L,675,1500,09/09cd22db.jpg
61eChMlhwCL,1000,1000,09/09d79026.jpg
61eR+-YqDTL,500,460,09/09a898fe.jpg
61eWn15unlL,1134,1134,09/097ff8d1.jpg
61eo8xV-Y-L,1444,755,09/0973a0c0.jpg
61fY1TeR-jL,1500,1500,09/09210a22.jpg
61fqwNJXkiL,2200,1879,09/098a624f.jpg
61fsyShkneL,1000,441,09/09ab1836.jpg
61ftQKKfodL,1080,1410,09/09c734ba.jpg
61ftfUG-AML,2200,1879,09/099572cd.jpg
61gYQ8CG1rL,1444,755,09/09d4c20d.jpg
61gaysxwYeL,1444,755,09/09e96bb8.jpg
61gjOyuzrVL,577,1838,09/097126f5.jpg
61gvTGfMhhL,1500,1500,09/091e8d00.jpg
61hKQ5qKDkL,2200,1879,09/094c7088.jpg
61hYNTmnrKL,1010,2560,09/09c9b4ed.jpg
61hnFVJSapL,1619,1619,09/09a8114b.jpg
61hqh7Ejg5L,790,1024,09/09b2a62d.jpg
61huFTU3iYL,2560,1739,09/09c7f76c.jpg
61hw33tGx2L,2200,1879,09/09d344b9.jpg
61hy9OWj52L,1444,755,09/093cf55f.jpg
61hyTRr0K5L,2000,1700,09/09b82474.jpg
61i9EZ3UT6L,1000,440,09/09c3629d.jpg
61iLRWoF5NL,1100,1100,09/0961e1d9.jpg
61iNsRHJFqL,1444,755,09/0918f12d.jpg
61ibYJ1+h4L,1200,1200,09/092cda24.jpg
61irzgCoSbL,1444,755,09/09f8e66b.jpg
61j4Vcgiw0L,1319,1182,09/0925ce16.jpg
61jS4nK8sWL,1001,1001,09/09211024.jpg
61jdxF+xkoL,624,2560,09/09200f6f.jpg
61jnNs4LWrL,1000,1000,09/09669b44.jpg
61jongbBMkL,1000,1000,09/096a67be.jpg
61k8J6sSjgL,1500,1500,09/09feca32.jpg
61kBTK-DVyL,1316,1308,09/09a86d5d.jpg
61kCtbzMJNL,2000,2000,09/0952cce6.jpg
61kDuJC5aJL,2200,1879,09/09ac0ea9.jpg
61l2koC2ppL,1920,2560,09/09cf3d9c.jpg
61lGyB7Y4mL,1492,1492,09/096f80e4.jpg
61lOWiTYvnL,1100,1100,09/0900e3a1.jpg
61ljk03aU6L,1156,945,09/0960ac63.jpg
61m9UmdAgbL,1200,1200,09/09873b98.jpg
61mLsixCAcL,2560,1707,09/09b6a847.jpg
61mx5xKWCaL,1284,2560,09/09f09f36.jpg
61nFdF7yvFL,2560,569,09/095d66f5.jpg
61nOeDypBVL,1920,2560,09/094670fb.jpg
61nWmNxYArL,1200,1200,09/097a33b9.jpg
61nXYR9XPyL,1853,948,09/0925a0bb.jpg
61nZnzBURfL,2200,1879,09/091d0f23.jpg
61naFqdziQL,1000,462,09/09e61d68.jpg
61o0+zooN1L,630,1620,09/09ebda92.jpg
61oTH8Ev3YL,1000,1000,09/09456802.jpg
61oZl3f-WHL,1444,755,09/09c2920a.jpg
61oci5LQIAL,289,2310,09/092dbaa5.jpg
61oy4289y0L,664,1000,09/091aa940.jpg
61p1cf0UtwL,1100,1100,09/09cf152e.jpg
61p6xoyIy6L,1200,1200,09/09780d6b.jpg
61pCCA2ebNL,1500,1500,09/09418dd6.jpg
61pOwrrBlSL,1316,1308,09/09f90af2.jpg
61qGatEb4wL,1411,1411,09/09eb8248.jpg
61qdfsIu7tL,2020,2020,09/09e0797a.jpg
61qhHYgk4bL,715,1920,09/091def2d.jpg
61qsx-hdaIL,2200,1879,09/090f967c.jpg
61rk7WMYT9L,2000,2000,09/09fd08be.jpg
61rqnSKszgL,1000,1000,09/099b6d4d.jpg
61rsnKh01-L,1000,1000,09/098e4604.jpg
61sI641ZpyL,1500,1500,09/098d0b59.jpg
61sK7S+5byL,771,2560,09/09ab3870.jpg
61sRhPPoCYL,1000,1000,09/09d74a04.jpg
61srtJgPzuL,2093,2093,09/090136c1.jpg
61swK+gX9oL,1444,755,09/098afbfd.jpg
61syAp2twfL,1200,1200,09/09437e2a.jpg
61tC7lJmldL,1000,1000,09/09d933a3.jpg
61u6ozulnZL,1000,1000,09/09e59f38.jpg
61uWyJ7Wa-L,1032,1092,09/09439765.jpg
61ueUEybnnL,1000,1000,09/092b65ff.jpg
61vA5Sk0NgL,590,1516,09/09732817.jpg
61vBStwr6DL,667,1000,09/09ec4aff.jpg
61vDbsOOB9L,2160,2160,09/0939953e.jpg
61vMd1Q+MZL,1316,1308,09/09975217.jpg
61vVLtEPStL,1000,557,09/09ad7f59.jpg
61voapoP-3L,1548,1452,09/09678d61.jpg
61vwtTEGNJL,2560,1976,09/09459eaf.jpg
61w3rs27cqL,2200,1879,09/0900c0d5.jpg
61w4pTO+mrL,1000,1000,09/090b89bb.jpg
61wndhUU9zL,1000,1000,09/095c7ffb.jpg
61xZMTQ6UfL,665,1984,09/09e6b521.jpg
61xc1RuljgL,1001,1000,09/097d932d.jpg
61yK7TUEmiL,1000,1000,09/0995b062.jpg
61yPfGzzdFL,1000,1000,09/0974e039.jpg
61yRHR3vZnL,1625,850,09/090f48f7.jpg
61yrXJudDUL,1001,1001,09/0952b3ba.jpg
61yvuqnxF7L,2560,1739,09/0930b165.jpg
61z8VMyGYzL,1200,1200,09/096b7999.jpg
61zDQfB03-L,1315,1239,09/09fe2fbf.jpg
61zYxCKUwqL,1369,1253,09/09bf79d9.jpg
61ziuz2kF4L,1000,1000,09/09443aec.jpg
61zizkNu1LL,830,1253,09/0951f61b.jpg
61zvk7MeW3L,884,1829,09/09a31e4f.jpg
71+12GvC7WL,2200,1879,09/091d1ace.jpg
71+1mi6HoHL,2200,1879,09/092eb1df.jpg
71+6S8DcqoL,1000,1000,09/093ed2c8.jpg
71+IQ3jGQDL,2200,1879,09/091b020f.jpg
71+JhQqT7FL,1329,1250,09/090dfd48.jpg
71+Nh8UtXZL,2200,1879,09/09089b26.jpg
71+a8jfNmtL,2000,2000,09/09ad6f81.jpg
71+o1kKGchL,1000,1000,09/09e6c157.jpg
71+tkWt3KJL,1200,1200,09/09fa694b.jpg
71+yzpvR20L,2560,877,09/092aadf7.jpg
71+zJhEcnzL,2200,1879,09/09f2562e.jpg
71+zPs7KqOL,2560,1976,09/0963109d.jpg
71--CRUpPnL,1000,2560,09/092b659b.jpg
71-59uWY7OL,1859,2560,09/09c97b13.jpg
71-61ig9u6L,2200,1879,09/092c5458.jpg
71-CBw3+lkL,2200,1879,09/09c40349.jpg
71-fWi1IwQL,2200,1879,09/0928e563.jpg
71-g6uIjE9L,2170,2170,09/09b1d2df.jpg
71-iQx11jFL,1000,1500,09/09a9a802.jpg
71-kI7G7w+L,1316,1308,09/090541a7.jpg
71-zoOvLc2L,1500,1500,09/09f783a1.jpg
710869AZHEL,2200,1879,09/099e0286.jpg
710Bl7QPbRL,2200,1879,09/090d1513.jpg
710Ici80duL,1500,1500,09/09cfc13f.jpg
710JQ4b+28L,1564,1443,09/097aa661.jpg
710U-wPksqL,2200,1879,09/094ca41d.jpg
710UeO+duML,2560,2560,09/0938540b.jpg
710XszDG-+L,1500,1500,09/09a69301.jpg
710a9XZfxyL,2200,1879,09/097309d3.jpg
710chNwSKqL,2000,2000,09/098e10e9.jpg
710i81Pb9tL,1077,1992,09/093e1283.jpg
710oVg7WthL,2000,2000,09/09acae43.jpg
710r2LaGuiL,2200,1879,09/09cbd0b2.jpg
710skyrs0eL,2200,1879,09/09d565b0.jpg
7115Kax8OqL,1200,1200,09/0967f764.jpg
7115mWVtENL,2200,1879,09/0911e5e4.jpg
711AkudvWCL,2478,2478,09/095c956b.jpg
711HUsNUmQL,2560,1969,09/09255999.jpg
711o+B76u9L,2200,1879,09/091856a6.jpg
711qPWi1ozL,2200,1879,09/09e19352.jpg
711r88CgQCL,878,2560,09/09fc0b67.jpg
711sg00DREL,2314,2314,09/09a214d9.jpg
7123IkGkOlL,2200,1879,09/09417d64.jpg
712DHhICf6L,2200,1879,09/09e92a17.jpg
712W6m+9vrL,848,2560,09/094a1af4.jpg
712eDrYE-oL,2560,2058,09/0978b9cd.jpg
712qRWQJ2SL,1536,2560,09/096598cb.jpg
71333G1N5QL,2200,1879,09/0966aa65.jpg
713S341Af1L,2200,1879,09/094f6713.jpg
713XsyOSkHL,911,2560,09/0978c1c0.jpg
713cYQSBcQL,2200,1879,09/09c9d049.jpg
713iRGG21yL,1500,1500,09/09817b07.jpg
7142YQe+U1L,2200,1879,09/096546ca.jpg
7146YBQy1sL,2000,2000,09/09f289e5.jpg
7148CyLD7fL,2560,738,09/095231f1.jpg
714AwOCrX8L,2560,2560,09/09c1ef10.jpg
714CdqYhYUL,2200,1879,09/091cdcae.jpg
714DzbfZYXL,1200,1200,09/09086846.jpg
714LahebWeL,1760,1760,09/09a8f06f.jpg
714UifJz2GL,2560,1969,09/0972f217.jpg
714cT0cVh7L,1000,1000,09/09f5d864.jpg
714sgQSFTlL,2200,1879,09/09657514.jpg
714sytRMQsL,2200,1879,09/099cadea.jpg
7157UdZLhgL,953,2384,09/0986a780.jpg
7159YymMRML,1000,1000,09/09b4b36d.jpg
715BhAv3siL,2200,1879,09/0999b434.jpg
715Ql72MlWL,1920,2560,09/09c1a61d.jpg
715VfCbGBZL,2560,2560,09/09c507ad.jpg
715W0cFgJIL,2560,2018,09/095441d5.jpg
715fR+bukQL,2374,2374,09/098c55b0.jpg
715v6mD1QyL,2560,2560,09/09813ae7.jpg
715wkusnEVL,2200,1879,09/093d7651.jpg
715zkVCbZWL,2560,2560,09/0975827a.jpg
7162feoB3SL,2200,1879,09/09f1fe2c.jpg
716DQKtbcYL,2083,2083,09/098d38cd.jpg
716K4NRkrTL,2200,1879,09/09e760f5.jpg
716uU+ncTBL,2200,1879,09/093cbc7a.jpg
716vXsz3G4L,2200,1879,09/09d35385.jpg
7172lgGD+pL,2560,896,09/0962b45d.jpg
7179eMZej9L,934,2560,09/09c38e1d.jpg
717NftI3xxL,2200,1879,09/093c7206.jpg
717VTsXbvQL,2200,1879,09/092a7334.jpg
717c7M1SJ-L,2560,2560,09/0966081e.jpg
717lfPK+yrL,2560,2560,09/0925006f.jpg
717yEkJZvnL,2000,2000,09/0900a1f2.jpg
7183pzd6dRL,2200,1879,09/09a30627.jpg
718FRi0U8GL,2000,2000,09/091cb598.jpg
718XUcUSaaL,2200,1879,09/0925eb1f.jpg
718Y-61WvvL,796,2560,09/09c6ecfa.jpg
718b9cRtX4L,2560,1368,09/0940b9ce.jpg
718mqPdoYmL,2560,1066,09/09e5e74c.jpg
718x1vTL4EL,1191,1232,09/09afd4fd.jpg
71939+y-QEL,2200,1879,09/09735980.jpg
7194eXYqrqL,1942,1942,09/099246aa.jpg
71975I-dmuL,1000,687,09/090acdd8.jpg
719ATNkt9RL,2200,1879,09/098ff246.jpg
719XBW7a1vL,2200,1879,09/09923029.jpg
719f2iPV3uL,2200,1879,09/094e2e1e.jpg
71A-84aQX5L,2560,1969,09/09b1b642.jpg
71AJ7tvWGaL,2200,1879,09/095f014f.jpg
71AVrx93ouL,719,2324,09/09192ba0.jpg
71AxpnBj59L,1465,1500,09/0982239f.jpg
71B+sL843dL,2200,1879,09/097c36b1.jpg
71BDgBwehuL,2200,1879,09/0901b10b.jpg
71BHo07kglL,2200,1879,09/09399928.jpg
71BMz+vGtwL,2200,1879,09/09f562f2.jpg
71BpTMPVl3L,2200,1879,09/091cf55c.jpg
71BqF0qg3DL,757,2560,09/098e566f.jpg
71BqK2ejRmL,922,2342,09/096b704f.jpg
71Bv0Q9JjLL,2200,1879,09/09fea53e.jpg
71BvseqdAeL,2000,2000,09/098767c4.jpg
71Bw3sqXhlL,2200,1879,09/09aad926.jpg
71Bx4o2Im5L,2200,1879,09/097d2530.jpg
71BxTHupOaL,1625,850,09/09164cb5.jpg
71C9zd9ZqdL,2200,1879,09/09bca59b.jpg
71CPqcVhz6L,1236,2560,09/09552cec.jpg
71ChwKRi1+L,1500,1500,09/09c47bd3.jpg
71CmAsyOMDL,2200,1879,09/094d294f.jpg
71DGIsFfCFL,2063,2063,09/0959fd20.jpg
71DMaLdmSyL,2200,1879,09/09789e7e.jpg
71DR7D3345L,2000,2000,09/091097f3.jpg
71DT8Sag6hL,2261,1984,09/090eafbe.jpg
71DXv8t2HoL,2200,1879,09/09c864c1.jpg
71DkpaKZj8L,2200,1879,09/0980e47a.jpg
71Dn0Wt70SL,2560,2560,09/0968997f.jpg
71DnFerlnoL,2000,2000,09/09fbe9a1.jpg
71DokWkZd2L,938,2560,09/096c682c.jpg
71DrU72weRL,2560,1163,09/099e0d76.jpg
71EJ+cOYIaL,2200,1879,09/09220ebd.jpg
71EkReqPyiL,2200,1879,09/0962b1a1.jpg
71EyNjtJJYL,1472,1034,09/090db29b.jpg
71EzGwBraEL,2200,1879,09/09e01425.jpg
71F3BT3SKHL,2560,2560,09/091c5fe1.jpg
71FYApAXQjL,2200,1879,09/0925fe66.jpg
71FtaYwxbqL,2200,1879,09/09050374.jpg
71G-0O5SyXL,2200,1879,09/090d0b4f.jpg
71G67zwaI9L,1000,991,09/092df341.jpg
71GAEUKrgbL,2560,1707,09/09c677b6.jpg
71GTmbiOXLL,2200,1879,09/0947071c.jpg
71GU5aC0oKL,832,2560,09/0960da48.jpg
71GfKDBV4eL,2000,2000,09/09515999.jpg
71GkLicSjcL,1444,755,09/0943bfae.jpg
71GqDCL5YWL,2200,1879,09/091e883e.jpg
71HB9zaHB6L,655,1152,09/09a08589.jpg
71HBWlasynL,2200,1879,09/09d729e1.jpg
71HHAGhdtoL,2560,2560,09/094a5e31.jpg
71HPIzY9UXL,865,2560,09/091c6298.jpg
71HkWuNEk6L,1500,1500,09/0973e99c.jpg
71HwlYLjllL,2560,1969,09/092f9625.jpg
71I62TQbUEL,2195,2560,09/0904464e.jpg
71IAZ16Ja2L,1362,2560,09/0927e823.jpg
71IBeqpGefL,2200,1879,09/09ca4bc0.jpg
71IDTuVeOtL,2560,2560,09/096774bc.jpg
71IE+3FjY-L,2200,1879,09/09c068c2.jpg
71ISREa7jsL,2560,2560,09/09e18c17.jpg
71IUcjVv38L,2200,1879,09/0951c90d.jpg
71IZs6k6uCL,1053,1827,09/09e8e95e.jpg
71IaR9jCf1L,2000,2000,09/099f5413.jpg
71Ie2CECP0L,2200,1879,09/09d9cc72.jpg
71IkWm0MLxL,2242,2242,09/096efbe0.jpg
71J+MCRxjZL,1596,2002,09/0929bdd1.jpg
71J3B3wi+dL,1927,2560,09/097aa5be.jpg
71J7xQmUspL,1330,1493,09/0930655c.jpg
71JGMKT86kL,2200,1879,09/094b7503.jpg
71JI4W8Ms7L,2560,2560,09/096dbb92.jpg
71JJ1TAxwdL,2200,1879,09/092e0a85.jpg
71JL+++5iOL,2185,2185,09/0974c70f.jpg
71Je7-RBVaL,2200,1879,09/09669073.jpg
71JgPun46FL,2200,1879,09/0954645c.jpg
71Jnu1QYnZL,2200,1879,09/096a9e0b.jpg
71KDsunr2qL,2200,1879,09/09406649.jpg
71KNVSzL+1L,2200,1879,09/0992e658.jpg
71KS9XOdHWL,2200,1879,09/091c29fd.jpg
71KYg7mRZiL,2560,2560,09/09c94346.jpg
71Kh1JoMMyL,2560,2560,09/0994684f.jpg
71KhVPAJ+hL,1800,1800,09/094050bf.jpg
71L-KTiaK4L,2200,1879,09/09acb134.jpg
71L7w2i5avL,2560,1437,09/092e0b29.jpg
71LPTSWOOfL,2029,1991,09/099e187b.jpg
71LUkM7vDxL,2200,1879,09/09961403.jpg
71LVfdN-FOL,2200,1879,09/09d5663c.jpg
71LbaEbV9hL,2560,1303,09/09e89c30.jpg
71LgjwARG7L,2560,2560,09/09c4dae2.jpg
71LlC8-tnfL,2560,1555,09/096a9261.jpg
71M9OKYrb8L,2420,2420,09/09ba3e89.jpg
71MCREMVoKL,2200,1879,09/095f0c98.jpg
71MOl4g0iqL,2560,1737,09/09c72d4d.jpg
71MQaaE27WL,2200,1879,09/09fd6f82.jpg
71Manlw32gL,2560,1969,09/096e2790.jpg
71Mbv2EgVLL,2200,1879,09/090363e9.jpg
71McI4x02WL,1000,1000,09/09a776eb.jpg
71MecRzUB8L,2000,2000,09/0943bc21.jpg
71MfY6pKR4L,2000,2000,09/099c068e.jpg
71MhaZ2qJBL,2200,1879,09/096cdd95.jpg
71MoqBENnqL,1200,1200,09/0984a2af.jpg
71Mt+YEdMtL,500,500,09/098bc917.jpg
71MyYls-AyL,2200,1879,09/09528d44.jpg
71NChtqZcBL,2200,1879,09/091baf6d.jpg
71NEdhxO6rL,2200,1879,09/097a5db7.jpg
71NVSuaaARL,2560,2560,09/09e5cfa1.jpg
71O4RbDjEzL,2560,937,09/09db9c05.jpg
71O8tpSdVkL,1024,1522,09/099aa126.jpg
71OCWmRMMkL,1200,1200,09/09286d19.jpg
71OFBjjQPaL,2200,1879,09/095fa7df.jpg
71OMjItL4dL,2560,2560,09/09894def.jpg
71OMyqPreqL,1281,772,09/0909f648.jpg
71OQeUimPfL,1051,1599,09/09c249f4.jpg
71OX0zl1uEL,2560,2560,09/093e4ebd.jpg
71OxfZF4GSL,2560,715,09/09add966.jpg
71P+U-qDvaL,2200,1879,09/0955f833.jpg
71P9QaXbg7L,2560,1323,09/0945916c.jpg
71PAlW9e89L,2200,1879,09/09850fd0.jpg
71PPPLlBqFL,2041,1896,09/09041d90.jpg
71PS4QhmNeL,1600,1200,09/09516b99.jpg
71PUlJMjknL,2560,1967,09/09d238b3.jpg
71PZWwzLJWL,2200,1879,09/09791d46.jpg
71PaI8zmhRL,2200,1879,09/090230ec.jpg
71PsFOrBc9L,2200,1879,09/09b2f32f.jpg
71PwZBx2NGL,2200,1879,09/096bfbfa.jpg
71Q3VyPoLIL,1200,2529,09/099b5200.jpg
71Q5FmcqVzL,2000,2000,09/098b306b.jpg
71QF1g9ZdzL,2310,2310,09/0939932e.jpg
71QKUYGhdIL,2200,1879,09/09b76d43.jpg
71QPCT+tOyL,2200,1879,09/0992fb53.jpg
71QQS3ZGq+L,2200,1879,09/0976a05f.jpg
71QaZgWEreL,2200,1879,09/09d7789b.jpg
71Qe16-8oHL,2200,1879,09/0918a8d0.jpg
71QkEEbjKbL,2200,1879,09/09011d85.jpg
71QuToWNLSL,2560,2560,09/09eb14d6.jpg
71QwEGy0NLL,1087,2140,09/09cc12ac.jpg
71Qz-ce759L,2200,1879,09/09436b95.jpg
71R8r-wmPrL,1500,1500,09/091b6bb2.jpg
71RSp1zHsbL,2560,2039,09/09343aa0.jpg
71RUbIobsiL,1500,1500,09/097b7923.jpg
71RVNkPhOyL,2200,1879,09/09857662.jpg
71RY-JrTWTL,2200,1879,09/0952004e.jpg
71RYMx0WRxL,2200,1879,09/0923c0ce.jpg
71RkBnjW1CL,2200,1879,09/0917f796.jpg
71RnOniioGL,1500,1500,09/093bd1e7.jpg
71RrvvhE8QL,2424,2424,09/09b560a4.jpg
71RujRYPFML,1828,2560,09/09d31a43.jpg
71Rw3nKpljL,2200,1879,09/095eeca3.jpg
71SP0iLAByL,892,2560,09/094e2035.jpg
71SlUorML7L,1000,1000,09/099bdc99.jpg
71Sy7bkO50L,2560,2560,09/09849af3.jpg
71T-rF1Cz3S,2449,2500,09/09e6d392.jpg
71T6Adpeo3L,2200,1879,09/09d7222d.jpg
71T85nI3+WL,2200,1879,09/0984ff3f.jpg
71T8k+NaN3L,2200,1879,09/099575dd.jpg
71TF7YCkp8L,2560,2560,09/09ed4955.jpg
71TGtk7AVIL,2342,731,09/09ac251b.jpg
71UA6kCRzWL,2200,1879,09/0963016b.jpg
71UATHrXc8L,2200,1879,09/098c00b6.jpg
71URRHwMciL,2560,1621,09/09f83230.jpg
71UVdnSKjTL,2560,544,09/09747142.jpg
71Ui2hqI5WL,2200,1879,09/0975e930.jpg
71Up9BsCv-L,2200,1879,09/0928194f.jpg
71UxA+MdmfL,2200,1879,09/0984edd9.jpg
71V0LF8T2xL,2200,1879,09/0919d29a.jpg
71V5Tf-81HL,1619,2560,09/096fbebe.jpg
71VLPLhA5SL,1147,2560,09/09d98448.jpg
71VMeJbmm-L,2000,2000,09/0974c464.jpg
71VUfkwrPTL,2200,1879,09/090b0df6.jpg
71VVXf7wv7L,1100,1100,09/09beb2aa.jpg
71VqwTstEhL,2200,1879,09/098679b7.jpg
71VsSxxXYfL,2200,1879,09/094f1eb5.jpg
71Vzs4na-1L,2200,1879,09/09d7d094.jpg
71W-IIko3GL,1164,1879,09/094ef39e.jpg
71W31oBwLLL,2200,1879,09/09c4bf32.jpg
71WAYK1m1hL,2200,1879,09/09039d64.jpg
71WEoVMHlgL,2560,1444,09/097a1e9a.jpg
71WRDzIzGPL,2200,1879,09/09538c71.jpg
71WbPB9qTiL,2200,1879,09/096dcd1a.jpg
71WgOap4RSL,2200,1879,09/090a42d9.jpg
71WpJhVPsVL,2200,1879,09/09e4bc64.jpg
71WpcKwiGFL,542,2560,09/09199858.jpg
71WwoKbA44L,1306,1394,09/09a73499.jpg
71XFL-w6s5L,2200,1879,09/09d8d29a.jpg
71XG-3XxPRL,1332,2560,09/09de3429.jpg
71XP1WUMvML,2200,1879,09/09b42a05.jpg
71XemOSU8uL,822,1500,09/09fd1e6b.jpg
71XvVncAhiL,2200,1879,09/092d21e3.jpg
71Y-RBoy9fL,2560,1707,09/09056af0.jpg
71Y-eV+vkoL,2369,2447,09/0900529c.jpg
71Y-qj17cPL,2200,1879,09/09f9217f.jpg
71Y1zT7BXcL,281,1525,09/09b21bcb.jpg
71Y4lb3MD7L,2200,1879,09/09027a3e.jpg
71YJUs5r04L,2517,2517,09/09c9bda7.jpg
71YR-e9veDL,2200,1879,09/092fed57.jpg
71YXmpzXKqL,2200,1879,09/097f3379.jpg
71YecPA5q4L,1958,2560,09/0939bf9e.jpg
71YlGdOuU9L,1000,811,09/09925dfe.jpg
71YpMcHeKxL,1359,967,09/09255535.jpg
71YseX9xF0L,2200,1879,09/09541fc5.jpg
71YwD2qxEML,2200,1879,09/09568be9.jpg
71ZByOUBpSL,2560,2560,09/095b977a.jpg
71ZChVKE8XL,852,1280,09/0904e0ee.jpg
71ZJgFQpbHL,2191,2191,09/0980a552.jpg
71ZO5H0D1eL,2200,1879,09/09ae1be6.jpg
71ZTmkoSbAL,969,1775,09/09c1f5c6.jpg
71ZbjKty3cL,2200,1879,09/09dfb06d.jpg
71ZcP308EEL,2510,2510,09/09b3eefd.jpg
71Zesigev9L,2200,1879,09/09e53c6f.jpg
71ZhbKgqlhL,2560,1471,09/094ba4cc.jpg
71ZukmNxbSL,2200,1879,09/09c71141.jpg
71ZvM0RepTL,987,1512,09/098dbdaa.jpg
71a2GeNB5HL,1707,2560,09/09cbd5c2.jpg
71aEenQREkL,1500,1500,09/0976e2cd.jpg
71aJ9qhkgNL,1777,2192,09/098120f6.jpg
71aXwWFZxJL,2560,2560,09/099b9552.jpg
71ajE5P2oYL,2560,2560,09/09268725.jpg
71akyY3Q1VL,2200,1879,09/09fcbbad.jpg
71ataHnBk1L,2200,1879,09/09cb83ee.jpg
71atpfE9tPL,566,2136,09/09f32140.jpg
71bAoxQOBTL,1338,2560,09/091d2441.jpg
71bEoJR4YEL,2560,2560,09/0921db90.jpg
71bei2Yl0TL,2490,2490,09/091308a7.jpg
71bg+svCS6L,1316,1308,09/091dcdc2.jpg
71bprH6O9eL,2000,2000,09/09998b66.jpg
71brhDKuxwL,2200,1879,09/094ed53d.jpg
71btSBqX16L,2200,1879,09/09cd7cdf.jpg
71cGBzcQ9jL,1234,2560,09/099ee495.jpg
71cOb11dPgL,2200,1879,09/094fb251.jpg
71cPJpvsMkL,2200,1879,09/09cb2e43.jpg
71cUd22WD2L,2200,1879,09/09bc0441.jpg
71caFHzkVgL,2200,1879,09/09980bcf.jpg
71cbR3HNyUL,2327,2327,09/09c0c337.jpg
71ch2J+ZSvL,1200,1200,09/09750cab.jpg
71cjaVLoYqL,961,2560,09/09853faf.jpg
71ck894QR9L,1200,1200,09/09269c39.jpg
71cmCZfx+TL,1500,1500,09/09ae8e79.jpg
71cwUuB+dgL,2560,1953,09/091ebb8f.jpg
71d-VDPYs1L,2200,1879,09/099e96d9.jpg
71d1opYFRBL,1742,2560,09/09a0f69e.jpg
71d4f-LPuNL,2200,1879,09/0963483d.jpg
71d5tw2+PIL,1000,1000,09/09c7bef4.jpg
71dGv1Dup-L,2200,1879,09/09669f49.jpg
71dI-c64iEL,2456,2456,09/09e975b2.jpg
71dLM+S9UwL,1048,2560,09/098a88b9.jpg
71dbUz5zV1L,2200,1879,09/09c03682.jpg
71dgl+iE5cL,2560,775,09/0956021c.jpg
71dgxV2L0JL,2279,805,09/0955161b.jpg
71dl4QKTw8L,1000,1698,09/09092cee.jpg
71dymEsCtQL,1000,656,09/09235b28.jpg
71e24PL3rML,2200,1879,09/09dd4c4b.jpg
71e8c-0mneL,2000,2000,09/090206aa.jpg
71e9sTjgYmL,2000,2000,09/0998fafa.jpg
71eD3L+tIzL,1019,1049,09/0915851d.jpg
71edHIdG74L,1625,850,09/09d0621e.jpg
71ekNDo2oDL,2200,1879,09/098f3caa.jpg
71etUY2fPwL,2560,2059,09/09374ff6.jpg
71f4EGfoLLL,1000,1000,09/095c8814.jpg
71fFclExNzL,2560,543,09/09c64a6c.jpg
71fIATXjzFL,2560,1102,09/09d73b11.jpg
71fJ1L6zNRL,2560,2560,09/09a19371.jpg
71fNKdGzhYL,2000,2000,09/0964b296.jpg
71fVn+cg5pL,2051,2560,09/090c4a7d.jpg
71feGGGWh2L,2200,1879,09/09f11ab4.jpg
71fh0gpm4IL,2200,1879,09/092d1713.jpg
71fjb7b4JUL,2200,1879,09/09ecaa1c.jpg
71fySnh7MJL,1000,1000,09/0906f095.jpg
71g9OyM4qxL,2560,2560,09/09199aab.jpg
71gC+z2JHnL,1041,2560,09/09e77872.jpg
71gFYWndNSL,1757,1757,09/09ed2f29.jpg
71gNxuVU2sL,2560,1211,09/0917ef96.jpg
71ghJmVLnvL,2200,1879,09/09eb8914.jpg
71gizAmAKkL,1721,2560,09/09b81919.jpg
71h5YoglYJL,2200,1879,09/0934c168.jpg
71hH-OMDwzL,2108,1514,09/09b83ac9.jpg
71hKE5fT1kL,2560,2560,09/09cdae92.jpg
71hQ2JsM-RL,2200,1879,09/09452ca7.jpg
71hWMeIzOdL,2200,1879,09/09233b08.jpg
71hYB-djsLL,1500,1500,09/09eba9bf.jpg
71hgNM-kfGL,2560,987,09/09cb9b2d.jpg
71ht23WmeKL,1442,2560,09/0974b7e3.jpg
71i7C4WnokL,2000,2000,09/09649988.jpg
71i7g-4AR0L,2214,2560,09/097b8728.jpg
71iO0pl7oGL,2284,1834,09/09541553.jpg
71iPB5af-sL,2560,2560,09/09dc01ce.jpg
71iRA79sTCL,2415,2415,09/094afb5b.jpg
71iRAj2ET+L,2200,1879,09/0984ebce.jpg
71j+YMQCo6L,2200,1879,09/09d6c3f9.jpg
71jARjOTs-L,2000,2000,09/09ea1020.jpg
71jC9W-2u+L,2200,1879,09/0994c5c5.jpg
71jE3w+rdIL,2560,2560,09/09486043.jpg
71jK220N1KL,1000,1000,09/09bf8256.jpg
71jRu9esDBL,2200,1879,09/09275ae4.jpg
71jbZYJOMYL,976,2241,09/092bd13c.jpg
71jcFjR9buL,1893,2560,09/096b7497.jpg
71jqdcrxQ7L,2560,972,09/098ffb14.jpg
71k+GSxBvYL,2560,1969,09/094187c4.jpg
71k5II5dB-L,2200,1879,09/09a8b8f5.jpg
71k8BCfaluL,2560,2259,09/0943841b.jpg
71kClN+tvkL,1678,1181,09/09c25619.jpg
71kEIIa712L,2560,1997,09/095740a5.jpg
71knW0Ufo6L,1200,1200,09/098503a2.jpg
71krhcTPq-L,1100,1100,09/0912e50d.jpg
71kv19AoKNL,1920,2560,09/09d3b400.jpg
71kyX6eIDmL,2000,2000,09/09d080ea.jpg
71l4MwvrtwL,2200,1879,09/0994ed02.jpg
71ledxwNjTL,2200,1879,09/09947f00.jpg
71lfArY93PL,1141,2280,09/09b8c0d6.jpg
71lj0l6PBIL,1100,1100,09/09b5f18b.jpg
71lqmcEzlZL,1905,991,09/093d584c.jpg
71m1Kwbw9bL,2560,860,09/09ac2077.jpg
71m2nr6GIfL,1050,1050,09/09bca035.jpg
71m5fAp0udL,2200,1879,09/0957cacd.jpg
71mBXoAuBNL,2491,1911,09/09799664.jpg
71mLWRy0sbL,1500,1500,09/096a6e68.jpg
71mVsUH1fWL,2200,1879,09/092cefa4.jpg
71mciqPhXjL,2200,1879,09/09f0c184.jpg
71msp8hTv5L,1368,2560,09/09f81801.jpg
71mvXsFnSyL,1707,2560,09/098d8ccb.jpg
71mxjAJgoRL,1348,1332,09/09a45239.jpg
71n3r1K83JL,2200,1879,09/09b3731b.jpg
71n8u4mOKiL,855,2474,09/0935d6f0.jpg
71nFIRrmmlL,2200,1879,09/09ff648f.jpg
71nJftUna3L,2200,1879,09/09bd8aff.jpg
71nKEfQh0AL,860,2560,09/09f3a9e4.jpg
71nLPFzej7L,2200,1879,09/09bff3d6.jpg
71nRnui4N+L,2200,1879,09/09997d66.jpg
71njGW3Qd3L,2560,2560,09/09c44ab7.jpg
71nmr9p7afL,2200,1879,09/092bba5c.jpg
71notAVc7vL,1500,1500,09/090a19eb.jpg
71o+rh08NCL,2513,1012,09/091f2f28.jpg
71o99m8vM0L,2200,1879,09/0982a0d7.jpg
71oEstgH0nL,2560,1273,09/093c6180.jpg
71oMex3eOVL,2200,1879,09/09e1c1d2.jpg
71oYqj5pguL,2200,1879,09/09b772aa.jpg
71oZtHrq2TL,2560,1580,09/092f4127.jpg
71onFclxhML,1228,2375,09/0929003a.jpg
71opxkGCRgL,2200,1879,09/09183442.jpg
71otistnDyL,2200,1879,09/09eb4bdb.jpg
71p3VLM9jPL,2200,1879,09/09962f64.jpg
71pLOHsNpEL,2560,992,09/0960fbda.jpg
71pQK8VlulL,2200,1879,09/090af715.jpg
71pRGsh84-L,2200,1879,09/09885fde.jpg
71pj025KO5L,2560,2206,09/094bd5aa.jpg
71ptWsWct7L,2560,2560,09/0924ad45.jpg
71pzPZm--SL,2200,1879,09/09c312a1.jpg
71q1xy+3w2L,2200,1879,09/09a91980.jpg
71qDXrCbZ+L,2200,1879,09/09fc1db5.jpg
71qEk1DR5AL,2560,2560,09/096389f1.jpg
71qQvU+UGhL,2200,1879,09/09074774.jpg
71qa5W9kj4L,1820,1819,09/09ae7e97.jpg
71qfBVBCWhL,2200,1879,09/09705a06.jpg
71qwSeuMBWL,1200,1464,09/091b835a.jpg
71rfscIbOIL,693,2560,09/09a71921.jpg
71rht-U3pDL,1500,1500,09/09e5a9c6.jpg
71rvAeg5-AL,2312,2312,09/090ad289.jpg
71s0F8PBoYL,2000,2000,09/09c1cabc.jpg
71s3TzyDNEL,1000,1000,09/098a592c.jpg
71s6vtxV0bL,2200,1879,09/0913f0f6.jpg
71sGSAawkmL,2200,1879,09/09a4262d.jpg
71sMF3Bv12L,2560,2560,09/091bb0cc.jpg
71sWfLqb1FL,1500,2000,09/097acaa8.jpg
71saZEl13AL,2449,1259,09/098b03d8.jpg
71sbMGlCH0L,2560,1969,09/0970601b.jpg
71sbRROKSPL,652,1500,09/09eea27f.jpg
71swKSYk+iL,811,2560,09/09d803cf.jpg
71syJVltgmL,2000,2000,09/093eace9.jpg
71sys3zcLSL,2560,1368,09/09f748e8.jpg
71t7KoRQhRL,1626,2560,09/09081cb1.jpg
71tGopZa8cL,1706,2560,09/0953ec0f.jpg
71tNOw6loDL,2200,1879,09/09089034.jpg
71tPcWNX-PL,2200,1879,09/096ed9c9.jpg
71tXgg-P0DL,2000,2000,09/094b484c.jpg
71tePZHwUZL,2000,2000,09/09e70c54.jpg
71tqjM+vdZL,1021,2560,09/090b1576.jpg
71twx4oCVJL,2560,2560,09/097e9b90.jpg
71u0GRSSfPL,2200,1879,09/09385c32.jpg
71uOOjUWL4L,2250,2250,09/095ec87e.jpg
71uVknH8KqL,2200,1879,09/09c8b99f.jpg
71untRNJRML,1001,1001,09/09a8499d.jpg
71uvJvOMqPL,1110,2560,09/0939ee6d.jpg
71v07RB3dIL,2200,1879,09/09c4e285.jpg
71v1rBY-4rL,1833,1833,09/0928cab6.jpg
71v4OiV8V6L,2006,590,09/09458a76.jpg
71v9Y5w8XJL,2560,2034,09/091bb9da.jpg
71vHvDpgf6L,2200,1879,09/094635d1.jpg
71vjZPrn9TL,2560,2560,09/09224850.jpg
71vmbv-I5EL,472,2560,09/092c3a79.jpg
71vs0jBIwmL,2200,1879,09/09ca423b.jpg
71vvE9iD96L,2200,1879,09/09fc2a0c.jpg
71w-3d8CuHL,2482,1712,09/09163cb8.jpg
71wLUpyEH9L,823,2280,09/0946340d.jpg
71wMcj-uBRL,2200,1879,09/09ba92ee.jpg
71wP5ygIa8L,2560,2047,09/09adf8c4.jpg
71wQIF+2y3L,1000,1000,09/09dc9cbe.jpg
71wZ0yW7GSL,2200,1879,09/09cfa19b.jpg
71wZ765RBcL,2200,1879,09/09994629.jpg
71wZezkm+8L,1444,755,09/09f023cb.jpg
71wbNl5a1hL,761,1218,09/09c98c90.jpg
71wbp1xEc2L,2200,1879,09/09b56028.jpg
71wd-ssFqBL,2560,798,09/09bbae8d.jpg
71wqQR7plbL,2200,1879,09/09008df5.jpg
71wwxwFflvL,2560,2560,09/096b71be.jpg
71x2Mngl9-L,2560,2560,09/092f2685.jpg
71x2vIH+DtL,1686,1686,09/094bc1e3.jpg
71xPp63HeeL,1000,1000,09/096621d5.jpg
71xkhY6B6zL,2200,1879,09/093eb4d5.jpg
71xo9KG1omL,2200,1879,09/0986dd7e.jpg
71xoeOoePOL,2200,1879,09/09a7c948.jpg
71y1-Kv6tCL,2000,2000,09/09b75fa8.jpg
71y2fxim47L,2000,2000,09/095897f9.jpg
71y7CckQO4L,2194,2560,09/09e1ec68.jpg
71y94IwJdbL,1732,1732,09/09049d13.jpg
71yEy8g5bUL,2200,1879,09/09ba02c9.jpg
71yk-nX3MjL,1001,1001,09/09da62b6.jpg
71yoO2Pek6L,1602,1123,09/09249386.jpg
71yuWXVFw3L,1500,1500,09/09690e58.jpg
71z6PzvR0oL,2200,1879,09/09bb6148.jpg
71zHcRnrAwL,2000,1500,09/09dd5663.jpg
71zaDGsPsYL,2200,1879,09/092a5607.jpg
71zkhjwwZgL,2200,1879,09/09214255.jpg
71zoT-eOhxL,1200,1200,09/09bbd8ee.jpg
71zpy3nLKoL,1754,1754,09/09fb6610.jpg
71zw2-s9caL,2000,2000,09/09c2d2ee.jpg
71zzqw3WaJL,2560,2560,09/094bf15f.jpg
81+FF3uj72L,2560,2088,09/09cf266f.jpg
81+G8NVAS7L,2560,1358,09/097eea53.jpg
81+VuVjgIyL,2200,1879,09/095a7793.jpg
81+VyD1-edL,1707,2560,09/0930855e.jpg
81+aYGnLd5L,2000,2000,09/09f54a56.jpg
81-Clto2VpL,2200,1879,09/0993e699.jpg
81-Y1QlzBGL,2200,1879,09/09fef394.jpg
81-fVmR9vWL,2560,2560,09/091ca585.jpg
81-iLCXfNzL,2560,2560,09/09867bb5.jpg
81-qp1-AG0L,2200,1879,09/09fdb540.jpg
8105fjkl6YL,2200,1879,09/09e64621.jpg
8106zAcH5JL,2560,2560,09/092781a4.jpg
8109BV3p22L,2560,1390,09/09ee5235.jpg
810K5R3kR4L,2560,2560,09/098cb6af.jpg
810OYcJ-TIL,1946,1946,09/09aa6165.jpg
810PLvA8POL,1802,2560,09/097a5951.jpg
810Xj8QHTaL,2200,1879,09/096d031e.jpg
810Z71MlMnL,2560,2560,09/099c28c0.jpg
810snVhp4bL,2000,2000,09/092d5336.jpg
81124mUhaNL,943,2560,09/09c712af.jpg
811C3Zn+wwL,2560,2560,09/09a790e6.jpg
811F7PURD9L,2560,1969,09/09574ccb.jpg
811Ppf86EfL,2560,1469,09/090b33dc.jpg
811a+k63xaL,1811,1351,09/099dcab3.jpg
8122nMYYCdL,1272,2560,09/0959d65b.jpg
812VsK9urML,2560,1970,09/090833fa.jpg
812XQag7AKL,2200,1879,09/09114b78.jpg
812beiLHyQL,2200,1879,09/098f7181.jpg
812c3I7M9-L,2200,1879,09/098d83ba.jpg
812gcIX+AHL,2000,2000,09/0922a2b6.jpg
8130a8VuM5L,2560,1600,09/09e39f81.jpg
813FeOuVuIL,2100,2560,09/091a9d23.jpg
813SBCqMkfL,2200,1879,09/09d48f0c.jpg
813hgrObkiL,2560,1041,09/0978a56f.jpg
813keapjAjL,1852,1852,09/09804986.jpg
813ud5sOkfL,1500,1500,09/091ce4d5.jpg
814FZHZ3+NL,2299,2560,09/09bcea7a.jpg
814LcDxj-fL,2200,1879,09/0953ef69.jpg
814NuAFFKWL,919,2560,09/091b6260.jpg
814RVMEQxVL,1625,850,09/094e86ec.jpg
814k6ywPDQL,2436,2436,09/09ca2aba.jpg
814kwuBRebL,2560,1969,09/09d7712a.jpg
8156ue8HEXL,2245,1833,09/09763f83.jpg
8158pC6EOrL,2560,2560,09/0993e20e.jpg
815XXH3Q7BL,2200,1879,09/09dda48c.jpg
815n-KnPrWL,1669,1669,09/09545f4f.jpg
815rskww0CL,2200,1879,09/09d45f01.jpg
816HKmVnFPL,2560,2416,09/095bf569.jpg
816h74qwyvL,2200,1879,09/09f25512.jpg
816t3GAvNTL,2200,1879,09/090cb05e.jpg
81749NZcCgL,1894,2020,09/09f144c7.jpg
817Or-h0CML,2000,2000,09/09257614.jpg
817WVMP0ftL,978,2158,09/093e8866.jpg
817YKf4Ld-L,1700,2345,09/09992e10.jpg
817ZfEW4B8L,1935,1935,09/094c3c36.jpg
817cAGsexNL,1870,1870,09/099a68bc.jpg
817d3rNJNEL,2500,2500,09/0996b37d.jpg
817eQddgvdL,2200,1879,09/09c10fc0.jpg
817fz+B3ORL,2000,2000,09/094e4f93.jpg
817gD1CqwmL,975,2560,09/09f42f77.jpg
817jgT42lTL,2051,1134,09/091ab7e0.jpg
817mrbpORsL,2000,2000,09/09d6612a.jpg
817nWgUmOUL,2200,1879,09/09806793.jpg
817oSYWJILL,2560,2560,09/097345de.jpg
817qNMdMUVL,2560,1969,09/0954505a.jpg
817wP7ySVTL,1705,2149,09/09fffc0a.jpg
818Jx86LU5L,2041,2041,09/09fa07e6.jpg
818QnTbMvNL,1276,2458,09/0924b050.jpg
818f3BWRWML,1281,2535,09/099e3f90.jpg
818g5Cqpi+L,2200,1879,09/09bb6cf7.jpg
819+YGod14L,2560,1098,09/0924fd2d.jpg
819WymB+hmL,1500,1500,09/09a329a4.jpg
819eklTyw-L,2112,2112,09/099833bd.jpg
819o4UFSfwL,2560,2560,09/09a88640.jpg
81AXqD++RZL,2200,1879,09/090ce0e2.jpg
81AcMDWRaLL,2491,2496,09/094ef77d.jpg
81Af0T6b0uL,2560,2355,09/098c03a5.jpg
81AhQ3dUT+L,1444,2560,09/09b03859.jpg
81Ahap8SYkL,2000,2000,09/095a521f.jpg
81AjM7cIXQL,2200,1879,09/098f2e55.jpg
81B6y6RWKEL,2012,1495,09/095e60bd.jpg
81BVPPfansL,2000,2000,09/09543488.jpg
81BthyvgjkL,2560,2560,09/093beef3.jpg
81BuSjwBwAL,1905,1622,09/09e08fa6.jpg
81BvZYD763L,2200,1879,09/09194df2.jpg
81BzS1Bf6KL,2500,1118,09/097254f7.jpg
81C2YNeYD8L,1042,1921,09/09327de6.jpg
81C2kpex9ML,2560,1145,09/09f67ccb.jpg
81CIPsyYBiL,1899,2560,09/094bae34.jpg
81CMj-WAoOL,1309,2560,09/09e21e71.jpg
81Ce8MLqDLL,1670,1670,09/09ed2afa.jpg
81D+mQ5xZ1L,2294,2560,09/09b74073.jpg
81D9J5xr4yL,2560,2560,09/0992c574.jpg
81D9ZLLjzUL,2200,1879,09/09ebb764.jpg
81DAiNAFKDL,2200,1879,09/0991801f.jpg
81DaVp6q+IL,2560,1969,09/09b42daa.jpg
81DigMqQinL,2200,1879,09/09e1e4e9.jpg
81DmkkIIdpL,2560,1754,09/0909798e.jpg
81DvaiIdRBL,2200,1879,09/09a703f5.jpg
81EFzZQrK4L,1500,1941,09/09f2845e.jpg
81EUkxPVa-L,1580,2560,09/09cdf735.jpg
81Ekro+-7NL,2200,1879,09/09e25de5.jpg
81FIZh6yACL,2119,2251,09/0969687e.jpg
81FRUidrvLL,1244,2560,09/09db7179.jpg
81Fb7mPVTgL,1734,1788,09/09e966cb.jpg
81FbcB5bv8L,2000,2000,09/09c18bab.jpg
81G2yGnUMZL,2200,1879,09/09b80965.jpg
81G4QAZL3SL,1500,1500,09/0951d34a.jpg
81GDFFGS2eL,1513,2560,09/09adffb8.jpg
81GGSNxZclL,2200,1879,09/092785da.jpg
81GQ8j04WxL,1669,1669,09/09df7202.jpg
81Gdnkycc5L,1969,2560,09/09f04947.jpg
81GkZfflZPL,2337,2560,09/0991ce53.jpg
81Gu+4WC+sL,2560,2059,09/094f56c8.jpg
81H1V91ICWL,2560,2560,09/093ae2cd.jpg
81HI9vssZzL,2200,1879,09/096c1e8b.jpg
81HLn+ZO2eL,820,2560,09/0998db37.jpg
81HZACWhLkL,2000,2500,09/0993663c.jpg
81I0MftYB9L,1043,2560,09/09187309.jpg
81I5Tgw-isL,1500,1500,09/099a716e.jpg
81IQ+xh+irL,1500,1500,09/092dd325.jpg
81IRh8Do1OL,2560,1398,09/097e24ce.jpg
81J-0vUplcL,2560,1686,09/09945a0b.jpg
81Ji9IZntcL,1944,2560,09/0903d879.jpg
81JtG3-OwXL,2200,1879,09/0986c65c.jpg
81JvOnJtGdL,2200,1879,09/098f1bad.jpg
81JyyHOEqBL,1500,1500,09/0983410c.jpg
81JzO4XhwIL,1500,1500,09/098a754d.jpg
81KXo1J4FFL,2200,1879,09/098bcd6f.jpg
81KXpYB5mtS,1679,1993,09/096fba6d.jpg
81KcSCoHiQL,988,2100,09/0978dab9.jpg
81KncNHsoCL,2200,1879,09/09e444d5.jpg
81KoD9TK68L,2200,1879,09/092ab854.jpg
81L0CRsj5hL,2560,2560,09/09ea32dd.jpg
81L1GC7788L,1707,2560,09/0918d09a.jpg
81LIFOflt0L,1978,2560,09/09d165cc.jpg
81LZVOCPlbL,2560,2560,09/09a1b057.jpg
81M1MywfGwL,2200,1879,09/09121eb5.jpg
81M3ld3DvxL,1800,1800,09/099a781f.jpg
81MJhASvjeL,2200,1879,09/0973a9bc.jpg
81MTrQQhP8L,1177,2560,09/091adc21.jpg
81MYrhVCjLL,1707,2560,09/09a46f1c.jpg
81Ms1x4fPBL,2200,1879,09/090ab3f5.jpg
81MuTzM6eIL,1822,2560,09/09c77bdd.jpg
81N+SmGfn6L,2200,1879,09/099e621b.jpg
81NGj1FdlEL,2560,2560,09/09db43a9.jpg
81NZRoc-KqL,2200,1879,09/09adefa4.jpg
81NgK59bf+L,2200,1879,09/09a50f20.jpg
81NySzDYJZL,2000,2000,09/09dff03a.jpg
81O-01I1O0L,2200,1879,09/09080cd6.jpg
81O2q+aiw9L,2560,1969,09/09a996d7.jpg
81O7N6tiXVL,2200,1879,09/0903cf44.jpg
81OOGWpk6RL,1428,2247,09/099aff5a.jpg
81OZ3TEzjsL,2200,1879,09/0903eeef.jpg
81Og4E8OtpL,1588,2560,09/09ecfaa3.jpg
81Os9TJRBNL,2200,1879,09/0934836e.jpg
81OtjZPlrxS,2226,1136,09/0936aea1.jpg
81PjcOGsYbL,2000,2000,09/0982d99c.jpg
81PnjICqqfL,2200,1879,09/09152b97.jpg
81Pv1OppYjL,2560,2560,09/093c5c4e.jpg
81QxChruoDL,2000,2000,09/09238ce4.jpg
81R0tKOvtrL,2474,2474,09/09e5aba8.jpg
81R5L-gccfL,2560,2560,09/09b1de34.jpg
81RNs2zt6WL,2560,1174,09/09812ded.jpg
81Rjlz3gGZL,2200,1879,09/099bba18.jpg
81RswS3xgSL,2048,2048,09/092bf199.jpg
81S1CB9gAVL,2560,1801,09/090edb2d.jpg
81SD4W9aTAL,2560,1370,09/096f1dbf.jpg
81Sf5twzw2L,2560,2560,09/094484fb.jpg
81SjIvlDATL,2560,2560,09/0943419f.jpg
81SkM+4vO5L,2200,1879,09/09711783.jpg
81Sr2IfEZ2L,2200,1879,09/0930c743.jpg
81TQ-IlRYGL,2200,1879,09/099ceb06.jpg
81TRaEU8i7L,2000,2000,09/0921fe6d.jpg
81ThM5tUZKL,2200,1879,09/093b7c89.jpg
81TnIvKWH-L,2200,1879,09/09601b3a.jpg
81Tnpga4PQL,1984,1984,09/09edfbd7.jpg
81TqfCnCGgL,2560,2560,09/097bb159.jpg
81TwYPpbbvL,1500,1226,09/095feea2.jpg
81Tz1Umi7-L,2560,1046,09/0991f161.jpg
81U-SRxmT5L,2200,1879,09/0956cc5f.jpg
81U2yNjrcnL,2200,1879,09/0909f557.jpg
81U3nkzCbdL,1464,2485,09/095e033d.jpg
81UBJSxwcJL,2560,1969,09/09d725b5.jpg
81UMI9TdVTL,2200,1879,09/09d1d31f.jpg
81UPlPOZWRL,1803,1827,09/096a6888.jpg
81URY1wjexL,1599,2560,09/09e1b03a.jpg
81USi3eICcL,2200,1879,09/09d44648.jpg
81V9XE8IJyL,2200,1879,09/093b47d6.jpg
81VD9yzI9ZL,1500,1500,09/094b93d9.jpg
81VNL4WctCL,1881,1924,09/098435bb.jpg
81VONQXsvvL,2500,2500,09/09d00c39.jpg
81VOyPQBjoL,2560,1200,09/0962dd71.jpg
81Vlj9HI-yL,1500,1500,09/093abfd5.jpg
81VwXQQhIUL,2560,2560,09/0937c799.jpg
81W1Q6Hju0L,2560,2560,09/0989468b.jpg
81W8oyAETrL,1500,1500,09/09b21a08.jpg
81WfAnZ7JYL,2200,1879,09/096a0183.jpg
81WgNEyz36L,2560,1969,09/0912ec85.jpg
81X46SPLYOL,2200,1879,09/0959e200.jpg
81XHVnMSMmL,2100,2100,09/09023319.jpg
81XhoqT3T9L,2200,1879,09/09a0447c.jpg
81Xk2f-rZVL,1500,1500,09/09d77b10.jpg
81XlJtziYOL,1070,2560,09/09b9cd65.jpg
81XmBGGnoEL,2560,2208,09/0998939c.jpg
81Xo-iLuQbL,2200,1879,09/09fab27a.jpg
81Xtihl4DDL,1861,1861,09/09fa6667.jpg
81XuDvAx3ZL,2200,1879,09/0991d6f0.jpg
81Xz-D6D0pL,2200,1879,09/09f9b6cd.jpg
81Xzw+MchOL,2200,1879,09/09c75eee.jpg
81Y2F6LSwdL,2200,1879,09/09a9b37d.jpg
81YN2Wo2QJL,1069,2205,09/093d39db.jpg
81YPoj-XnvL,2200,1879,09/09f28c7f.jpg
81YRb+qEOfL,2560,2560,09/09c3dcac.jpg
81YSN7Y5ZhL,2200,1879,09/09b52bb5.jpg
81Ydf6yyenL,2315,2315,09/091b2b6b.jpg
81YuABRS3qL,2000,2000,09/099af3ce.jpg
81Yzs-JzBIL,2560,2208,09/0950f163.jpg
81Z5Ubu3XmL,2560,1207,09/09caceb9.jpg
81Z6E2pZfoL,2560,2560,09/09b883b9.jpg
81ZqJWEWGbL,2560,1969,09/09d1738b.jpg
81a1fWVXisL,2560,1799,09/093a762a.jpg
81a6rlhq2cL,2200,1879,09/099c2cd4.jpg
81aU5RTis9L,2560,2048,09/09fcce6e.jpg
81b4p-o654L,2200,1879,09/09523c54.jpg
81bB4ecE-HL,1785,1618,09/096c0526.jpg
81blGocsw2L,2560,2560,09/09cdec91.jpg
81c6pmaYusL,2560,1036,09/09a96ec2.jpg
81cFyLSgNjL,2200,1879,09/095a0b1c.jpg
81cZ-Wa1SOL,1500,1500,09/097a91ff.jpg
81cgzLsHpmL,2200,1879,09/09283b63.jpg
81cnvtCV3ML,1398,2560,09/097e641b.jpg
81d1RBqWPgL,1829,2560,09/09f554e1.jpg
81dDgQ99CdL,2200,1879,09/0958c04c.jpg
81dTH3CxvTL,1170,1170,09/097257c5.jpg
81dhjbPcs7L,2200,1879,09/090dc575.jpg
81djPtW6PhL,2200,1879,09/09e33432.jpg
81eATb4FmqL,2200,1879,09/09042fba.jpg
81eKB8pthpL,2200,1879,09/094760ac.jpg
81eUKLrZ3AL,2560,2560,09/0998d91d.jpg
81eWR3j8JcL,2200,1879,09/09448c4d.jpg
81eh2OeejmL,1156,1446,09/09eac2dc.jpg
81eoWlK7+PL,2200,1879,09/09ebc11a.jpg
81f+ZcLW9UL,2560,2125,09/09cda40e.jpg
81f5vo0ZYeL,1271,2560,09/0905e076.jpg
81f6rpeg6jL,2560,1969,09/09d6a9e1.jpg
81fDpUSyo1L,2050,2050,09/09d27497.jpg
81fKNazYf7L,2560,2560,09/09e526f2.jpg
81fWYN+D4RL,2200,1879,09/09f08311.jpg
81fa7HrcHML,1891,2206,09/09c06228.jpg
81fxWOj5B+L,2560,1719,09/096c874a.jpg
81g-WiplNqL,2500,1648,09/09104d89.jpg
81gJs7hIzLL,2232,2232,09/09feb4e2.jpg
81gUeOHOxBL,2560,2560,09/09d52070.jpg
81gkK5VLY4L,1498,2560,09/0923f940.jpg
81gkgRjdabL,2200,1879,09/09ffed68.jpg
81gnZ2F52YL,1756,2342,09/09740d9c.jpg
81goFFoezmL,2560,1330,09/09540054.jpg
81guHKppxRL,1226,2560,09/09765dbe.jpg
81hCnjKtE2L,2302,2302,09/09a00126.jpg
81hDaVtnOzL,1421,2560,09/09b0ae0d.jpg
81hYhLNtFdL,2560,1374,09/09190ced.jpg
81if6hQBcYL,1500,1500,09/093ef433.jpg
81ixn0BnTlL,2560,1969,09/09789efd.jpg
81j+Y9srxnL,1495,1961,09/0926588a.jpg
81jAoKGj4PL,2560,2560,09/0902fc13.jpg
81jCBhP1NLL,886,2560,09/09aef487.jpg
81jUYyRnZtL,2560,2560,09/099a656b.jpg
81jjiYNh58L,1018,2560,09/09bd7eb0.jpg
81js04q77DL,1500,1469,09/0932b04f.jpg
81kElr02UUL,2200,1879,09/09e1ba1a.jpg
81kWrSP6anL,945,2560,09/09a554aa.jpg
81kd0A++D4L,2200,1879,09/09f24062.jpg
81kjHgxC9RL,2560,1969,09/093f83a3.jpg
81ktZs5+WuL,868,2217,09/0925369c.jpg
81kxUVSlauL,2560,2560,09/09ecb8e9.jpg
81lCtu2l+ML,1646,2412,09/09c72a00.jpg
81lZy9SLSRL,1500,1500,09/099f3583.jpg
81lw6bsNe6L,2560,2560,09/09d5f382.jpg
81m2xEROwSL,2560,2531,09/09f0cc90.jpg
81mBZwJwQsL,826,2560,09/099f7eb2.jpg
81mOwwdSfBL,2560,1486,09/0957e2b4.jpg
81mZOzkorkL,2500,2500,09/09451c53.jpg
81n04D2pacL,877,2520,09/0992e074.jpg
81n2zK7dN1L,2560,2237,09/09636bfe.jpg
81nH2nTyxNL,2200,1879,09/091750e4.jpg
81nJiOGTy4L,2200,1879,09/09109eb9.jpg
81nKpztvq2L,2200,1879,09/095b8f44.jpg
81nNwsKpWKL,1084,2520,09/09007133.jpg
81naKPpJgSL,2200,1879,09/092e7f72.jpg
81naYJhKfPL,2560,1645,09/09d5d6af.jpg
81ndoA2WipL,2200,1879,09/091f0396.jpg
81neYCTh7YL,1994,1994,09/09c71540.jpg
81njEKokgpL,1500,1500,09/094198f6.jpg
81nkjvqIQaL,2560,2560,09/09cbbba2.jpg
81o+SMHoT6L,1619,2560,09/096839ee.jpg
81o19K-WD+L,2500,2500,09/09c160bb.jpg
81oAYO-q8lL,2560,2560,09/099ce32c.jpg
81oIbfBWMOL,2500,1800,09/09822c1b.jpg
81oMQJppRUL,2200,1879,09/092a0426.jpg
81ohsAhKPGL,2228,2228,09/096b3bfd.jpg
81omyUlxjrL,2560,1728,09/0963c1ce.jpg
81p7iR-9kPL,2560,1270,09/098fc894.jpg
81pIB0zQYGL,2560,2560,09/0971c533.jpg
81pPWOFvzjL,2560,2560,09/096e57fb.jpg
81pRqaap8cL,2560,2560,09/09d9f176.jpg
81pbyZui+jL,2200,1879,09/09b26c84.jpg
81pjK-JYUgL,2560,2560,09/096a4fba.jpg
81pm5290fUL,2560,1084,09/09e86746.jpg
81poWySLtfL,2560,1342,09/09125bac.jpg
81prqd2aFJL,2200,1879,09/098fdb22.jpg
81qGfNbvvTL,2200,1879,09/09d6e900.jpg
81qR5ha0CzL,1429,2560,09/091eaa11.jpg
81qjJD6Z3mL,2560,2560,09/099fc42f.jpg
81r0Jx0AbUL,2500,1075,09/0923d898.jpg
81r5du+mTFL,2560,1510,09/09582aad.jpg
81r5gx-sfbL,1262,2560,09/094e5752.jpg
81r63DFkyBL,2200,1879,09/090b7da3.jpg
81r7jeOP3zL,2560,2560,09/09ece131.jpg
81r7nWUWOzL,2560,1562,09/090929a8.jpg
81rDnkVoYAL,2560,1378,09/090baf7d.jpg
81rR3Ri6JML,2200,1879,09/09af8f29.jpg
81rXYZuoCpL,2560,2560,09/0917a2cf.jpg
81rahVQQqgL,2560,2560,09/0996f8d4.jpg
81riAhQUzrL,2560,1729,09/09f310d7.jpg
81sHnZH1nSL,2200,1879,09/09fa3186.jpg
81sIyiAh14L,2000,2000,09/09967f18.jpg
81sVM9x2zML,2560,2560,09/09920904.jpg
81ssuA5Tm2L,1321,2560,09/09ada664.jpg
81svKZ6y9BL,2200,1879,09/092eb56f.jpg
81tCXqG7OrL,2200,1879,09/09446867.jpg
81tEEGeemiL,2200,1879,09/09483130.jpg
81u+Tae8aTL,1660,2560,09/09e58f34.jpg
81u2ZCD4hJL,1568,2560,09/0998184e.jpg
81uAeDoOB8L,2200,1879,09/09d2d3b1.jpg
81uG8z2h6ZL,980,2560,09/09f4286f.jpg
81uKndab62L,2200,1879,09/09cdbb5b.jpg
81uZ7sREocL,2560,2286,09/09613d23.jpg
81uZnIiiYdL,2200,1879,09/090e4e38.jpg
81ulOU7+CWL,2000,2000,09/092db2b9.jpg
81vALR-3jRL,2560,1969,09/09bde8a5.jpg
81vBY3zLsIL,2200,1879,09/09ccc1d3.jpg
81vIBhSdjbL,2514,2560,09/09754c29.jpg
81vJBgwg-kL,2560,2560,09/09f4df95.jpg
81vPE1+it9L,2023,2022,09/09a56887.jpg
81vVEmWpgxL,2200,1879,09/092774ec.jpg
81vaQEUYqKL,1384,2404,09/09e900a2.jpg
81wEnynHd-L,2200,1879,09/099da83a.jpg
81wFg1V+YcL,2200,1879,09/09eb1aea.jpg
81wJ31HFBOL,2200,1879,09/097ab471.jpg
81wsVYgdLYL,1159,2205,09/09e42a90.jpg
81wx1x7WMcL,2500,2181,09/09e4e37b.jpg
81wxyJ079AL,2560,2560,09/097f8b73.jpg
81x2TKLGt2L,2500,1778,09/09327980.jpg
81xQ1QyXObL,2560,1969,09/09015d5a.jpg
81xWMbGAK8L,2560,2528,09/09197ea3.jpg
81xjnSzp5GL,2200,1879,09/09bae885.jpg
81xnCvpgxAL,2200,1879,09/093d0d12.jpg
81y1SQh1JlL,2200,1879,09/09a68dd0.jpg
81yAvu70FfL,2200,1879,09/094fa5ff.jpg
81yEm7iDyVL,1637,2560,09/09c2d9ea.jpg
81yI798eMCS,1075,2500,09/09bb6a92.jpg
81yW8VhvvfL,2200,1879,09/0943f517.jpg
81yZcNkp98L,2200,1879,09/092d4c07.jpg
81yo4vonVNL,2560,2560,09/09a6ca98.jpg
81yqvs8nD4L,2200,1879,09/09d3466f.jpg
81z1gcbHhEL,2200,1879,09/0989572c.jpg
81z54jW74GL,2560,1969,09/09dcb9bc.jpg
81z8LeP4FBL,1589,1589,09/09b86086.jpg
81zEnpZqCAL,2560,1743,09/0924876a.jpg
81zUGEl0IUL,2560,2560,09/0968bf97.jpg
81zY2+c5vgL,1578,1578,09/09e40e6d.jpg
81zga8RXEtL,1500,1500,09/09cb2f52.jpg
81zvy7ExijL,2200,1879,09/09c6c2b6.jpg
81zxn9X7acL,2560,2560,09/0925132d.jpg
91-VRaid1rL,2560,2560,09/09265087.jpg
91-s9lBN5pL,2200,1879,09/096ab3c7.jpg
91-yyY6MhEL,2560,1969,09/094b4a59.jpg
910qZdArE7L,2560,2559,09/0988480d.jpg
911CCXA3uTL,2331,2560,09/098e770b.jpg
911asdfkTeL,2058,2058,09/09bad5b6.jpg
912ZphligcL,2273,2560,09/09430aeb.jpg
914FkApLl4L,2560,1891,09/098823bd.jpg
914a5NPjsiL,2560,2560,09/092f5d33.jpg
914et5QoKBL,2560,1998,09/09015356.jpg
914hwaa+RRL,2297,2560,09/09f1ce4d.jpg
915BNPrA71L,2560,2560,09/095b83c5.jpg
915SAH3MokL,2560,2560,09/0977f233.jpg
916XTMPLd5L,2560,2560,09/09bf89ce.jpg
917aEmQhCCL,2298,1605,09/09b2e358.jpg
917t+gzNxBL,2230,2560,09/09d7ace9.jpg
918GG3wegpL,1920,2560,09/097295f3.jpg
918qChMtEqL,1806,2538,09/09566f97.jpg
918qLSTovSL,2560,2560,09/09e4653d.jpg
918vtjB-eIL,2058,2560,09/09c2c2a6.jpg
919DVFqnL+L,2560,2560,09/097e8208.jpg
919MIDDaHYL,2560,2560,09/09323029.jpg
919Th-2BdFL,2560,1699,09/095e3936.jpg
919kf+PUv7L,2560,1993,09/09fef56f.jpg
91ALEY-ydeL,2466,2560,09/0919e66f.jpg
91Aks1xC-sL,2560,2560,09/0939796f.jpg
91AzsMZcfGL,2160,2160,09/091387c2.jpg
91CnzFUrQbL,2560,2560,09/09fc8b30.jpg
91DZ2pELjYL,2200,1879,09/0958eaaf.jpg
91E2+1H6pPL,2560,2560,09/0907978f.jpg
91EfKmdGI-S,1364,2389,09/094755b4.jpg
91Eh-3KZZwL,1511,2560,09/09917679.jpg
91Ez5oVkbHL,2560,2560,09/095cce25.jpg
91FBLUrKmKL,2502,2502,09/0938d8e2.jpg
91FLdlt+AXL,2560,2560,09/0935df32.jpg
91FyMFuBjPL,1410,2560,09/09903237.jpg
91GL82FHSuL,1613,2560,09/094db0a1.jpg
91GLc9ls35L,2560,2560,09/097c04e8.jpg
91Hm5ZQEKrL,2560,2560,09/0978b504.jpg
91HnypnbYAL,1728,2560,09/096da877.jpg
91HuGlZ5KAL,2560,2560,09/090d3b2b.jpg
91I4xbkboSL,2560,2560,09/09cea1ec.jpg
91J4Slsh7GL,1796,2191,09/0970ffd5.jpg
91JA7zAbOrL,2560,2217,09/096188e2.jpg
91JCBb50LIL,2560,1678,09/09f291aa.jpg
91Jl33jgBBL,2560,2560,09/09ac6267.jpg
91KJSaOUqYL,2560,2560,09/09aca2e1.jpg
91LGuTWzuHL,2560,1228,09/094e3523.jpg
91LvwdaNlLL,2560,2283,09/097d650f.jpg
91LzqdMw78L,2447,2560,09/093a6072.jpg
91M7olWF18L,2560,2560,09/0956ea16.jpg
91MJ-8B31-L,1729,2560,09/094ab956.jpg
91MpRXxVbfL,2560,2560,09/093949b8.jpg
91N+BorwMUL,2560,2027,09/09e87586.jpg
91Nuyc0X7cL,2560,2560,09/093e6b33.jpg
91OS1tRUa-L,1619,2555,09/098bc719.jpg
91ObjFuC+6L,2560,2353,09/099ce9de.jpg
91Oce2ZadAL,2560,2560,09/094eb6b2.jpg
91Oih5YaS2L,2200,1879,09/0931e336.jpg
91OnWtLSYkL,2500,2500,09/092a55c8.jpg
91PDcSfPumL,2560,829,09/099194d0.jpg
91PRELbpXcL,2560,2560,09/098c3a47.jpg
91Ppwqif64L,2560,2038,09/0996330b.jpg
91PwfuedZ8L,2560,2559,09/09fa2e16.jpg
91Q68lXfdOL,2027,2027,09/09206904.jpg
91QoYEOiJ-L,2502,2560,09/092d0e05.jpg
91QuYPUMwqL,2560,1955,09/09d39f1d.jpg
91QxtmB7tEL,1990,2560,09/09e53844.jpg
91R3b0AjqOL,2560,1332,09/090a2dee.jpg
91Rae0h+NqL,2560,2560,09/09437e2c.jpg
91S7UZYmdEL,1702,2560,09/096aed5e.jpg
91SbKnTJ6sL,2385,2384,09/0950f139.jpg
91TFuzX-yyL,1949,1949,09/0949df9e.jpg
91UlHgmmo1L,2560,1969,09/0958c572.jpg
91V6+xkEfLL,2560,2560,09/097bf4ee.jpg
91VXVk1xMFL,1681,2560,09/0997465a.jpg
91WYyvcNANL,2560,2560,09/0951a5aa.jpg
91XJlkZBR1L,1952,2560,09/09e5f325.jpg
91Xn1ezmzDL,1794,1856,09/0960f5c3.jpg
91Xo15eyFtL,2560,2560,09/092433f3.jpg
91XyAB4cOZL,2560,1749,09/09499f2e.jpg
91YYvMueI6L,2560,2560,09/09c0ac68.jpg
91ZxH3ruc0L,2560,1969,09/093424ec.jpg
91a-JGQGOLL,2455,2143,09/0994cb8d.jpg
91aG9lhwxDL,2301,2560,09/09c1fc0d.jpg
91b4fJvQcKL,2560,2560,09/09599e65.jpg
91b6LqC149L,1626,1626,09/09d49c43.jpg
91bO4CDYhgL,2560,1221,09/092c7f3c.jpg
91bV9LmrlUL,2201,2560,09/09e53327.jpg
91bld1H9ZNL,2560,1943,09/090aa03d.jpg
91cRqTCRRmL,2560,2560,09/0995a235.jpg
91cc4HkbRrL,1983,2560,09/09e5433d.jpg
91ciROhFw6L,2560,1968,09/0961f39f.jpg
91dE7f9+ZjL,2560,2560,09/0919cdb6.jpg
91dqwKZkAnL,1808,1808,09/098e58f0.jpg
91e2E6CRZCL,2560,2560,09/097f1892.jpg
91ePofjZf9L,2560,2560,09/09c027b7.jpg
91eYpQFAJcL,2154,2154,09/09e64210.jpg
91f4fllqJwL,2560,1969,09/09dc36cc.jpg
91fmhiuXtAL,1770,2560,09/093e140c.jpg
91hrlf4R2FL,2083,2083,09/09af7837.jpg
91i5AF7BAeL,1638,1638,09/0925b3b7.jpg
91iBFpAfuUL,2484,2484,09/094ddade.jpg
91iL12+0PRL,2560,2560,09/09af9a3d.jpg
91isSiEND4L,1382,1446,09/09b31b04.jpg
91iszYy4cGL,1223,2560,09/0946ff5b.jpg
91j46wo2A0L,2560,1772,09/09219f65.jpg
91jj-CI43AS,1974,2500,09/09cfba1f.jpg
91kQ4S+dHSL,2560,2352,09/095442f0.jpg
91kk9FEWHVL,1139,2560,09/09267186.jpg
91l+wBgxKSL,2560,2560,09/09e38992.jpg
91l26T2Tl9L,2500,2500,09/092f344e.jpg
91lffixNNiL,2560,2560,09/0992c840.jpg
91nQUzmj3XL,2560,2560,09/0974ad06.jpg
91pHx23pAWL,2500,2116,09/09ef93a8.jpg
91prD-XbvBL,2560,2560,09/09f65dc7.jpg
91qJFzZggnL,2560,2560,09/092790ea.jpg
91qVs2LITSS,1768,2500,09/09aba3b5.jpg
91r+XY9isTL,2500,2093,09/096c459d.jpg
91r6dZEh8GL,2560,2030,09/095cf902.jpg
91sFRtw3VjL,2560,2560,09/097cee49.jpg
91sFwBYKngL,2200,1879,09/09a2e4b4.jpg
91sjDJnwJPL,2560,1970,09/09340a4f.jpg
91skGz-JTtL,2560,1378,09/09f16b26.jpg
91tCHqQ5gEL,1404,2560,09/09f759f7.jpg
91tQiRR7iPL,2200,1879,09/09db8034.jpg
91tTT2hnRrL,2560,2560,09/09843697.jpg
91uQKddH1YL,2560,722,09/09942e38.jpg
91vE-IwcsaL,2500,1964,09/09e34958.jpg
91vZGoTDDQL,2560,2560,09/09c96c7f.jpg
91vnnMEhKYL,2048,2560,09/09b3bd86.jpg
91wTcj7valL,2543,2543,09/096e3970.jpg
91wn7KDAjsL,1529,2560,09/09274bca.jpg
91xPy2iiaUL,2310,2560,09/0992d3be.jpg
91xZc1Fi74L,2560,2560,09/092876ba.jpg
91y0GlW6kGL,2560,2052,09/0966eb75.jpg
91y11HTkPqL,1425,2560,09/09a5ba9e.jpg
91yS-0k47RL,2200,1879,09/095f1156.jpg
91ymtvc5kYL,2560,2560,09/09182a11.jpg
91yyFJXKZhL,2560,1969,09/0931afee.jpg
91zCM1nLGWL,1533,2560,09/09824c03.jpg
A13Sca6i2jL,2559,2560,09/09bdda6e.jpg
A13Ssl7fXQL,2560,2560,09/094979ba.jpg
A173FnvCxhL,2560,2560,09/0952161d.jpg
A17ImjYkxYL,2560,2560,09/092bf3a6.jpg
A17lQ9C9N0L,2560,2559,09/09ba1422.jpg
A19bkY0s+mL,2560,2560,09/09a02d1d.jpg
A1Ap9qmPdBL,2560,2560,09/09e72399.jpg
A1Bh3MaFCJL,2560,2560,09/09823259.jpg
A1Edo0sX1dL,1622,2560,09/09228a1f.jpg
A1IxdUpCqBL,2560,2482,09/099b344e.jpg
A1MqiCUv1kL,1920,2560,09/09bcc453.jpg
A1Nsls60BqL,2560,2560,09/09f9500a.jpg
A1OVBvkllKL,2560,2560,09/0927de32.jpg
A1PX+j6egcL,2560,1748,09/097b6fc1.jpg
A1Pv1ivqlWL,2270,2560,09/098d48ad.jpg
A1QU3oF7jLL,1730,2560,09/09785a80.jpg
A1RFAAHFsrL,2560,2560,09/09ab44e4.jpg
A1RoJUXY9vL,2560,2560,09/098fba95.jpg
A1SPs8iv-dL,2387,2560,09/096707aa.jpg
A1St625dYLL,2465,2560,09/09208257.jpg
A1Vn59M+TPL,2560,2560,09/09b0279c.jpg
A1WdzfrFvCL,2552,2552,09/0902dca6.jpg
A1YRO5UyDrL,2560,2560,09/09daea69.jpg
A1YSHTY6Q9L,2560,2560,09/09353b3c.jpg
A1ZNU5+r3LL,2560,2560,09/090cd8e3.jpg
A1aRgfX4IUL,2560,2560,09/09e6ef99.jpg
A1bDHN6KoTL,2560,2560,09/09488870.jpg
A1cdgxP14JL,2560,1940,09/09d0fc7e.jpg
A1eCop4iWOL,2560,2560,09/09966376.jpg
A1ea8XiZugL,2560,2560,09/0964fe3e.jpg
A1f9CinfoNL,2560,2560,09/0998bdf2.jpg
A1gCfxdpoFL,2560,2560,09/09e63706.jpg
A1hIsvTytBL,2560,2560,09/09e1ba8d.jpg
A1hj2HiRXML,2560,2560,09/099b379d.jpg
A1k3BkJuTUL,2560,1814,09/09a0169c.jpg
A1kHbKu4UgL,2560,2545,09/090dece4.jpg
A1kapPg4QAL,2560,2560,09/094a88ce.jpg
A1kjNkoobhL,2560,2337,09/09d9022e.jpg
A1lZgKUFxdL,2560,2560,09/09dd3145.jpg
A1lkV3GgiZL,2560,2560,09/09df2781.jpg
A1nJNmUO2FL,2560,2560,09/096b46cc.jpg
A1r0aKd2i0L,2560,2560,09/09888754.jpg
A1rOeH4FzJL,2560,2360,09/09635157.jpg
A1t-BZ6BpWL,2560,2442,09/09eacc72.jpg
A1tSJH0clxL,2560,2560,09/09d3b628.jpg
A1ub7T0t5FL,2560,2560,09/09ef26f2.jpg
A1zYvHBTGyL,2560,2560,09/09a24087.jpg
B15tSIXL9SS,2560,2560,09/09d18b86.jpg
B18OwN0wIeS,2560,2560,09/0959c63e.jpg
B1A77Sd9+JS,2560,2560,09/093454b4.jpg
B1B1vjbyOLS,2560,2560,09/096d8538.jpg
B1KWl62ZA+S,2560,2560,09/0990676c.jpg
B1RmndaB5nS,2560,1707,09/091118b6.jpg
B1VFb8brF2S,2560,2560,09/09fdb40d.jpg
B1X0MANVVVS,2560,1960,09/09f6aa13.jpg
B1b+zI2eOQS,2560,2385,09/096ad904.jpg
B1fq7DFEv-S,2560,2559,09/097e408e.jpg
