21M0-fLtESL,376,500,00/000b01dc.jpg
21WxwpzfaPL,500,375,00/007e4b3f.jpg
21cc2mEIetL,376,500,00/0089ec19.jpg
21eiDPpHiwL,500,376,00/0078a33e.jpg
21gQJtOH-VL,500,375,00/00e22e3b.jpg
21hvqUiJH-L,500,375,00/007558b3.jpg
21vt9CFJQLL,500,500,00/00d127a5.jpg
31+mBPB8oVL,500,375,00/004f7a7e.jpg
314s35TR9AL,500,375,00/00623f07.jpg
318eqn8gUxL,75,500,00/0070119a.jpg
31A+PnEk2iL,243,500,00/00b1a8b1.jpg
31AT0Zn7JDL,85,500,00/0045f715.jpg
31BhZxWrnxL,500,375,00/00de205a.jpg
31Epav7kcAL,500,375,00/009d210d.jpg
31ILoOrbWwL,500,500,00/00aa9584.jpg
31KQIaQwHwL,500,500,00/00b48150.jpg
31LB-mS7-sL,500,375,00/00414c1a.jpg
31LoGttla-L,93,500,00/0005f6e7.jpg
31PnsmoQ1YL,500,375,00/0060701d.jpg
31Sv2HefORL,1082,370,00/00bff09f.jpg
31TW9v1B-FL,500,375,00/00594ca5.jpg
31VDBjX9NjL,500,375,00/00a357f1.jpg
31atPQdt67L,500,375,00/00e7493d.jpg
31b67xaeTaL,82,500,00/00634b88.jpg
31ee7o1dysL,500,226,00/0066de49.jpg
31g7Qwb-9iL,71,500,00/005ba12d.jpg
31m0uDgQalL,500,375,00/0023f139.jpg
31moXAitvdL,366,500,00/00e74022.jpg
31oGOfEK46L,500,375,00/00fdccbe.jpg
31pqM2E3XhL,500,262,00/00de0fb5.jpg
31tTG5vV7fL,500,375,00/0025f57b.jpg
31uo1UBxRLL,500,266,00/0080ab5e.jpg
4163xZsM+YL,500,500,00/000bedb5.jpg
416g5jRH0NL,1000,1000,00/0086c19d.jpg
418VhyDux7L,1000,1000,00/00c02d46.jpg
41AITNJx4IL,1000,1000,00/001ccf7d.jpg
41CzAJ4MFHL,500,500,00/007bd1ca.jpg
41DDq58nDjL,126,500,00/0017c170.jpg
41LdM5Ax4tL,682,1024,00/00113aec.jpg
41MTxyvGp6L,1000,1000,00/00dc673e.jpg
41NPzVo9FJL,220,500,00/00627dae.jpg
41NlcX1QvTL,500,500,00/00c9eab0.jpg
41RKOF6f7eL,500,375,00/0033548a.jpg
41RQikyH0ML,1000,1000,00/00611704.jpg
41SM85KrrYL,514,1152,00/00de4867.jpg
41USlhDDlLL,201,500,00/00422471.jpg
41VBCZ-ITgL,1000,1000,00/003ac4b0.jpg
41WAal2cNnL,1050,1050,00/008a56fd.jpg
41XpM87d2HL,500,367,00/0003d8d2.jpg
41XpfZg2A7L,248,500,00/00dc17c9.jpg
41YPThzIr6L,500,500,00/00cbd7a2.jpg
41bgsOS7ADL,500,500,00/0050d5f5.jpg
41dg9shMMhL,1054,1054,00/00af9316.jpg
41m2qfPPxYL,216,1517,00/00129c86.jpg
41mEImS+cIL,263,500,00/006a462d.jpg
41wVZnq7VoL,1050,790,00/00be77e1.jpg
41xq4MsEmbL,314,500,00/00c2ab0f.jpg
41yPtFBrL6L,1154,1154,00/000c80a4.jpg
51+HXSuhN5L,1000,1000,00/002447a5.jpg
51+XtoI9N0L,1100,1100,00/00441ba6.jpg
51+x7NspVKL,1000,392,00/00ab221a.jpg
51-+gqlSerL,1200,1200,00/005a789d.jpg
51-9fEL+rqL,1444,755,00/001b0a1b.jpg
511pma54IkL,1001,1001,00/00b16cf5.jpg
513yJiP7Y4L,1000,1000,00/00f7e9f7.jpg
5142OPgabSL,224,1011,00/00b32b8a.jpg
517THT+UAUL,1221,1221,00/0029d8e8.jpg
519CN5j-QHL,1000,1000,00/003e7a1a.jpg
519KxfFeZNL,1200,1200,00/00214dbd.jpg
51BRscEogFL,343,1367,00/009c7985.jpg
51Bvn7ByWDL,749,1000,00/00171a2f.jpg
51CAjcoszPL,1000,1000,00/0001b659.jpg
51CxjI-mhNL,303,2560,00/00ae5425.jpg
51E8TaX9XLL,1148,1194,00/00616e99.jpg
51EEXdwkiiL,1000,775,00/0001bac4.jpg
51F3GFTiqPL,1200,1200,00/00993d97.jpg
51FPmNOOfRL,1200,1200,00/00354b84.jpg
51FzWpX18BL,1100,1100,00/00e911b2.jpg
51GnspytkOL,1000,1000,00/006d7e00.jpg
51HOBGUhStL,683,1024,00/003fb8af.jpg
51HiEIomMLL,500,500,00/00bf6a83.jpg
51IHc6d4cLL,1000,1000,00/00174368.jpg
51JmMzcLO-S,2500,319,00/0026293f.jpg
51KB-D+QhYL,1000,1000,00/0035033a.jpg
51LXuIsFTqL,984,1382,00/0022e2eb.jpg
51LbYlAd1DL,1000,1000,00/00d884d2.jpg
51LdllZQ3-L,1200,1200,00/00fcd521.jpg
51Mp+oXZBJL,1025,1025,00/009f12c4.jpg
51NGyBhONkL,1001,1001,00/003a21c6.jpg
51OyCQdLXDL,1000,1000,00/00c35800.jpg
51PM3lh8-JL,1500,1500,00/0014bfa6.jpg
51PiMvYpREL,500,490,00/004faa1d.jpg
51Q+C8sH5BL,1200,1200,00/00b635c7.jpg
51Q3mlFu3rL,293,1000,00/006d49cf.jpg
51QUQUJVROL,1001,1001,00/00b6a1ed.jpg
51RRTffD8nL,1000,1000,00/0098e3fa.jpg
51Re7SO5KkL,1000,1000,00/0070ff56.jpg
51Sco1m6N3L,1000,1000,00/00d73f1d.jpg
51T4ggphQOL,1200,1200,00/0011d984.jpg
51TiT9cjCIL,1000,1000,00/001c8e12.jpg
51UA55kA-TL,1000,1000,00/00218e72.jpg
51Ui6Vslt5L,1000,1000,00/007eec2d.jpg
51V8ChMNuQL,500,500,00/0017fea9.jpg
51VcJbokq0L,1000,1000,00/0036ee93.jpg
51WmyfDJ6wL,1001,1001,00/00826420.jpg
51XN4rRgjtL,1000,1000,00/0049a2d6.jpg
51XwtMFm3GL,1100,1100,00/00da2d44.jpg
51YgOcELZoL,1444,755,00/007c03a7.jpg
51ZFFxZKZ1L,1100,1100,00/00cbd592.jpg
51aVg3s49wL,1989,363,00/00beb3cf.jpg
51aY6fB-2RL,500,500,00/002a0fb3.jpg
51bKK0FzyZL,259,1271,00/0061d93e.jpg
51bQehFdFIL,1444,755,00/00aef909.jpg
51bQhfNBfmL,1000,397,00/004734a0.jpg
51c+61hLMwL,1156,1156,00/0011d558.jpg
51cKtPDLRBL,1444,755,00/00155874.jpg
51cMt792v6L,787,1500,00/003b5aa1.jpg
51clh6SvYDL,1200,1200,00/00ec7764.jpg
51cnewa9FJL,1480,1480,00/00bced98.jpg
51cqfGre43L,1000,1000,00/00fe5dd8.jpg
51csZCrViML,1200,1200,00/005bb1af.jpg
51eYUTkQSwL,1000,1000,00/00a1feb1.jpg
51ezwAncdSL,1000,1000,00/00423d6e.jpg
51f4raxKXyL,1300,1300,00/00914277.jpg
51garRoDn4L,1000,1000,00/00139b61.jpg
51gdtejZu7L,1000,1000,00/00545ed7.jpg
51hEvfd3SvL,1000,1000,00/0015745f.jpg
51hNY9Y+JiL,1000,1000,00/00c728a9.jpg
51hfC3+cdkL,1251,788,00/00d45032.jpg
51hubGeEEJL,369,1656,00/006d055f.jpg
51iYS7RJLlL,182,1949,00/0064165c.jpg
51jy2MeLB5L,900,1200,00/0017be07.jpg
51l+Xd9biML,1100,1100,00/00fabf62.jpg
51l5nhA7a+L,1006,1006,00/005623f9.jpg
51lFwpNrOJL,1200,1200,00/000e52d5.jpg
51lf0Ng5emL,500,500,00/00894e68.jpg
51nHkZ7LcjL,1000,1000,00/00254236.jpg
51oPxAr42gL,1402,1402,00/00ee8a8c.jpg
51oihfuHDmL,2560,996,00/00ad4fab.jpg
51p3jUXCIvL,500,500,00/00962759.jpg
51pY436JSrL,1000,1000,00/00bf2c5e.jpg
51puOHd1NZL,1200,1200,00/00636c20.jpg
51qH2M7ewkL,900,1200,00/000fce08.jpg
51qsBlCriVL,1001,1001,00/00f26875.jpg
51r5v6v5kLL,233,500,00/002baf89.jpg
51rsMIO0GKL,372,500,00/00b1ecc7.jpg
51sn3X3GYwL,1100,1100,00/0012b180.jpg
51t5GgacMkL,1352,1352,00/00bcf9ce.jpg
51uIA4Pl5RL,1100,1100,00/00d9d9e7.jpg
51wu-DOSHuL,1100,1100,00/00d28cf6.jpg
51wuwH99xyL,1200,1200,00/009d2b8c.jpg
51y-4rw+yeL,1200,1200,00/00902448.jpg
51y3M7RLOWL,1000,1000,00/000aa3dc.jpg
51yN9As0+FL,1200,1200,00/009576d4.jpg
51ypW2bs+3L,436,500,00/005afe55.jpg
51yt3H5Z3JL,1001,1001,00/00cdfda5.jpg
61+MrpnxVoL,671,1000,00/003d09d8.jpg
61-+ZrYf6GL,2000,2000,00/0005acf6.jpg
61-2RXLFsuL,1001,1001,00/0080fe33.jpg
61-CmWgkM8L,2000,2000,00/003dbf5e.jpg
61-LWtZjbSL,1708,2560,00/0073897e.jpg
61-RpM1CU7L,1500,1500,00/0082cdbf.jpg
61-dJl3HxVL,2200,1879,00/00de81a7.jpg
61-jbYzJZBL,1625,850,00/00f038fe.jpg
6106nwTxhQL,1620,1620,00/00384975.jpg
610L1ZW5aQL,916,2560,00/00c78d4d.jpg
610lnu6O7LL,2200,1879,00/00b459a5.jpg
610yeWPoveL,2210,2218,00/006f1731.jpg
611-zExaTIL,1300,1000,00/005bd959.jpg
611CE4nA8RL,2000,2000,00/0084a8d2.jpg
611NKC4fZML,1500,1500,00/002d829e.jpg
611Qf3UBJPL,1000,1000,00/00c44edc.jpg
611iTlCYAsL,1500,1500,00/003249a7.jpg
6124z2mJO-L,1000,1000,00/00af59e6.jpg
612SJ4MnxNL,2000,1700,00/00ddf859.jpg
612jO7i8FvL,1500,1500,00/00931bcb.jpg
6138wbmoTOL,1000,1000,00/007354b3.jpg
6138zZjbDuL,2538,1914,00/005022cf.jpg
6139RA1S-KL,1500,1500,00/00b1c909.jpg
61421jjCBFL,1000,1000,00/003ecfdc.jpg
614f4lfMHCL,469,1148,00/008eaae0.jpg
614gbMCy5iL,1000,1000,00/005eff8c.jpg
614k7CCls9L,2200,1879,00/00992b0d.jpg
614sRRttGtL,2560,1934,00/00395844.jpg
614u7vDKrZL,1000,1000,00/00c1e7fc.jpg
615ENMCfcRL,1005,1005,00/00b3d0d0.jpg
615h08TkjsL,944,1006,00/005c6813.jpg
616NyXuXE-L,1315,1239,00/00212046.jpg
616RU8GXhXL,1685,1685,00/00d4ce17.jpg
617AgpkOQML,2560,772,00/00aca809.jpg
617r3dxqvbL,1000,1000,00/003fca97.jpg
6183YYC-G5L,1100,1100,00/003118eb.jpg
618Ka9xh0IL,1781,1781,00/0041aad9.jpg
618Qz6cTlyL,2000,2000,00/00fd2d41.jpg
619I7yDaZxL,1200,1200,00/00d350cc.jpg
619MpLPZKnL,2200,1879,00/009855b9.jpg
619gBZDs6aL,2200,1879,00/006f21ef.jpg
619glRILvWL,1500,1500,00/007f39e5.jpg
619h8mrYdxL,1370,1500,00/007c1a99.jpg
619lWwTuyWL,1000,1000,00/006a3ce8.jpg
61A5C2yUo8L,1000,1000,00/00b54e9e.jpg
61A6mx3FixL,1394,1408,00/00f5b2e4.jpg
61AB-cFedHL,862,2560,00/00601c5e.jpg
61AFkawNI+L,1000,1000,00/001c0d50.jpg
61AcE1UWiBL,1001,1001,00/002b7fde.jpg
61Acsl6fmZL,2200,1879,00/00dfa2d8.jpg
61AiPb5jc1L,1349,1349,00/006c87fe.jpg
61ArSxYN6dL,2000,2000,00/00c241dc.jpg
61B6r+Ft8xL,1500,1500,00/009fc4c1.jpg
61C+gwBk9NL,2091,2091,00/0089c115.jpg
61C6-vXoMwL,1000,1000,00/00911c37.jpg
61Cd0-jMXQL,2200,1879,00/00bfefc1.jpg
61Czx4zo6FL,1000,1000,00/00a43123.jpg
61D-zW2kYxL,1357,1077,00/002361e0.jpg
61DSfw-WBRL,1444,755,00/00a4c139.jpg
61E-JQQoeqL,2332,2332,00/002abfaa.jpg
61EEnxPZ0AL,1036,1404,00/001ba462.jpg
61EOlU1SggL,1000,1000,00/0075731e.jpg
61EU7vI9AuL,1002,1337,00/00e715fe.jpg
61EylEw7MVL,1001,1001,00/00561c5a.jpg
61F6t-9cZ+L,768,2560,00/00275b5c.jpg
61FnJCFJCiL,1100,1100,00/00dd5c04.jpg
61FxXpiGjEL,1444,755,00/000dc030.jpg
61G0ButFskL,1200,1200,00/00d4125a.jpg
61G7lK2kfzL,868,1000,00/00c0fc31.jpg
61H-lTJN+7L,1000,1000,00/0031afbc.jpg
61HVQlEg01L,1316,1308,00/0097646a.jpg
61HZTesUbXL,1000,1000,00/00abd4fc.jpg
61Hr4k5ymJL,1444,755,00/001f47da.jpg
61I9lGoxGyL,1500,1500,00/00d5631b.jpg
61IlIhdEKLL,1000,723,00/00830267.jpg
61IobkkgK5L,1359,2554,00/006413e3.jpg
61Ix5tTnbfL,1000,1000,00/0061b50e.jpg
61JHokSTLBL,1000,1000,00/00fff4c7.jpg
61K1t2JzXxL,1210,1211,00/00298cef.jpg
61KQ-N2CabL,379,1250,00/0030ad24.jpg
61KicqweXhL,1001,1001,00/00f30b7f.jpg
61KpGKYV0JL,2560,958,00/003f4f46.jpg
61L+BW7URbL,514,1521,00/00f687ce.jpg
61Lqsr2lZrL,1500,1500,00/00a0b425.jpg
61MexdcTcAL,2160,2160,00/00c63e8a.jpg
61MtQLhK+mL,1500,924,00/00d0b231.jpg
61N+tt4-hjL,1970,1943,00/0049c825.jpg
61NGVWCDRzL,1000,1000,00/008eee1d.jpg
61NVfwghsyL,1181,1122,00/00d159f6.jpg
61NrMXDo8kL,935,1523,00/0046e955.jpg
61OFkwM9N9L,1497,2560,00/0003116b.jpg
61OWMl3D9mL,1000,1000,00/009f613e.jpg
61Ok29tL9sL,1000,1000,00/00383995.jpg
61OoELa4+fL,1000,1000,00/00e2a5f9.jpg
61OwYpNQGwL,2200,1879,00/00524631.jpg
61PoX6WvBuL,1000,1000,00/00b2f5e2.jpg
61Pqrxi6WLL,1000,1000,00/00598ec9.jpg
61QINKggknL,1782,1782,00/00888584.jpg
61Qnur-SnGL,1500,1500,00/000a7ad7.jpg
61RbFCSnb9L,1707,1707,00/0026bf79.jpg
61RmtV7fJXL,1316,1308,00/005edb17.jpg
61S1dZAXe0L,1625,850,00/0093afff.jpg
61S3bw3BSvL,1444,755,00/00f0ccfe.jpg
61S6+ne522L,1000,414,00/00550e86.jpg
61SZQjqNCLL,1363,2000,00/0059a204.jpg
61SiGmYn8kL,721,1200,00/00e99964.jpg
61TPN8W8hAL,475,1267,00/00801951.jpg
61TUnpZd2AL,2000,2000,00/00c35a22.jpg
61UDIyseyGL,1315,1239,00/009c7769.jpg
61UGOpcM0ML,1000,1000,00/00bd1020.jpg
61UI+jdj4QL,2560,1969,00/00020b5a.jpg
61UyCmr0HtL,1315,1239,00/0089ee8d.jpg
61VDLiHFYfL,1500,1500,00/003b262e.jpg
61VEFaAwwOL,1000,1000,00/0053754a.jpg
61Ve8Li4QKL,1000,1000,00/007ad96c.jpg
61VnGYocjhL,1628,1628,00/00abfc90.jpg
61W4NIcqUXL,1200,1200,00/00462fe7.jpg
61WHOCHRNQL,1200,1200,00/00a79617.jpg
61Wm1TjHKrL,1000,1000,00/00e78aec.jpg
61WmiFAfzIL,867,1044,00/0018ee0e.jpg
61Wy0kwJA6L,706,2247,00/0040b2ed.jpg
61XB6tw32hL,1001,1001,00/00cc05ff.jpg
61XOEPNs+-L,1487,2560,00/004bbff5.jpg
61XTcdolIsL,1444,755,00/00a9bcf0.jpg
61XbnfwhK7L,1000,512,00/00ef2f35.jpg
61XlmqiEYhL,1571,1571,00/00bc1dc0.jpg
61Y-bHp1TRL,2560,2560,00/001a2640.jpg
61Y0qDwJVjL,1100,1100,00/0011414a.jpg
61YCBBaoESL,1000,1000,00/00fc6301.jpg
61YKCkX+sPL,1707,2560,00/00d18378.jpg
61Z95HlQXkL,1001,1001,00/00d50c6e.jpg
61ZJaHJfQRL,2200,1879,00/0011ac55.jpg
61ZbIOlWctL,1500,1500,00/003d22d3.jpg
61aA4xIXX8L,1316,1308,00/00bafbe9.jpg
61aGMj4dWSL,2200,1879,00/005167ab.jpg
61aKeLUDaEL,1000,1000,00/0059f8cc.jpg
61ah4-2c+RL,2200,1879,00/00e6a61e.jpg
61au-MHcT1L,1625,850,00/0068aaf4.jpg
61aujaAes4L,1040,858,00/00cb4e10.jpg
61b7AJZacwL,1000,1000,00/00c1157e.jpg
61bTCWunW0L,1500,1500,00/00de42ab.jpg
61bd4Y-NVJL,1500,1500,00/00aba73c.jpg
61cOQHu5NDL,1500,1500,00/00075b76.jpg
61chFYKv8FL,1444,755,00/00043ae2.jpg
61d+nn5a81L,789,1212,00/004b5b3f.jpg
61d3vGtrhLL,1000,1000,00/00b4e0e9.jpg
61dKFe4yKuL,1058,2057,00/003333ec.jpg
61dMROItgKL,2500,447,00/00d0bb32.jpg
61dVM1sSfUL,1200,1200,00/00425cbe.jpg
61dd7vVfrLL,1474,1966,00/0085405d.jpg
61dg2YwNOVL,1200,1200,00/00dc2a48.jpg
61e-y5tBy-L,1070,1070,00/000caaba.jpg
61e3PegDfiL,667,1000,00/00f88a64.jpg
61egUOZ2duL,584,1000,00/006f89fc.jpg
61egZE4z9yL,1200,1200,00/005ece1b.jpg
61ehnHH8-OL,1000,1000,00/00438a1f.jpg
61ejOL4Yk-L,2000,2000,00/006b11eb.jpg
61f4vgj0YqL,1001,1001,00/00ced088.jpg
61fv0aqP1ML,1000,1000,00/0039d226.jpg
61g6LhEK7GL,1485,1485,00/00365858.jpg
61gIpzlUGOL,1500,1500,00/003ec4f0.jpg
61gZ+PhtcYL,1000,492,00/004d9127.jpg
61giRH6VltL,1444,755,00/00ce1279.jpg
61h24aoRGwL,900,1200,00/00876d35.jpg
61hH+BsXoYL,570,2500,00/000edae6.jpg
61hOdSeXh+L,1500,1500,00/0097e080.jpg
61hQ0G8v1PL,1001,1001,00/000088e1.jpg
61hSarANltL,2200,1879,00/00ce3642.jpg
61hkMll81iL,2000,2000,00/0020da50.jpg
61hvNh5WQdL,1000,1000,00/009a7f88.jpg
61i08gMr2nL,1444,755,00/00812571.jpg
61iEcokY4dL,435,2252,00/00c69266.jpg
61ilL1AEl3L,2200,1879,00/00a0baed.jpg
61irudg+9-L,1000,1000,00/00bfe69a.jpg
61jlmQNlC4L,1100,1100,00/009aebbb.jpg
61ju5Vxr02L,1730,1387,00/008af288.jpg
61kAdGy0aUL,2000,2000,00/0095d50e.jpg
61kGIGS-KzL,1200,1200,00/00612402.jpg
61kOZLn5IpL,2057,2057,00/004d8bce.jpg
61kQG1+ZzlL,1500,1500,00/004f6f35.jpg
61kqdbpBg7L,1316,1308,00/006c2691.jpg
61l9PEp5O-L,1000,368,00/00ec2f75.jpg
61lCkbV8z2L,1444,755,00/00384547.jpg
61lIt8mt6DL,2200,1879,00/00aa097d.jpg
61lXTySekTL,1000,387,00/00b0451b.jpg
61lhJoHMtGL,1200,1200,00/0012cee3.jpg
61lp1m3efBL,366,500,00/00686730.jpg
61mBFms-VlL,435,1149,00/00eb57d7.jpg
61mCtW4eVNL,2200,1879,00/003f17fb.jpg
61mMuZXRcmL,2200,1879,00/00736593.jpg
61mU47YbT3L,1200,1200,00/0086a796.jpg
61mYv-j3yqL,1931,1371,00/00f2025c.jpg
61mgGzvGu2L,2560,1937,00/0011727f.jpg
61modx8WhUL,1001,1001,00/00a81297.jpg
61mpfZVOF1L,1500,1500,00/00c244cf.jpg
61msZEIVp3L,1000,1000,00/005efd3d.jpg
61n0sEht9bL,1100,1100,00/003b5adb.jpg
61nNJpgDbML,1411,1116,00/001c5698.jpg
61nUh4iObeL,1831,1831,00/009969d6.jpg
61niXwx0RWL,2560,878,00/0067bedd.jpg
61onO6-X4tL,1000,676,00/006b682b.jpg
61p0WiZChWL,2200,1879,00/0062e8c6.jpg
61pCU3TqCYL,2500,385,00/00da598d.jpg
61pLBmGeWpL,2200,1879,00/00ed7ba9.jpg
61pLvTCJp8L,2200,1879,00/00358759.jpg
61pgl5KVoIL,1000,1000,00/00f9a2b1.jpg
61q2wM8eG9L,1583,1583,00/000af949.jpg
61qNNQO0w3L,1316,1308,00/00cccbe9.jpg
61qmPZ83TTL,1100,1100,00/00f2c113.jpg
61qspvogDxL,1001,1001,00/0034f9e9.jpg
61r1JyINo3L,2200,1879,00/0029c3b2.jpg
61rE3DXzLFL,2200,1879,00/004a4e97.jpg
61rc86MLMeL,2560,1926,00/00b33ed8.jpg
61rfareFOqL,1064,1500,00/0004e46f.jpg
61sjj8WP-KL,2200,1879,00/009431ed.jpg
61srIFJNYFL,1000,1000,00/009ded30.jpg
61tSaM07uDL,2200,1879,00/005ece22.jpg
61u8oDkegNL,2200,1879,00/00eb9874.jpg
61uFX8d32EL,2356,2356,00/00b3e57e.jpg
61uVLiExPWL,1276,1276,00/00434cb6.jpg
61up-nXB6hL,1376,2560,00/00878cc7.jpg
61v5y-WiMtL,1850,972,00/00bb892e.jpg
61vBFk4s13L,2000,2000,00/00a11b96.jpg
61vc4q2HAfL,1696,2560,00/00615b31.jpg
61vf1kP3-nL,827,1685,00/00ed1300.jpg
61vmnIhXzVL,2560,1732,00/003062dd.jpg
61wLN2N4c5L,1444,755,00/003bc46d.jpg
61wThq4SkuL,1296,1936,00/00654241.jpg
61wbXKgpaBL,1001,1001,00/00587ed8.jpg
61wmYptBf+L,1000,503,00/006c1235.jpg
61xCf68e0LL,1000,443,00/00fb1221.jpg
61xF688NKAL,1832,1832,00/002b5e27.jpg
61xKfwCtwaL,1200,1200,00/00d53e75.jpg
61xMXOkOTqL,1200,1200,00/0029f79d.jpg
61xPB5x4CqL,1444,755,00/00e101a6.jpg
61xmL+27zUL,1444,755,00/00057c51.jpg
61ybJf0HUuL,762,1520,00/000d1703.jpg
61yd5lRAqVL,922,2560,00/003b7fbc.jpg
61z4nn0oOGL,1500,1500,00/00084ba8.jpg
61zCI8tAhoL,1089,1183,00/00f8740e.jpg
61zD5m2LfdL,1500,1500,00/00127f22.jpg
61zYW6KGsIL,1500,1500,00/00000529.jpg
61zhDjspH5L,1001,1001,00/00003a93.jpg
61zxv8uVgpL,2200,1879,00/00394ffd.jpg
71+FxU0qJUL,2560,533,00/00a60f4a.jpg
71+Ps5c7QBL,2200,1879,00/0090ee51.jpg
71+c-jg7-uL,2200,1879,00/00949ab7.jpg
71+kKHmZxcL,488,2495,00/002fdfd7.jpg
71+kVUZqc5L,1800,1800,00/00e1a435.jpg
71+wktlHeQL,2000,2000,00/00b9c670.jpg
71-8ZT2ONkL,2200,1879,00/0004ed51.jpg
71-YGRn5aJL,2200,1879,00/001fcf42.jpg
7109ZT4EshL,2200,1879,00/00cd7cc8.jpg
710KOY1c3wL,2560,2560,00/00078fb9.jpg
710ObHq9pCL,2200,1879,00/0097be9d.jpg
710imXFcDXL,2200,1879,00/0028471c.jpg
710lLdrtVsL,2560,2560,00/0067aab0.jpg
710tQmFSJfL,2200,1879,00/007a6c6f.jpg
710zE5aQq0L,2200,1879,00/005e60bd.jpg
7114gIbjIbL,568,2560,00/00e891cd.jpg
7116EL8nT1L,1658,1658,00/00e9763c.jpg
7119FyCuWAL,2200,1879,00/005430c2.jpg
711DZFcKyiL,1713,1713,00/00ada2a8.jpg
711HRp+mtyL,328,2560,00/00ea1ce7.jpg
711M1ipzN3L,2560,1623,00/004ea874.jpg
711WsMo+vkL,2000,2000,00/0038c0aa.jpg
711foJTomRL,2124,1281,00/00b5c645.jpg
711sRiYZcNL,2200,1879,00/002c6719.jpg
711uHVvlMpL,2200,1879,00/00d8b007.jpg
711wrUeTCoL,2200,1879,00/0019ad76.jpg
711zfkATyZL,1707,2560,00/00520612.jpg
7123zgQ2AAL,2200,1879,00/00e7cf6e.jpg
712GBhN60eL,2200,1879,00/001cc5fe.jpg
712R4FPxD8L,2200,1879,00/00824298.jpg
712SiVYwp9L,2200,1879,00/00ac9435.jpg
712Uu06UoHL,2200,1879,00/00ebc955.jpg
712aZKUUhsL,1000,1000,00/00dbafe5.jpg
712e5LzhRvL,2200,1879,00/009f156d.jpg
712lRPEBSkL,2560,2560,00/00025fd9.jpg
7135+H0EzmL,1707,2560,00/00833986.jpg
713TZSm5vsL,2200,1879,00/00a5d2cc.jpg
713Yiam2o9L,2200,1879,00/00a056c1.jpg
713b0sGM7uL,1500,1500,00/0037fc7f.jpg
713moCej3fL,2200,1879,00/00837885.jpg
713xaQUwzKL,2000,2000,00/007f647b.jpg
714MB25S1PL,2200,1879,00/00ca5a95.jpg
714PL6vJjuL,2500,1350,00/00aa8d85.jpg
714RE6AnpIL,1632,2142,00/00d40fc6.jpg
714hjDWh79L,2200,1879,00/002a3458.jpg
714lKjRrUZL,2560,916,00/00acd1d8.jpg
714lxaP2uoL,1100,1100,00/00c2affb.jpg
714tdmokRBL,2200,1879,00/00b19843.jpg
715+XSKI0tL,1412,2159,00/00bd571e.jpg
715CscmMSyL,1200,1200,00/00f6091c.jpg
715EbhErrNL,2148,1910,00/00d5c1e8.jpg
715cMpGc1lL,1200,2560,00/00db39e2.jpg
715mmu+Qc5L,2138,1832,00/00fc3bb4.jpg
715w85+kamL,1200,1200,00/00f13d02.jpg
715x0cVCPaL,2200,1879,00/00266294.jpg
7164rY+BayL,2469,2469,00/0094c9d8.jpg
7165i7pHlML,2200,1879,00/00fbb2ab.jpg
716DxQIRIML,1500,1500,00/003c6221.jpg
716FUz7mdWL,1908,1908,00/0000b9b8.jpg
716LVYQAHAL,2200,1879,00/00bf08bb.jpg
716UnScNw2L,2094,2094,00/001f1d4d.jpg
716c3qIUb5L,2200,1879,00/00f302a4.jpg
716nb2fgmJL,2000,2000,00/00834536.jpg
716vFfXDjCL,2200,1879,00/0019f1b7.jpg
7172PLOGTML,2000,2000,00/00f9e30a.jpg
717Hnz3a1NL,2200,1879,00/008b9e7a.jpg
717I2ASWtAL,2200,1879,00/00911fc3.jpg
717OwhNrvfL,2560,1969,00/00ff25e7.jpg
717SD5jJgIL,2200,1879,00/00706c01.jpg
717SU4EWUmL,2200,1879,00/005953fa.jpg
717WIhuYJVL,2289,2289,00/0053b977.jpg
717WNHYRDXL,1000,1000,00/001dc093.jpg
717WSpIEcFL,2200,1879,00/007dafee.jpg
717ZNjNehfL,2200,1879,00/00be09f5.jpg
717de7c8apL,2200,1879,00/007def3f.jpg
717lcOnBrNL,2200,1879,00/00fe55b1.jpg
717nmhrZ8nL,2560,1816,00/00156110.jpg
717pOtQTaxL,1500,1500,00/0072d3d2.jpg
717pkgVn20L,1496,1496,00/00dc0e51.jpg
717rbtdEO6L,2560,1976,00/00ce7660.jpg
718+VH+NNtL,2560,2560,00/00b0ab9e.jpg
7184UXh+OjL,2200,1879,00/00527579.jpg
7189j5VEJnL,1125,1116,00/0082c2c3.jpg
718NqsL+vwL,2200,1879,00/0031fba2.jpg
718SxqnyxXL,2560,1970,00/00f22b13.jpg
7192YcJoghL,2200,1879,00/008c0a60.jpg
71938+iR4kL,2560,2560,00/0003b4a4.jpg
7193KSj6TYL,1235,1567,00/0027457f.jpg
7196wtIQ6CL,1333,2000,00/002dfece.jpg
7197Ma01DoL,1703,2560,00/008b337c.jpg
719F+AeIjKL,2200,1879,00/0000bd76.jpg
719Jj9GcIQL,1200,1200,00/0033f1ca.jpg
719Q7EbHR7L,2200,1879,00/0036a4e2.jpg
719reBlpsZL,2200,1879,00/00586afe.jpg
719uOWjGvNL,2200,1879,00/0015d91b.jpg
71A4hVg6N8L,2548,2509,00/00676ae3.jpg
71AOnccu1ZL,2200,1879,00/00c38b64.jpg
71AUXrs6leL,1180,2042,00/000de7e4.jpg
71AYddwnpFL,2000,2000,00/00cb6b63.jpg
71AedHmpqYL,1017,2560,00/00658516.jpg
71Aq9iPGBjL,2560,1925,00/002e4ee5.jpg
71B07cRqUUL,2560,1156,00/00489c75.jpg
71B0hQcVgzL,2200,1879,00/00a70452.jpg
71B59FMZJeL,888,1911,00/0009a748.jpg
71BJj2-+pkL,2200,1879,00/00a48718.jpg
71BXNetv6RL,2200,1879,00/00c9e23c.jpg
71BlhVIwqML,2200,1879,00/0052774e.jpg
71Bt1iByiRL,895,2230,00/001fc447.jpg
71BywkEdlXL,2208,1106,00/00f68993.jpg
71CPqsb8KdL,2200,1879,00/00a5f539.jpg
71CmPcl7X0L,860,2500,00/005c386f.jpg
71D4DSrG6KL,701,2560,00/00cb6c85.jpg
71D4bgVZSML,2281,1463,00/00e0a8b8.jpg
71D6d7ZTtiL,1201,2560,00/00c36225.jpg
71DF6x3Bf0L,2200,1879,00/00d3f068.jpg
71DQdZmdxqL,2200,1879,00/006842a2.jpg
71Df3NfPjtL,2560,1970,00/00351710.jpg
71Dv5J1xYfL,2200,1879,00/00138d46.jpg
71E4s7IZo9L,814,2026,00/002e8755.jpg
71EA7Z9L-HL,1788,1877,00/0042030b.jpg
71EAqI0kG2L,2200,1879,00/00a790ce.jpg
71ENLSB5eOL,2000,2000,00/00611ec6.jpg
71EQ4+2-GeL,2200,1879,00/00c16721.jpg
71EXaRc4DZL,2560,988,00/007a4398.jpg
71EmNVX2hwL,1627,1627,00/00972406.jpg
71EpggjHpjL,2560,2560,00/00987302.jpg
71Epx8KoVBL,2560,1969,00/00db081c.jpg
71FJjH08wQL,2200,1879,00/002044b8.jpg
71FTGufYrmL,1500,1500,00/00ffd159.jpg
71Fy5SuOhFL,2200,1879,00/005f3352.jpg
71G+CqoOZUL,2200,1879,00/008a7072.jpg
71G+PLUYFHL,2200,1879,00/0039a8ee.jpg
71G4COq252L,1294,1250,00/009bed00.jpg
71GT73m7ThL,1500,1500,00/0099b57a.jpg
71H-wgVheFL,2166,2560,00/001b6bc4.jpg
71H4mK6u6xL,2200,1879,00/00a7d7d3.jpg
71HCWVE5fGL,683,1755,00/003fe22d.jpg
71HCn+SxbTL,1377,2020,00/00878623.jpg
71HM-U1E51L,2200,1879,00/00c28627.jpg
71HOOzAGAfL,2200,1879,00/005c3d68.jpg
71HTOT6HriL,2200,1879,00/00ab5a20.jpg
71HX--gQe6L,1500,1500,00/00ed394e.jpg
71HZQR1AnLL,2200,1879,00/00db3b53.jpg
71He2huHs-L,1056,2560,00/00c4547c.jpg
71HfOBSJJKL,2170,2170,00/00713690.jpg
71HgFrjv0wL,1500,1500,00/00a80435.jpg
71HiSyyB3lL,2560,876,00/001ee932.jpg
71HmnCd1xjL,2200,1879,00/000913bf.jpg
71HywCnOfsL,1969,1969,00/00bc530d.jpg
71I+LopvBqL,2200,1879,00/00fb18b9.jpg
71IKkRWfXfL,1080,1080,00/008f71b3.jpg
71ILGIMA1hL,2200,1879,00/00d1d449.jpg
71Id-siF5-L,2200,1879,00/00402484.jpg
71J+iosG9uL,2200,1879,00/00ced4ea.jpg
71JFsQEZwxL,715,1920,00/000cb314.jpg
71JRT6vLJHL,2000,2000,00/00bf58dc.jpg
71JbP5bVD9L,2200,1879,00/0088bb7e.jpg
71Jee1hN+bL,2200,1879,00/003cec37.jpg
71JwspwRv7L,2200,1879,00/0041ea48.jpg
71K4e32tNoL,1001,1001,00/0040336f.jpg
71K4geURLQL,2200,1879,00/00d53ffc.jpg
71KE3+NZ9IL,2200,1879,00/009de71b.jpg
71KK+z8x89L,2560,1969,00/00b59251.jpg
71KUDYeNHpL,2500,1634,00/00b7490d.jpg
71Ka80Y5YPL,2200,1879,00/00d491b3.jpg
71KmmF82ZpL,2200,1879,00/008d2010.jpg
71KnaQZb01L,2200,1879,00/00d87d3a.jpg
71LEx4eVu2L,2200,1879,00/0025eb29.jpg
71LH-fDziUL,2000,2000,00/00cae2ba.jpg
71LJ+WuPiBL,2200,1879,00/00fbc002.jpg
71Ld82ygD4L,2200,1879,00/00d83a31.jpg
71LktGYk+AL,1500,640,00/0033d245.jpg
71LrWq70YYL,2200,1879,00/006ca16f.jpg
71Lw09gUZxL,2000,2000,00/0061963a.jpg
71LzzRNUnjL,2560,2560,00/00af57d3.jpg
71M-kxvp5QL,1625,2345,00/00ae5762.jpg
71M0k2xCtuL,2000,2000,00/0009f4f0.jpg
71MS7ND1y+L,2200,1879,00/0019ebc4.jpg
71MT-6j85JL,2200,1879,00/00d5006e.jpg
71MhdSk8hyL,1192,1301,00/0008cc55.jpg
71Mkagg7qjL,1032,1093,00/00ce32b5.jpg
71MpZuUkc9L,1828,1828,00/00f08ed5.jpg
71N+JcTMFHL,2200,1879,00/00c6253a.jpg
71N1KvWo9cL,869,2560,00/009fc3e9.jpg
71NDosQFgbL,819,2560,00/0076d35e.jpg
71NTCYE1PJL,2200,1879,00/004f0a7d.jpg
71NeIQOmmwL,1200,1200,00/00e34d44.jpg
71NsOfNWWUL,2200,1879,00/0047b1de.jpg
71Nv60gEWZL,2200,1879,00/000e8dfc.jpg
71NvTTvPHjL,1316,1308,00/0031d261.jpg
71OBP6ibcsL,2200,1879,00/0088e4e4.jpg
71OGI3kxEFL,2200,1879,00/0005027b.jpg
71OJNyBZt9L,2200,1879,00/000695d1.jpg
71OTJi28RiL,2122,2122,00/00500dae.jpg
71OWxQZAeeL,1511,2333,00/00858011.jpg
71OcZf4vNgL,1000,730,00/0095ed2d.jpg
71OigE9RCAL,630,2560,00/002b16d3.jpg
71OnGpjRgFL,1316,1308,00/0084b0a8.jpg
71OrzCKz-1L,2200,1879,00/00bd6f3f.jpg
71P-rBpakEL,1703,1292,00/0006c55d.jpg
71P0v5nJRxL,2200,1879,00/00f70790.jpg
71P1sCR4VnL,2200,1879,00/009862ef.jpg
71PGJ3l7g8L,1500,1500,00/007f0a3b.jpg
71PLVZxoi7L,2560,1766,00/006e72c3.jpg
71PLyr4B0dL,2560,2560,00/00975e0a.jpg
71PcLOWj5qL,635,1472,00/00694570.jpg
71PqcfGBpDL,2200,1879,00/007e9546.jpg
71QB9FE63XL,2200,1879,00/00a1e543.jpg
71QExTjUPDL,2200,1879,00/002e8c22.jpg
71QYrUW0MML,2200,1879,00/00190c5f.jpg
71Qe8Etzo2L,1660,2560,00/00b4c4f4.jpg
71Qh10V8DLL,2200,1879,00/00cdc165.jpg
71Qv-0fKesL,2200,1879,00/009720b7.jpg
71R1V3m86QL,1500,1500,00/00065ad5.jpg
71RDbgtu-qL,2200,1879,00/002572b9.jpg
71RM1cw35AL,1080,1080,00/006b3956.jpg
71RWGiNnzGL,985,2560,00/00d19dda.jpg
71Rad-QqJOL,1542,1570,00/00a9b74a.jpg
71RbLxNlBxL,2560,2560,00/00ed4321.jpg
71RfKtCObHL,2560,2292,00/00524370.jpg
71RiIm3WfDL,2188,1000,00/00e0fddf.jpg
71RjIlXq7sL,2200,1879,00/00f2aaaa.jpg
71S0mLN9atL,1000,1000,00/00aa3ea8.jpg
71S3-rKod-L,1500,1500,00/005f136d.jpg
71SCELd3gQL,2000,2000,00/008649ef.jpg
71SIQNlAArL,559,1944,00/00e3e839.jpg
71SJc8JDdtL,2560,1976,00/00f5de48.jpg
71SL-wIiaPL,1500,1500,00/00773379.jpg
71SRIPz81kL,2200,1879,00/000bdfc0.jpg
71SSZNX9faL,1851,516,00/008d8e4f.jpg
71SdZahtmWL,2200,1879,00/0099f61c.jpg
71SyaRP-MaL,699,2272,00/0045a1c2.jpg
71TH3DPRLdL,2200,1879,00/00438f52.jpg
71TM32Tn6rL,2200,1879,00/00154f67.jpg
71TMl0Hh4xL,2560,2560,00/009d1908.jpg
71TUe2d9m-L,1500,1500,00/00f4cbeb.jpg
71TdvsBUfrL,2200,1879,00/0093f398.jpg
71TlM4-qHnL,2200,1879,00/00cbca99.jpg
71U5xQDyhzL,2200,1879,00/00038eb0.jpg
71U9HZrAUBL,2200,1879,00/00d7c4c8.jpg
71UA5LSFNxL,981,1500,00/008628ff.jpg
71UBM-hmP0L,1000,1000,00/00e10b4a.jpg
71UKw+0uhzL,1810,2560,00/00618e95.jpg
71URJY1hRKL,1706,2560,00/00d81f52.jpg
71USyyKqXXL,2200,1879,00/00c60d2d.jpg
71UVgGGsHYL,2560,1969,00/00ef1ea1.jpg
71UZFb0JCzL,2015,1550,00/00972f36.jpg
71UbHR1ErRL,2165,2165,00/00fcba69.jpg
71UdJdUNqLL,1500,1941,00/001733e6.jpg
71UfB5WfWZL,2200,1879,00/00a50379.jpg
71UkGY3cNPL,2200,1879,00/00ff930c.jpg
71UmB+DRj7L,1663,1837,00/009d0dae.jpg
71V2yP-v3BL,2200,1879,00/0002737f.jpg
71V3l5K1QCL,2200,1879,00/00e59f27.jpg
71VEqsT6BqL,2200,1879,00/0029f6f2.jpg
71VOeyZBuWL,652,1500,00/00effec7.jpg
71VZ+-xYocL,1791,2560,00/00d1cef3.jpg
71VlTtKe6+L,2560,1060,00/00af33ba.jpg
71Vnci3LxtL,2560,1920,00/000f7d00.jpg
71VoWZ1iQmL,2560,2560,00/00884aac.jpg
71VudF4wdhL,2200,1879,00/001f67ec.jpg
71WFM-+Y74L,2560,1220,00/0024562c.jpg
71WMc5hRKeL,2560,2560,00/0081db90.jpg
71WP50rCFnL,1617,1391,00/00c8501e.jpg
71WQluCaAsL,2200,1879,00/003ea877.jpg
71WTY4EwhLL,2160,2160,00/00bd218e.jpg
71Wght43g+L,2200,1879,00/00a2fe11.jpg
71Wm1DPSy6L,1000,660,00/003eb07f.jpg
71WrGsod7SL,786,2560,00/0047e368.jpg
71WvEfb8VNL,2070,2070,00/00ce653f.jpg
71X-hECSs2L,2000,2000,00/00e0e615.jpg
71Xck1lAC+L,2000,2000,00/00a946e0.jpg
71Y0NNhgLSL,2000,2000,00/00bf5e27.jpg
71YG9vDzAzL,2200,1879,00/00dd36d0.jpg
71YK6lrWKdL,1500,2000,00/00e2c5d8.jpg
71YTaRiGvmL,2000,2000,00/0052c999.jpg
71YcGq0dQ8L,1200,1500,00/0080f0b2.jpg
71Z2fj+MAGL,2200,1879,00/00f9746b.jpg
71Z3bNLtbEL,2560,2560,00/00581751.jpg
71ZUKxAHyRL,1517,2560,00/007a0716.jpg
71ZY6tDsBvL,2200,1879,00/00313fc5.jpg
71ZiRBKfjRL,2200,1879,00/00aed26d.jpg
71ZlmoEvD-L,2200,1879,00/00fdf089.jpg
71Zt3ZCogZL,1188,1800,00/00ac0dfd.jpg
71a171EaPaL,2200,1879,00/0079b114.jpg
71a51Im2KjL,2200,1879,00/0073b291.jpg
71aFjAeWgyL,2200,1879,00/00a6724a.jpg
71aN-pSC9AL,1493,2560,00/00c8ccf1.jpg
71aoF8BgbJL,907,2560,00/00ab1309.jpg
71aofzVh1fL,2200,1879,00/00dd0d5d.jpg
71b6M8aB68L,2560,1311,00/009f4229.jpg
71b8BZrLqRL,1893,2560,00/0077cbc1.jpg
71b9jIq993L,2200,1879,00/00945847.jpg
71bNh+JQrIL,2200,1879,00/00d458ec.jpg
71bU25pnmcL,1444,755,00/00ed961b.jpg
71bXnREXUHL,2000,2000,00/00092a83.jpg
71baf5m1M6L,1827,1401,00/002cba04.jpg
71bax5fI2ZL,2200,1879,00/00465d5e.jpg
71bg7uBM6aL,1500,1500,00/00300e6f.jpg
71bjH5kT9rL,2200,1879,00/001595f5.jpg
71bmNxhkKWL,2200,1879,00/008da77f.jpg
71bqmVGCd0L,765,2062,00/0052f3fe.jpg
71bzhyqFfJL,2000,2000,00/0074be79.jpg
71c+Z-+rOHL,2200,1879,00/0034b2cf.jpg
71c1S4t8ReL,2000,2000,00/007dbefc.jpg
71cDzuTyf2L,2200,1879,00/00b9c134.jpg
71cIz-LME3L,2432,1284,00/00896598.jpg
71cPGRWsMPL,1255,1971,00/00565419.jpg
71cXdLXO5iL,2200,1879,00/00584707.jpg
71ciHMVst5L,1376,1376,00/00410eb0.jpg
71clIjGgDXL,2200,1879,00/0033773b.jpg
71csv+yD9TL,1610,693,00/00033168.jpg
71ctuXRqNlL,2200,1879,00/0077fd0b.jpg
71d2iVyscRL,2200,1879,00/00c9b11d.jpg
71dD5Q6l00L,2000,2000,00/00fb0b26.jpg
71dJfnspiqL,2200,1879,00/0007f809.jpg
71dQiHJcl0L,2200,1879,00/001d5722.jpg
71dRCmclgbL,2200,1879,00/00c82d5b.jpg
71dYDf7555L,1024,1500,00/005c0b58.jpg
71domC9v1iL,2000,2000,00/00cb9817.jpg
71drU9-bpSL,2200,1879,00/001c9cfa.jpg
71dz8fSfq0L,1367,700,00/00e8f00c.jpg
71e00fBJ40L,2200,1879,00/001a543a.jpg
71e9lO8tBpL,1500,1500,00/00dc6407.jpg
71eEqkxKK1L,1031,925,00/00cf7118.jpg
71eJheB4dkL,2200,1879,00/00f84e3d.jpg
71eQ6GZQBOL,2200,1879,00/0014ea2b.jpg
71eQmwSa5QL,2200,1879,00/007e897d.jpg
71eb+X9WOGL,2200,1879,00/00b80fcf.jpg
71ebVW8uYzL,2200,1879,00/00fc6bdd.jpg
71eeprfzDaL,1500,1500,00/00992d69.jpg
71efnSM02tL,2200,1879,00/0049022c.jpg
71eiHlvLfeL,1402,2560,00/005a9851.jpg
71eirjVU69L,2200,1879,00/0001b0df.jpg
71envtTPwwL,2200,1879,00/00df0af9.jpg
71eqd0tN+ML,563,1524,00/00426198.jpg
71f3azDj5ML,1631,2560,00/00a3f79e.jpg
71fEs2sYISL,2000,2000,00/00f001cc.jpg
71fPu55L9HL,1920,2560,00/0083d755.jpg
71fnrFTvoYL,1500,1500,00/002ad2b6.jpg
71fpeSCDmHL,2000,2000,00/0047a974.jpg
71fshhKr20L,2200,1879,00/000f6c54.jpg
71fvZpHkN5L,1000,1000,00/002f2e4d.jpg
71fzzBQGKZL,2560,1907,00/0013045d.jpg
71g+7Aqam5L,2083,2083,00/00dcf11c.jpg
71g-h+7+PWL,2560,2560,00/00db8307.jpg
71g-mrm1NkL,1500,1500,00/002e2988.jpg
71g0dtkBvcL,2200,1879,00/00919a49.jpg
71g1U91r2pL,1024,1024,00/00893c33.jpg
71g2oJ7EFiL,2500,1350,00/00ecffa4.jpg
71g5cjBuMvL,2200,1879,00/00b3c1fb.jpg
71gR+sQeo9L,2200,1879,00/005566ba.jpg
71gSqVk4YzL,1001,1001,00/00869847.jpg
71ga9DQMLIL,1000,1000,00/001bb094.jpg
71ggIuAnkpL,2200,1879,00/00ecec96.jpg
71gips35g7L,2000,2000,00/00e09f22.jpg
71gmz4gGZKL,2200,1879,00/00fe0184.jpg
71gqv6Gl19L,2560,2560,00/00737d49.jpg
71gsqpYEH+L,1174,1174,00/005cd863.jpg
71gvoDqTMqL,1168,2211,00/00077612.jpg
71h4z4Nk3bL,2200,1879,00/002412a8.jpg
71h9wa3NJIL,2560,2486,00/000cddab.jpg
71hBtk78OeL,1500,1500,00/00020b94.jpg
71hDNRa-hqL,2560,1526,00/004dec14.jpg
71hFxAzO68L,2560,1954,00/0030ed5c.jpg
71hIVWR0m5L,2560,2560,00/00318a1e.jpg
71hJNNQKCuL,2500,2168,00/005f2758.jpg
71hprMm0YRL,2142,2142,00/00e43a2b.jpg
71hsQfuo1nL,2000,2000,00/00f76638.jpg
71i+gWVC5fL,2200,1879,00/00a659f9.jpg
71i2jM7tdoL,2560,973,00/004c2ab4.jpg
71i9pMk4hPL,2083,2083,00/001b071a.jpg
71iAa-8A09L,1134,2560,00/00089350.jpg
71ie5qXNOeL,2200,1879,00/000aa53f.jpg
71ifir1pzyL,2083,2509,00/0006a876.jpg
71iiYCcdDTL,2200,1879,00/00c931b6.jpg
71ipW4IuqHL,2200,1879,00/00b21969.jpg
71irOS1qM8L,2560,1969,00/00702891.jpg
71iuxqAGFaL,1396,1408,00/00b65f0a.jpg
71j1je1k0ML,2200,1879,00/0074a523.jpg
71jFfLZJoQL,2200,1879,00/006fccc8.jpg
71jJu9S9vUL,2560,2560,00/007612db.jpg
71jVLUzjWBL,2560,2560,00/000eef11.jpg
71jX5tTGovL,2200,1879,00/007248fb.jpg
71jYktEtUSL,2560,1753,00/0036d764.jpg
71jiGKhodQL,2000,2000,00/00e6335d.jpg
71jjd4Hk50L,2200,1879,00/00449faa.jpg
71jly79PPfL,2200,1879,00/00a95ee1.jpg
71jqPLwrK2L,2200,1879,00/007c6101.jpg
71jue0SY2uL,2560,2560,00/00f6c529.jpg
71k3A51jWkL,2470,2470,00/005f1c5d.jpg
71kPymEW43L,2406,1500,00/0077f418.jpg
71kmJ+78ALL,2200,1879,00/00514c39.jpg
71knwaMR2gL,2200,1879,00/004f4d5a.jpg
71kv4vnzwRL,2478,2478,00/008e444a.jpg
71kvwt28olL,715,2084,00/0037e199.jpg
71kw+BWjg8L,2200,1879,00/00118121.jpg
71lCxA5-v6L,2560,2560,00/0063bffb.jpg
71lRP-K19cL,2200,1879,00/002f207e.jpg
71lT11TTm5L,2200,1879,00/007484d1.jpg
71lg4gRgfOL,2449,859,00/00981653.jpg
71lhKQRO3dL,1000,1000,00/00a1cdae.jpg
71lmW1s-8bL,1000,1000,00/00c0d247.jpg
71lnKW8vhEL,1331,1500,00/00969d31.jpg
71loHcXyNOL,2560,2560,00/0084bf76.jpg
71lrYNKdaxL,2200,1879,00/0018f5b1.jpg
71lryq93jAL,2200,1879,00/00433720.jpg
71m0uUPDdBL,1500,1500,00/00106fda.jpg
71m5q9J17IL,2560,904,00/00dd9a26.jpg
71mL8nZBJhL,2200,1879,00/00afba4e.jpg
71mZIh1IMeL,1058,2255,00/00f785e2.jpg
71mcTKKXGkL,2200,1879,00/00a9650c.jpg
71mljvc5uoL,2000,2000,00/004a64ec.jpg
71mpIFzqNLL,2160,2160,00/00040a6e.jpg
71muFLrlUgL,1510,2010,00/0069fb64.jpg
71mvDnaUHmL,2200,1879,00/00d8f93e.jpg
71n-CMlfxDL,586,1588,00/00534236.jpg
71n3DlokliL,2435,2435,00/00a69c51.jpg
71n9CzJqbzL,2200,1879,00/000d3343.jpg
71nDuCDcztL,2000,2000,00/0077fd24.jpg
71ndzM4oY4L,787,1577,00/000f46b1.jpg
71npA8NBo3L,1200,1800,00/0034be06.jpg
71o3+LmZIVL,2200,1879,00/00af27fa.jpg
71oHIstXlQL,1240,1772,00/00226c27.jpg
71or63StSsL,2000,2000,00/00bb40f2.jpg
71oyZJtG21L,2200,1879,00/009fdd53.jpg
71pIKmHYzbL,2560,2560,00/00bbd687.jpg
71pbhQgbcZL,2200,1879,00/0055d71a.jpg
71phMGyvEJL,1598,2560,00/00c77e06.jpg
71pmMUC3EdL,2200,1879,00/00f42453.jpg
71pnXqs4cPL,2200,1879,00/00984108.jpg
71poOZ4qUvL,2200,1879,00/003e0c6e.jpg
71pqHIk6AJL,2000,2000,00/00f792ed.jpg
71pu6lNXthL,1036,2560,00/00724428.jpg
71q97NCHgkL,2200,1879,00/00366645.jpg
71qgkDh0tYL,603,1000,00/00a627c8.jpg
71qzfSAtTML,2500,1935,00/00ace813.jpg
71rDI8ntG7L,2200,1879,00/00f07055.jpg
71rQK+achnL,2200,1879,00/0074687c.jpg
71rayF7fbtL,1500,1500,00/00defae0.jpg
71rdxjfA46L,2200,1879,00/00fe0c0e.jpg
71riri1WhUL,2200,1879,00/004eb4e3.jpg
71rrOXpi7cL,2200,1879,00/009f3648.jpg
71s09ftvT7L,2090,2090,00/006c2c16.jpg
71sCbK+No+L,2560,2560,00/0011fed5.jpg
71sImE6SHaL,1500,1500,00/00e19096.jpg
71sP33q9imL,2200,1879,00/00fc4846.jpg
71sYbjaq-eL,2200,1879,00/0073c59e.jpg
71saIyQTncL,2560,2560,00/0081517a.jpg
71sr+JinZyL,2200,1879,00/00376a95.jpg
71szbx5byJL,2200,1879,00/00465658.jpg
71tFougkVIL,2200,1879,00/001a3f3f.jpg
71tkbkrKbdL,2000,2000,00/000f953e.jpg
71u18NC4vKL,2200,1879,00/002c53b9.jpg
71u2gKqngvL,1252,1252,00/00a78d20.jpg
71uFcKQDUFL,2200,1879,00/00ccf5a8.jpg
71uQRJJWvYL,1200,1200,00/00f37040.jpg
71uix5he1aL,1000,1000,00/002f15de.jpg
71ulbaGmECL,1707,2560,00/00d4f007.jpg
71ulzoaG+XL,2080,2080,00/004f7d04.jpg
71uqKuLUYPL,2200,1879,00/0017cc17.jpg
71vbNpaZhdL,917,2560,00/00666e4d.jpg
71vleU+Uk4L,1000,1000,00/009ec94c.jpg
71voU9nOy6L,1500,1500,00/000b5a79.jpg
71vwbMMTCGL,2560,768,00/00c9c419.jpg
71vwqL+FeBL,2200,1879,00/00de40bf.jpg
71w5MFRYk5L,2200,1879,00/00946d94.jpg
71w8uA7WiyL,924,2560,00/00b9fcc6.jpg
71wGRSlTrZL,2560,2560,00/00d9ac29.jpg
71wGqDQqN4L,1665,1665,00/00ac0126.jpg
71wIcqjnaiL,2200,1879,00/0030f660.jpg
71wNwOOSZeL,936,1308,00/0003c668.jpg
71wTJZWW-GL,1707,1500,00/006b5198.jpg
71wayCQgrJL,2023,1198,00/00654492.jpg
71wohW6U1lL,2000,2000,00/00be000e.jpg
71wpgJUPniL,1620,1620,00/000eb1d6.jpg
71wtKAlR2fL,2000,2000,00/008eda5b.jpg
71wtQGNcjWL,2560,2560,00/00128296.jpg
71xBASxjf+L,2200,1879,00/000b3f52.jpg
71xCGuTG3DL,2000,2000,00/004576bd.jpg
71xDyclmuDL,2200,1879,00/004b9a21.jpg
71xEgFAo2LL,2200,1879,00/00bc172c.jpg
71xSd1qWeVL,2560,2560,00/00da350d.jpg
71xV9ab59JL,1576,1576,00/00e9f53e.jpg
71xkQUKUMBL,2560,784,00/001d3626.jpg
71xnEVmfxPL,1500,1500,00/00abe0bc.jpg
71xtTNSJ54L,2560,2560,00/00cbe69b.jpg
71xztZYsJuL,2023,2560,00/000bb6ed.jpg
71y+uGYJuDL,2181,2181,00/000a8b0c.jpg
71y8ELA2ObL,2368,1225,00/00da1416.jpg
71yAJv4fddL,2560,1969,00/00e92b57.jpg
71yS3bRWZgL,1200,1200,00/0009b8ea.jpg
71ySncREMLL,2000,2000,00/00eea274.jpg
71yUL7GZvPL,1594,1594,00/00f1b1b1.jpg
71yYmlRnZtL,2000,2000,00/004b1101.jpg
71ye8Y7dp9L,2000,2000,00/007a0407.jpg
71yiT5JDgrL,1721,2560,00/0029969b.jpg
71yk8x57KvL,1000,1000,00/0015f6e0.jpg
71z-GuzNIAL,2515,2515,00/00582502.jpg
71zDz0t8PRL,1496,1496,00/009acbfe.jpg
71zIEuLtAdL,2200,1879,00/003e238d.jpg
71zIJO1sBnL,2200,1879,00/0032e4c6.jpg
71zNHkxJSbL,2000,2000,00/00ed5273.jpg
71zT3tk4BaL,2200,1879,00/0095c1e8.jpg
71zWJEoHPgL,2200,1879,00/00f98897.jpg
71zqLGD68lL,2000,2000,00/00e121f6.jpg
71zvhzayMKL,2200,1879,00/002c7038.jpg
71zxF-u464L,2200,1879,00/00407700.jpg
81+4B8-tWyL,2200,1879,00/00fad91e.jpg
81+7Tgc8gDL,2200,1879,00/007448dc.jpg
81+8mUN-k6L,1718,2560,00/003c3064.jpg
81+BOXFDW-L,1829,2560,00/00e87d21.jpg
81+HgI3EHPL,2560,1333,00/0046f254.jpg
81+OF5P+3uL,2200,1879,00/00a73548.jpg
81+RExdGYwL,2200,1879,00/00af1462.jpg
81+X7CPl8lL,2200,1879,00/00f3b4e0.jpg
81+ebJtE-hL,2560,1726,00/0092992b.jpg
81+pqzSEi9L,934,2560,00/00897e76.jpg
81-GQ4UosdL,2560,1390,00/00e1cf35.jpg
81-OsM2tH+L,2200,1879,00/001ff1ae.jpg
81-Pg1KsBqL,2393,2393,00/00a72a27.jpg
81-dp2udFJL,2200,1879,00/00d5ecb9.jpg
81-lTi+5GjL,2200,1879,00/00cf926b.jpg
81-vCde0PML,2200,1879,00/00611b73.jpg
810+Rl4PPCL,2044,2560,00/000f3ccc.jpg
8101ENmYq9L,1432,2314,00/004fa481.jpg
8108pewf+gL,2560,1077,00/00337516.jpg
810Wi7lxrDL,2560,1072,00/007915b6.jpg
810aMI50OWL,2560,2560,00/0086c108.jpg
810kKxmBi4L,2560,1969,00/008dd24a.jpg
810xIOmGJuS,1940,1840,00/002e028e.jpg
8117RlZlbGL,2486,2486,00/0089f458.jpg
811AmWUy7CL,2560,1969,00/00cc2d51.jpg
811Q+-JHY2L,2500,2500,00/00103517.jpg
811Xmes5P5L,2560,2381,00/00d7492c.jpg
811dI3Wpx1L,2513,2512,00/003fb85e.jpg
811kZVP1RhL,2200,1879,00/0058ffc8.jpg
812EpqpCsQL,1823,1823,00/00d7747e.jpg
812II+XoU0L,2560,2560,00/00beb7d8.jpg
812Vo4T-oZL,1897,1839,00/001e0012.jpg
812XhvEtg3L,2560,2560,00/0017cd43.jpg
812bEqePxqL,2560,2048,00/00109b27.jpg
812fR7PqOdL,2560,2560,00/00191bff.jpg
812l7XKLK7L,2200,1879,00/00c13eeb.jpg
812p59XH0AL,2188,2188,00/007a70c2.jpg
812uwxHKakL,1500,1500,00/00a0f28e.jpg
812wKVRkDLL,815,2560,00/005246c7.jpg
812wy86jAGL,2200,1879,00/00ee2aa6.jpg
812zDjUHRTL,2200,1879,00/00e39c08.jpg
8139ARoEh6L,2000,2000,00/00cce89a.jpg
813SxTug1pL,1782,1782,00/00074914.jpg
813efYcETmL,2560,2560,00/00acee75.jpg
813sG0gtOcL,2200,1879,00/00307a8a.jpg
814+zNBc72L,2560,2560,00/003c020f.jpg
81403exYQfL,2200,1879,00/0063c589.jpg
8145RP5cWhL,2560,2549,00/004e61d4.jpg
8147teburvL,2560,1969,00/00b17a5a.jpg
814Nn3Qa98L,2560,2560,00/00bb2838.jpg
814StBX0TaL,2560,1393,00/008ea219.jpg
814TrfllAcL,2560,1969,00/00a71ceb.jpg
814UjveWMBL,2560,1421,00/00db0922.jpg
814XIRotYWL,2560,2560,00/00c238de.jpg
814ZyjGew-L,2200,1879,00/00a4ddf4.jpg
814e3YbLD5L,1769,1562,00/0091489b.jpg
814mk+hTq8L,2560,2560,00/005b028e.jpg
814n-MQHaLL,2200,1879,00/0011ca35.jpg
8153a2NwkoL,1920,2560,00/001beb10.jpg
815Rqrw0tSL,1063,1500,00/001088e7.jpg
8161pPCLs7L,2000,2000,00/00f2dc0e.jpg
8168CUhYdNL,2560,1920,00/00d6b092.jpg
816P77YrHtL,2560,1387,00/006c3e00.jpg
816STbwLNiL,1500,1500,00/00d5822d.jpg
816ThO4RbSL,2200,1879,00/00f577fb.jpg
816XKDk8q+L,2083,2083,00/002e7c02.jpg
816esrWVRYL,1522,2560,00/000cf260.jpg
816fjaIe7CL,1157,2560,00/006be216.jpg
816k-nGXL5L,1556,1519,00/0016460e.jpg
816rlw84S-L,2200,1879,00/00d869c8.jpg
817-iKLi2hL,2000,2000,00/00b68693.jpg
8170X9-CH6L,1106,2390,00/00435969.jpg
8172ZJ36eOL,1300,1300,00/00c13e4e.jpg
817OUue38yL,2312,2560,00/00f443eb.jpg
817ydLFXkBL,2200,1879,00/00a2e05d.jpg
8182f4S6jfL,1707,2560,00/00bb9650.jpg
8187ZzT14OL,2560,2560,00/00dee646.jpg
818Ql4qO5LL,1223,2560,00/00cdf406.jpg
818X6R3pV1L,2560,2025,00/00f2c56f.jpg
818imisVwoL,2464,2464,00/0093e3f0.jpg
818s7DX3sBL,2200,1879,00/00d0f604.jpg
819SeAzKniL,2444,2293,00/00a562e5.jpg
819SxhmN2JL,2560,2560,00/005feb19.jpg
819TAwe71xL,2500,2500,00/0040c9c6.jpg
819UkjIHY2L,2200,1879,00/00be7631.jpg
819fix2DVYL,2200,1879,00/00fce926.jpg
819rZhqKTjL,1500,1500,00/0028bbb2.jpg
819zCN005LL,2200,1879,00/001881c6.jpg
81A6A47gvyL,1232,1287,00/007fb0e2.jpg
81AiezqRsbL,1170,2447,00/00f2fca9.jpg
81AoQHrlDUL,1830,2560,00/004b540c.jpg
81B-1oLgstL,1705,1705,00/00e27307.jpg
81B0kMRZojL,2200,1879,00/00bcd289.jpg
81B2gBYfChL,2560,1969,00/003ce020.jpg
81BGnz1MmzL,1500,1000,00/0077dd0b.jpg
81BI8gE1pfL,2560,2560,00/0063ecfe.jpg
81BYHb2tq1L,1388,2560,00/00952b92.jpg
81CJM2jcW4L,2200,1879,00/009430bb.jpg
81CRkKqVx1L,2560,1337,00/00a14c09.jpg
81CVanIBubL,2500,2500,00/00bdf2a4.jpg
81CiAYXrdrL,2560,2560,00/00f6c42e.jpg
81Cn1Aj8+WL,2200,1879,00/00847c7d.jpg
81Cp7M2Rh9L,2200,1879,00/00aa4669.jpg
81D+GF7BpHL,1397,2560,00/008070fd.jpg
81DGH4R2idL,1599,1599,00/00531b2f.jpg
81DLDuhygqL,2200,1879,00/003816d6.jpg
81DXklLiDyL,1307,2560,00/00a0c6a3.jpg
81Dz-6QtLbL,2500,2500,00/00cb0176.jpg
81EQHgJhzTL,2560,1586,00/0045bf5c.jpg
81EY19UIoNL,2560,1389,00/00c8f776.jpg
81EvZ1YPtDL,2200,1879,00/000159e6.jpg
81EydhgNDlL,952,2560,00/007e71e0.jpg
81F5xIsqMVL,2200,1879,00/0016df0c.jpg
81FAdBAlR0L,2200,1879,00/00f95f5e.jpg
81FG4Fy1ESL,2200,1879,00/00b1e8b0.jpg
81FG6oEWYgL,2560,2560,00/00c401c4.jpg
81FKVt+-NEL,2560,2560,00/00344c3d.jpg
81Fh+E4cQQL,1315,1974,00/005ffe16.jpg
81FrvwqI4mL,2560,1969,00/0072699a.jpg
81GChX+RnTL,2560,1969,00/00faa1f0.jpg
81GMrPCPs4L,2000,2000,00/000d9dcc.jpg
81GdC6PgJ9L,2200,1879,00/00a8dfdc.jpg
81HcQEgEUTL,2200,1879,00/00d5ed29.jpg
81Hhk8dhGZL,2560,833,00/00339228.jpg
81HzWihs9yL,2356,2356,00/00affbdc.jpg
81IPGv6haZL,2436,2560,00/00d6d3fc.jpg
81IY6iU0rJL,2560,1707,00/000883c8.jpg
81IgUFAoemL,2427,2427,00/00ea628c.jpg
81IuQI1iLDL,2200,1879,00/00013a87.jpg
81IwGBBP2NL,2200,1879,00/0006789b.jpg
81IzOKDBAuL,2560,2560,00/00b6a3c9.jpg
81J7GMSJ0YL,2200,1879,00/007257fc.jpg
81JM5WOn2aL,2200,1879,00/009b09b9.jpg
81JlIa3ZcRL,2000,2000,00/002716c5.jpg
81JlKShxA7L,2200,1879,00/00ff6f25.jpg
81Jop2cvE2L,1200,1200,00/00b67390.jpg
81JpuOqoLSL,2560,1815,00/0003658b.jpg
81JuavG5jfL,2560,2560,00/00a50aef.jpg
81K4zjE6TKL,2200,1879,00/00639b18.jpg
81KCgTNxQKL,2200,1879,00/00401501.jpg
81KE8cpEQQL,2200,1879,00/008aedce.jpg
81KEwA3Li7L,2200,1879,00/00ab6432.jpg
81KP3GM-dXL,2560,2560,00/009cedc4.jpg
81KWFLZo3RL,2000,2000,00/0018bf10.jpg
81KeVdgPYSL,2560,1220,00/00555c9b.jpg
81KuULUHTDL,2200,1879,00/00af68c0.jpg
81L07fxl-fL,2560,1412,00/008d8905.jpg
81LB37Bu2TL,2560,2560,00/00811de1.jpg
81LU3x-BYyL,2560,1543,00/003bc706.jpg
81LalsGEexL,2560,2560,00/006351d0.jpg
81LckW8LvML,2200,1879,00/00bc4351.jpg
81LnU6mc5JL,959,2560,00/002d5c4a.jpg
81LuU0AUsOL,809,2242,00/000c830e.jpg
81LxloCFbxL,1500,1500,00/00b4f919.jpg
81M7fASc2tL,2560,2560,00/00589de2.jpg
81MBSoHTCNL,2560,1707,00/00d9ebd4.jpg
81MBwtcPLiL,2200,1879,00/00e65c6a.jpg
81MS5OmSq+L,2200,1879,00/0007ef0a.jpg
81MiaLli5eL,2560,2560,00/006ec75b.jpg
81MoBYaG1aL,1528,2180,00/0007ebbf.jpg
81MxdS6yRrL,2560,2560,00/0072a9de.jpg
81Mz7tuGJoL,2280,2280,00/005c9cc5.jpg
81N6mFoWzIL,2560,2560,00/00ad5f64.jpg
81NH+AzC4cL,2000,2000,00/008695e9.jpg
81NIclWaGjL,2200,1879,00/00f8c604.jpg
81NJT6t7pdL,2200,1879,00/00b74318.jpg
81NYz5avBdL,2200,1879,00/009ebfd5.jpg
81Nfns2qAtL,2200,1879,00/00ea2af5.jpg
81NofWJvVcL,1496,2560,00/009340bf.jpg
81NvmONg+XS,2315,2500,00/002ef517.jpg
81O+AhNZUHL,2200,1879,00/00a949e9.jpg
81O0vBUh5hL,2200,1879,00/004f8975.jpg
81OHrrDrBBL,1212,2560,00/00f9b561.jpg
81OLDBiT1lL,2560,1337,00/00fb7dfe.jpg
81OQninOrhL,2200,1879,00/003a5333.jpg
81OVmDxZa2L,2560,2253,00/00bfa79f.jpg
81OdWXMT7uL,1337,2560,00/00d8daf3.jpg
81Onjqh21XL,2200,1879,00/00491f11.jpg
81P4B3DE7yL,2200,1879,00/00cfbda8.jpg
81PBBpMtSpL,2200,1879,00/00c23288.jpg
81PREQ-T6ZL,2200,1879,00/00551e43.jpg
81PUTRmp1EL,2560,1752,00/00cb4ed3.jpg
81PWSAB9EUL,1149,2560,00/002e98af.jpg
81PZS7IFT3L,2560,2560,00/00e53907.jpg
81PZu772dAL,2560,1552,00/00bc9593.jpg
81PkZHIyZRL,1500,1500,00/002ddcb6.jpg
81Q+jnNdJIL,2560,935,00/006cda9c.jpg
81QE1uqw+ML,2560,1435,00/00f857c4.jpg
81QXTnmmUcL,2560,1262,00/00333b53.jpg
81QfmV6rkWL,2000,2000,00/0031feac.jpg
81QiauSTQzL,2560,2560,00/00428c90.jpg
81QkXVO1uuL,2560,2560,00/00eb114d.jpg
81QydMYAaOL,2560,1664,00/00a45301.jpg
81RSjuTWC2L,2560,2560,00/00f5f79d.jpg
81ReGVlJzxL,2200,1879,00/001d4b57.jpg
81Risk2aRRL,2000,2000,00/00c3e542.jpg
81RsGV2NXdL,2560,1828,00/0052cadb.jpg
81SX9Vq7e5L,2560,2126,00/00a0a32d.jpg
81SYb5qWjzL,956,2560,00/00b48fca.jpg
81SbI3ZqTmL,2200,1879,00/00c1eda1.jpg
81Sd2CM7F7L,2560,1172,00/000dfe4a.jpg
81Sg+4Uq8FL,2200,1879,00/0004f29f.jpg
81SnOBXUBPL,2550,2550,00/00fcc3c0.jpg
81SpdwJHWWL,2200,1879,00/00c3d963.jpg
81StFvtXCPL,2230,2230,00/007b28e7.jpg
81SuVEAmuVL,1904,1904,00/00ec54c7.jpg
81Swx4zIbKL,2200,1879,00/004a588a.jpg
81SxDb6phgL,2129,1963,00/00d70369.jpg
81TFk48br3L,2200,1879,00/00510adb.jpg
81TmevqJgrL,2200,1879,00/00243e2c.jpg
81TrB5HFQzL,2560,2157,00/00946c20.jpg
81UACvwX5YL,2214,2356,00/00118ee7.jpg
81UCja1zJ1L,1323,2560,00/00aca637.jpg
81UHHm1FyjL,1704,2449,00/00414fe0.jpg
81UPC-kcBvL,1083,2339,00/00b26e02.jpg
81UcRi06nfL,2560,2560,00/007e675f.jpg
81UeEvfaxiL,2200,1879,00/00f73625.jpg
81Upwpk6K+L,2560,1010,00/005103f6.jpg
81Uu61bYhFL,2200,1879,00/0091dc67.jpg
81V3RDeoZcL,2200,1879,00/00438749.jpg
81V6mnpjBFL,2200,1879,00/0035a367.jpg
81V6rT-R6+L,1901,2560,00/00157dcb.jpg
81VMkqNxo4L,929,2560,00/00dd855f.jpg
81Vq9LM-zcL,1176,2560,00/0049a2f3.jpg
81VzurziQ0L,2200,1879,00/0092997c.jpg
81W+kvz0l2L,2560,2560,00/008bf8de.jpg
81W8kJM6rPL,2200,1879,00/00fae6dd.jpg
81WYHBSERJL,2500,1384,00/00fc73ec.jpg
81WiZIGvuWL,948,2560,00/00497359.jpg
81Wk4CbGBTS,1772,2500,00/00128341.jpg
81WnH3PlKYL,2560,1969,00/00dc7641.jpg
81Wnx6B3wpL,2560,1101,00/000db5a6.jpg
81WzMZSd0ML,2560,2560,00/00046c94.jpg
81XH1houiYL,2560,2560,00/00f0052f.jpg
81XMPjcm-WL,2200,1879,00/00d75bf8.jpg
81XQrfPrxKL,2500,2500,00/00304785.jpg
81XSZsWFspL,2056,718,00/005ce104.jpg
81XTf0gLCvL,2045,1989,00/00e2f70e.jpg
81XXj9bxJCL,2560,2560,00/0077316e.jpg
81XmHBHh9LL,2200,1879,00/00d2ce8a.jpg
81XxEa-mO0L,2524,1973,00/0050275f.jpg
81Y-b7ojjeL,1424,1424,00/008c316a.jpg
81Y8kZywb-L,2560,1071,00/00a6f046.jpg
81YH1hrhb7L,1583,2560,00/004b983f.jpg
81YJGiXVKQL,2200,1879,00/0086728d.jpg
81YNP795zhL,2000,2000,00/004e7f4c.jpg
81YpLCa36OL,2560,1374,00/003f235a.jpg
81ZG+0bqI3L,2560,2560,00/003081b6.jpg
81ZSANVyBNL,2560,1764,00/0051036e.jpg
81ZZ12TfYUL,2200,1879,00/0087a85e.jpg
81aaYE8eLqL,1707,2560,00/009fdda0.jpg
81acUwYAIvL,2200,1879,00/006e5711.jpg
81as2LbSSnL,2560,1509,00/00e58738.jpg
81auE5uFv-L,1930,1286,00/0049f68f.jpg
81b+HtFE5sL,2450,2450,00/00b95a8b.jpg
81bAwKKpIFL,2560,2560,00/0042d8df.jpg
81bJ8Ms+DyL,2200,1879,00/00456274.jpg
81bMzl++HXL,906,2538,00/00b84c8b.jpg
81bRS3Few0L,1829,1357,00/00d111d5.jpg
81bUx09i9IL,2560,2560,00/0080b5ef.jpg
81bZAJEwv4L,2200,1879,00/00c8520f.jpg
81bZjPSrusL,1763,2499,00/005a0167.jpg
81bpK4N7jyL,1993,1709,00/00e836d9.jpg
81bqmY60OoL,2560,2124,00/00fca538.jpg
81brIt2dv3L,2560,1780,00/0023fa62.jpg
81brKhILBpL,2083,2560,00/00915cb7.jpg
81byIM1ktHL,922,2560,00/00ca06c6.jpg
81cAdD1zOCS,932,2237,00/00ad8bec.jpg
81cJu5Cl73L,1313,2073,00/00d6364d.jpg
81cjuJtrImL,1985,2560,00/007e6e97.jpg
81cmXGpwJ8L,1892,2560,00/00ee09ce.jpg
81cxCXyhB-L,2200,1879,00/00208b9c.jpg
81dcUtK+o-L,2200,1879,00/00c742cf.jpg
81dfSbywSBL,2200,1879,00/002bfee7.jpg
81djlDV+IFL,832,2413,00/0004bfb3.jpg
81dkpOFhHbL,2319,2319,00/00261fc0.jpg
81dsJgRtUjL,2200,1879,00/0037a171.jpg
81dz8v0TWgL,2524,1973,00/0022f9a0.jpg
81e7dqpQAVL,2560,1863,00/0079c625.jpg
81eGuoS7OhL,2560,1969,00/00732ab4.jpg
81eITBzWxVL,2560,2560,00/00515973.jpg
81eLGK-y27L,2560,2560,00/000cd855.jpg
81eWp0fcgyL,1717,1741,00/009f9196.jpg
81eZo-Ue22L,2560,1694,00/00f7ea34.jpg
81ewcv6xsfL,2000,2000,00/009a9ba5.jpg
81f-Kzxlg-L,2200,1879,00/00fdf504.jpg
81fJ8WFUpWL,2560,1886,00/0065a212.jpg
81fStfDt0dL,2200,1879,00/00cda21e.jpg
81gM0GH40ML,1303,1878,00/0090857c.jpg
81gfBz-tfSL,2560,1381,00/00d6216b.jpg
81ghpR3pwxL,2200,1879,00/0056c423.jpg
81gkgBTuRdL,2560,2560,00/004ed77f.jpg
81h8kpsxI3L,2450,2450,00/00858dcb.jpg
81hR2Jb7t9L,2560,2271,00/006c4884.jpg
81hStG-flIL,2200,1879,00/00ef3ff8.jpg
81hSzHP5ttL,2200,1879,00/00358611.jpg
81hpjPQuUKL,1583,2205,00/008a357f.jpg
81htPyvYi8L,2560,2560,00/004f2d19.jpg
81i0ISJGXiL,1322,1234,00/005d817a.jpg
81i0c2opblL,2560,1969,00/007b29b5.jpg
81j46lRwX0L,1625,850,00/002bb2f5.jpg
81jH3lIVi9L,2236,2236,00/00d67b62.jpg
81jWrGahKxL,2560,1893,00/008f5b3c.jpg
81jXlXClOmS,1527,2500,00/0023aeb7.jpg
81jsFr5695L,1385,2560,00/00247824.jpg
81jwxleHMKL,2560,1969,00/009922ac.jpg
81jxetcRaBL,1293,2560,00/001a9702.jpg
81jzqM0-NTL,2200,1879,00/0032361e.jpg
81k+JsV9KLL,2200,1879,00/0050611e.jpg
81k-yrJpYaL,2200,1879,00/00a0ab23.jpg
81k2hM7bjkL,878,2560,00/0052e6a0.jpg
81k6tM9z74L,2560,1969,00/0070b45e.jpg
81k78QGjgJL,2200,1879,00/009cab9b.jpg
81k9QlTZ-PL,2000,1500,00/00a0d2dd.jpg
81kGle4Ks-L,2560,1970,00/0051d2c7.jpg
81l9cd+H1wL,1500,1500,00/0098afed.jpg
81lIOyfHU7L,2373,2560,00/003806f1.jpg
81lMsB6FhpL,2560,2560,00/00b40506.jpg
81lRusSAo3L,1795,2560,00/0066f0c2.jpg
81ljrkpJBzL,2560,1965,00/00fb08f5.jpg
81m5FFCpWRL,2100,2560,00/006f872a.jpg
81mzlQu666L,1321,2560,00/00b99cae.jpg
81nADOINvvL,2560,1181,00/00ab5410.jpg
81nB0zIZcJL,2100,2100,00/00da2f84.jpg
81nJH2RjK7L,2560,1969,00/005871f9.jpg
81nOxVW3YML,2560,1969,00/004f12b0.jpg
81nUgXi4AkL,2500,2500,00/009fbd3d.jpg
81o09GvAyJL,2560,2560,00/00f9e21c.jpg
81oLqgohPSL,2200,1879,00/00bfa826.jpg
81oXVacOElL,2500,2500,00/0032d417.jpg
81oYa2Oh39L,1707,2560,00/001b5152.jpg
81oZpD5j5OL,1213,2560,00/00865ebc.jpg
81oepUJa+KL,2200,1879,00/0030f11e.jpg
81ohD1AUaML,2559,2560,00/00ca4888.jpg
81oj09JhwLS,1804,2500,00/00a7cd4c.jpg
81osT-seuVL,1920,2560,00/006b99e1.jpg
81p3S5UEewL,2200,1879,00/003bbf9a.jpg
81p6Qp7JIRL,2200,1879,00/0022f591.jpg
81pArQiEztL,2200,1879,00/009f8783.jpg
81q7NLtA4KL,2200,1879,00/003d5cda.jpg
81q81xZtvUL,1000,1992,00/009271c0.jpg
81qId1oeeTL,1444,2560,00/00741511.jpg
81qSseZT0ZL,958,2560,00/00e44792.jpg
81qWcTokHuL,2560,2560,00/0006f69c.jpg
81qbkJKpyTL,2560,2560,00/00a11d7e.jpg
81qbvZGnS7L,2200,1879,00/00529b4e.jpg
81qmJBSzpqL,2200,1879,00/00b230dd.jpg
81qreMsFPQL,2200,1879,00/00ab15c9.jpg
81qz+vWCVZL,2200,1879,00/0025ba54.jpg
81rLgdjNzTL,1500,1500,00/00076375.jpg
81rbMPcdZDL,2387,1924,00/00224aa9.jpg
81rg2Ed3G4L,2374,2560,00/007fdbe9.jpg
81rhWVEH-oL,2560,2560,00/0028c871.jpg
81s8t338RRL,2517,1842,00/00aaebc0.jpg
81sHG34P7oL,2560,2560,00/00480dc8.jpg
81sn89itXqL,2560,1544,00/00a87592.jpg
81somIvsy3L,2560,1434,00/0092478f.jpg
81spCnL+CAL,2560,2072,00/002a7de9.jpg
81sq9VRL8-L,2322,2560,00/00f3c03e.jpg
81sroBghi-L,2000,2000,00/002181be.jpg
81sz6Qs6jRL,2560,2560,00/00cf3dcd.jpg
81t43fpW7mL,2000,2000,00/00cd79e9.jpg
81tBC2F6olL,2000,2000,00/002a6f11.jpg
81tb-dMHU2L,2200,1879,00/004cf2f9.jpg
81tbPBY-vpL,2560,1691,00/00b974cb.jpg
81twyoVQVGL,1018,2560,00/00e83f0a.jpg
81u+dThXg9L,2200,1879,00/00dd7f60.jpg
81uBzdmd3gL,2200,1879,00/00b904c3.jpg
81uVoQLSN8L,2560,2085,00/005f24ad.jpg
81uhvXEnEJL,2000,2000,00/0020fe5c.jpg
81us3OiUlIL,1050,2058,00/00866d84.jpg
81utPxclkQL,2043,2043,00/006dc7e3.jpg
81v3iMPI3oL,805,2560,00/00ee887d.jpg
81v6s+FjagL,1292,1228,00/008a8f42.jpg
81vCpM+xSXL,2200,1879,00/0098c8e3.jpg
81vFsDBF2mL,2200,1879,00/00535509.jpg
81vRAr7S+gL,2560,2560,00/008b9c1c.jpg
81vU-BWqYZL,2200,1879,00/0009319c.jpg
81w17EYVsmL,2560,2560,00/00b02bf3.jpg
81w411I-4KL,2200,1879,00/00055f69.jpg
81w59q-8QDL,1918,1804,00/0081c182.jpg
81w8PEjLfCL,1742,1488,00/0090b405.jpg
81wbkmWaHEL,2560,1526,00/00075e63.jpg
81wdp7-zDjL,2482,2560,00/000ea7ea.jpg
81wiy6-OnIL,2560,2560,00/00a9d703.jpg
81wzmkUNK3L,2401,2560,00/0089409b.jpg
81xDNlEypUL,1319,2560,00/00b52e0d.jpg
81xDX1h7q0L,2200,1879,00/00ffd0cf.jpg
81xPE+TOOEL,1500,1500,00/00d57f0d.jpg
81xWaXs087L,2560,1112,00/00ca6583.jpg
81xcuwVRx7L,2560,1800,00/0089c6c4.jpg
81yCVeWxLGL,2000,2000,00/004437b3.jpg
81yDzW9fW1L,1561,2104,00/00d858bd.jpg
81yKn7-8PhL,2560,2560,00/0030f863.jpg
81yZnG-vugL,2560,2560,00/00185ab5.jpg
81ybo-9Ph0S,1640,2400,00/00dd8596.jpg
81yjJSGm6ZL,2560,1969,00/002f782b.jpg
81ylGi2oD-L,1898,2560,00/00cdfd88.jpg
81zjC77+K6L,2000,2000,00/0004bef1.jpg
81zs5CXC2kL,2560,1182,00/0093bbf3.jpg
91-HJjrRFdL,2560,2560,00/00724d15.jpg
91-QUkH1HyL,2560,1620,00/008eb283.jpg
91-Xl+Uj64L,2119,2119,00/0095bdc5.jpg
91-oxC9A16L,1861,2560,00/00d4e5c9.jpg
910HzEkeKkL,2560,2072,00/00baf5d4.jpg
910UKzMtOUL,2560,2560,00/00eef0a0.jpg
9119emEC4NL,2480,2560,00/003fc696.jpg
911Clk3bifL,2560,2560,00/007ac1ce.jpg
911F-5Vnz5L,2560,2228,00/000b3ae6.jpg
911F2Ftv0BL,1095,2560,00/0046bb8d.jpg
911Hfl0io7L,2560,2560,00/0014cc17.jpg
911rLSxAczL,2560,1747,00/005b754c.jpg
911wRDycroL,2560,2560,00/00a1316f.jpg
912sgfGvwQL,2560,2560,00/001be3ae.jpg
912wpPtcJML,2560,2560,00/00ed8003.jpg
9130MJtdt2L,2560,2242,00/00ebe4b0.jpg
913Db+wopdL,2560,2560,00/00e828aa.jpg
913xa56bCKL,1407,2560,00/00dcfb9e.jpg
914YY-WWe+L,1832,1832,00/001042f3.jpg
915ifLnsOxL,2500,2500,00/0013ecc3.jpg
916P2WBlwcL,2560,2296,00/00e0479f.jpg
917QiNTWwkL,1838,2560,00/00563b91.jpg
917SFVBd+nL,2560,2560,00/009fbc81.jpg
917a38ehc1L,2067,2340,00/00c3adf8.jpg
918qo0TFRoL,2560,2560,00/00f58286.jpg
918x85Fm7yL,2560,2560,00/000ab859.jpg
9198Cz6m85L,2560,2560,00/0002b541.jpg
919Nl2d3vcL,1917,2271,00/0016037f.jpg
919oGhy+iwL,2560,2560,00/00cb4a9a.jpg
91A3c8XD2zL,2299,2560,00/009ffc9c.jpg
91AjJ0nWKhL,2560,2560,00/00b6c106.jpg
91B5B4kRtWL,2560,2560,00/00203cc7.jpg
91CgKkZU2ZL,2560,2560,00/00d61e78.jpg
91ChktJFsUL,2560,2560,00/009c03fa.jpg
91CoEMXc6eL,1942,1846,00/0004ed6a.jpg
91Cq+JKhelL,2560,1744,00/00041241.jpg
91DU9fpab9L,2200,1879,00/00ec8db1.jpg
91DoeCExrOL,2560,2345,00/006241ab.jpg
91Dz+xRyhTL,2560,1541,00/002cb3cb.jpg
91ELbqwj9FL,1830,2560,00/004b4132.jpg
91EZodDnLhL,2231,2560,00/000efb4b.jpg
91EslWHH-fL,2560,2560,00/00dabefa.jpg
91F12eg2iEL,1966,2560,00/00811a5b.jpg
91FfeCHfZjL,2560,1544,00/007c193f.jpg
91FgUmlUijL,2560,2560,00/006857c4.jpg
91Gb8ZSC5wL,2470,2560,00/008cb31f.jpg
91GcrbVsDiL,2560,2560,00/00ceaf08.jpg
91GiHB9EXML,2560,1969,00/007e8e92.jpg
91GlKldjBSL,2560,2560,00/00cdec7b.jpg
91H3DBmMhkL,2560,1969,00/006d30dd.jpg
91HDWEofKdL,2000,2000,00/008f1bfd.jpg
91HTRT+mLgL,2397,2379,00/008cbc31.jpg
91Hw+Oq+g+L,2507,2560,00/009b99d1.jpg
91HzccWHAaL,2560,2560,00/00a02462.jpg
91I53ZAn7BL,2560,2560,00/002263dc.jpg
91JKq2kLwvL,1521,2560,00/003b0ad8.jpg
91JR3kUnkYL,1600,1600,00/00d43d54.jpg
91K1caB6wzL,1868,2350,00/00107f78.jpg
91LHO2-+YgL,2560,2560,00/0092ee4a.jpg
91LZBeGawbL,2323,2560,00/00825357.jpg
91LjjTdupEL,2560,2526,00/00f79fa8.jpg
91LmkW-TDXL,2560,1138,00/0046ed46.jpg
91MFyqD2CrL,2418,2418,00/0056eb22.jpg
91N7yAygCiL,2011,2560,00/00a78094.jpg
91NcZ5HEvML,2560,1969,00/007858b9.jpg
91NmRcEEIxL,2560,1469,00/0095a196.jpg
91ObAsy0qGL,1500,1500,00/005193ca.jpg
91PEtVZpF9L,2560,2560,00/00d1fe3c.jpg
91PPCEKj5ML,2560,2560,00/00030377.jpg
91PbuUK5LXL,2560,2560,00/0021faba.jpg
91QfYEFNXOL,2557,2560,00/00c6d011.jpg
91Qs3yhYoyL,1817,1817,00/0017a8e4.jpg
91RNx98mMfL,2560,2560,00/007bc960.jpg
91Rq2UPw89L,2560,2499,00/009722c3.jpg
91SUdN8J57L,1752,2560,00/00c7e2e1.jpg
91SZBS938jL,2560,2560,00/006548ba.jpg
91Szsv72ipL,2560,2558,00/00afa84e.jpg
91TCAic3KML,2560,2560,00/00429c93.jpg
91UB8Ac-0fL,2560,2560,00/001ca51c.jpg
91UfSxiwplL,2560,2560,00/0036cda8.jpg
91VsgJlkgAL,2560,2560,00/007f2d1e.jpg
91VzmUcM0UL,2560,2560,00/00fd3df6.jpg
91WToHUSXXL,2560,2560,00/00b95d30.jpg
91We3+Bgy7L,913,2560,00/008c19ce.jpg
91WkJF2wGVL,2560,2560,00/00a411aa.jpg
91Wv4aG9hWL,2500,2500,00/00358955.jpg
91WvWZWuIQL,2292,2560,00/00876e74.jpg
91XGrs7WhgL,2560,2065,00/00db4dde.jpg
91Xv2P1EvYL,2447,1882,00/00240399.jpg
91XxKpNHa1L,2560,1707,00/00a6949a.jpg
91YWdILwh5L,1693,2560,00/00880fde.jpg
91bZweqCQXL,2560,2560,00/00519656.jpg
91c4pVhBRTL,2560,2560,00/0014c9f4.jpg
91cbJr1pOmL,2560,2560,00/00d39d3d.jpg
91chSn3Ge9L,1707,2560,00/003f70b5.jpg
91d3qSCz6yL,1506,2560,00/00a06061.jpg
91d9pQ2I-6L,1525,2560,00/00c18f84.jpg
91dS2pMSF2L,1704,1704,00/00a32ec8.jpg
91dSVPUELzL,2560,2560,00/00b2a79d.jpg
91eJGUQpATL,2560,2560,00/008a7190.jpg
91eKOaRX8wL,2560,2560,00/001e6f70.jpg
91eccRmdxfL,1954,2560,00/00cc7e7a.jpg
91ed4g47o5L,2560,2560,00/002bb1cb.jpg
91f3VyspTqL,2186,2560,00/00839949.jpg
91fBApuIKdL,2560,1969,00/00c0720b.jpg
91fg6z2euAL,2560,1969,00/0013ac15.jpg
91gJpo3UZBL,2560,2560,00/00c17a09.jpg
91h3zIatkvL,2559,2560,00/002987a0.jpg
91h69q+Mx5L,2560,2560,00/0004aaa8.jpg
91h8GP4Wp4L,2560,2560,00/004985ce.jpg
91hO0-OnZOL,2000,2000,00/00d84c7c.jpg
91hYrKjtBLL,977,2560,00/001032c3.jpg
91ipCdd4YxL,2560,2560,00/007bda67.jpg
91jqkHdJZyL,2107,2107,00/00667933.jpg
91kiM3xniHL,2560,2560,00/00ec11b1.jpg
91l5nZ2z1TL,2560,2560,00/00f1c260.jpg
91mBI1-RWLL,1527,2560,00/00dee563.jpg
91o5HwQ6ldL,2560,2047,00/002f035a.jpg
91oeWnKaQIL,2545,2560,00/00b3f285.jpg
91qO-P-LmtL,2560,2560,00/00687510.jpg
91qaw0ShO0L,2560,2560,00/00a2e1dc.jpg
91rWKyBAPGL,1932,2000,00/00974585.jpg
91s1sRgGtZL,2560,2560,00/00fd9313.jpg
91sN7t+hNAL,1908,2560,00/001ffadc.jpg
91tBBNeDOlL,2560,2560,00/0006a3e6.jpg
91tzzNPf-zL,2560,731,00/007f2fe5.jpg
91u2Vskh0vL,1862,2560,00/00090cb0.jpg
91u9Fa02JoL,2540,2540,00/00574463.jpg
91uVbaOY8ZL,2161,1558,00/000ed255.jpg
91uWe2qss3L,2560,2560,00/0085d272.jpg
91uZk5XYuCL,2560,1969,00/00f3881d.jpg
91ure3ksCmL,2000,2000,00/00d5eb4d.jpg
91vio5R0IRL,2299,2560,00/00d1b68a.jpg
91vthffpvvL,2198,2560,00/00b4de80.jpg
91vzK-JrXDL,2560,2559,00/00dc562e.jpg
91wgoofGksL,2560,1969,00/001ad4c1.jpg
91wmXsJKa7L,2196,2230,00/0075592e.jpg
91xGbc+LY-L,2560,1225,00/0021816e.jpg
91xnNQK24uL,2000,2000,00/00cf78f8.jpg
91xx-isWIEL,2560,1969,00/00dcd1a4.jpg
91xy6+mFCdL,2044,2560,00/00e55f28.jpg
91zC50esBaL,2560,2560,00/000e461b.jpg
91zKcxV-nFL,2560,2096,00/007507f7.jpg
A1-hZ22YNqL,2560,2560,00/0038f7bc.jpg
A10uPkgKipL,2560,2062,00/00c4ec9e.jpg
A14OFt3qrEL,2560,2560,00/0051790f.jpg
A15mMpGV8hL,2560,2560,00/00c3b1f1.jpg
A16U6Qt+BEL,2560,2560,00/0046be5b.jpg
A16vNE-cXGL,2560,2560,00/004032b8.jpg
A17evHHh2kL,2040,2040,00/00234b97.jpg
A18HuRVP8VL,2264,2264,00/00499c72.jpg
A1A1pjVxx+L,2497,2560,00/00f3b9d2.jpg
A1AXgqX2YUL,2560,2560,00/0085be51.jpg
A1Ajhzw49QL,2118,2176,00/005052e1.jpg
A1BVEZ+Do2L,2560,2560,00/000a3f9e.jpg
A1EdyiMrC8L,2560,2560,00/004f919e.jpg
A1EiD20U6nL,2560,2560,00/000e8ff6.jpg
A1JdiFNUb5L,2560,2560,00/0070862c.jpg
A1NnZd-STwL,2560,2560,00/008fda3c.jpg
A1OUiejSTdL,2560,2560,00/00197a58.jpg
A1OuS+-ktRL,2249,2319,00/00d52bad.jpg
A1QMedyx2yL,2560,2560,00/006ce6d6.jpg
A1QeaYFXT6L,2560,2560,00/0073c5f7.jpg
A1QtLCHEjaL,2560,2560,00/00350cc1.jpg
A1RDan4YxZL,2277,2560,00/009df136.jpg
A1Rwcz4RNEL,2560,2560,00/009ca76e.jpg
A1SSo4UqPEL,2560,2559,00/000a322a.jpg
A1VUIx4iPvL,2560,2560,00/000d5288.jpg
A1Yj-KZOIXL,2560,2559,00/0003b816.jpg
A1ZK4bMRh+L,2560,2560,00/00c66f76.jpg
A1ZQDds2dwL,2020,2020,00/0020d6ef.jpg
A1dffgshCXL,2560,2560,00/000fe85f.jpg
A1djgEwlsNL,2560,2560,00/00da3c21.jpg
A1dqb2DosbL,2560,1630,00/00a1939d.jpg
A1dqiZtNykL,2560,2560,00/00f4c361.jpg
A1g51U3qiFL,2560,2560,00/008439f4.jpg
A1gbFJ7rxqL,2442,2560,00/00e0abcf.jpg
A1h9LVSLY5L,2560,2560,00/00889744.jpg
A1i9B4LQm9L,2560,2560,00/00e7bb3c.jpg
A1kaki44a3L,2560,2560,00/00350f57.jpg
A1pPY7doIyL,2559,2560,00/003e5af6.jpg
A1qPDTc0A6L,2500,2500,00/006b4ec7.jpg
A1sJe4UFgiL,2560,2560,00/00dfbd70.jpg
A1u43sR7VxL,2048,2560,00/002f7ce0.jpg
A1uykNHOVLS,1640,2232,00/008a62c1.jpg
A1w1Q29CKBL,2560,2133,00/008d50cd.jpg
A1yzUi9c6+L,2560,2560,00/001a8420.jpg
A1zTrj7XT9L,2560,2560,00/005980db.jpg
A1zULXu6zTL,2560,2560,00/0024e2e2.jpg
B1C3KxNOkGS,2560,2560,00/0001c52d.jpg
B1DUHHHkybS,2560,2560,00/00a77efb.jpg
B1Gb+3IrzMS,2385,2385,00/0099ca07.jpg
B1OFPZ8PETS,2560,2560,00/00a6ba89.jpg
B1PzPj1a2zS,2560,2560,00/0000b301.jpg
B1TSwIxtp7S,2560,2560,00/001a7b58.jpg
B1UkQ5z8qMS,2560,2560,00/00a98975.jpg
B1mOVb+BEpS,2560,2560,00/0023ca62.jpg
B1oyPFg4YHS,2560,2560,00/00ca2c70.jpg
