21V-rEJaCjL,500,375,04/04c02808.jpg
21YSKqfpXoL,500,375,04/04ca7d4b.jpg
21bJsN5P-AL,500,375,04/04ec74e2.jpg
21iQhxgzC5L,376,500,04/04ea9e1e.jpg
21j9zmN7jdL,500,375,04/0415db32.jpg
21kW8i-521L,376,500,04/044634c8.jpg
21pjIQ29WFL,500,375,04/043cd9bf.jpg
21sMrSLhIIL,500,375,04/0483bf35.jpg
311BOvwJvDL,500,500,04/04e73b83.jpg
317kzUCfcFL,500,500,04/04007f4d.jpg
3184AGkCFjL,500,375,04/04050f6e.jpg
3186Jl-1-nL,500,375,04/04c588e7.jpg
31BsExiaF2L,500,375,04/04322d64.jpg
31JkdqF9i5L,500,375,04/0482b1f7.jpg
31K0ZmmMb1L,442,500,04/048baaa4.jpg
31Kwqgu-6IL,500,375,04/048dd91e.jpg
31NJk+Ie1JL,500,233,04/04019b0b.jpg
31RoQo40m3L,500,375,04/04ac9b0d.jpg
31VE1XHpicL,193,500,04/04f92ba9.jpg
31VO+agEC3L,500,375,04/04f4503f.jpg
31YDJSJjuBL,46,500,04/04c7b051.jpg
31YKuSwchaL,500,358,04/043d4e01.jpg
31hJWXa3kuL,500,375,04/04f8acef.jpg
31j5qgY37SL,500,375,04/049d145b.jpg
31q6W7VpOGL,500,375,04/044ebdf6.jpg
31sk4pT-oOL,500,375,04/04bf9250.jpg
411mGv-6AsL,1000,1000,04/042574d7.jpg
412KVmYisWL,1130,580,04/0479f53e.jpg
416XwVTy7LL,212,500,04/04aad205.jpg
419P9jPvcQL,1050,1050,04/049f5e48.jpg
41FK36AKaML,1130,1130,04/04e5f463.jpg
41G8V8GRa3L,1171,1171,04/04b7c626.jpg
41GG7MZYmnL,1200,1200,04/04b406fc.jpg
41GdDLVpJmL,469,500,04/04883f7d.jpg
41LQmr+OdzL,900,1200,04/0487863c.jpg
41MeBpw1IkL,1000,272,04/04ba7e0b.jpg
41NSuI87O9L,500,500,04/045795bc.jpg
41PCBLyMeoL,1000,1000,04/048f0c9d.jpg
41W+RrmPG6L,1200,1200,04/04085b03.jpg
41kMmqwFhyL,1000,1000,04/0444667b.jpg
41mI-4M-G3L,1001,1001,04/041dda35.jpg
41nE4Yf-qwL,1079,552,04/0486e9c0.jpg
41oCUce1u8L,500,377,04/04ef1e28.jpg
41pE52Rw01L,500,500,04/04823e72.jpg
41u+NgX4NLL,152,500,04/04566e05.jpg
51+Mt93ODBL,1200,1200,04/0404e38a.jpg
51+amUdvEYL,1200,1200,04/04d52595.jpg
51+fySaNkiL,1000,1000,04/0439326c.jpg
51+m8XMhxBL,333,500,04/0494d3bf.jpg
51+v1nzR+kL,1001,1001,04/0472c12c.jpg
51-H+n8oP5L,1100,1100,04/04f4e975.jpg
510utzewRTL,1000,1000,04/049cd5c0.jpg
511dp2ZbOYL,787,1500,04/04623179.jpg
511xHnZzb9L,1000,1000,04/04d07789.jpg
512yf7sL7KL,1000,1000,04/04acea2e.jpg
513JaDFC7kL,500,500,04/04488393.jpg
513iOFWTesL,1496,1496,04/041993a4.jpg
516EAPkULKL,500,367,04/04e326d8.jpg
5175-ZTFUAL,1000,1000,04/04f0068e.jpg
518jHeVTehL,1000,1000,04/04706193.jpg
518nZC379xL,625,1316,04/040065a6.jpg
5196xbKqNML,500,263,04/0424abcf.jpg
519j+QW09UL,1000,1000,04/04a857a5.jpg
51BxOGIryDL,1000,1000,04/04716d12.jpg
51CzzaHE3GL,1212,1221,04/04d6f46b.jpg
51EBf-aAt2L,1200,1200,04/0490e5e3.jpg
51FWhu5CN7L,500,275,04/04a8e59a.jpg
51FpRnaVlML,1500,1500,04/04820886.jpg
51G+NT1DYcL,1200,1200,04/04da7729.jpg
51GC5TiUmkL,184,1392,04/04256a44.jpg
51H2mDET2oL,1200,1200,04/04fa8d0f.jpg
51HWktWTEZL,781,1500,04/04037af5.jpg
51Hhb6brCYL,1000,1000,04/04d59c4e.jpg
51J1Km0tIrL,1200,1200,04/0458d7ee.jpg
51JQcGeG6fL,1000,1000,04/04339751.jpg
51JZEr6zN1L,1000,1000,04/044fc1b3.jpg
51KvNkql6AL,1200,1200,04/048ced06.jpg
51LaerOuUJL,354,500,04/042aa67f.jpg
51M-3zhs-lL,678,1500,04/04a55d6f.jpg
51NJ+jVWpHL,1046,1046,04/04c2ccef.jpg
51NPO4nYPeL,475,1045,04/043da403.jpg
51NR2gPZQUL,1200,1200,04/0422f698.jpg
51Nn3Nl2jKL,1000,1000,04/046cb54f.jpg
51OQnF5pRgL,1000,1000,04/04fcc3a2.jpg
51OfWbOfh+L,1000,1000,04/04ac3d02.jpg
51OzeVgNiWL,1515,1515,04/0463b9d0.jpg
51PGbfu8ECL,1000,1000,04/04d87b6d.jpg
51Q8tPzwehL,500,470,04/04c21586.jpg
51SNcGtyQQL,2500,298,04/04029611.jpg
51SOkyT206L,1000,295,04/0470c0c9.jpg
51ShaW6S5HL,1200,1200,04/04f1436a.jpg
51TBVD7+E9L,1000,1000,04/04eedec6.jpg
51TjwaRp6SL,1000,1000,04/041f5ecc.jpg
51U22UlbUiL,1100,1037,04/045bb0f3.jpg
51U4aOa1MSL,1000,445,04/04f99e82.jpg
51UnFHB4uSL,1000,1000,04/04a9a2ed.jpg
51VvEfJXu9L,1200,1200,04/047e734f.jpg
51XjQL0uQrL,1459,541,04/0403f321.jpg
51Y5LPtj-7L,500,500,04/0408862f.jpg
51YKxNruT0L,1000,1000,04/0422b950.jpg
51YOGWNjzML,470,1234,04/04339b2b.jpg
51ZXf-GHeHL,1200,1200,04/04d5b83e.jpg
51ZfkgoOjqL,1444,755,04/04eea81b.jpg
51b2u7ipiWL,1500,1500,04/043274d7.jpg
51bfj6DYZyL,1000,1000,04/045cf234.jpg
51bnne+eaDL,1000,1000,04/045bc229.jpg
51cdiGDmwOL,1001,1001,04/040d2f9b.jpg
51cnwqTsd8L,500,251,04/049e9426.jpg
51fHB0S0FZL,1000,1000,04/043b845e.jpg
51g2zY9vuHL,188,500,04/0439e41a.jpg
51g5Ju6st9L,1200,1200,04/04490aa7.jpg
51gAR4hZZtL,1200,1200,04/048a2c21.jpg
51grUDnIHrL,1000,1000,04/045259a9.jpg
51gwYqO8eNL,1000,1000,04/0470d43a.jpg
51htJOTCWiL,926,1000,04/0443b540.jpg
51i16rySgJL,358,500,04/04a37e10.jpg
51iJ4DRqXaL,1200,1200,04/04665fab.jpg
51ikqDJCe0L,1100,1100,04/04ab1732.jpg
51jhV9MNdbL,1200,1200,04/048e2d31.jpg
51kPCJhvinL,1000,1000,04/04c617fb.jpg
51kiAF9trzL,500,263,04/04033590.jpg
51knO30LxQL,1200,1200,04/04ef5fcb.jpg
51kqOIgiMlL,155,1000,04/04883eb9.jpg
51mkCefX+FL,429,500,04/04bf0a64.jpg
51nrDdHKgTL,1000,1000,04/047ac90d.jpg
51o4rbOgDWL,1000,1000,04/04fc9d8b.jpg
51oEwYV1z4L,1100,1100,04/0449f9e4.jpg
51ppZwFtAVL,1300,1300,04/04d15ef7.jpg
51qBIwIxlBL,1000,1000,04/0449f89c.jpg
51qpzVmuLPL,403,1500,04/046766ff.jpg
51r1uG5PoiL,1024,683,04/043040d0.jpg
51rDkM0WGsL,1200,1200,04/04ec6506.jpg
51reoYrQEuL,1000,1000,04/04580f3a.jpg
51s6as+O6tL,1000,1000,04/0444fb13.jpg
51sPSIkwIhL,2560,773,04/04780e99.jpg
51svX+H0DkL,390,1314,04/04c52497.jpg
51tczpPMRvL,324,500,04/04de1eab.jpg
51tjEx66lLL,1010,1010,04/04be2910.jpg
51uBiHYfM3L,1000,1000,04/047b4684.jpg
51uic3sK0gL,376,1362,04/04a84455.jpg
51vCcV1K5hL,1200,1200,04/049e1ee6.jpg
51wG-OCYz5L,500,500,04/04d17e03.jpg
51wg194+yIL,1000,1000,04/040135fd.jpg
51wqJFNfw1L,500,263,04/0460268f.jpg
51xF8UFlIrL,536,1846,04/0441a58d.jpg
61+HYz32zDL,2200,1879,04/047f8d1d.jpg
61+Pd+Q-ZBL,1000,1000,04/042a0841.jpg
61+SE+qScbL,1094,2282,04/040e9968.jpg
61+ioU0YApL,1800,1800,04/049ec5b1.jpg
61-3+fXkCtL,652,1500,04/044daf49.jpg
61-ZJEmrqLL,1316,1308,04/046ceb1e.jpg
61-z3Hd0t3L,2200,1879,04/0463c49c.jpg
610J8RLrY4L,2560,1350,04/04891db7.jpg
610JCUoDDjL,1315,1239,04/0420ffa1.jpg
610Kc+Ek5NL,1200,1200,04/048ffe2d.jpg
611-9BTXbAL,1000,1000,04/045b7ed9.jpg
611ACeTqBjL,2000,2000,04/04081e20.jpg
611BNKy1M1L,1001,1001,04/04561a48.jpg
611dD-WtRRL,1625,850,04/044a2eaa.jpg
611hDarWMgL,1000,1000,04/04f0ca28.jpg
611n86R4l2L,1000,1000,04/04e4d963.jpg
611u07CTOqL,1444,755,04/04a2d393.jpg
611wWEj7sJL,1000,1000,04/04aee0ad.jpg
611zMJPXmNL,1001,1001,04/04600391.jpg
612B4OrEM6L,1000,1000,04/04c08174.jpg
612BFKunOuL,1200,1200,04/04e4cb1b.jpg
612U4PkF-LL,1370,1370,04/044d5f6d.jpg
612Yz3yf77L,2560,989,04/0482b529.jpg
612cN54fWrL,1316,1308,04/040074c9.jpg
612rpvz-syL,1000,1000,04/040cada3.jpg
612ruaiXLiL,2200,1879,04/04611473.jpg
613lHkuBEXL,2200,1879,04/04949d77.jpg
613wnumEIKL,1000,1000,04/04c5de4b.jpg
6145YX+-nxL,652,1500,04/04ae3e2e.jpg
6146ZFNLRPL,1000,1000,04/047c2512.jpg
614rYS4pDXL,1500,1500,04/0403fea6.jpg
6156yUGbcZL,1575,1575,04/04ffc5e7.jpg
615GcOuIsaL,1050,935,04/0490c69e.jpg
615gYn1u0IL,1700,1700,04/04ad3a6b.jpg
6166+o+moVL,1200,1200,04/04c7bc0e.jpg
616Kn3-DcvL,1315,1239,04/040dbb21.jpg
616XiRFbvOL,1351,1300,04/04cc8431.jpg
616Y4gCEnUL,1200,1200,04/041ef9ea.jpg
616kzFWIcLL,1100,1100,04/045d3148.jpg
6175QOc+rLL,2362,2362,04/04956d18.jpg
617EuR1p5pL,1500,1500,04/04a725be.jpg
617QrPfMLRL,658,2010,04/04a5a905.jpg
617ZyI3YI5L,1316,1308,04/04fc186f.jpg
617euXCY3EL,1000,1000,04/04b5f6ba.jpg
617oaTD85sL,2560,2024,04/04c00f1e.jpg
617oqG+MliL,1200,1200,04/0468c6fa.jpg
6189veyXFJL,2200,1879,04/04439a59.jpg
618W8GYVtxL,2002,2002,04/0455512b.jpg
619Cyqz1omL,1000,503,04/0420e6cc.jpg
619DVVw9WyL,1500,1500,04/04dd759d.jpg
619MUkab10L,2200,1879,04/04de7797.jpg
619QHqmpg6L,2209,2560,04/04af63ba.jpg
619bfGUIcVL,1000,449,04/048bc48d.jpg
619xMrPYjBL,1444,755,04/04d1fbdb.jpg
61A-C8MJonL,1699,1721,04/04f4b22d.jpg
61AC9tpTiOL,2200,1879,04/049ec6ac.jpg
61AQv4pVNGL,1444,755,04/04106b0d.jpg
61AVyHilb+L,2200,1879,04/044c7eb0.jpg
61B87j4etoL,1625,850,04/04c4c6ba.jpg
61BFD+dg7YL,2200,1879,04/04ed9d39.jpg
61BMOiYAQ3L,1627,2560,04/04ba4a5c.jpg
61BT0gyHDmL,1001,1001,04/04d96cac.jpg
61BvcQ8ExQL,1000,462,04/04c2e2e6.jpg
61C-TTUTVXL,2200,1879,04/0446afbb.jpg
61C9EkVDMgL,2560,844,04/043e9894.jpg
61CAAuXCduL,868,1273,04/04b2a80a.jpg
61CL7PCqCiL,1388,529,04/04bfb69e.jpg
61CZN-AwzGL,1200,1200,04/048c83c7.jpg
61CwUisBUoL,1000,1000,04/04f23efe.jpg
61D5utnnNpL,1500,1500,04/04415f44.jpg
61DdYdZmYoL,1000,1000,04/041d6130.jpg
61DinwT5LbL,433,1000,04/04e33244.jpg
61DlqEK2KdL,1444,755,04/047cb40a.jpg
61DwKpmJQML,922,2560,04/04d161ab.jpg
61E0rSbKseL,1500,1500,04/04aef964.jpg
61EMgOVJD2L,1000,1000,04/047e2086.jpg
61EWv14aXiL,1000,1000,04/04b93f00.jpg
61EnJDoCFkL,645,1461,04/047f2f12.jpg
61Er1UUNxqL,2015,2015,04/0401a9db.jpg
61Eu9imX6rL,2200,1879,04/0416caa9.jpg
61FaOF6SANL,1500,1008,04/0492643f.jpg
61FaRRQisgL,1000,1000,04/04a671a7.jpg
61Fl36oyvvL,1159,845,04/04521b25.jpg
61G1RluxC1L,956,1954,04/041dc3b9.jpg
61GAxA0aYRL,2560,792,04/049f576f.jpg
61GBfK2XH7L,1000,1000,04/04a2b665.jpg
61GNieguh2L,1315,1239,04/047ee1b4.jpg
61GNnC991rL,1000,1000,04/04a0cb43.jpg
61GVTQXe9SL,1000,1000,04/04eac8fa.jpg
61GwXvnRhEL,1500,1500,04/046bad90.jpg
61HO+tO7igL,2200,1879,04/04689617.jpg
61HwtZU13JL,2200,1879,04/042ad63f.jpg
61JF-9VWWJL,1500,1500,04/04f62be6.jpg
61JOmOJodiL,2560,2560,04/042e21d6.jpg
61JZoX6ZTCL,1000,524,04/0483f9b8.jpg
61JjNA4y3RL,2560,1951,04/04177e69.jpg
61K1f1obHbL,1607,1607,04/04a0dd3e.jpg
61KLXr78z3L,1001,1001,04/045405ee.jpg
61KZ7+vmnuL,1500,1500,04/04127b86.jpg
61LUQbICcKL,1500,1500,04/04f87886.jpg
61LVwUy0QxL,658,1556,04/0452c338.jpg
61LjCu08HZL,2000,2000,04/0466c780.jpg
61Lk9RG7zML,2317,2317,04/049f8873.jpg
61LkXOo53WL,1000,1000,04/04f24a56.jpg
61MTjKQveVL,1000,1000,04/04385e32.jpg
61Ml9ncCLQL,970,1000,04/04fe0184.jpg
61MoEE6UJSL,2200,1879,04/0437532b.jpg
61MwJzGkwoL,1729,1681,04/041294fe.jpg
61NMRL6-wuL,2560,1969,04/04da1ccc.jpg
61NRuLeyQML,1000,794,04/04157674.jpg
61NUDRKGkHL,2000,2000,04/04f1310a.jpg
61NonC4ZO9L,1500,1500,04/04ea8bc6.jpg
61O4tC2M96L,1105,999,04/04cecc90.jpg
61OF5wBPpwL,1200,1200,04/0448738e.jpg
61OuYifM3OL,1000,1000,04/04ecc6aa.jpg
61PNp2y7RZL,2160,2160,04/0444125e.jpg
61PSSvd0SUL,2560,1862,04/046dbd0f.jpg
61PrVB8cv+L,1444,755,04/04fe2994.jpg
61Px0vBOk1L,1200,1200,04/0423ad25.jpg
61Q2C3siYGL,715,1920,04/04285056.jpg
61Q48pSxF8L,1444,755,04/0458c0bc.jpg
61QIqZgy8KL,1500,1500,04/0459f644.jpg
61QUpeBDoeL,1000,1000,04/04a1a60e.jpg
61Qp-K4b4YL,1000,1000,04/0401dbf6.jpg
61Qsfyl8pGL,1200,1200,04/04140ba2.jpg
61QtAUdLryL,1000,1000,04/04485f4c.jpg
61RrmKKw+OL,1834,1834,04/04d4b18f.jpg
61Su-uKIpyL,233,1558,04/04a64ffd.jpg
61Suprk8hSL,1315,1239,04/04344d1a.jpg
61TAP2cFZJL,1707,2409,04/0499362d.jpg
61TL1K6HA5L,1100,1100,04/046c366f.jpg
61TYEu0tSbL,2000,2000,04/049d4226.jpg
61TePmxQ1wL,1001,1001,04/04054f82.jpg
61Tvy1EltIL,1500,1500,04/04e5ab22.jpg
61U0Pzrs-xL,2200,1879,04/04533d6c.jpg
61U6I5tj-2L,2200,1879,04/045e386c.jpg
61UXNDjKAkL,1200,1200,04/04a5b081.jpg
61UlrwBg7xL,1200,1200,04/04dff689.jpg
61UwLryE56L,1625,850,04/042fc130.jpg
61W4zGXRDLL,1444,755,04/045c7c5a.jpg
61WKcfDbv6L,2200,1879,04/04c7b890.jpg
61WRKERNrbL,978,1829,04/04ef38e5.jpg
61WkwtavofL,1000,1000,04/0488600b.jpg
61XNPpw00IL,1000,1000,04/0430265e.jpg
61XaTj91v4L,1636,1636,04/0457f8a3.jpg
61Y4Bxl+iIL,900,1200,04/04f7a486.jpg
61Y9CvvT7qL,2200,1879,04/04008fee.jpg
61YHPT3bzlL,2560,2560,04/04ec2c9b.jpg
61YcRSwjUrL,1000,1000,04/0414c480.jpg
61YtsP2UNhL,1000,1000,04/04ed544b.jpg
61YxDLvFsRL,1659,1659,04/045b51ee.jpg
61YyW-a8k0L,1200,1200,04/0414839c.jpg
61Zp9Iz81QL,1000,1000,04/04830511.jpg
61aViDb8SnL,2200,1879,04/04c4dc78.jpg
61aYQJDGCbL,1444,755,04/04abb860.jpg
61aa4VdC+5L,2200,1879,04/04384215.jpg
61b-sF3JfiL,1697,2560,04/04504393.jpg
61b3ie57oxL,1000,453,04/04d15394.jpg
61bQe3xKyQL,501,1379,04/040e40c9.jpg
61bWkXaCg2L,1000,1000,04/04efb4a7.jpg
61bYclTtwuL,1500,1500,04/045dc61e.jpg
61cDAVUFMoL,1191,1191,04/04d8ddba.jpg
61cfMh0BTuL,1000,1000,04/04054e06.jpg
61ckW3Jp6OL,869,2302,04/048eb7bd.jpg
61coUshvmQL,2200,1879,04/04de7099.jpg
61cur2ohJJL,1316,1308,04/0417b41c.jpg
61d3tlqD-LL,1000,459,04/04e438f6.jpg
61e3t8Zg6hL,1497,2560,04/0484a123.jpg
61egyPi092L,1625,850,04/047e091b.jpg
61ekOT6S9fL,1000,1000,04/042ce92b.jpg
61ep7oGQOsL,2000,2000,04/049357d2.jpg
61etTHJm4NL,1061,1500,04/040e7d0b.jpg
61ewu9UsRmL,961,1281,04/04177392.jpg
61fDU-xkrIL,1100,1100,04/04d5e9f9.jpg
61fMQ8t4QtL,1268,1486,04/047689d1.jpg
61g07fpiO6L,2560,1960,04/0485953a.jpg
61g1EB0vfLL,1200,1200,04/04d134e2.jpg
61gZWeoZ5sL,2160,2160,04/0447773b.jpg
61gz4DApnPL,1378,1378,04/04a188c4.jpg
61h4tUJTqxL,1200,1200,04/04c755a7.jpg
61h9CwCNRGL,1000,1000,04/04df959d.jpg
61h9gWVOLJL,1500,1500,04/0491b77a.jpg
61hDCE5nh-L,975,1293,04/04ffa9a7.jpg
61hImJQPF3L,1000,1000,04/041e94f5.jpg
61iD-BhnXxL,1568,2560,04/04392cf8.jpg
61ipfO02XzL,1000,1000,04/0421d03e.jpg
61irLO6ceHL,1920,2560,04/04bfa21b.jpg
61j4-j3FmYL,1185,1518,04/049869b5.jpg
61jwG-qllaL,2200,1879,04/0406f4fc.jpg
61jzOqPORvL,1625,850,04/04db95d5.jpg
61k0nXJkdvL,1000,1000,04/04308956.jpg
61kZfDNZSXL,1315,1239,04/040afb5f.jpg
61kbJOviz1L,1444,755,04/04e67ed7.jpg
61kr-YzdBRL,1000,1000,04/04d32d61.jpg
61l3MhyY-1L,1625,850,04/046ceb4e.jpg
61lDWIDUGnL,1315,1239,04/04ccd2d4.jpg
61lq4jgXhhL,1300,1121,04/0481ff67.jpg
61lwKrgK1vL,1500,1500,04/0487667a.jpg
61m4u87xV1L,384,2531,04/0443fc9b.jpg
61m6gc6TVdL,1000,1000,04/0494ef53.jpg
61maJnCfVQL,345,2157,04/04c92185.jpg
61mb7wroFfL,2200,1879,04/042751a8.jpg
61mnWx75pyL,2560,2033,04/04699868.jpg
61n29+odJOL,1000,1000,04/0421acf5.jpg
61n6Cgc0bHL,1316,1308,04/04b63744.jpg
61n6dqwgFmL,1000,1000,04/04876da0.jpg
61nT199og7L,926,1500,04/04d597ba.jpg
61oGdXCqCRL,2000,2000,04/048105df.jpg
61oL8zvPqtL,1197,1012,04/046e892d.jpg
61oPh2NQOpL,1000,1000,04/04d73245.jpg
61oU3bJeFGL,2200,1879,04/04b433c6.jpg
61oUOsofpFL,1000,605,04/04333b8a.jpg
61oaPtvMGVL,655,1000,04/04552a50.jpg
61p2mpW2ZKL,1630,1630,04/04edc224.jpg
61p9Nty2X8L,2560,1487,04/04aadc01.jpg
61pQMyqM5vL,1486,2560,04/047e238b.jpg
61pVrapbIpL,2000,2000,04/043efb34.jpg
61pqq2KWPeL,2200,1879,04/04dfca62.jpg
61pvRwR5M1L,1000,1000,04/04071fb9.jpg
61pzThuPwPL,2200,1879,04/0404ca66.jpg
61qD1IyYdWL,1444,755,04/04167dde.jpg
61qtKHN0O7L,1200,1200,04/04cfe23c.jpg
61qyHKd8b2L,815,1604,04/048f5c4c.jpg
61r1ASykETL,2560,1944,04/04543979.jpg
61rSOnSzVSL,1001,1001,04/04bc83cc.jpg
61sE4sFocdL,1000,637,04/040971c5.jpg
61sNSJ3uItL,1911,2136,04/04f85a8c.jpg
61sb838Zx4L,1316,1308,04/04623bed.jpg
61tB0tdP+9L,1100,1100,04/045d154e.jpg
61tdiuqWPjL,2560,1946,04/0430ca30.jpg
61u5qN9+s0L,1001,1001,04/041badbd.jpg
61uCeKgA6FL,1000,576,04/04b3bfa6.jpg
61uEYpEXxLL,1500,1500,04/043605c2.jpg
61uq8jMxdSL,2200,1879,04/049fe78d.jpg
61uxSthWKNL,1500,1500,04/04dc55ca.jpg
61vXsSvLIAL,1000,1000,04/04ee2e2b.jpg
61vaOghs9eL,1315,1239,04/0461b813.jpg
61vzopkcPML,1920,2560,04/04fd4779.jpg
61wLtqDEroL,1315,1239,04/04dd57ec.jpg
61weeHylmPL,1200,1200,04/04e579eb.jpg
61xBnCRFG9L,2200,1879,04/040285da.jpg
61xCOoI-mKL,1000,1000,04/04898192.jpg
61xDUOcL3zL,1000,400,04/04d24d5d.jpg
61xJWtHSx5L,1444,755,04/0462efb7.jpg
61xQPiskSpL,2200,1879,04/04c924ee.jpg
61y0K8pUxLL,521,1142,04/04e149a3.jpg
61yS2TX+z8L,2560,1391,04/04a918ad.jpg
61yUXKRQeQL,1200,1200,04/04bcdd0f.jpg
61yePY-MF2L,1000,1000,04/04186a49.jpg
61yu9rJlCeL,761,2424,04/04c25079.jpg
61zMZ97IiYL,1000,1000,04/04be0b39.jpg
71+CRbRMZTL,2200,1879,04/043c4ac1.jpg
71+u-ZR8IeL,1999,1578,04/04a5cfb8.jpg
71+v1mypxnL,2000,2000,04/0412b3f5.jpg
71+zA9jR+gL,1061,1061,04/04b89abd.jpg
71--0dr0sDL,2200,1879,04/043c113c.jpg
71-6thVcMFL,1863,2560,04/043a84ed.jpg
71-MVZJzd6L,2200,1879,04/043c3e8e.jpg
71-Velgc6+L,2200,1879,04/0455434e.jpg
71-cvJm4+NL,2200,1879,04/040cf44e.jpg
71-mAT-q5fL,1298,2560,04/04495355.jpg
71-tOmD49jL,1626,909,04/04f6ee03.jpg
71-vdFWrv-L,2200,1879,04/0418e54b.jpg
7101CfKCEaL,2560,1969,04/041b87a1.jpg
7101xN6mwdL,2200,1879,04/04d443b6.jpg
710CqkGxbML,2560,2560,04/0471836c.jpg
710DNHTmKXL,2264,2264,04/04718c18.jpg
710g-YAFCuL,1500,1500,04/04daf5d1.jpg
710hGoDXpeL,2200,1879,04/04271303.jpg
710it-8BJbL,940,1849,04/0486c102.jpg
710jznQvanL,2200,1879,04/04669e22.jpg
7119Gwrd7NL,2200,1879,04/04238201.jpg
711ESKXow7L,2200,1879,04/04e72790.jpg
711V5j0cfRL,1757,1110,04/04945303.jpg
711XLlUafpL,2200,1879,04/047086ec.jpg
711XWV1tFpL,1796,1796,04/0406c9ed.jpg
711bTKoD+RL,901,2559,04/049607de.jpg
711o27LOpUL,2200,1879,04/0439f7cc.jpg
711rIxF6JyL,2200,1879,04/043a0ac6.jpg
711rVJT79PL,2200,1879,04/048bea7c.jpg
711snFfq4XL,2560,1607,04/04013fa4.jpg
711um2YFZxL,2560,2560,04/04c712cc.jpg
7120VFCW5hL,2200,1879,04/04fc01d0.jpg
7126uHR0U2L,2560,743,04/04b893aa.jpg
712KRooeGdL,885,2560,04/04d62fbb.jpg
712aPQwcEaL,2560,2560,04/04d99540.jpg
712fUihyS5L,2560,1535,04/04d324f8.jpg
712tl9ntdLL,2560,2560,04/04728c29.jpg
712wv9w0++L,2200,1879,04/04bc3f6b.jpg
713DFCDiHiL,2560,1730,04/04483bc7.jpg
713IGltDUfL,1316,1308,04/0474a5be.jpg
713JvR+xMRL,2200,1879,04/0498431d.jpg
713KCN3U8+L,938,2556,04/044d4d70.jpg
713lzwI97fL,2200,1879,04/0483cf01.jpg
713qmyocmLL,1623,1432,04/04d42b65.jpg
714+wRU9vPL,2200,1879,04/04d448c9.jpg
714ETPEAxvL,2560,2560,04/04de2603.jpg
714Ee5ASqML,2200,1879,04/04a299bb.jpg
714HPR1X-mL,2200,1879,04/04fe72b1.jpg
714HTtvHQDL,1500,1500,04/0411d64c.jpg
714ITUhl5ZL,2341,2560,04/044f6751.jpg
714R0rcvwTL,2200,1879,04/0489538c.jpg
714fyPsG3wL,1842,1870,04/046db02f.jpg
714gBey06XL,2200,1879,04/04b09266.jpg
714pfikgcfL,2200,1879,04/04c25262.jpg
714sr0uHS6L,1444,755,04/04d588dd.jpg
714trmYCIJL,2560,2560,04/04df30e1.jpg
7151OyhzXhL,2560,1707,04/04c641b6.jpg
7155r5OzWYL,2472,2560,04/04142b03.jpg
7156t1BuBVL,2560,1058,04/04079465.jpg
71583FcoxaL,2200,1879,04/0455b45d.jpg
7159VJbGpEL,2560,2560,04/045579eb.jpg
715HSqzfGIL,1444,755,04/0470c5b5.jpg
715ZbpZfPsL,2200,1879,04/044464c0.jpg
715fBlRv7kL,2554,1134,04/04d2306b.jpg
715p7Odkt1L,2200,1879,04/04c24f96.jpg
715wPeALa1L,2560,2560,04/04125b10.jpg
71612hP18-L,2200,1879,04/04f4adba.jpg
71635JeL6kL,2000,2000,04/04bd1875.jpg
7163vnu8KUL,2200,1879,04/0454636e.jpg
7168-B+tKFL,1000,1000,04/04ab0228.jpg
716GUypJPBL,2560,2560,04/04fd7c4d.jpg
716IOTyZUOL,2560,2560,04/04e5b51d.jpg
716IrB0STkL,2560,2560,04/04158f37.jpg
716MoLKSmSL,1263,900,04/045ed7a8.jpg
716P+jzdSHL,2200,1879,04/04f38d10.jpg
716WZr+WFHL,2200,1879,04/044a6b2e.jpg
716dxU9zffL,1400,1000,04/046134c0.jpg
716jxW1XPuL,2200,1879,04/04a71fc7.jpg
716qZp1otNL,1500,1500,04/045bd1dc.jpg
716rcMdto9L,2200,1879,04/04c6ef06.jpg
716x3Zj2A-L,2560,2560,04/04350320.jpg
7175apiAizL,746,2280,04/046dd0d5.jpg
7177x0-QaoL,2560,1021,04/049b7b19.jpg
717FDSbzjUL,1875,973,04/04897427.jpg
717brl31AgL,1606,1606,04/04997a3f.jpg
717mUPNTHOL,1829,2560,04/043bcc18.jpg
717mf2pHf7L,2000,2000,04/04c07d37.jpg
717oVwiJ2zL,1500,1500,04/0403e62d.jpg
717pRcNcY3L,2000,2000,04/04b4aff6.jpg
718-fKboWBL,2200,1879,04/04871aa3.jpg
7183u7NCdJL,2200,1879,04/04b81037.jpg
718BcZtiEpL,790,2560,04/04c83694.jpg
718F5ZbNjVL,2200,1879,04/0498970f.jpg
718SHSjHhvL,2000,2000,04/04e7b5b9.jpg
718az+27sJL,1498,2020,04/047e9e52.jpg
718eSiLAz-L,2000,2000,04/04c79b5a.jpg
718mdXsNLJL,2200,1879,04/04b4228c.jpg
718mv89is8L,2200,1879,04/0498fac6.jpg
718oUMA4uML,811,2560,04/04741593.jpg
718rSv95J2L,2500,2500,04/0435df27.jpg
718vRevTL9L,1000,1000,04/04a3c1f4.jpg
7191dQZ0DEL,2560,1976,04/047969a7.jpg
719BosApuCL,2200,1879,04/04f9ef31.jpg
719J5hEv3KL,2002,2002,04/04596818.jpg
719Vmqn5ApL,2000,2000,04/043af37d.jpg
719b31JCwrL,1875,2560,04/047d6727.jpg
719bbuCQoSL,2000,2000,04/0426f09d.jpg
719dTelivML,500,2102,04/04e7ff91.jpg
719g1NZgrfL,1200,1200,04/0445d920.jpg
719qlXildiL,2200,1879,04/04868ff5.jpg
719yPoenrdL,2200,1879,04/044af8bb.jpg
71A1wVqL2dL,1026,2560,04/048ae557.jpg
71A9JXL8ByL,2200,1879,04/04dd327c.jpg
71ANA2h0FQL,1115,2461,04/04efd8bb.jpg
71ARqvoQF2L,2200,1879,04/04b58880.jpg
71AbzxW8rEL,2560,712,04/04af9ab4.jpg
71AfDyTpuoL,2560,1592,04/0461d03f.jpg
71AozZjoogL,2560,2560,04/045c13d4.jpg
71As1SPTFML,1447,617,04/04bc832f.jpg
71B9BNrlxnL,2200,1879,04/04b89f53.jpg
71BXxUAkK8L,1864,2560,04/043d5cc3.jpg
71BjsmGU56L,2200,1879,04/0457dafc.jpg
71Bkk-IxHlL,2000,2000,04/048cd167.jpg
71BlIcrSPNL,1440,1096,04/04a097e7.jpg
71Bo3hnc+9L,2560,2560,04/048f2b0e.jpg
71C-e3buqEL,1500,1500,04/0468a00e.jpg
71CIBbBLxlL,2560,1038,04/04a9fdb8.jpg
71CKeYUvtOL,2200,1879,04/04cb346b.jpg
71CWr1osocL,2200,1879,04/04404da0.jpg
71CatQCMAfL,2560,2560,04/04156172.jpg
71Cdz7EYVPL,2200,1879,04/0421acde.jpg
71CnMai5hnL,2200,1879,04/048aef8e.jpg
71Cv+tCu5mL,2560,1194,04/049f6491.jpg
71CxRvgrjyL,1346,1346,04/044dd3d9.jpg
71CxUHc-4iL,1711,2096,04/040de942.jpg
71D20IAFFgL,2200,1879,04/041c7194.jpg
71D9kA81BEL,2145,2145,04/04a88e80.jpg
71DD8XhwXJL,2000,2000,04/041588f9.jpg
71DQwbmlXpL,2200,1879,04/046773fb.jpg
71DXEKZT8DL,1094,1094,04/043ab258.jpg
71Dco3vhdFL,1200,1200,04/0467121e.jpg
71Diu6sP9FL,2200,1879,04/04db10d7.jpg
71DmRZYNFpL,1000,1000,04/044d63d8.jpg
71Drykgt25L,2200,1879,04/04c9d56c.jpg
71E5ivLbkHL,2200,1879,04/04d138b0.jpg
71E7o0GGzrL,2200,1879,04/0452c7f3.jpg
71EBa2od2rL,2456,2456,04/0494ff76.jpg
71EDB4HfunL,1500,1500,04/0438eaa0.jpg
71EDZGElYBL,2560,2560,04/049fd794.jpg
71ERF7ZwgqL,1686,742,04/04f178f4.jpg
71EUFoi8wCL,2500,1935,04/04d0f3de.jpg
71EUycqynUL,1000,1000,04/040a6f03.jpg
71EsFKA0gML,1444,755,04/04b69db5.jpg
71ExN2ciE4L,2560,2560,04/0421e32c.jpg
71FBBRnSZrL,2560,1246,04/04f30ec7.jpg
71FCR+xQ9LL,2200,1879,04/04727c33.jpg
71FJoARWQaL,1020,1522,04/0480ae2a.jpg
71FPb0t-GJL,1625,850,04/042d4996.jpg
71FUSNfY3bL,2200,1879,04/04cbb757.jpg
71FYTk6U-AL,1500,1369,04/045652a8.jpg
71FYZL1PhJL,2200,1879,04/04450f97.jpg
71FloLd99kL,2200,1879,04/04c56b7b.jpg
71FrCbzaIoL,2200,1879,04/04bc9115.jpg
71FzQSgYDzL,2200,1879,04/04886495.jpg
71G+TBa5XaL,2200,1879,04/04de12f8.jpg
71GG7luSjDL,2200,1879,04/04798435.jpg
71GJCxx9bdL,2000,2000,04/04dec67e.jpg
71GRZ6WAMxL,2560,2560,04/043672bc.jpg
71GWP-PlQCL,2200,1879,04/04fd8397.jpg
71GexJbjRCL,2200,1879,04/04eb3cfe.jpg
71GfbhiZ0FL,2200,1879,04/049cd5d1.jpg
71GkHPcYiBL,1100,1100,04/0442d979.jpg
71Gwdx7ETfL,2200,1879,04/049aae6d.jpg
71H+5x4K2JL,2560,776,04/04706938.jpg
71H8fEibrCL,2200,1879,04/042a2878.jpg
71HdMOay5NL,888,2560,04/0431867f.jpg
71Hsq6iMUYL,2200,1879,04/049236e5.jpg
71HyfGcZKGL,2200,1879,04/041cc119.jpg
71IGDScYyHL,2200,1879,04/04a01c80.jpg
71IKoUlEJ+L,2200,1879,04/047c16f9.jpg
71Ii7jP2afL,2200,1879,04/046c1220.jpg
71IkbBEEsHL,2200,1879,04/04bb1d28.jpg
71IwmtlgnzL,2200,1879,04/0400e0d3.jpg
71JCy8AECSL,1943,1890,04/0478acba.jpg
71JDFrtA--L,2200,1879,04/0499e097.jpg
71JESujnVtL,2200,1879,04/0466df46.jpg
71JGP3jdSAL,1444,755,04/04088ff7.jpg
71JN0ITlklL,2200,1879,04/044aeb44.jpg
71Jv-EZftiL,2000,2000,04/041e1fac.jpg
71KE5DH53GL,2200,1879,04/045b1db2.jpg
71KIFetSu9L,1606,1606,04/041589ec.jpg
71KSQ6hk0+L,871,2560,04/0430344f.jpg
71KVOE13uXL,2200,1879,04/0456fbd1.jpg
71KfPqnrWbL,2560,2560,04/0444db83.jpg
71KfkDgvw8L,2200,1879,04/0433f7d7.jpg
71KiNdArPPL,2560,769,04/04c1060d.jpg
71Ktq74QjYL,2500,2500,04/04447729.jpg
71L-lebdZCL,1000,1000,04/048a90d8.jpg
71L4CVnXkcL,1001,1001,04/043be14e.jpg
71L6tLrUL+L,2200,1879,04/045210ab.jpg
71L85ufe3rL,2200,1879,04/0469cc01.jpg
71LsIag3gDL,2117,2117,04/04b92eb9.jpg
71MDVAX8soL,1022,2560,04/044de6d0.jpg
71MDdSFyghL,1000,606,04/04fc6e72.jpg
71MJ7+PjxJL,2200,1879,04/04fa3e16.jpg
71MOuigaC1L,2560,2560,04/0432952a.jpg
71MZSYgYoxL,2200,1879,04/04f0b2fe.jpg
71MaQBdMQBL,1002,2056,04/04121f0e.jpg
71MabKcAncL,2200,1879,04/0461b922.jpg
71MmccXgfLL,1337,2560,04/04b5b10a.jpg
71MnyAqWB-L,1625,850,04/04847e58.jpg
71Mp9iLzmjL,1001,2428,04/04de8ae9.jpg
71N+jllX7xL,1187,1235,04/04dea200.jpg
71NHhAEUrmL,2074,2074,04/0404753c.jpg
71NLogLmrVL,2200,1879,04/04b88916.jpg
71NN9VkOy6L,1028,2560,04/04c11e1f.jpg
71NQdnLx3vL,1350,1350,04/04487f57.jpg
71NXYV5el+L,2560,1544,04/044a51f8.jpg
71Nc6wQBC0L,2560,2560,04/044e2c0a.jpg
71NduG3o4hL,2200,1879,04/0445abcf.jpg
71NkQwofxtL,697,2560,04/04273d11.jpg
71NsB8Py+kL,2200,1879,04/046d4970.jpg
71NzGkuJWlL,2560,1267,04/0432fc6e.jpg
71O9hsOBANL,2200,1879,04/04e574d6.jpg
71OMngkljvL,2200,1879,04/04f8fe84.jpg
71OWJnqb0hL,965,2560,04/046b74ae.jpg
71OZVnaHj2L,1500,1500,04/048f2006.jpg
71Oae0mMRTL,752,2560,04/04faf0c8.jpg
71Obmv6hngL,1707,2560,04/0421f6a9.jpg
71OuGcA902L,1200,1200,04/04eea4e5.jpg
71P5CP8JcwL,874,2462,04/043fb15a.jpg
71P8LXAFR6L,2000,2000,04/04231242.jpg
71PH5cJkzoL,2560,1886,04/04a0e2ef.jpg
71PU53UZfzL,1444,755,04/04bee9d3.jpg
71PXFQozPNL,1688,1209,04/04ef0323.jpg
71PeDH77Q+L,1126,1500,04/048bd865.jpg
71PfEq23SRL,2560,2560,04/040dce6a.jpg
71PtrHDCNWL,2200,1879,04/04f49537.jpg
71PunhIVvrL,1701,752,04/048c299f.jpg
71PzbhpckhL,2200,1879,04/041276ba.jpg
71QAXi6SG5L,2200,1879,04/047a44bd.jpg
71QAzd1PxGL,2560,1037,04/04f96762.jpg
71QCZIeSkUL,2200,1879,04/04bd9311.jpg
71QL0sBTZ8L,2560,2560,04/04f1e1ad.jpg
71QMz6+xkCL,1250,1500,04/04c633af.jpg
71QPKPcwY-L,1500,1941,04/04b28128.jpg
71QPVFSL3IL,2200,1879,04/04287092.jpg
71QRESBF1SL,2051,2109,04/042cee02.jpg
71QeyXsv1aL,2200,1879,04/0409f450.jpg
71Qpqki-GcL,2560,2560,04/04686d78.jpg
71QyrY7ZsmL,1500,1500,04/043277ff.jpg
71R04GPdKYL,2227,1085,04/046a87ef.jpg
71R1BdxccBL,946,2560,04/04386256.jpg
71RUil6RJJL,2200,1879,04/049bb320.jpg
71RVQEQLbmL,1500,1345,04/04417a87.jpg
71RVbFohynL,2200,1879,04/04b48921.jpg
71Re4sRbdHL,1085,2560,04/040f8590.jpg
71RpxqlfIXL,1760,1760,04/04d63135.jpg
71S-Tx+Qi7L,2560,2560,04/0447e7f3.jpg
71S0F2JJXEL,2200,1879,04/040353c9.jpg
71S7g4KBRqL,2200,1879,04/041a91b2.jpg
71SVptiqDXL,2251,2251,04/04073770.jpg
71Sgns2POzL,2560,820,04/04a80abe.jpg
71Si1l-6tXL,2200,1879,04/04a63407.jpg
71SjWjnGE7L,1800,2500,04/04160aab.jpg
71SjdEoImsL,1000,1000,04/0420a98a.jpg
71SnSYUDejL,1449,1449,04/04ce9a02.jpg
71SpymLBQYL,2200,1879,04/04bd83ed.jpg
71SzWORiSTL,1341,970,04/04bf13c9.jpg
71TCCb7QgHL,929,2560,04/0477e2f2.jpg
71TOqhU0izL,2560,1969,04/04c8514d.jpg
71TPwuqTLgL,2157,2157,04/04eadcb7.jpg
71TXa+SoIjL,1116,2560,04/045923e7.jpg
71TaH7iJl0L,2200,1879,04/0433f15c.jpg
71TlaAIFhSL,1444,755,04/04dde262.jpg
71TmorkBRCL,2560,2560,04/045bedff.jpg
71ToaBYWv3L,2200,1879,04/04df113a.jpg
71U2rjOnGeL,1312,2500,04/047811c2.jpg
71U7bTOZ0oL,967,2485,04/04ffedc5.jpg
71U9Wjirv8L,2193,1335,04/047d58d0.jpg
71UKgLZ+kuL,2200,1879,04/0447bb9e.jpg
71ULi2GB4SL,2200,1879,04/04742f49.jpg
71UQC730VxL,2200,1879,04/0490ff51.jpg
71UT5ovFhbL,1720,1023,04/048913b8.jpg
71UUHeCeXBL,1794,2560,04/041f631e.jpg
71UYxdoJjrL,2200,1879,04/045d755c.jpg
71UdS7cEp4L,2200,1879,04/04d54973.jpg
71UeOsdjRbL,2200,1879,04/043229d7.jpg
71Uihv2YVfL,2200,1879,04/04a9297b.jpg
71UkhRL3+bL,2200,1879,04/0479b79f.jpg
71VBeYkCrHL,839,2560,04/04c17af6.jpg
71VGD1-GKXL,2200,1879,04/04622d9b.jpg
71VGdpyIjnL,2200,1879,04/04282a27.jpg
71VLbNgC7XL,2338,896,04/04beaf6e.jpg
71VMK-Nx23L,2560,1575,04/04e23d32.jpg
71VNSg00bdL,2560,2560,04/041be430.jpg
71VTdhhnNaL,2200,1879,04/04a20220.jpg
71VeAu5gK7L,1706,2560,04/04a15144.jpg
71VnBJEx6ZL,947,2560,04/04f12ee5.jpg
71Vr5ahoxNL,2200,1879,04/042ef634.jpg
71Vs15NE4eL,2200,1879,04/04beab41.jpg
71VtUODUTzL,2097,2416,04/0407a7ea.jpg
71W0pH5AzgL,1000,1000,04/04939ba5.jpg
71W7ZjtLQOL,2200,1879,04/04bebe30.jpg
71W9OCg6wgL,1625,850,04/049e3566.jpg
71WbU2HnuJL,2200,1879,04/0405e280.jpg
71WfGD4OKDL,2560,2560,04/04780be0.jpg
71WgDjRclEL,1315,1239,04/04a0b974.jpg
71Wq+69jxtL,2200,1879,04/040b3bd9.jpg
71WxvsL8wHL,2200,1879,04/04b47f93.jpg
71XEivvJQjL,2200,1879,04/04d671ef.jpg
71XNicn+0fL,2560,2355,04/04ee268b.jpg
71XPKg+bBwL,2200,1879,04/04e04d12.jpg
71XesBBGZuL,2464,2464,04/0410a646.jpg
71Xj9yntTxL,1920,2560,04/046ee765.jpg
71Y4FrVgUkL,2560,1449,04/043ebd08.jpg
71Y7pGK+F5L,1100,1100,04/0440ad6f.jpg
71YC7DMc4nL,2200,1879,04/049ef1dd.jpg
71YJ7kJcISL,2560,2560,04/046e4cc0.jpg
71YW+96kFEL,879,2560,04/041fb1aa.jpg
71YXi+V7N4L,2200,1879,04/04c2bafc.jpg
71YZKSFQ8JL,2200,1879,04/04424f86.jpg
71YjQq1HsCL,2200,1879,04/04136deb.jpg
71YkXOJ6TCL,1500,1357,04/043694d0.jpg
71Ys-nuLN1L,1246,1800,04/0416c001.jpg
71YuWm9G91L,2200,1879,04/0472a6cd.jpg
71Yvdp2zRFL,2000,2000,04/04feff20.jpg
71Z6RzqVrLL,2560,1653,04/0476410a.jpg
71ZOYMyXyTL,1315,1239,04/044a2e3f.jpg
71ZVH7m65XL,2000,2000,04/0460fb6e.jpg
71ZuJCVG8qL,1315,1239,04/04baa930.jpg
71a4MLtfi9L,1500,1500,04/04b12d98.jpg
71aK4gDVKML,2200,1879,04/04235ad0.jpg
71aOu55VGVL,2200,1879,04/049144e1.jpg
71aWTM2wmLL,1542,606,04/045a514c.jpg
71aZF1n6npL,2200,1879,04/047e7e54.jpg
71aZddksEEL,1000,1500,04/046c7b38.jpg
71aaRk+dilL,2560,1969,04/04a28c83.jpg
71aabSLPKFL,2000,2000,04/0408f186.jpg
71ap6faS9rL,1000,1000,04/04cce67b.jpg
71avkj5ylpL,2200,1879,04/04cce494.jpg
71b3QRxgXUL,790,2560,04/041fc57d.jpg
71bKn3h6hlL,1045,2560,04/047bd6b9.jpg
71bNZUb1TJL,2560,2560,04/04a4e4f9.jpg
71bWZUglnhL,2200,1879,04/04ea61be.jpg
71bxB4bt+lL,1419,2560,04/04aca502.jpg
71ceqU5wK7L,2200,1879,04/047cede4.jpg
71cqbU244KL,2560,886,04/0462b1f0.jpg
71cs8Pd1fRL,1856,1875,04/0412d715.jpg
71cvu3WDGYL,2000,2000,04/04d1e9be.jpg
71d-PQviP0L,2000,2000,04/04958bbe.jpg
71d26DUIMjL,2359,1034,04/04340f09.jpg
71d9Gmer5qL,1800,1800,04/0449d227.jpg
71dI2aAJUFL,2560,1268,04/048cb2fb.jpg
71dJ4jU-qNL,2200,1879,04/0488e832.jpg
71dN0dXJPWL,2560,1397,04/04bc90ba.jpg
71dO9WFTKrL,2000,2000,04/0457c0b7.jpg
71dUEmk8wAL,2200,1879,04/043f2735.jpg
71diAKQtFjL,2200,1879,04/043ab568.jpg
71djZeFSzeL,1199,2560,04/04683971.jpg
71dvCAowkNL,2560,1464,04/0494e7af.jpg
71dw0x9Vm2L,1949,2560,04/0451d548.jpg
71ePNRavqPL,2200,1879,04/049c0bb2.jpg
71eSXGrrlDL,874,1977,04/0490cb1b.jpg
71eam4TBiJL,2200,1879,04/04f4f8a5.jpg
71ejqLYYBtL,2560,1707,04/04406e54.jpg
71eke7kwmuL,2000,2000,04/04d517d3.jpg
71eni92BcOL,2000,2000,04/047f9034.jpg
71eqSQtVVtL,2560,2560,04/04820016.jpg
71esLQ-cPqL,2000,2000,04/041773b3.jpg
71f2POyL5rL,2200,1879,04/041ddba7.jpg
71f3bGTqwIL,880,2374,04/0441ea38.jpg
71f5BxhfPDL,2200,1879,04/0456c7f6.jpg
71f6S4g0XLL,1008,2402,04/0409d09f.jpg
71fDb3oHG+L,2560,2560,04/0436f3aa.jpg
71fUd3rMTRL,2200,1879,04/047ec392.jpg
71fWP0u2EpL,1010,2560,04/0404c2b4.jpg
71faqsNaBSL,1106,2560,04/04d98971.jpg
71fckQ-4e+L,2200,1879,04/04654766.jpg
71fdYJiAseL,2560,2560,04/047cba8d.jpg
71feKkBSMCL,2000,2000,04/04afb3c1.jpg
71ffSns5o4L,2200,1879,04/047310cd.jpg
71fhuyNgMLL,2200,1879,04/048e150b.jpg
71fu9sfmtNL,2200,1879,04/048a13cd.jpg
71fuu93WF2L,1500,1500,04/0415eb98.jpg
71gFY4310GL,2200,1879,04/047ec47d.jpg
71gQz5hLbBL,2200,1879,04/044870c6.jpg
71gV2vbtYbL,2312,718,04/047c4eeb.jpg
71gi6Cm7kaL,2560,1595,04/04557810.jpg
71gqCaGc8SL,2200,1879,04/04a22793.jpg
71gsRv1BhsL,1288,2560,04/04a126ff.jpg
71hBojv+bIL,2560,2038,04/04be8d02.jpg
71hDtM2B4gL,1321,984,04/04d4b01e.jpg
71hcjce2kBL,1370,683,04/04e87146.jpg
71hzcyChVPL,2200,1879,04/04efcc5b.jpg
71iI+aMdo1L,1500,1500,04/04719e81.jpg
71iW4cE55qL,1000,1000,04/046c9b90.jpg
71iYt7AqX+L,2560,779,04/04ccf983.jpg
71idBkk1C+L,2200,1879,04/049f76db.jpg
71inx6XuazL,2560,1284,04/04569a59.jpg
71j+0iYMpdL,2365,2365,04/048ecad7.jpg
71j+Q0e757L,2000,2000,04/04cdc987.jpg
71j7UewUI4L,2560,1406,04/04be3d2d.jpg
71jDKEL6v0L,1000,1000,04/0438bf2b.jpg
71jEubsRvZL,1280,2007,04/04afaef9.jpg
71jTx56cXrL,2200,1879,04/04869526.jpg
71jUNloSMZL,2000,2000,04/04ab8485.jpg
71jZSMSK3VL,2200,1879,04/04f332d7.jpg
71jbafar91L,1000,1000,04/04e09d5d.jpg
71jp6gU-PCL,2372,2372,04/04c13476.jpg
71jr9JIg26L,1239,1126,04/04c39d59.jpg
71k0Cu76H3L,2200,1879,04/045e2ee0.jpg
71k8Ozk9G7L,1000,1000,04/0477cae4.jpg
71kAZNcNXWL,1000,1000,04/0462b5cc.jpg
71kAm7X6vxL,1500,1500,04/04b3ca07.jpg
71kap4bfffL,2200,1879,04/04be28a5.jpg
71ktE9oKBDL,1707,2560,04/04c9233c.jpg
71l0Ksg567L,2000,2000,04/0438eee3.jpg
71l1HuY4MML,2000,2000,04/042e780b.jpg
71lDpR+ohZL,1598,1598,04/04d2ee35.jpg
71lJqYATvTL,1086,2560,04/041549c2.jpg
71lKkvS4tFL,2200,1879,04/04fc675c.jpg
71lOfQBU5JL,2200,1879,04/04c7a74d.jpg
71lav5svX7L,2204,2282,04/04e4880e.jpg
71lhnb1iWpL,1721,1721,04/04a9fb06.jpg
71lqJ10ygLL,2560,1775,04/040aef93.jpg
71lwhARI0VL,2200,1879,04/047a5db9.jpg
71m0WMHaSpL,2200,1879,04/042d9454.jpg
71m9yphl5AL,2200,1879,04/0402cfe3.jpg
71mBS1Phb+L,2547,2547,04/0452372f.jpg
71mDHDCXSeL,1022,925,04/04a2ecbb.jpg
71mDaNxnuyL,2200,1879,04/0475ef64.jpg
71mK4XwVeqL,2200,1879,04/0491d7ce.jpg
71mUhKjEnyL,2200,1879,04/04e3aad9.jpg
71miHheuoVL,2200,1879,04/047c60fc.jpg
71n1NQtnFaL,2200,1879,04/04e1c6c3.jpg
71n2Qd6+DAL,2000,2000,04/04b513b1.jpg
71n5gml8EEL,1000,1000,04/04b6cc4c.jpg
71n8sdzSVML,2088,2088,04/0460272e.jpg
71nEYpeEJ7L,1800,1800,04/04203f4b.jpg
71nSDiCePQL,1000,618,04/04a4598c.jpg
71nTZqFAdFL,803,2560,04/04b48271.jpg
71o3BDTC2wL,2200,1879,04/04abfe60.jpg
71oChYknPtL,894,2308,04/04f33e44.jpg
71oIRxex8kL,1232,2560,04/04106ca4.jpg
71oJBrV8i1L,2200,1879,04/04b05bde.jpg
71oUZwHg0lL,2560,2560,04/045010da.jpg
71oa-Xdub0L,2000,2000,04/04cd5536.jpg
71oePdx4hFL,2200,1879,04/045740c3.jpg
71ohtnlbkTL,2200,1879,04/04c1e7a4.jpg
71owVFFuQkL,2200,1879,04/04be9317.jpg
71p4zssaUeL,2200,1879,04/04fd55c4.jpg
71pJoOyfjkL,2560,630,04/04f16416.jpg
71pKMRsFk6L,1480,1528,04/0486df6e.jpg
71pU0DhkK2L,2160,2160,04/044a0549.jpg
71pVNulIcwL,2200,1879,04/045f8fb4.jpg
71q41kxhP-L,1127,1200,04/045b9481.jpg
71q6v+bGBPL,2200,1879,04/041f6af9.jpg
71qDrhMu4uL,2200,1879,04/044cfb21.jpg
71qL5ZCXZHL,2000,2000,04/044be630.jpg
71qSj3FZOwL,2000,2000,04/04622ecd.jpg
71qU7SxeecL,2200,1879,04/04937866.jpg
71qUTidVutL,2160,2160,04/045c5757.jpg
71qf65Jig5L,2200,1879,04/04f69fd3.jpg
71qgzTDiaiL,2020,2238,04/049d2c9d.jpg
71qnkkqa5dL,2000,2000,04/0433a7f7.jpg
71r-IkI1gZL,2200,1879,04/0404c4c7.jpg
71rCzepZwBL,2200,1879,04/04b44887.jpg
71rMe2W+gFL,2560,2560,04/046cdee9.jpg
71rRfLAfjFL,2114,2114,04/04391679.jpg
71rSemi7I2L,2560,2560,04/04c5c96f.jpg
71rSmnv2f6L,2361,2372,04/041785aa.jpg
71rSpB-efcL,2200,1879,04/04058265.jpg
71rtEUvlW3L,2560,2560,04/04fcb6a1.jpg
71s02bXtLVL,2200,1879,04/0412b54c.jpg
71sMXdUaFML,2560,2560,04/04270408.jpg
71sNMgkv6+L,2200,1879,04/04c9b27c.jpg
71sSeejniRL,1365,2560,04/04b93a85.jpg
71sXKUO6IvL,2239,2560,04/0465755d.jpg
71ss9IAwbJL,2560,1098,04/04f87b88.jpg
71sxI+kLwVL,1200,1200,04/04417c23.jpg
71t881b7mbL,2200,1879,04/04b037cd.jpg
71tHxEHHSiL,2560,2560,04/04790dfd.jpg
71tR6bwRCtL,684,1558,04/048abc4e.jpg
71tXZtdKWLL,2200,1879,04/04ba450f.jpg
71thjqIP52L,2000,2000,04/04a15e89.jpg
71tmeWpMhEL,2000,2000,04/048af3f1.jpg
71tmnUP03WL,1500,1500,04/043a93c0.jpg
71u2TfdIIxL,2200,1879,04/0496ecdc.jpg
71u5+FJTuDL,1383,1383,04/041421ba.jpg
71u8jjiwLCL,1743,1221,04/04dc3c3f.jpg
71uFIVTJnJL,1296,1500,04/048057bf.jpg
71uH4tQ+0rL,2560,2560,04/04da4eff.jpg
71uHyQ93GaL,2200,1879,04/0482535a.jpg
71uRVv5fgqL,2560,2560,04/046f158b.jpg
71uh2feF1VL,2560,988,04/04976f99.jpg
71vF0srOS3L,2200,1879,04/04ca8de4.jpg
71vKqPZJecL,1101,1806,04/04bbae00.jpg
71vcF94ZHwL,1315,1239,04/04d3aa16.jpg
71vw+-pSO+L,1080,1410,04/0409e2b0.jpg
71w+eLZTl8L,2200,1879,04/04df934e.jpg
71w0WgtS4-L,1500,1500,04/043157ee.jpg
71w4qoCk-pL,2200,1879,04/04cb6649.jpg
71w6lwcKhEL,1500,1500,04/0421f48e.jpg
71wDehVEvWL,1001,1001,04/040920ef.jpg
71wEcjKYxfL,1000,1000,04/04f4103f.jpg
71wKKyOSuEL,2076,2560,04/045d5442.jpg
71wU4d3VnIL,2200,1879,04/04bd7713.jpg
71wUG8ZPcNL,2200,1879,04/04938626.jpg
71wsqvWu9VL,1247,2560,04/04af2d72.jpg
71xD+f+9d+L,2200,1879,04/04ff19f0.jpg
71xD6fS2u6L,2560,2560,04/04b728da.jpg
71xI749xg2L,1056,2560,04/04d035c8.jpg
71xSUvz6FdL,2200,1879,04/04186add.jpg
71xTU3g+ReL,2200,1879,04/048e99c4.jpg
71xbexHxawL,2200,1879,04/0454b41a.jpg
71xlOrUL2+L,2200,1879,04/042758a9.jpg
71xm8R7d+8L,2200,1879,04/04a8467d.jpg
71xoov6c-vL,2407,2407,04/04b0a4ca.jpg
71xpHhJ+0lL,2560,982,04/04248e6a.jpg
71xseK8-sML,2200,1879,04/04e9564f.jpg
71y+aOSWgrL,843,2413,04/04fe6489.jpg
71y9Kd4OQ5L,2200,1879,04/0475181c.jpg
71yCcfDkXgL,2200,1879,04/044ebd88.jpg
71yD-7IPg-L,2200,1879,04/044de2ca.jpg
71yRHf3Pc9L,2200,1879,04/04aa9712.jpg
71ytcnIv30L,2000,2000,04/0487a1e2.jpg
71zDDYIWtCL,2200,1879,04/04bbc108.jpg
71zObHnGjQL,2200,1879,04/047db74d.jpg
71zPCI7NODL,2000,2000,04/04eacd72.jpg
71zb3EzzlrL,2200,1879,04/0405c656.jpg
71zkqcD5HFL,2200,1879,04/048b022a.jpg
71zo0M9z-vL,2200,1879,04/040607bc.jpg
71zr1Avln1L,1090,1500,04/04c8a476.jpg
71zy5bzI53L,1435,1400,04/04d5f198.jpg
81+7fpaZoYL,2200,1879,04/042fe2db.jpg
81+Aam-5WBL,1500,1500,04/04c6e452.jpg
81+OVb1UkcL,2560,2560,04/0488347a.jpg
81+gOHW4GhL,2200,1879,04/04b0b813.jpg
81+jEyUnRBL,2560,2560,04/0467891f.jpg
81+lY5dvZCL,2560,1529,04/04ff1aa7.jpg
81+mFeqPcbL,2560,2167,04/04b86ce3.jpg
81+nBWK+qlL,2200,1879,04/0439c42a.jpg
81+u5VQu0AL,2395,1683,04/0484fd01.jpg
81-AwHF5HJL,2200,1879,04/0408d4e9.jpg
81-LNMX01aL,1104,2560,04/040e0b02.jpg
81-ZBgReGuL,1173,2560,04/04ac5e6a.jpg
81-bI0kmABL,2200,1879,04/04934e44.jpg
81-rmGFnURL,2200,1879,04/04b74f28.jpg
810TFMVH23L,2000,2000,04/04421eea.jpg
810WDSfrD3L,2560,1969,04/049bafe4.jpg
8111RgZ+K8L,2560,1736,04/040a5dcb.jpg
811Qh8mx8OL,1367,1343,04/04c2d7b2.jpg
811RlppfIzL,2200,1879,04/04a0e767.jpg
811dRIU5CwL,1515,2560,04/04d0aeab.jpg
811ktLORN4L,2200,1879,04/04815eab.jpg
812yFu-kLNL,2560,1969,04/042bfc14.jpg
813vAznwu2L,2000,2000,04/04d91d32.jpg
813wR88Y7WL,2560,2560,04/0467cef1.jpg
814Qhs-DNWL,2560,2560,04/04cafbd1.jpg
814V+WZ4GHL,2200,1879,04/0442eead.jpg
814aFdk+J3L,1597,2560,04/049f5b8d.jpg
814iCxBoixL,2560,2560,04/042a9c11.jpg
814n-yBbuOL,2560,1368,04/04e49ae6.jpg
814skFJRdPL,2560,1969,04/04f40f78.jpg
815CIpqMHwL,2200,1879,04/0477f0ae.jpg
815LgeNfSTL,2500,1346,04/040e2a09.jpg
815UrhvjKeL,2560,2560,04/0489eda2.jpg
815atHMVZ8L,2560,2560,04/047c2020.jpg
815pB4ZHFaL,1920,2560,04/04f045bd.jpg
8161wfQhdmL,2278,2361,04/049c0d6f.jpg
816K1RUjc6L,2099,2560,04/047798c7.jpg
816UVRObA4L,2560,2560,04/04d65c99.jpg
816UltTQDPL,2560,2560,04/04e47deb.jpg
816rBjOVFoL,1500,1500,04/045e6cb4.jpg
816t1Dx4EjL,2560,2560,04/04b06a2a.jpg
817byiqCoZL,2200,1879,04/04bba7fb.jpg
818+8HdztdL,2000,2000,04/04f85962.jpg
818HunxFroL,1707,2560,04/04a29959.jpg
818SW47XWoL,2560,2560,04/04cd32c4.jpg
818XeFNMn3L,1673,2398,04/0423fd11.jpg
818c256XN9L,2200,1879,04/04d67e43.jpg
818m9Rsu2NL,2054,1760,04/048d029a.jpg
819-m0lvStL,1487,1754,04/04cf76f9.jpg
819G07qaxuL,2208,2560,04/04001e45.jpg
819K5dSk3tL,2304,2428,04/04b8b178.jpg
819NqtxFlBL,2200,1879,04/0478b6e5.jpg
819TDCDrQqL,2495,2560,04/041979ee.jpg
819XXBWuMaL,2500,2500,04/044f4d3b.jpg
819v96lNDIL,2000,2000,04/04b7af08.jpg
819wmzLg6hL,2200,1879,04/0419d8b7.jpg
81A03Scyr0L,2560,2302,04/04093f13.jpg
81A9v3Gt5xL,2560,2560,04/04511b4b.jpg
81AIfqavqEL,2560,1970,04/0421d793.jpg
81AKVZHH-TL,2200,1879,04/04baa873.jpg
81ASdUcPK2L,2413,2413,04/04d463cc.jpg
81Ajo5MGcsL,1500,1500,04/041b46a6.jpg
81AkTIooY8L,2000,2000,04/0483a92b.jpg
81Aq+b5iM2L,2000,2000,04/04141c50.jpg
81Aq9sXfuKL,2560,1280,04/04bbdcfa.jpg
81AwiVqT+uL,2200,1879,04/042827d5.jpg
81B2-PyPDDL,1050,2560,04/0452c9a2.jpg
81B7b11JeyL,1987,2560,04/0433791e.jpg
81B9NpN9jEL,2200,1879,04/04cb24ce.jpg
81BF9U2MwRL,2300,2300,04/049da826.jpg
81BGtel8fVL,2200,1879,04/0416753a.jpg
81BeIIPBIZL,1253,2533,04/044a372d.jpg
81BgUSsBl1L,931,2560,04/0419a522.jpg
81BkPrrRtCL,2267,2560,04/045c688b.jpg
81BsirU3eRL,2200,1879,04/04301221.jpg
81C-DJFrWmL,2000,2000,04/04852e03.jpg
81CM7TwLnyL,1911,2560,04/0493a072.jpg
81COw6E9cuL,906,2560,04/0454cee9.jpg
81CSuxDTReL,2560,2560,04/043d23ae.jpg
81CVeAbi1wL,1863,1863,04/04102270.jpg
81CVosqai2L,936,2560,04/04e2dc9d.jpg
81CbzF+7+pL,2560,2560,04/049ba6c9.jpg
81CjHzDS+zL,684,2500,04/04643b34.jpg
81CpwbSPHIL,2200,1879,04/0476eb61.jpg
81CwE0lK3vL,2000,2000,04/043749b3.jpg
81D-spZZxDL,2200,1879,04/04f4e55c.jpg
81D3V9VU1rL,2560,2560,04/047882dd.jpg
81D4O14eyjL,2200,1879,04/04c5230a.jpg
81D8E7x6JRL,2200,1879,04/04afe9b4.jpg
81DOyoRzyhL,2200,1879,04/04d94bdf.jpg
81DUuL1iavL,2200,1879,04/04cb5321.jpg
81Dgsgh7ZGL,1500,1500,04/04580731.jpg
81Do0AveBwL,2500,2500,04/041ba11f.jpg
81Dr2SonnyL,2280,2514,04/04e2d77c.jpg
81E0wHvNzpL,2000,2000,04/0490bb36.jpg
81Ed4y-cX3L,2090,707,04/040cf17d.jpg
81EeQyxbMUL,2200,1879,04/04ec970b.jpg
81Envwls3CL,2200,1879,04/045c1bee.jpg
81Eos5GuonL,2327,2560,04/04e26a37.jpg
81ErV2pzAbL,1012,2560,04/048af5b4.jpg
81EviMFdrvL,2200,1879,04/042c5a55.jpg
81FDvCMpcmL,2000,2000,04/04275037.jpg
81FakpRYh2L,2560,2560,04/040f831e.jpg
81Fw7JLG4cL,1190,2560,04/048f0373.jpg
81FzB2hy04L,1947,2560,04/04d02da1.jpg
81GEMdwsdQL,2560,2293,04/040374c5.jpg
81GJJ-G3ozL,2200,1879,04/04c8147f.jpg
81GLZqHwv7L,1492,1500,04/04f099d9.jpg
81GWtkgtGeL,2560,2560,04/048e13b9.jpg
81GbWlKxUBL,2179,2560,04/04f809e9.jpg
81GkS8FYVmL,2000,2000,04/0446fb17.jpg
81H4nQOmIJL,914,2495,04/04260851.jpg
81HcVo8Pq8L,1817,2560,04/04c33309.jpg
81HhA5u6XfL,2200,1879,04/04d76e89.jpg
81HioANIlNL,2500,1750,04/04f6b9e5.jpg
81I960tE2GL,2560,2560,04/0498a260.jpg
81IAi5DA8YS,2422,2500,04/043763a5.jpg
81IBfu3dMYL,2200,1879,04/040ae0a6.jpg
81IOmWHu42L,2200,1879,04/04227559.jpg
81IRXjeaSIL,2560,2560,04/041d9bb9.jpg
81IRpzGpVuL,1254,2560,04/040d6063.jpg
81IbSRJSMvL,2200,1879,04/04b93c1d.jpg
81IqsjlruVL,2200,1879,04/042efc2c.jpg
81ItqUsOvkL,1891,1803,04/04d99ea6.jpg
81JA+FetZ7L,2200,1879,04/0468aa02.jpg
81JLDCAliBL,2560,1252,04/04426fc3.jpg
81JhEBlOAhL,2200,1879,04/04701998.jpg
81JjDHyUXeL,2560,2560,04/04fbca65.jpg
81JqNFjNSTL,2560,2560,04/04718c89.jpg
81JrTNyBjLL,1706,2560,04/0466e9ce.jpg
81K14KkdzPL,2200,1879,04/0464a71d.jpg
81KBWhQ5yCL,2200,1879,04/04e1fe29.jpg
81KGtHndAJL,2000,2000,04/04372e92.jpg
81KIYpvz9rL,2560,1073,04/04d95f49.jpg
81KV0W3ZceL,2200,1879,04/041e9317.jpg
81KsheHcFeL,2000,2000,04/0418867a.jpg
81L3bOBtk+L,1500,1500,04/04bda833.jpg
81L5nWFh4cL,2200,1879,04/04328157.jpg
81LKdlGmSvL,1203,2526,04/043cebf7.jpg
81LWnGrqMnL,1169,2560,04/04b1ab60.jpg
81Lo4y4drES,2001,2500,04/04347345.jpg
81Lp+ZNFujL,2560,2151,04/047d8f86.jpg
81LzgL0SzML,2200,1879,04/04558b98.jpg
81M-2lTjJ4L,2200,1879,04/043c2298.jpg
81M1uMDzbgL,2200,1879,04/047774a1.jpg
81MBPz0iYvL,2560,2560,04/04416f97.jpg
81MER-nsThL,1818,2378,04/042cbcfd.jpg
81MTwuv2IgL,2422,2560,04/04b0b820.jpg
81MVk2m9sXL,1707,2560,04/042b98dc.jpg
81MY-rqreFL,2200,1879,04/048edcd3.jpg
81MhA12x+eL,2560,1707,04/04a414bd.jpg
81MpXtY-bML,2000,2000,04/04a90692.jpg
81N1XD23RdL,2560,1173,04/04816c2e.jpg
81NOlr5HUTL,2560,2560,04/04c50ddb.jpg
81NYXWAPUpL,2200,1879,04/04022039.jpg
81NbXA7eXcL,2200,1879,04/04c92299.jpg
81NrqzkMmuL,2200,1879,04/049ef9b2.jpg
81NsrjnpC3L,2500,1553,04/0476289e.jpg
81OJN4mGBPL,2560,2119,04/047f0df9.jpg
81OPP0mwyeL,2560,2560,04/04281273.jpg
81OPWV0xRjL,1707,2560,04/04977b86.jpg
81OQg3YQ9IL,1708,2499,04/043fd8be.jpg
81OVRjS6j5L,2560,2342,04/04b1044f.jpg
81OeouT-v+L,2200,1879,04/04d652fb.jpg
81Oky6hiONL,2200,1879,04/04e72e46.jpg
81OyCeMl+IL,2200,1879,04/041b608d.jpg
81P4BTTBYAL,2000,2000,04/04a9b81d.jpg
81PJQC1IHsL,2560,2560,04/04f22f59.jpg
81PZxy+KBqL,2200,1879,04/04dab650.jpg
81PhuxFxfeL,2560,2560,04/045194d6.jpg
81PkNFlylwL,2226,2226,04/0497780b.jpg
81Pp-KYkKzL,2560,2560,04/0498e077.jpg
81Q4GdkSTQL,2560,1580,04/04581ef3.jpg
81QElUAShgL,1185,2560,04/04fb1dee.jpg
81QH+MWeyFL,2200,1879,04/04edd176.jpg
81QYwuQC2PL,2560,2560,04/0461a576.jpg
81QaovhYXXL,1246,2560,04/04d7b478.jpg
81RA-tFIP0L,2560,1329,04/04404c04.jpg
81RA6AidctL,2500,1377,04/04cecd77.jpg
81Rc5rsfSvL,1254,2560,04/049926ba.jpg
81ReoDuNwZL,2560,1920,04/0465e25a.jpg
81RqRFs6kPL,1892,2560,04/04d98164.jpg
81RruNelF9L,2560,2560,04/041531bc.jpg
81RuKafrXGL,1563,2560,04/0473c225.jpg
81SNuBx3lmL,2200,1879,04/0495d78b.jpg
81SjhNkB5tL,2560,1970,04/047b90e3.jpg
81Skac-GLXL,2200,1879,04/0442c7e7.jpg
81Sx7UoAy0L,2560,2560,04/049c5998.jpg
81SyOP4464L,2540,2540,04/04bcc58a.jpg
81TIWeJrGpL,2200,1879,04/04ec962b.jpg
81TJuZmuhqL,1978,2560,04/04b9bc7f.jpg
81UBe5o0C3L,2435,2560,04/04357843.jpg
81UE+cLBa4L,2560,2560,04/04a7e76a.jpg
81UZCwjNNdL,2200,1879,04/047e180b.jpg
81UZeSHy7+L,1321,2560,04/045bbf30.jpg
81UaKBN2jAL,2200,1879,04/0436d628.jpg
81UePUnBtHL,2560,2560,04/04acd0cf.jpg
81V+TP1O9lL,2282,2400,04/04a25102.jpg
81VCirXLdfL,1920,2560,04/04c7142e.jpg
81VRTsB8dlL,2200,1879,04/04544ebf.jpg
81VdYJ8ICaL,1694,1519,04/0465a84a.jpg
81Vl-a5zF2L,2200,1879,04/0407d133.jpg
81WJqNTz47L,2560,2004,04/044d5130.jpg
81WPaoxNQsL,2560,1426,04/04427166.jpg
81WUSnCgyNL,2306,2005,04/04ed2c75.jpg
81WaUqZ8PML,2500,1242,04/0491356e.jpg
81WdKZXEIsL,2560,1969,04/04193f73.jpg
81X19cXzxXL,1631,2560,04/048d12b8.jpg
81X95+eDHbL,2560,1624,04/040ac99b.jpg
81XCEejP0DL,1295,2500,04/0466fd14.jpg
81XEgAInzfL,2560,1183,04/048fa4c1.jpg
81XN1OcoZrL,2200,1879,04/04c83a86.jpg
81XkvJjEUTL,2559,2560,04/0457e15f.jpg
81XpKP0dVGL,2200,1879,04/04e24826.jpg
81Y0v9eQm+L,2560,1969,04/04298ca4.jpg
81Y1QxCgFoL,2560,2191,04/04a1584c.jpg
81Y2ICyRzxL,1864,1864,04/04d6f791.jpg
81YYIlWnQNL,2200,1879,04/04fbc4a2.jpg
81Ygp+5Sr-L,1216,2470,04/04ac7c8a.jpg
81YiwzxLnrL,2200,1879,04/049ddedc.jpg
81YnaHHmfdL,2560,2560,04/04b67bcd.jpg
81YqZtgClwL,1742,1981,04/04c6be5a.jpg
81YsKBn45aL,1362,2560,04/04152f12.jpg
81YxzI0+sfL,2560,1707,04/04d7f893.jpg
81YyqG6MVWL,2200,1879,04/0428c6b3.jpg
81ZDWMBKNyL,2200,1879,04/04918dc1.jpg
81ZL0XZrkaL,1500,1500,04/04ccfa92.jpg
81ZU4C2WBVL,2020,2050,04/048af820.jpg
81Za4NJ9+vL,2200,1879,04/04772c34.jpg
81ZaN8mdVsL,985,2560,04/046ebe29.jpg
81ZrfqzIzzL,2560,2560,04/0424a0ca.jpg
81ZsJPNm6IL,2560,2560,04/042b9c81.jpg
81aFPlkR0UL,1687,1028,04/0489269e.jpg
81aObMQCGBL,2560,2423,04/048f4790.jpg
81aX0XCGIlL,2200,1879,04/04314638.jpg
81aXr2lcriL,2000,2000,04/0414c683.jpg
81af+WO2pmL,2560,2560,04/04d794a8.jpg
81aiwys8mUL,2200,1879,04/04feac1a.jpg
81b6oh5u-iL,1859,2560,04/04e09869.jpg
81bFkc2GGsL,2560,1151,04/0490bcbb.jpg
81bGGRn793L,1542,2560,04/048a3053.jpg
81bHYwtuERL,1875,2530,04/04a0237e.jpg
81bQcQn-KQL,2200,1879,04/0415dd61.jpg
81bhfXi8XSL,2200,1879,04/041a475f.jpg
81biufI7n8L,1416,1500,04/04abd797.jpg
81bovqTeO0L,2560,1970,04/0408e9f9.jpg
81buHxXSjlL,2100,2100,04/042df459.jpg
81bxWK2NWPL,2560,1969,04/04f58861.jpg
81c-94gQtqL,2560,1786,04/04444fc8.jpg
81cUYdxZ7sL,1872,2560,04/042880d8.jpg
81cZt5NYFZL,883,2560,04/048f7819.jpg
81cv6MZawgL,2200,1879,04/04c41fb7.jpg
81cywSmNtmL,2400,2400,04/0485a912.jpg
81dEPg8+8gL,1360,1632,04/0435f245.jpg
81dO5CFCNqL,1969,2560,04/0419224e.jpg
81dV8nIudHL,1854,2560,04/04c847d4.jpg
81dYykxAGsL,2200,1879,04/048359e4.jpg
81ddFbO3TyL,2560,2560,04/04e82543.jpg
81djCDqHpbL,1425,2052,04/04c1aea8.jpg
81dqErLFJWL,2560,2001,04/04738fda.jpg
81e+RJa4WzL,1500,1500,04/0408bc76.jpg
81e37xu8AXL,2200,1879,04/0454d1c1.jpg
81eZa4XgOYL,2000,2000,04/04e0b27a.jpg
81enEJzELgL,2000,2000,04/041a5156.jpg
81er-E1W3jL,2200,1879,04/04a7674f.jpg
81f54qUxMqL,2200,1879,04/049467db.jpg
81f69DDgp-L,1054,2560,04/04e968dd.jpg
81f8vrV4b2L,2560,2560,04/04743e1f.jpg
81fLjrj2x6L,1104,2333,04/04f69915.jpg
81fM3SPk8tL,2560,2560,04/040e177c.jpg
81g-HBZpS3L,2287,988,04/044db513.jpg
81gA9ABVZ0L,2560,2560,04/040896b6.jpg
81gRYLNdZtL,2560,2560,04/0408016e.jpg
81gmzxS94wL,1148,2560,04/0459624f.jpg
81gsX-eCSmL,2200,1879,04/04b2cc4a.jpg
81gugjJpuCL,2200,1879,04/04346815.jpg
81hI8M4fZSL,2000,2000,04/04f1753c.jpg
81hSshrYkXL,2000,2000,04/04535e4c.jpg
81hspm5RJ2L,2560,2560,04/046a005f.jpg
81iZyZ8uNOL,2000,2000,04/04e487b1.jpg
81ilKWTkbtL,2200,1879,04/04c8ac56.jpg
81j5oWMVZ6L,2200,1879,04/049130e5.jpg
81jDyMQbyXL,2200,1879,04/0446d375.jpg
81kAgcAbTcL,2560,1374,04/0431023f.jpg
81kIKBAHYlL,2200,1879,04/04d22a5b.jpg
81kMs0ZhcuL,1108,2560,04/04e83dda.jpg
81kXNIEHbNL,2560,1969,04/040879f0.jpg
81kiPxmr5KL,1560,1931,04/0494fc83.jpg
81ku488gemL,2200,1879,04/0493e42f.jpg
81l1LjFsOPL,2200,1879,04/04def9ea.jpg
81lTcY6Q5jL,2560,2560,04/0430c7c1.jpg
81lgyx7jEBL,2200,1879,04/043f6869.jpg
81lhiMmpb3L,2560,1699,04/0401e1aa.jpg
81loOjWc8gL,1500,1500,04/04da1e3a.jpg
81lp2gsmtqL,1885,2560,04/04e21e7a.jpg
81m-heO1qSL,2000,2001,04/04bff218.jpg
81m2KESS1DL,1707,2560,04/04acd543.jpg
81m3QnEMSlL,2000,2000,04/040b566a.jpg
81m4PMPfFPL,2000,2000,04/04495964.jpg
81m7l16KljL,1768,2560,04/0478b11e.jpg
81mLNlnpH3L,2560,585,04/04e7ecaf.jpg
81mXG2eXvUL,2559,2560,04/04b0db48.jpg
81mYe7YgZrL,2125,2208,04/048681ff.jpg
81mYnf6pYAL,2560,1448,04/04ae60f2.jpg
81mrsGWZZFL,2434,1953,04/049d6f41.jpg
81n2CShV4JL,1500,1500,04/04f2c830.jpg
81n5Neo4UjL,2200,1879,04/0420c91a.jpg
81nE+cy6hLL,1300,1300,04/042982b4.jpg
81nEEe0i1sL,2200,1879,04/04d5cbe3.jpg
81nMjaFpv3L,2481,2481,04/04e77ddb.jpg
81nN1JkI4-L,2560,1210,04/0479ff78.jpg
81nQlBG3NnL,1961,2560,04/04183f14.jpg
81nR6JWmIdL,2560,2560,04/04fac021.jpg
81nsHV25mvL,2200,1879,04/042aa9b7.jpg
81o5TEZJWgL,2560,1970,04/0484d1a1.jpg
81oMkpUPndL,2560,1698,04/04b8fcbe.jpg
81oc6Fe7ptL,2000,2000,04/042b7b9b.jpg
81oct5RNPzL,2500,2500,04/04e7dc58.jpg
81pA2jbxCxL,1500,1500,04/04f122eb.jpg
81pDOJ44bML,2200,1879,04/04722bc3.jpg
81pWJEgNSwL,1121,1121,04/04c37bfb.jpg
81pZgmqM--L,982,2559,04/04dba039.jpg
81pfNpVPcvL,2560,1060,04/04bd2c25.jpg
81pp5ARexXL,2136,2136,04/046e7b9b.jpg
81ppRRj3ZzL,2560,1383,04/040baf8f.jpg
81qQ1Xtdi2L,1111,1500,04/04510e3f.jpg
81qbMBtzw5L,2200,1879,04/04ab483b.jpg
81qd-zDkTEL,1496,1961,04/042bf9a1.jpg
81qtatO8bAL,2560,1969,04/04ed800e.jpg
81rbLMc0ZYL,2000,2000,04/04710e76.jpg
81rg+PlGdnL,804,2113,04/04eb26ee.jpg
81rjoXNHvBL,2000,2000,04/04ed3295.jpg
81rkdsaF6PL,2446,2560,04/0464f77f.jpg
81rr0sWhR1L,2400,2400,04/04807872.jpg
81rukqDF7SL,2560,2560,04/04d136a9.jpg
81sCRYMcL-L,704,2560,04/0489c101.jpg
81sFw3UEcUL,2200,1879,04/04bbd253.jpg
81sLA2xO9NL,2560,2560,04/04d8bf26.jpg
81scf8M09jL,2560,1667,04/04b19428.jpg
81sco4J3GEL,2500,2500,04/04817675.jpg
81ssng09BAL,2000,2000,04/0423db06.jpg
81t9zMQDz6L,2560,1813,04/04ba6eab.jpg
81tIargM8sL,2200,1879,04/0440a278.jpg
81td+u2HzgL,2560,1191,04/042a99f2.jpg
81trPxN4OSL,1059,2560,04/04d7063c.jpg
81trwzMiAEL,2560,1855,04/0466b4cd.jpg
81u303IHxrL,2200,1879,04/04ba3bc7.jpg
81u7Xg6SgOL,2200,1879,04/046bcbcd.jpg
81uGyvONhZL,2200,1879,04/0434e03f.jpg
81ulWYyV6YL,2560,1107,04/046eba74.jpg
81v+TjlrcwL,1570,2560,04/048b63f9.jpg
81vKDUEl7mL,2200,1879,04/04752d5c.jpg
81vOxYHo1+L,2200,1879,04/04411956.jpg
81vUMXFPKZL,2488,2560,04/048a3681.jpg
81vXeMXy2VL,2200,1879,04/04eaffd5.jpg
81vgKVXo3sL,2200,1879,04/04c9150f.jpg
81vpgvM+KCL,2200,1879,04/046f02b1.jpg
81vus1Os+RL,2560,2251,04/04c0224b.jpg
81w1Ue+OTaL,2560,2560,04/04744cd4.jpg
81w4qG1Z9PL,2000,2000,04/04d8fca7.jpg
81w55JxSTaL,1454,2512,04/041f14d1.jpg
81wDIAauzfL,2560,1969,04/043bbb53.jpg
81wFnnGfUkL,2560,1124,04/048836e1.jpg
81wUr-xMtSL,2500,1270,04/046c7f14.jpg
81wWIfoJlzL,2560,908,04/0438ae91.jpg
81weQBk7dsL,2200,1879,04/04b48d5c.jpg
81wji-g9OQL,2105,1579,04/047f6108.jpg
81wrnVlO-AL,2519,2560,04/04bb22e5.jpg
81wy091HQ8L,2200,1879,04/04a85753.jpg
81x-EgL87VL,2200,1879,04/041b2b74.jpg
81xDuwNsANL,1600,1600,04/04250dec.jpg
81xQWYQo3NL,2200,1879,04/04499f42.jpg
81xUjJNSRAL,2560,1866,04/04349ff7.jpg
81xlqJpQygL,1263,2560,04/04b34119.jpg
81y27-qg-fL,2560,1969,04/043a3a7a.jpg
81yHmP6uiGL,2200,1879,04/049b32cd.jpg
81yMYoB7L9L,2200,1879,04/04f245f1.jpg
81ySmTK6PeL,2200,1879,04/0497a6ab.jpg
81yUsyp6BFL,2200,1879,04/0455b095.jpg
81yafLkqyBL,2200,1879,04/042bf46b.jpg
81yzSBb88PL,900,2560,04/043761b3.jpg
81zBt8Kyt6L,2200,1879,04/040b63fb.jpg
81zKL18wTdL,2200,1879,04/0497ee44.jpg
81zWVlfZvGL,2200,1879,04/04418e89.jpg
91+A5lHy21L,2560,2560,04/0472ea90.jpg
91+LWwYgNiL,2560,2240,04/04195f9b.jpg
91+MrfncpIL,2560,2304,04/044e00d1.jpg
91+nRQmpJRL,2447,2447,04/0497ea76.jpg
91+vmGf-FmL,2270,2270,04/0463b625.jpg
91-nVEoAG6L,2238,2560,04/043e1f73.jpg
9105Qq9gMBL,2560,2560,04/04cde78a.jpg
910Ah5SK35L,2560,2560,04/04b6761b.jpg
910n9J8921L,2560,2560,04/04d5be44.jpg
911LdCsIZNL,2000,2000,04/045c2eae.jpg
912DYVBr7FL,2560,2560,04/04f732e2.jpg
91322ZcP3oL,2560,2560,04/04a5a08d.jpg
91332Nt8RTL,1237,2560,04/046e2829.jpg
913g2Wz6JqL,2560,2560,04/04b5979f.jpg
914CyIVkW1L,2559,2560,04/04649fce.jpg
915OeIa2OTL,2560,2560,04/04b5ae9f.jpg
915h5xfDU7L,2560,2560,04/048af94c.jpg
916KIAsvz0L,1857,2560,04/0465cce5.jpg
916hhHcF55L,2250,2250,04/04e6f8e6.jpg
916v5zR5hpL,2559,2560,04/0422bbde.jpg
91767VMaX-L,2560,2560,04/041ee3c5.jpg
918AfDF1kwL,2560,2560,04/04707953.jpg
918uZ4xWK0L,2551,2551,04/04173a0c.jpg
918zNh-HkAL,894,2560,04/046c6822.jpg
91A6sFwhe1L,2030,2560,04/042867c0.jpg
91AiiN5Bp2L,2560,1969,04/040e495e.jpg
91BO+f7tW8L,2560,2560,04/04c120fd.jpg
91BgalEsHeL,2560,2560,04/04565076.jpg
91CA9Pud25S,2126,2464,04/042903c8.jpg
91CCsn-M50L,2560,2560,04/042d2886.jpg
91CTWnhHMHL,2560,2560,04/045b74dc.jpg
91DS9Im4ptL,2560,2560,04/046e44c6.jpg
91DYmmMD0hL,2175,1525,04/044a6f2c.jpg
91EYon3bD1L,2560,2560,04/0403be10.jpg
91F-GgYD5lL,2560,2560,04/04251db0.jpg
91F57c-aHAL,2560,2560,04/04b099e0.jpg
91GQP10K0yL,1540,2500,04/0400022f.jpg
91GTeOyBFIL,2560,2560,04/04463955.jpg
91IXaDnvxUL,1171,2560,04/04e3d4e7.jpg
91IhX3747-L,2560,2560,04/047efc92.jpg
91JG45-4qML,2560,2539,04/04bd3050.jpg
91JLihjEAGL,2560,1906,04/04920b95.jpg
91Jwxp0eGiL,2560,2560,04/04877386.jpg
91KR5fiCuBL,2137,2137,04/0420e326.jpg
91KaM87jDHL,2560,2560,04/04ac20e6.jpg
91KmfiMSOTL,1579,2318,04/045a7940.jpg
91MBtmSyNGL,2166,2166,04/04b39793.jpg
91McHw+YCCL,2216,2560,04/0482910d.jpg
91MeKBWyo7L,1395,2560,04/04ab5533.jpg
91MunfIXfsL,2011,2257,04/04969813.jpg
91N2GD5oF4L,2560,2560,04/042e1489.jpg
91ORK4FICiL,2341,2341,04/0499a4e6.jpg
91OmxWcqSmL,2560,2560,04/0443c8f8.jpg
91PLd0BhXNL,2000,2000,04/0418e531.jpg
91Pxuf-CprL,1839,1839,04/04115320.jpg
91Q77qmVIqL,2560,2560,04/04662b16.jpg
91QjeVWpjwL,2560,2090,04/04bd1f44.jpg
91QrZpdJNzL,2560,1918,04/0407bca2.jpg
91RMhMQqpXL,2000,2000,04/0409da9b.jpg
91RSczLPtPL,1441,2560,04/0406e3c7.jpg
91SKY0gX1UL,2560,2560,04/04a9b25d.jpg
91SU0rOlKAL,2560,1795,04/0452d860.jpg
91SVQExV-6L,2560,1970,04/045e08d7.jpg
91SsF+UIi7L,2518,2518,04/0456bc49.jpg
91SuDK9B0SL,2225,1479,04/04649d33.jpg
91T3+SkB7kL,2200,1879,04/04ff6b07.jpg
91T4VnK4BXL,2531,2560,04/0488331f.jpg
91T9omhK8tL,1877,1877,04/0454e838.jpg
91TTjw-xE-L,2347,2267,04/042230de.jpg
91TXnH3trrL,2560,1970,04/040e33c6.jpg
91UlXJxdzjL,2560,1405,04/0432a84d.jpg
91Uzi-1dacS,2029,2500,04/04616b5e.jpg
91VLnx7miVL,1534,2560,04/04fae5b6.jpg
91Vd4neBJZL,2000,2000,04/042096b4.jpg
91VrbbgDc1L,2560,2560,04/044b81a2.jpg
91WVzDmMfML,2560,2406,04/0476d67d.jpg
91WYLUUcUpL,2560,1804,04/043f8894.jpg
91Wg+PFZMZL,2559,2560,04/04b62701.jpg
91Wp2SFI-yL,2560,1969,04/04cd81d7.jpg
91WuhFiISNL,2393,2560,04/04fc9ef8.jpg
91YFAALFiGL,2560,2560,04/048335d4.jpg
91YGwKo2SXL,2560,1970,04/04bfbbf9.jpg
91aQfMzzB1L,2560,2560,04/047428f0.jpg
91aVF+VFcXL,2421,2421,04/04541ab5.jpg
91ac0lGYgnL,2560,1516,04/04bca03e.jpg
91aff47rSuL,1900,2560,04/04df9153.jpg
91bjI+3TAzL,2560,2559,04/04820ad5.jpg
91c1VZjijzL,1730,2560,04/04773555.jpg
91c7LWIpz7L,2560,2560,04/04b0e8e0.jpg
91dMm-MohCL,2560,2102,04/04940901.jpg
91dd1ss9zVL,2491,2491,04/046f6e48.jpg
91dhZShiuPL,2176,2560,04/04304a99.jpg
91dw+KQkHUL,2560,1969,04/0437a5b6.jpg
91e1d3rb9SL,2560,1707,04/0417bccc.jpg
91ePJ+t66fL,2560,2560,04/0486892e.jpg
91gV3p-0HKL,1418,2560,04/0401452d.jpg
91gle34q+BL,1541,2560,04/04bfbfeb.jpg
91hRnTJC4KL,2560,2560,04/04e40c79.jpg
91ipzWwCWyL,2560,2560,04/046cc1af.jpg
91jB3v6loqL,2560,2176,04/047e98c5.jpg
91jWsSJ8UXL,2560,1386,04/04f72c0c.jpg
91jet8SJLOL,1893,2560,04/0439e894.jpg
91jwNoLANiL,2226,2560,04/0407690c.jpg
91kPd1VoCcL,2560,2560,04/049b8f71.jpg
91kYFM0Fc8L,2560,2560,04/04c88f4a.jpg
91lJO4Xp4zL,1426,2560,04/049f0d3a.jpg
91lhV9UdGTL,2560,1969,04/042efaf8.jpg
91lup2Tx7WL,2560,2560,04/048e90d8.jpg
91mSLiauEFL,2560,1969,04/047d721b.jpg
91mXL38Xv4L,2560,2560,04/04d5d8f8.jpg
91n2vyCXs4L,2560,2560,04/042c8817.jpg
91n6uylWhUL,2557,2560,04/0403672f.jpg
91nM1yV1sQL,2560,1597,04/047537eb.jpg
91nOvjBxBvL,2560,2321,04/04521d47.jpg
91nvPbwjbUL,2560,2560,04/045f824e.jpg
91ny3k748aL,2442,2560,04/04de5e11.jpg
91o29pnsIoL,1869,2560,04/040c6ba3.jpg
91oVxph6bcL,2560,2477,04/0441d5b6.jpg
91qqRu2ck1L,2560,1969,04/046e7f5c.jpg
91quLzVuL7L,2560,2560,04/045af110.jpg
91rEl5ZMRyL,2560,1969,04/045f1234.jpg
91rGafmTs5L,2475,2560,04/0420d081.jpg
91rHtpCE9LL,2560,1856,04/048f3156.jpg
91rPF-hf0pL,2560,2263,04/0441d663.jpg
91rQv0IC5cL,2560,2560,04/04548a85.jpg
91rmWOWhv8L,2560,2560,04/04a79116.jpg
91sSdGhVtSL,2560,2560,04/04d468b8.jpg
91tBUjQwZxL,1357,2560,04/040c1108.jpg
91tY4kq+j7L,2560,2142,04/0448514c.jpg
91tmMh1ANSL,2560,1672,04/047a1197.jpg
91u2zJs+g5L,2560,2320,04/04da5aae.jpg
91uSwWOLJgL,1932,2000,04/04e35eab.jpg
91uZjvUXtiL,2560,1766,04/042ed263.jpg
91uwqsO3w0L,2560,2560,04/048d6159.jpg
91vJQX9yhBL,2560,2304,04/0459abb3.jpg
91vNEh-yyLL,2559,2560,04/04fdb6c8.jpg
91vNPbpIwTL,2017,2560,04/04657e73.jpg
91vS9Wqm9VL,2560,1908,04/04304996.jpg
91wwrGHalML,2560,2560,04/044f7ca9.jpg
91wxG6Uau3L,1130,2560,04/04bc041d.jpg
91y4LAN77nL,2400,2400,04/04fee856.jpg
91yMKHb-3nL,1996,2560,04/040f2312.jpg
91z9oWAnOYL,2560,2560,04/04351089.jpg
91zGJU0T3rL,1339,2560,04/04f761cb.jpg
91zSRIQNyuL,2250,2250,04/04ca4ece.jpg
91zpLWVE3sL,2194,2560,04/041397d8.jpg
A1+0KyKQcbL,2560,2560,04/043af817.jpg
A1+vI9W8PpL,2354,2560,04/04805490.jpg
A1-FSszPZIL,2560,2560,04/040e88e7.jpg
A1-OSkckF0L,2560,2560,04/0440bb8b.jpg
A10+bOZIzOL,2560,1947,04/04062c8c.jpg
A1043ReYv6L,2560,2560,04/042eb4a6.jpg
A11fpPmAhZL,2560,2560,04/043b74c7.jpg
A12J7NlM+gL,2560,2560,04/046dc2f8.jpg
A173AsxmP-L,2560,2560,04/0491fddf.jpg
A17wKpFevrL,2560,2560,04/04d1c323.jpg
A18UVlEo3oL,2560,2560,04/0406732b.jpg
A18b+XAliiL,2560,2560,04/04607e36.jpg
A194ZKG0s-L,2560,2560,04/04868de6.jpg
A19URY9yg0L,2560,2560,04/040d0648.jpg
A1BbC-XX6UL,2560,2021,04/045a34be.jpg
A1CVjhglKLL,2420,2560,04/04ee0cb8.jpg
A1DhD1GvaaL,2560,2035,04/041c3676.jpg
A1HH9j15kCL,2560,2560,04/04bcb2a4.jpg
A1HHc4w2CFL,2560,2560,04/0493b06c.jpg
A1HrLphfSjL,2560,2560,04/046dc4f4.jpg
A1I5MqSCB2L,2560,2560,04/04edeaa4.jpg
A1Pq0fmzMrL,2560,2082,04/0439bfe0.jpg
A1W3hi0zzIL,2560,1640,04/04a5f7ee.jpg
A1WewLRlZ+L,2500,2500,04/0451e601.jpg
A1YwRJDiWZL,2560,2560,04/042e2635.jpg
A1ZEH+SDKoL,2560,2560,04/0445c613.jpg
A1a45t7kFGL,2560,2560,04/04e5173b.jpg
A1aqd3WKBML,2560,2560,04/041a2e0c.jpg
A1cK9-eQgyL,2560,2315,04/04fd65a9.jpg
A1dSA4vbNoL,2560,2560,04/04173b9b.jpg
A1ecXEEK16L,2560,2560,04/04d71e43.jpg
A1g3SVxp3PL,2560,2560,04/040dfc78.jpg
A1gJH6+-LiL,2560,2560,04/048d9832.jpg
A1hUHXRce8L,2020,2020,04/04d21595.jpg
A1hnA7PJjNL,2560,2560,04/047efb13.jpg
A1ii8xnQHaL,1978,2560,04/04d2f812.jpg
A1ilkXGEFLL,2560,2560,04/04992f7c.jpg
A1jkBS4BDmL,1361,2560,04/04d3953f.jpg
A1kNuuWZuJL,2560,2560,04/04ed7595.jpg
A1mHUJmuZnL,2560,2560,04/04d6fead.jpg
A1mprykahSL,2560,2560,04/046b031f.jpg
A1np4EU1u9L,2560,2560,04/04e1755f.jpg
A1ocFNQIfZL,2552,2560,04/04d6a963.jpg
A1omHpkU4OL,2146,2146,04/048e3e9e.jpg
A1pOmRMxoJL,2560,2560,04/0472a5f4.jpg
A1pSDIdPabL,2560,1558,04/04e87af5.jpg
A1qNNtIe18L,2560,2560,04/043048c4.jpg
A1s0smPwslL,2560,2560,04/04563229.jpg
A1v5wvIqYxL,2560,2560,04/048d191d.jpg
A1x96S4l11L,2560,2560,04/040a1194.jpg
A1yFENvH4vL,2560,2560,04/040d8776.jpg
A1yTX1m0d1L,2325,2560,04/04e6761f.jpg
A1zOicG5bDL,2429,2560,04/04febbf8.jpg
A1zTvFZWkvL,2559,2560,04/04b19d77.jpg
B12XIQjHXpS,2560,2560,04/046f3ae4.jpg
B1GJwJFFXvS,2560,2560,04/04afaef1.jpg
B1PzPHImUXS,2560,2560,04/04f03d9a.jpg
B1RJKDzNZ5S,2560,2560,04/04f029c2.jpg
B1St8oDLV2S,2560,2560,04/04111863.jpg
B1lZ93FPp9S,2560,2560,04/04d5fd21.jpg
