212yWYIWBOL,376,500,03/03275353.jpg
216w6M1zusL,500,375,03/039ce4ca.jpg
219Ztjmwg6L,500,375,03/03de5042.jpg
21H+7R85YZL,500,375,03/039a5d9a.jpg
21RjxSfQWqL,500,375,03/035bd7ae.jpg
21ZEFhLBFRL,375,500,03/03cd77a7.jpg
21ywUm4h+iL,500,500,03/0312254d.jpg
3106VId9OBL,500,500,03/0302ad2d.jpg
3181bS3u9AL,500,375,03/03c80805.jpg
31AmfC43F+L,500,375,03/03525e6d.jpg
31DhJRA3xpL,500,375,03/035d3b53.jpg
31DrOhzm7OL,500,500,03/033f7b96.jpg
31GHx7I2R7L,500,500,03/0351b731.jpg
31NkXgIhu3L,500,500,03/03d67f00.jpg
31R36CwnFfL,170,500,03/033d59ab.jpg
31RaKxl17cL,500,375,03/0391393c.jpg
31Ss5SX5QZL,500,147,03/03167bb3.jpg
31UG6vhXB5L,500,144,03/034903fc.jpg
31UIIqbckuL,376,500,03/0321a824.jpg
31UwAgEKt8L,500,375,03/0310710d.jpg
31Vv80BVisL,376,500,03/032cf199.jpg
31dm4Yg2aRL,376,500,03/0333e4cb.jpg
31h5EIAyCkL,300,300,03/03b3b0c7.jpg
31i1uaSgVPL,500,375,03/03ff5e34.jpg
31lBCPdDEaL,500,375,03/0304c998.jpg
31lUs04YYHL,500,375,03/030fd999.jpg
31luLWKezcL,500,500,03/039b1420.jpg
31nN6i0mReL,500,375,03/030c80e7.jpg
31t8rk1jkVL,500,375,03/0387a13b.jpg
31wbMm7V+AL,500,375,03/03c591f9.jpg
31xSb82bWEL,44,500,03/03613338.jpg
31yvOVdjWtL,500,375,03/03745f05.jpg
41-g+FjKvML,1050,1050,03/03e7f493.jpg
411AW4smEzL,324,500,03/035bb440.jpg
413SjDBpGPL,1050,1050,03/03c19cec.jpg
413djoVy7yL,1000,1000,03/03becee4.jpg
414-k0Drv9L,1000,1000,03/036011d6.jpg
417ldTtw1GL,221,1986,03/0349160c.jpg
418BMBNMYHL,1000,1000,03/03c34d2a.jpg
418bS0nVUKL,500,500,03/03a31dd0.jpg
41DBalxLKDL,1000,1000,03/03f3c440.jpg
41FVD5GEPGL,500,446,03/0390fdde.jpg
41G9B+asy4L,1000,1000,03/03129d34.jpg
41N1LpzS39L,1000,261,03/03d21c14.jpg
41Q+f7BSPRL,1000,1000,03/03f42e53.jpg
41ROZa3pulL,1000,1000,03/03876f77.jpg
41SFXKAhoBL,1054,370,03/031fd0bd.jpg
41SzHLK6AfL,500,220,03/039aa258.jpg
41TzPDBwu2L,300,300,03/0327eeec.jpg
41V4yPlUFmL,1000,1000,03/03413e32.jpg
41XwLBItKeL,500,403,03/03b26ca5.jpg
41b3P9RQH5L,500,500,03/03eb2331.jpg
41eWWlfkWvL,1000,1000,03/03f235df.jpg
41hLXR+mcgL,768,1024,03/036d39ff.jpg
41mUcdZD8GL,1010,1010,03/03b71b06.jpg
41mUea1ueoL,240,500,03/03f4193b.jpg
41oabVuldgL,1050,1050,03/033201d8.jpg
41qrzk29qPL,1000,1000,03/039e0e84.jpg
41uFUkGyXxL,1000,1000,03/035a4442.jpg
41yffmAWGHL,1000,1000,03/036d404e.jpg
41yn1gU0esL,298,500,03/0397f028.jpg
51+durk-LnL,1000,1000,03/03e58623.jpg
51-7c5icRVL,1200,1200,03/03dfca43.jpg
51-LSLmUpIL,1000,1000,03/03e2c5d7.jpg
51-WHLcjaKL,1362,1362,03/03659a35.jpg
510QRCRrYJL,1000,1000,03/0398a9e0.jpg
514fU8ayuRL,414,500,03/032fe90f.jpg
516vXq4HOSL,1000,1000,03/031b249f.jpg
517XC3JxuML,839,1456,03/03c09c21.jpg
517alwTf-9L,1000,1000,03/0332dbea.jpg
518Hl1cqtHL,210,500,03/0306f4b7.jpg
519HAk0MTWL,1625,850,03/03894bd9.jpg
519MAyMx8UL,1000,1000,03/034e1582.jpg
519V+sJr0rL,1000,1000,03/03d3c277.jpg
519vTfhtUWL,1444,755,03/033d63bc.jpg
51AkkPfmfNL,685,1173,03/03887035.jpg
51B47P+aSlL,277,2500,03/03d66d11.jpg
51BLwBR3cmL,1000,783,03/03f469b6.jpg
51Ch4N-G-CL,1000,1000,03/038834d7.jpg
51Dmei8jqFL,1000,1000,03/03ce9f2d.jpg
51Ep4wR+L1L,1200,1200,03/036da8f5.jpg
51HJJI-IB2L,827,1148,03/03cbecd6.jpg
51Hg93Of7aL,1300,1300,03/03556757.jpg
51I3gbKmhqL,1000,1000,03/033f5a72.jpg
51IR3iX4GZL,341,1021,03/035a3539.jpg
51IRShZdFZL,1000,1000,03/03ca0c9d.jpg
51IReD+PTxL,667,1000,03/03d878cd.jpg
51IXmbiEq+L,374,500,03/0316188c.jpg
51IaCIY9fkL,656,1093,03/03f7981c.jpg
51IyU6xWs2L,240,2560,03/033fb559.jpg
51JPPN6eP-L,1000,1000,03/030faa49.jpg
51KPP2ZpC4L,1000,1000,03/037ed33d.jpg
51KoEp08h2L,1001,1001,03/032dcdf9.jpg
51KtV0cf-LL,1523,1523,03/03cba91c.jpg
51KtZneASbL,1309,1309,03/035ef400.jpg
51LM62M7rbL,1000,1000,03/03b928c4.jpg
51LUt1KxOhL,1394,1394,03/0343647f.jpg
51LbdPejOGL,1200,1200,03/035252fb.jpg
51Mdxx2aA3L,500,260,03/030f7572.jpg
51NkC0mit5L,1000,1000,03/03dbafee.jpg
51NkqGzWPeL,1138,1138,03/032f8b22.jpg
51O1ioC2kgL,202,500,03/03ec76f2.jpg
51OYJvsOgsL,1000,1000,03/03512d37.jpg
51OtFERC9TL,1001,1001,03/03d17d0a.jpg
51OxYcYc+vL,869,1643,03/03087bcc.jpg
51PgHkQkOsL,1006,1007,03/03f0a6ec.jpg
51PhnY7DS3L,1000,1000,03/03928b67.jpg
51Ps6XDADpL,1200,1200,03/0349c14b.jpg
51PsTPw9hcL,500,460,03/03abefff.jpg
51RMQ6mHm4L,1077,979,03/0348f83c.jpg
51ULyfjQVRL,1000,1000,03/034da537.jpg
51UVi-dLjPL,840,1000,03/035bba50.jpg
51UiXUsywXL,1200,1200,03/039d47e0.jpg
51VQ9d1X+zL,1200,1200,03/03ce8847.jpg
51VtxSY-eVL,1100,1100,03/03de785f.jpg
51WJ7sgcNML,1200,1200,03/033dca9f.jpg
51WywVhcMAL,500,264,03/031ba2b3.jpg
51XyW3X0SGL,1000,1000,03/0323ea02.jpg
51Zu2XvGjIL,1453,491,03/031256aa.jpg
51ajAG84NHL,1162,1162,03/031c1826.jpg
51aoMg9YerL,1174,1174,03/038acb01.jpg
51b7AeqgqxL,500,245,03/03a7fbe2.jpg
51bT02mLpYL,667,1000,03/0325bce2.jpg
51bevNQIOsL,1000,1000,03/032d7971.jpg
51c5LYT5+IL,1698,1698,03/03dd6c74.jpg
51dOESTWPrL,2560,263,03/03d89eb0.jpg
51gHOJNTGDL,1000,1000,03/03c09168.jpg
51iTVJrfOBL,2560,312,03/034df819.jpg
51jbT2yicpL,500,311,03/037963be.jpg
51jg63WmB8L,121,2264,03/036d3dd5.jpg
51kdTITLmtL,1100,1100,03/035cc5bf.jpg
51ks6Ea11OL,1000,1000,03/03ba35b1.jpg
51m3zC48IIL,1000,1000,03/03d44330.jpg
51mQ1BR8BFL,1200,1200,03/032407d6.jpg
51n9HcDgKDL,1200,1200,03/03feb0c0.jpg
51nEHMa3V6L,1000,1000,03/032b12a4.jpg
51nb5FbfB8L,1309,1183,03/03d013e7.jpg
51o8IgPViVL,1444,755,03/03753d6b.jpg
51pFH1oxzOL,743,1000,03/03af7831.jpg
51q8htbzVvL,1000,1000,03/0308f083.jpg
51r0ac4kAIL,1016,1000,03/030a9826.jpg
51rPeDNgrgL,1113,1113,03/0317fe55.jpg
51sE4MvTceL,1000,1000,03/03ca0a49.jpg
51shqpZYbVL,539,1500,03/0362d8ae.jpg
51t7N8-lh6L,1200,1200,03/03cd149e.jpg
51thdfuJaNL,1000,1000,03/034640fb.jpg
51uFqV9QwDL,1000,1000,03/03f42d9b.jpg
51vSUXyeh7L,1000,223,03/036c0e86.jpg
51vyoNOsATL,1100,1100,03/034dac8d.jpg
51x1tBIHVxL,1000,280,03/03fff89e.jpg
51yUo1xBvbL,353,2560,03/03ab3a6e.jpg
51ypdg0eZZL,1000,1000,03/032c61b6.jpg
51zeqXWHlyL,1401,1401,03/037b93ac.jpg
51zzPZRW+-L,1000,357,03/03370299.jpg
61++Ph1p+VL,622,1346,03/031283eb.jpg
61+7iLtoe0L,1892,2560,03/03331ac6.jpg
61+8sVx0EhL,1000,1000,03/0307bec3.jpg
61+9Hzhy6PL,1100,1100,03/035da313.jpg
61+OVTFVWRL,1625,850,03/03564753.jpg
61+QFR8WKaL,1000,1000,03/03b45ad8.jpg
61+jUPsHtpL,2000,2000,03/039b4cca.jpg
61+undRrsTL,1200,1200,03/033fce23.jpg
61+ySCx2H2L,2091,2091,03/03de31c0.jpg
61-8dx+xzqL,2560,2560,03/03137500.jpg
61-Af1mQ56L,1000,1000,03/035c9e0d.jpg
61-RsSAjDBL,1398,1398,03/03061f69.jpg
61-YqYYOvVL,1100,1100,03/03b3f741.jpg
61-kpVz-IzL,1000,1000,03/0329eff9.jpg
61-lnqYLtHL,358,1248,03/03270129.jpg
61-waLVMrvL,1444,755,03/03b6a032.jpg
6100YCFkn8L,1500,1500,03/030391a0.jpg
610PevmLh4L,725,1420,03/0371f6c4.jpg
610ofUtEmbL,1000,1000,03/03c94e3f.jpg
611JVbDD6xL,1532,1532,03/034266bd.jpg
611Mg4dxuML,1000,478,03/03d4c345.jpg
611eB0DMxYL,1521,1521,03/03393206.jpg
611tcPQ5cQL,1333,2000,03/031a0e2c.jpg
611vvawTHVL,1200,1200,03/03f07e36.jpg
612Gvq26lLL,2560,501,03/03865c23.jpg
612KPFOZYqL,1315,1239,03/03b0e157.jpg
612MxjbzlNL,1500,1107,03/03178dbb.jpg
612NSSW+j2L,1497,2560,03/032020b6.jpg
612fchhUMsL,1000,1000,03/034fd27a.jpg
612mkU1LC6L,2444,812,03/03dd0dc0.jpg
612qqShEs+L,1001,1001,03/032845c3.jpg
6131jEuxo4L,2560,1739,03/03a072ff.jpg
6133scECAzL,539,1133,03/0305004e.jpg
613D3VTT9KL,369,500,03/03e21107.jpg
613GjnW4MsL,1200,1200,03/03c4395d.jpg
613NH7yCWeL,1080,1410,03/03e7e44d.jpg
613OvxL8IPL,2000,2000,03/03fbc238.jpg
613dNi7mIoL,1920,1920,03/0375057e.jpg
613raan8QXL,1200,1200,03/03045072.jpg
6142QdHQecL,1315,1239,03/03128d9b.jpg
6144Mro-jrL,1000,1000,03/03973275.jpg
6144sZ4opkL,1500,1500,03/0388d06f.jpg
614BzeULHKL,1444,755,03/03495c34.jpg
615GygoB8FL,1000,1000,03/03abec60.jpg
615J7EVeQ+L,2560,406,03/03146d3d.jpg
615Y+LpxciL,557,1000,03/03b09619.jpg
615ug0VYHPL,2200,1879,03/03296d0c.jpg
615yjn8dAOL,1100,1100,03/0366974a.jpg
616D4MSDwML,1500,1500,03/0336ade7.jpg
616D9W1ZyNL,2200,1879,03/03d75675.jpg
616DHKfQpCL,1707,2560,03/03506772.jpg
616PSWx-4qL,1500,1500,03/03c6bc88.jpg
617-6QIAgjL,1100,1100,03/03eaf442.jpg
617T-dJDr6L,514,1365,03/037e1804.jpg
617qxkUYQoL,1000,737,03/0367ebc9.jpg
617tkFkflaL,1625,850,03/03958d36.jpg
618-l4pTiJL,2560,2560,03/032c3cf5.jpg
6182ccBTwHL,1000,1000,03/035305d6.jpg
6183FLD-4+L,1000,420,03/03142b75.jpg
618C5GYJ0pL,2560,310,03/0365d489.jpg
618Qzkatl+L,2000,2000,03/036b1342.jpg
618RUz1+1sL,1001,1001,03/03d97643.jpg
618SctgjZEL,2500,704,03/03aaf72a.jpg
618fRYkIEzL,1200,1200,03/03e8d738.jpg
619+SZZIw-L,585,1514,03/03fb2f14.jpg
61914f75IbL,1569,2493,03/03021b0b.jpg
619DyNolzpL,1492,2550,03/039e376c.jpg
619G00Vx1LL,2200,1879,03/035e4b56.jpg
61AECVadSFL,2200,1879,03/03be2d24.jpg
61ALznWlUnL,1100,1100,03/03348087.jpg
61Au+TAPqvL,1500,1500,03/030c2f27.jpg
61BSvdyg0oL,1500,1500,03/035d8531.jpg
61BiEqitzQL,2560,1070,03/03e28570.jpg
61BujWmczBL,1000,1000,03/039bfa54.jpg
61BziBTisBL,2160,2160,03/035a6f18.jpg
61CLtmp2uJL,1444,755,03/0393a1ee.jpg
61CM+vNUy9L,2114,2114,03/031ccf76.jpg
61Cb0FqBJoL,2200,1879,03/03e7bd53.jpg
61CiKrBCEQL,2560,2085,03/03f9b1fa.jpg
61DNM0FDPIL,1000,1000,03/03e21143.jpg
61DTHMTvV3L,1444,755,03/03e78cbf.jpg
61EAcZTMoAL,1316,1308,03/03ddd048.jpg
61EV6NAGvGL,1376,507,03/031bd9e7.jpg
61F8dVuG7tL,1500,1500,03/0316baeb.jpg
61FNNbOTCAL,569,1519,03/03ea2bd0.jpg
61FbqHhYdWL,2560,1201,03/038c4d1f.jpg
61Fd+CtW-yL,1000,1000,03/037248a7.jpg
61GK8uUd1hL,2560,755,03/0307cd63.jpg
61GaJQpLaKL,1000,423,03/037e3068.jpg
61GaTK7YxVL,664,2560,03/03c14f4d.jpg
61Gh568h2bL,500,500,03/03517b07.jpg
61H+ItvTcnL,1000,1000,03/0356bdd4.jpg
61H7zgtSaoL,700,1865,03/03f04f3b.jpg
61I8woseAhL,1000,1000,03/034db7d6.jpg
61J+J13kkwL,1444,755,03/0391d84a.jpg
61JcruVSHbL,2340,999,03/032b501d.jpg
61JhOx0ZBGL,1001,1001,03/030ec538.jpg
61K7bLLc93L,1800,1143,03/0357fa44.jpg
61KII10V64L,2145,2145,03/032f5f9c.jpg
61KlppVS40L,2560,1739,03/03adb92a.jpg
61KpMaQUCHL,1920,2560,03/0326c4c0.jpg
61Ks3eOhlTL,1316,1308,03/0357f66e.jpg
61KukkYSXWL,2200,1879,03/036fbb4a.jpg
61Kvf8FyB9L,1000,1000,03/036f8e0b.jpg
61LANjRvQRL,1001,1001,03/0394c021.jpg
61LMLRJIqbL,1000,1000,03/03ef4e0e.jpg
61LOxzi6XAL,2200,1879,03/03de7b5e.jpg
61Lb0vOqTnL,2000,2000,03/03de3696.jpg
61LguJnikOL,751,1000,03/03c11c10.jpg
61M9VAU-JAL,1625,850,03/03b0d07e.jpg
61N7PouzT6L,2200,1879,03/03ed7b27.jpg
61O2Ay6paQL,1903,1903,03/038f254a.jpg
61OIxCZZFpL,1000,1000,03/03a72a1b.jpg
61OOYOCxCsL,2232,2232,03/0319ddc2.jpg
61OWDqwHiUL,2234,2560,03/03ec8287.jpg
61OmufoKMkL,2491,900,03/03715987.jpg
61PWiRqHnML,1444,755,03/038830bd.jpg
61Pezwh778L,1800,1800,03/03bcda4b.jpg
61PgcQ8KLaL,370,1487,03/03ee33b7.jpg
61PmDlbzSGL,1000,465,03/03174e75.jpg
61PsRdWRv8L,1500,1500,03/030c86b8.jpg
61Q21L9kbPL,1500,1500,03/03945984.jpg
61QHBsemEBL,2560,2560,03/03cf3836.jpg
61QLjdp2B7L,1486,1486,03/0333d13d.jpg
61QRVnR32gL,1682,1401,03/036f0d30.jpg
61QwC--uzUL,1785,1785,03/03d675f2.jpg
61R9Z5BPsvL,1000,1000,03/0366223b.jpg
61RPuZYETzL,1444,755,03/0308201b.jpg
61RSJs5OwEL,1200,1200,03/03db14fa.jpg
61RaQlMpRAL,1035,1050,03/03f07567.jpg
61S3cV5i1jL,2000,2000,03/03f1ee7b.jpg
61SHC5iInFL,1000,1000,03/03f18254.jpg
61SK5YyRuaL,1247,1500,03/03ca0e2b.jpg
61SRM7iyMjL,1200,1200,03/03586d5f.jpg
61SjPUGG9PL,933,1050,03/03a0ae39.jpg
61TMnzS2lcL,1444,755,03/0338b6cc.jpg
61Tgi6DvJ1L,1444,755,03/0379cdd2.jpg
61UXI05WEZL,1000,1000,03/03c54e88.jpg
61UdqQ4tqjL,1100,1100,03/034d43c7.jpg
61UhWQepcHL,1000,1000,03/0316b7b6.jpg
61VHAx1hjiL,1000,1000,03/03a09256.jpg
61VHo6OmsFL,1500,1500,03/03399988.jpg
61VP2dFcy3L,2560,1739,03/03387596.jpg
61VRtQUaUeL,1205,1095,03/03094613.jpg
61VS2CScMhL,1100,1100,03/03a875b9.jpg
61VflEorf3L,1000,1000,03/03c27a2c.jpg
61VnzNIRnNL,1578,529,03/0331d230.jpg
61Vo7Hrqi4L,1500,1500,03/03244e35.jpg
61VogcFI6RL,1444,755,03/03a533c2.jpg
61WMwBAA1gL,1000,1000,03/03626404.jpg
61Wbh3LYiAL,1000,402,03/039dfd94.jpg
61Wc72EO1zL,1050,840,03/034e82a1.jpg
61WevQk5ERL,325,1039,03/03eb3933.jpg
61X0SxlSzTL,1000,1000,03/03197917.jpg
61X3QD8ddYL,1331,1331,03/03de5bbb.jpg
61XqI7-ZVvL,1174,1810,03/036d4d50.jpg
61Y3OsLSrXL,2200,1879,03/03c7db30.jpg
61YTpIemKHL,1500,2000,03/0310a941.jpg
61YYP9o7Q2L,1500,1500,03/0389b19c.jpg
61YaOEwvA+L,1219,1219,03/035503cf.jpg
61ZJKrsN-lL,2469,2469,03/03b526f9.jpg
61ZwXo+XEwL,452,1082,03/03eb199b.jpg
61ZwuAO7k1L,2200,1879,03/036ca916.jpg
61a2Png-djL,2200,1879,03/0343cf67.jpg
61aZOEakCJL,1600,1600,03/03fedd64.jpg
61aaxdma-IL,1100,1100,03/03934677.jpg
61abaOaA6LL,1000,1000,03/03578ade.jpg
61alBiOj3sL,1315,1239,03/033bc2d5.jpg
61b5hAY8OPL,1315,1239,03/03055fb2.jpg
61bYS1osnhL,1000,1000,03/03a9d34c.jpg
61bbp2iVdJL,555,1576,03/03e59d56.jpg
61bcmSCOR9L,2560,709,03/03c29434.jpg
61cJLtkZAiL,1834,1834,03/03097cc6.jpg
61cQiXP6DkL,1000,1000,03/030bd691.jpg
61chOd5oALL,1000,1000,03/038dd86b.jpg
61cmyXOhLQL,1000,1000,03/03cec5ef.jpg
61cnVLpuMJL,1200,1200,03/03b945d6.jpg
61cr55BSsmL,2560,2560,03/03f4338b.jpg
61d-vvJGAgL,2560,1739,03/0335df04.jpg
61d7qck4HbL,1500,1500,03/0392e63c.jpg
61d8EqZj4YL,874,2560,03/03b8ca12.jpg
61dPyo-r9TL,2200,1879,03/03d2d149.jpg
61dTeXcXLzL,1698,1698,03/033d4c7d.jpg
61e8ZRMSqwL,1707,2560,03/031143a8.jpg
61eDjVrKhyL,1100,1100,03/03772e2d.jpg
61el1zSjS5L,1316,1308,03/030fa2fa.jpg
61fjOmkDRTL,1315,1239,03/037ce4c8.jpg
61fqJIxw71L,2200,1879,03/031ad835.jpg
61fx8n2vujL,1500,1500,03/039742e4.jpg
61fza9V4v7L,1000,1000,03/030a36cc.jpg
61g9YiZjVyL,2560,902,03/038483ac.jpg
61gK03SgMFL,1000,1000,03/038759d1.jpg
61hAjOCPbkL,1100,1100,03/03861289.jpg
61ho2YmHJLL,635,2560,03/03145bc7.jpg
61hqvryQ32L,394,1194,03/03e84902.jpg
61i+yC3TbyL,1000,1000,03/03c1b056.jpg
61iC-LrSXWL,1500,1500,03/036833a1.jpg
61irPHZ9muL,1500,1500,03/03e38d89.jpg
61iyDE7vyuL,1300,1300,03/03ef30e2.jpg
61j0+neTEEL,1100,1100,03/03602030.jpg
61jLeiusi3L,1252,1639,03/03a58525.jpg
61jbvm2-7eL,1000,1000,03/033a981e.jpg
61jiwwN+XTL,1206,1824,03/03a16b39.jpg
61jn0zusXAL,1176,1176,03/036f5bbe.jpg
61kJb7HqD5L,1583,1583,03/03fb0a41.jpg
61kQn+usmLL,1000,699,03/036dff31.jpg
61kj82wSQQL,1316,1308,03/037b5de1.jpg
61lXAWP5hVL,1000,1000,03/03775f26.jpg
61lY9wAdUqL,1221,1099,03/03b41a3c.jpg
61lhie6R5VL,989,1838,03/03798e4f.jpg
61lqIXFVBjL,1566,1566,03/03a65a9d.jpg
61lypbw18lL,2200,1879,03/03c13a6c.jpg
61mCOYrOz+L,2000,2000,03/033fa1ba.jpg
61mH8WCthoL,1000,1000,03/03aa3414.jpg
61mc3hXbCeL,1875,1875,03/03ee8267.jpg
61mitXTD17L,1370,1370,03/03761323.jpg
61mxMbHMwXL,2000,1700,03/03f309bd.jpg
61n++vJLdZL,1000,1000,03/0398d0e1.jpg
61n0-62Tq8L,2200,1879,03/03845d32.jpg
61n6TV-5+LL,1300,1300,03/0352d318.jpg
61n6n2RktzL,1000,316,03/033d5e30.jpg
61nL4rnZf5L,1944,1944,03/03f304ff.jpg
61nexer9W+L,1315,1239,03/0376d035.jpg
61oJFcdbZOL,1000,1000,03/0339d7e2.jpg
61oJI4YQElL,1444,755,03/03b38d0c.jpg
61oq9Ym-4nL,1500,1500,03/03e53cb9.jpg
61or6h2KI9L,441,500,03/034ec61a.jpg
61p0eYMtF6L,2000,2000,03/03b44fff.jpg
61p7LSTE8EL,2000,2000,03/031de113.jpg
61pBOIIqhBL,1200,1200,03/03f777d7.jpg
61pEefgxAJL,1583,1583,03/03cb1bc6.jpg
61pOLwgxNCL,1625,850,03/03c55288.jpg
61pw9GhhEYL,846,2400,03/0349a341.jpg
61pyREsP5pL,2560,1954,03/03dac3b9.jpg
61qDp6pabUL,1500,1500,03/03c0a9b9.jpg
61qGm9bxn1L,2560,1739,03/03dbb8fc.jpg
61qKUQ0wBoL,2560,1747,03/03cff647.jpg
61qmczsSWTL,1200,1200,03/03f39904.jpg
61qrrXsv0fL,1315,1239,03/03a2ea13.jpg
61sCz+3f-JL,1316,1308,03/03cf621f.jpg
61sEJzcZvYL,1500,1500,03/03472899.jpg
61t0AssvXbL,1200,1200,03/039b928b.jpg
61t7foWtiaL,1000,1000,03/03c883db.jpg
61t8dhxcuEL,1631,1920,03/037d2b16.jpg
61teYoeLqgL,1500,1500,03/03a68c62.jpg
61u6tqsgmjL,1000,1000,03/03a9e832.jpg
61u9ws8mtBL,1473,1072,03/03f876ae.jpg
61uYPueuYML,2000,2000,03/03ddcfa4.jpg
61usAcyKxwL,2560,1977,03/035a0104.jpg
61uvK-0HVSL,1000,1000,03/03880065.jpg
61v41YGT7ML,1440,2560,03/03950186.jpg
61vGcEhaBeL,958,2560,03/036e5042.jpg
61vbnPsR9dL,2200,1879,03/0377fd77.jpg
61veuL12SEL,1461,2500,03/038f9217.jpg
61vfEAzA47L,1625,850,03/03892633.jpg
61vkmkc3GHL,2200,1879,03/031f3d24.jpg
61vwD+eUnzL,1500,1500,03/038dd304.jpg
61w2CS6MjdL,1108,1013,03/035609bc.jpg
61wGhtX+UyL,1006,682,03/038a4564.jpg
61wKHaukHvL,786,1056,03/034b0442.jpg
61x33MEfSsL,1625,1625,03/036be9dc.jpg
61xQkrSmQZL,1600,1600,03/0397f7ed.jpg
61xYfpakdRL,1300,1300,03/030022e0.jpg
61xebErbZBL,2200,1879,03/033d8f1e.jpg
61xkfd9PlpL,2560,2560,03/0355c14c.jpg
61xwpXZlpXL,1444,755,03/038e4278.jpg
61xyXfWPR-L,1000,1000,03/0306d150.jpg
61yNtX7a2bL,1000,1000,03/03a8cfdb.jpg
61yUg68JmtL,1000,1000,03/03cffc03.jpg
61yh8wQFmZL,1200,1200,03/03b709e3.jpg
61zH0l0HcxL,1000,1000,03/0397825a.jpg
61znFgA-lhL,906,2560,03/03633951.jpg
61zsw6nqTIL,1444,755,03/030f78c3.jpg
61zuvLF1HUL,1000,1000,03/031a3d0f.jpg
71+3e2j25IL,2200,1879,03/037edb14.jpg
71+A4KNq+rL,1000,996,03/03e7d8de.jpg
71+TO8YN5qL,2560,566,03/03253274.jpg
71+YtJkgqrL,2200,1879,03/03f9836b.jpg
71+Zf-mEpRL,2560,1006,03/03bb7922.jpg
71+cNjPdOUL,2200,1879,03/0341c61c.jpg
71+d0YQTEIL,1539,2409,03/0376017e.jpg
71+dP7ZpeIL,2345,2345,03/0345cd20.jpg
71+ekZOmL8L,1736,2560,03/038ab1ad.jpg
71+oyfJnIqL,2200,1879,03/0373ad54.jpg
71+xbU6ur+L,2548,2548,03/03064408.jpg
71-73C39bGL,2200,1879,03/03ab291f.jpg
71-BGpa0auL,2200,1879,03/031d5f1d.jpg
71-ae8TDTxL,2200,1879,03/037e5174.jpg
710+yj4cLML,889,2258,03/03780e82.jpg
71082uShNFL,2200,1879,03/0369b066.jpg
710Mjm5V5tL,2200,1879,03/03300c3f.jpg
710O3cEPNHL,2560,2560,03/0306131c.jpg
710Wvl0vncL,2560,1296,03/03cfce4c.jpg
710Yyad4TDL,2200,1879,03/03711db0.jpg
710cS2RWL8L,1436,2560,03/0371e2ec.jpg
710eQC5jtdL,2200,1879,03/03c5ebfc.jpg
710mAoERlRL,2200,1879,03/0378e477.jpg
710qZBr2koL,2200,1879,03/037b0eff.jpg
710wwFIW45L,2560,2560,03/033d4b15.jpg
711HTe+SN3L,2200,1879,03/0314d26e.jpg
711McxRyVTL,2200,1879,03/037c19b6.jpg
711TX8NmA5L,2200,1879,03/036bdb81.jpg
711gR6V1k7L,2000,2000,03/0380f43b.jpg
712-W0PJhZL,2200,1879,03/03f2397d.jpg
712-bHDa1cL,2560,2560,03/03376c12.jpg
71265ZXlPdL,2200,1879,03/0360c245.jpg
712BjFIx5gL,1316,1308,03/03b8875f.jpg
712NFBW9pvL,1186,739,03/0386ccd2.jpg
712WrzrA7kL,2200,1879,03/03c3499f.jpg
712b+61Up4L,1274,2560,03/03d81eab.jpg
712fzoanTTL,865,2407,03/037a8bee.jpg
712plcU3leL,2200,1879,03/03e2f1ea.jpg
712scKnpoJL,1982,2560,03/03e0905f.jpg
712tzfw-tSL,2200,1879,03/0379561d.jpg
712yuNlUDqL,2200,1879,03/0342187a.jpg
7133GxxVIeL,1752,1752,03/032ab0a4.jpg
71379tiSbSL,2560,961,03/035e225c.jpg
713KZshuMCL,2560,2560,03/03e4cef8.jpg
713ZFIRoW0L,2200,1879,03/0336e0a8.jpg
713cDpR14nL,2304,1429,03/030a6186.jpg
713njnyQHmL,2560,1467,03/03d56368.jpg
713rH-8OBIL,2083,1017,03/0323e651.jpg
713vKyXiatL,2507,2507,03/0356035d.jpg
714AhjBzJWL,2200,1879,03/03c29459.jpg
714CRme9oOL,2000,2000,03/03a92f2b.jpg
714UpcD5NgL,2560,964,03/037a73f4.jpg
714Z9wRsapL,1139,2560,03/037b01e6.jpg
714apVivxNL,2560,751,03/033dbd70.jpg
714cZRJtzyL,1547,1047,03/03f96c2a.jpg
714deBPeO9L,2200,1879,03/0307eafd.jpg
714sautSE1L,2000,2000,03/03cfaf09.jpg
714xvDDVjIL,2200,1879,03/030e0a0b.jpg
714ybeiZqkL,2200,1879,03/03dadbce.jpg
7155p8eTmBL,2560,2207,03/0394a400.jpg
7159VeHPKbL,2200,1879,03/039051d3.jpg
715QzwpGc0L,2200,1879,03/03106cbe.jpg
715Tl4Ym7uL,2560,2560,03/037642d6.jpg
715nKvJSRgL,1001,1001,03/039d4290.jpg
715nszDg3RL,2481,1583,03/03936a03.jpg
715ostHJRcL,2525,2050,03/039ceb02.jpg
715v2ybhL-L,2200,1879,03/03b01930.jpg
716+Z3uG3dL,2200,1879,03/030037fa.jpg
716-Zgt7GSL,2200,1879,03/03a702d3.jpg
7169JRcp4YL,2200,1879,03/036f5406.jpg
716Gry9MVWL,1499,1500,03/03c83d87.jpg
716H5fKjAPL,2200,1879,03/03fb33c2.jpg
716HVjnFe5L,2200,1879,03/036bdb85.jpg
716IIAQUsNL,2513,1012,03/034eb230.jpg
716K2PBjKDL,2200,1879,03/036ece0d.jpg
716PRGVQkWL,1444,755,03/03b91134.jpg
716dA6LoqUL,892,2560,03/039e381f.jpg
716gOi2s4GL,2200,1879,03/035c983c.jpg
716iphiFi3L,2000,2000,03/03ae18aa.jpg
716j7uEVhCL,2200,1879,03/03ae2d25.jpg
716k8Y4Y9EL,2560,2560,03/0319c8d5.jpg
716oneqO6sL,1800,2500,03/03a3503f.jpg
716wfT3qHiL,1500,1500,03/03ef8f32.jpg
716y8MsGKvL,2200,1879,03/03b2452b.jpg
7170ysh35fL,1781,1723,03/030f9fad.jpg
7172zMnfSiL,2274,2274,03/0349f1b2.jpg
717O7vGzprL,2560,2560,03/036d59ee.jpg
717TseWYEfL,2560,1707,03/03035399.jpg
717U8LkDTGL,1257,2560,03/03a6bfcd.jpg
717YPZrSl9L,2200,1879,03/03ce2596.jpg
717jX3gbmhL,2000,2000,03/037424df.jpg
717nYm1STjL,2200,1879,03/03c96ff5.jpg
717xv3CwD3L,2200,1879,03/038a74a5.jpg
718-y3x1S5L,2200,1879,03/03050cb1.jpg
7186EYwwU1L,1500,1500,03/03e29f7d.jpg
7188jCnKa0L,2200,1879,03/03e2e19f.jpg
718JCYDbaCL,785,2560,03/03d31c6b.jpg
718QfJ48ToL,1500,1500,03/0328f01e.jpg
718YZniMOML,1500,1500,03/03749d57.jpg
718gA4jSVpL,1753,919,03/03734173.jpg
719EsWZPCXL,2199,2500,03/038cd6b6.jpg
719FSOo025L,756,2500,03/036e4985.jpg
719IBMjzDrL,1053,1013,03/03f0ea7c.jpg
719Khtu295L,2200,1879,03/0345cd1b.jpg
719OCdjZNBL,1624,1624,03/031e0ee9.jpg
719SCAj4EyL,2000,2000,03/03c4b7d8.jpg
719YTdUM4PL,2000,2000,03/036d7da2.jpg
719jfLb1qKL,2560,1969,03/034942a5.jpg
719nMZeUupL,2200,1879,03/03c23784.jpg
719oc8AqrGL,2200,1879,03/03bf0346.jpg
719uWKiUsmL,2560,1224,03/0359af70.jpg
71A+wcf0HxL,2560,794,03/03488982.jpg
71A1Djv0pcL,2200,1879,03/0364a051.jpg
71A7DLIaHUL,1500,1500,03/03910b4a.jpg
71AXs1I-HdL,1800,1800,03/030b6413.jpg
71AdgVgJFNL,2560,2560,03/0399a2a5.jpg
71AnuJ6em9L,2200,1879,03/03045649.jpg
71AoeINFjNL,2500,1976,03/03bd6f2d.jpg
71Ap80HNiIL,2200,1879,03/036158a7.jpg
71AyrwpNk+L,2200,1879,03/03d5b061.jpg
71B05ZsF2yL,1000,1000,03/03acf834.jpg
71B10gZV+QL,876,2560,03/0392a0cc.jpg
71BP1LqwnmL,2560,2560,03/036871c6.jpg
71BQrF1A+XL,2200,1879,03/038cf66f.jpg
71BjX3npryL,2560,2560,03/03914d68.jpg
71BnlQ02esL,2000,2000,03/03e83b26.jpg
71BylQ3YdRL,2200,1879,03/03973deb.jpg
71C7PhpcaHL,2560,2560,03/03e9079b.jpg
71CJDEH2hWL,1936,2560,03/03984a8c.jpg
71CTo3VwUqL,2037,2037,03/03cec972.jpg
71CTtinc21L,2200,1879,03/034d3a94.jpg
71CZ5P5LNmL,1598,1275,03/03b8ba99.jpg
71ChwXhAUAL,1920,2560,03/03a30acc.jpg
71ClO+C0V6L,2200,1879,03/03606f2f.jpg
71CokRE3iYL,2560,2560,03/03646710.jpg
71Cvul5-i9L,1500,1500,03/03e5ec6f.jpg
71D-zT9rH0L,2000,2000,03/03771a76.jpg
71D8da-XwyL,2200,1879,03/033ea1f4.jpg
71DEgL4Q6ML,1360,2288,03/03dd4aed.jpg
71Dc9MT-+4L,1178,2308,03/03217e6e.jpg
71Dpexz8fcL,2200,1879,03/03c556f0.jpg
71E0YcY86pL,2200,1879,03/03e721fe.jpg
71E1SRjgzUL,1500,1500,03/03d14308.jpg
71EKfemCCBL,2200,1879,03/03535e65.jpg
71EPRA3ysVL,2200,1879,03/030f3f00.jpg
71EPlHyOcFL,1049,1500,03/03c9be5e.jpg
71EQpf4QYTL,2200,1879,03/039e7f1c.jpg
71ES23ho2OL,2200,1879,03/03c1c92f.jpg
71F3hg7k-hL,845,1454,03/030ad37f.jpg
71F53qDj8mL,2200,1879,03/038c946b.jpg
71FQk0Y9SqL,1500,1092,03/03626aea.jpg
71FUY69O1aL,2200,1879,03/03b106a1.jpg
71FXVmRZD1L,2560,2560,03/0327fcf6.jpg
71FaBwsAucL,1126,1607,03/035ab29c.jpg
71FlYfdSntL,1543,2000,03/03244260.jpg
71FtFXtY+jL,2200,1879,03/03ce24f4.jpg
71G+MWSrMOL,2062,1402,03/03901517.jpg
71GDFiSs4bL,2560,2560,03/031a58ce.jpg
71GDeAnNQPL,2200,1879,03/034a9974.jpg
71GEJmMFZRL,2200,1879,03/03e06ddf.jpg
71GJ1ECj3KL,1902,1902,03/0306cd33.jpg
71GMul39MLL,2200,1879,03/037d63b7.jpg
71GQHosA3XL,2200,1879,03/036836f6.jpg
71GWSFPST3L,1500,1500,03/030c0a51.jpg
71Gd7llrzoL,2105,2105,03/03d5f55e.jpg
71GyjHkvx1L,2000,2000,03/03329b89.jpg
71H8ju4QAiL,2200,1879,03/036acd37.jpg
71H9C1NQZoL,700,1000,03/039b29fc.jpg
71HGv-taU2L,2200,1879,03/03e4d16b.jpg
71HH8AOal1L,2444,2444,03/03cf457d.jpg
71HNspNCr4L,2200,1879,03/0378aa99.jpg
71IIEpO6h2L,1500,1500,03/0380269a.jpg
71IKbyB0G2L,900,1500,03/03557958.jpg
71IMLgqvN5L,2200,1879,03/03af8e2e.jpg
71IW-KTXtjL,1500,1500,03/03d9b9d9.jpg
71IbjqVcMgL,2200,1879,03/03cd36e8.jpg
71J8P7ZZ74L,2560,2195,03/03bd470c.jpg
71JHhpeMxQL,1103,2560,03/03f86b32.jpg
71JSQNqDcrL,2560,1969,03/032d2c8a.jpg
71JSTyFbcRL,2200,1879,03/03e59df8.jpg
71JgHPRcyiL,824,2560,03/035a38ee.jpg
71JgRDNO6bL,2560,2560,03/036eeeef.jpg
71K3Bu9gWyL,2200,1879,03/03c90513.jpg
71K51ZlOJXL,1100,1100,03/03b486d6.jpg
71K6vUaX8kL,2200,1879,03/03c8a27b.jpg
71KAPiHlpjL,882,2560,03/0354f0d7.jpg
71KHeIAIRJL,2200,1879,03/03905801.jpg
71KWUnxsjzL,2200,1879,03/038fe67c.jpg
71KijwH+ldL,1900,1900,03/03c39be1.jpg
71LAJtHUnoL,1000,1000,03/03c13976.jpg
71LCbAXNQpL,2200,1879,03/03404fac.jpg
71LOrYwSMHL,2200,1879,03/034cd331.jpg
71LSTSKbxaL,2500,2500,03/03ff9a77.jpg
71LpfklewOL,2088,2560,03/039b4211.jpg
71LqovuMs4L,1000,1000,03/03516822.jpg
71LtaugZxBL,2560,1483,03/03c6ff77.jpg
71M-aPsDheL,2200,1879,03/0325398e.jpg
71MCI6ONGTL,2560,2560,03/03ed5c14.jpg
71MdR5NStrL,2090,2117,03/034cf2ff.jpg
71MouSgnWzL,1500,2500,03/03db686b.jpg
71MuOUvxo4L,2200,1879,03/039421a6.jpg
71N09Q5Bi2L,2200,1879,03/037580c6.jpg
71N0tRGWiKL,1500,1500,03/032f6a52.jpg
71N7x0C7bsL,1283,2560,03/033afc7e.jpg
71N8azIebZL,2200,1879,03/032f24e5.jpg
71NA2SWdqML,2200,1879,03/038a0bc4.jpg
71NAR5wH6+L,2560,2560,03/03b1f442.jpg
71NKhEX3MtL,2200,1879,03/031d4222.jpg
71NMqr+EXTL,2200,1879,03/038f5275.jpg
71NMx5i7PDL,1469,2560,03/03c018e5.jpg
71NeT4kzo5L,2442,1572,03/038ee6de.jpg
71NjWmbW90L,2200,1879,03/03c6734a.jpg
71NnKH1ivbL,2560,902,03/03b7dc88.jpg
71NprMVLVCL,2200,1879,03/031303bc.jpg
71NqwfyfqcL,2560,1090,03/0350504c.jpg
71OKTHPV-ZL,2560,2560,03/03fbc433.jpg
71OT7CRl6OL,2200,1879,03/0359de89.jpg
71OYOHbh0GL,2560,2560,03/035c816a.jpg
71OZzpc6fnL,680,2560,03/03c3f189.jpg
71OqKSUmP0L,2200,1879,03/035892a4.jpg
71Ovpmxap2L,1100,1100,03/036d78df.jpg
71OylAU3siL,2200,1879,03/03a72eee.jpg
71P6a89gV8L,2200,1879,03/03a675a5.jpg
71P6jgcCWsL,2083,1430,03/03e6eebd.jpg
71P95sEQRlL,2200,1879,03/0344dd89.jpg
71PBRg0NLYL,1903,998,03/0381f85e.jpg
71POrswonNL,2200,1879,03/0360d04c.jpg
71PV0y-WFIL,2200,1879,03/03280ba4.jpg
71Pc832H0vL,2200,1879,03/03e7604c.jpg
71PmrbpEQ3L,2200,1879,03/031fb434.jpg
71QKWIBzA8L,2560,1151,03/0336f66d.jpg
71QjUW5uZNL,2300,2300,03/03d1ad2a.jpg
71QsrwL095L,2500,2500,03/03ca39eb.jpg
71R7KtmE6wL,1500,1500,03/03f6cb4f.jpg
71R9Gno864L,2200,1879,03/03bb8735.jpg
71RI6bEN2WL,2200,1879,03/03499ae0.jpg
71RJ2Geb5BL,2200,1879,03/03f0cbf6.jpg
71RPb1+QyCL,1707,2560,03/03a21e6d.jpg
71RRsWIAquL,2200,1879,03/0344ce80.jpg
71RTNlw14hL,2200,1879,03/03fcf7e5.jpg
71RTPyrhS+L,1500,2000,03/0313f184.jpg
71RiNFUFuFL,2200,1879,03/034bc507.jpg
71RoyNMLDTL,1822,1969,03/03b7d08e.jpg
71RyDacNfUL,2560,870,03/03fe4885.jpg
71S8xmyZy9L,2200,1879,03/03116652.jpg
71S9wAWM8fL,2560,831,03/0375f516.jpg
71SLiSLI8QL,2560,1374,03/0363c66c.jpg
71SNCJGnbfL,935,2560,03/03ad16a9.jpg
71SO2OpsIqL,2560,2560,03/0342c1fc.jpg
71SObMhMNSL,2200,1879,03/03acf3e7.jpg
71SZYPXSTUL,1500,1389,03/036df026.jpg
71Sf8i5VlAL,2560,2560,03/03336053.jpg
71SmJUk2QuL,2200,1879,03/03d1b90e.jpg
71T7gfCngAL,2200,1879,03/0393f2dd.jpg
71TCFSsWwkL,1136,2448,03/03cefa5a.jpg
71TG0aYoEvL,948,2159,03/038c4db5.jpg
71TPbdqWAmL,1445,1820,03/0376442c.jpg
71TQW2mRt-L,2200,1879,03/032349c0.jpg
71TRoi73VLL,1706,2560,03/03d7a895.jpg
71TU7C59hFL,2200,1879,03/03d26145.jpg
71TdS8BUp7L,1444,755,03/039db6ce.jpg
71Tgs83LGwL,2180,2180,03/03c42030.jpg
71Th75xZvkL,2200,1879,03/031b10a8.jpg
71Tjyo5w9uL,2560,1969,03/03736583.jpg
71TmHM0v10L,1500,2000,03/03b04e3b.jpg
71ToTdYhK7L,2200,1879,03/0372ccbc.jpg
71Tq1PEGUML,2560,1456,03/03267803.jpg
71Tz-yCT4fL,2200,1879,03/039bef4c.jpg
71U-hUmgFVL,2200,1879,03/03478710.jpg
71U8SC4beOL,946,2560,03/03188579.jpg
71UEUrS4dCL,2560,2560,03/03259192.jpg
71UJr+a6tEL,2560,714,03/03299a53.jpg
71UR7mpmzeL,2200,1879,03/0310ba43.jpg
71UlnlXAdpL,2560,2560,03/0346c0a9.jpg
71Ult+oXEkL,952,2560,03/038f9afd.jpg
71V+YBKC5nL,1625,850,03/039ab728.jpg
71V1fS-BnXL,2200,1879,03/035920b8.jpg
71V7hbIn94L,2000,2000,03/03b81b45.jpg
71VE9CfmgaL,1029,1911,03/03323ff5.jpg
71VELAG662L,2200,1879,03/030125e8.jpg
71VPy+HFVTL,1444,755,03/039bf39f.jpg
71VRdZMds8L,2560,2560,03/03d6ae4e.jpg
71VcVwVddeL,2200,1879,03/034ba299.jpg
71VhCpGXlUL,739,1196,03/03549730.jpg
71VkKSO8kzL,2200,1879,03/03c09f50.jpg
71Vl25aUDZL,2200,1879,03/0346e067.jpg
71W0SZ1A0+L,2200,1879,03/03acb601.jpg
71W0f3QtDZL,1176,1500,03/03900265.jpg
71W5w42h5yL,2196,2196,03/03326964.jpg
71W9XaniP8L,2200,1879,03/033e437d.jpg
71WAe2g-NaL,865,1839,03/03d7d245.jpg
71WFcIEWiSL,717,1994,03/031bb45b.jpg
71WQ0l9Wr5L,1200,1200,03/03bacac9.jpg
71Wltg1IsbL,1500,1500,03/03705a42.jpg
71WvhxsKAzL,1500,1312,03/03b8576a.jpg
71X1Alj-bAL,2200,1879,03/03302bff.jpg
71X9ngWiaFL,2560,2560,03/03407fcf.jpg
71XKlamTwFL,1500,1500,03/03be525e.jpg
71XMEBxnEkL,1000,1000,03/03356e07.jpg
71XP4S8uoAL,1003,2560,03/033a0721.jpg
71Xiy6pPgdL,2200,1879,03/030cf222.jpg
71XmMT3VuyL,2560,2560,03/0341ec41.jpg
71Xy8OEkl1S,1873,2500,03/035da055.jpg
71Y-nnjrS6L,2234,2560,03/03b248f0.jpg
71Y2-gZS6vL,2200,1879,03/03d79032.jpg
71Y67+6QlhL,2200,1879,03/03c68500.jpg
71YAp6uxr7L,2200,1879,03/0332bd53.jpg
71YOwInZdDL,2200,1879,03/03db8468.jpg
71YVHpXHjpL,2000,2000,03/03dc3f46.jpg
71YXAWoZjJL,2267,2267,03/0386775c.jpg
71YZnizpMjL,2200,1879,03/038dc5cd.jpg
71YdD14fa6L,2201,1111,03/03903f6f.jpg
71Yf7fATQBL,2200,1879,03/03821976.jpg
71YzKy3hTRL,2560,2560,03/0382803d.jpg
71ZKStdOQEL,2200,1879,03/03c180e8.jpg
71ZVJ747P-L,2200,1879,03/030c5cdd.jpg
71ZXLKhHmTL,1429,984,03/03c9b8d0.jpg
71ZkP8Cg0AL,2560,1258,03/0392989b.jpg
71ZtdnxrM1L,1500,1500,03/03a29e0c.jpg
71ZyEhWHx7L,2200,1879,03/03545d10.jpg
71a1A6Jb1zL,1500,1500,03/033caf52.jpg
71aBF-YFCkL,1315,1239,03/03f02d5a.jpg
71aDQIU82yL,2200,1879,03/03045a0f.jpg
71aKuXy4lRL,2200,1879,03/0316ff7a.jpg
71aTB+uFVoL,2560,2560,03/03414fcf.jpg
71ad6v2Q+cL,2200,1879,03/038f1d7a.jpg
71ao8T152JL,2200,1879,03/03a3d266.jpg
71aqCrw5wRL,1000,1000,03/0359341b.jpg
71b0ibDP16L,2560,1713,03/039fdb86.jpg
71bB6crJy7L,2200,1879,03/03f37710.jpg
71bIp3ApzwL,2200,1879,03/03aba212.jpg
71c8iUueAoL,2200,1879,03/0393863f.jpg
71c93-fCrBL,2560,2560,03/030fb8e0.jpg
71c9piBo+fL,2560,1707,03/0313845e.jpg
71cFpieJy-L,2200,1879,03/03b1a8b9.jpg
71cMOvU9bSL,1858,1858,03/0333fea4.jpg
71cRL+ObPOL,2499,2499,03/03917ee1.jpg
71cYFk+bwWL,2200,1879,03/0304bad9.jpg
71cfaR+lASL,2200,1879,03/03ea7d98.jpg
71cx1sCIeHL,2560,2560,03/0339bfcf.jpg
71dI5sarzhL,1398,938,03/03815eb8.jpg
71dJ1lxosSL,462,2560,03/03164015.jpg
71dNHwKSrzL,2560,2068,03/03d73f31.jpg
71dPiK6pN5L,2200,1879,03/034b6072.jpg
71dTtJpxQ8L,1920,2560,03/033c72cf.jpg
71dr-XeT-qL,2200,1879,03/03adaaf5.jpg
71dsdPpTR2L,2200,1879,03/03d7a7f1.jpg
71e0ZxlVb2L,1378,1500,03/0351d458.jpg
71e6+j4i2PL,2438,2438,03/0395308a.jpg
71eJtryE46L,2200,1879,03/034cefed.jpg
71eQjuBzDbL,2560,538,03/03ddc55a.jpg
71eV4GMD-RL,2200,1879,03/032ed4de.jpg
71eXX60vg4L,1500,1500,03/03e36c0e.jpg
71eahFDbgDL,2560,2560,03/03495316.jpg
71f1BLWnRlL,2560,2560,03/03b35337.jpg
71f45tk2mQL,2200,1879,03/035185f0.jpg
71fUiGx+EaL,2200,1879,03/037320b9.jpg
71fbVbjyxyL,2200,1879,03/0334649c.jpg
71fhux4r3PL,2560,1707,03/03c37da9.jpg
71fizWKGiQL,2200,1879,03/033795eb.jpg
71fope53jQL,2000,2000,03/03c87202.jpg
71fovyuv3+L,2200,1879,03/03099797.jpg
71frd3EyreL,2000,2000,03/03093991.jpg
71g0k9pFimL,2560,603,03/03e5174f.jpg
71g4MfGYY2L,2149,2149,03/0351689c.jpg
71gBN+EDLLL,2560,2560,03/03a93ab7.jpg
71gJemiJnTL,1625,850,03/03ccd270.jpg
71gM-8gKozL,2200,1879,03/03affbfa.jpg
71gM95Srh0L,2000,2000,03/0304af32.jpg
71gQ8Pl+YkL,2355,1472,03/030a35e3.jpg
71gR21y+fJL,1365,2560,03/035c805e.jpg
71gSQCcSTYL,1707,2560,03/039bec9d.jpg
71gVGA6YfcL,1837,2560,03/0322beff.jpg
71gW2VivrqL,1465,637,03/03b84874.jpg
71gYGmfvy0L,2200,1879,03/03f80e2d.jpg
71gYsWKzVUL,2200,1879,03/03e832a6.jpg
71gZ69koe9L,1487,2262,03/031dba03.jpg
71gZwos3QDL,2560,2023,03/03ade1a5.jpg
71gjn3csQTL,1170,2560,03/03e2fa4a.jpg
71gozHrPDrL,891,2560,03/035670f0.jpg
71h26moDaSL,2200,1879,03/0300f056.jpg
71hBj8PONIL,1200,1200,03/033003f9.jpg
71hCpvWNFqL,1044,1072,03/032e5960.jpg
71hYsEGXiuL,2560,2560,03/039ee30e.jpg
71hf3uVe4zL,1766,2190,03/03de0e9b.jpg
71i17F7d8WL,1500,1500,03/03177b0e.jpg
71i1BSEsGfL,2000,2000,03/0308f0d7.jpg
71i3royAWRL,2200,1879,03/03a5674f.jpg
71iB-QmRWEL,2560,1481,03/0358208d.jpg
71iDlC58VvL,2200,1879,03/039b22fa.jpg
71iKbdEeMmL,2200,1879,03/03c685b6.jpg
71iUBRoHIjL,1014,1100,03/03e5aa2a.jpg
71iVIK4ltNL,1500,1500,03/039361a7.jpg
71ifWTkwgsL,1500,1052,03/03ac6295.jpg
71ihveZMp8L,2560,1810,03/03a4a9b7.jpg
71ijB95XlxL,2000,2000,03/03a9c1c1.jpg
71ilx-KlceL,2200,1879,03/030d4456.jpg
71it3sTWDUL,2312,2312,03/038e7952.jpg
71iuuiilqkL,2200,1879,03/0306da1c.jpg
71iwEn7geZL,1595,1595,03/03eab78c.jpg
71j1NIu4isL,2165,973,03/0389f27e.jpg
71j2DlwwJtL,2200,1879,03/031878bf.jpg
71j3UPvkllL,2200,1879,03/0379cbc2.jpg
71j6tG0E6nL,1522,2560,03/03b8a270.jpg
71jZ9Z1hx5L,2000,2000,03/039874a9.jpg
71jf+liyZdL,1850,1079,03/03ad27a9.jpg
71jjA1pXauL,2000,2000,03/03dc43a3.jpg
71jknQjBMiL,2200,1879,03/03601fe9.jpg
71jvrSbAhEL,1500,1500,03/033aca4c.jpg
71k3MJc3sNL,2560,2560,03/03ef8d11.jpg
71kCgONWyzL,2200,1879,03/03f795e4.jpg
71kHK9qBMcL,2200,1879,03/03a0de1a.jpg
71kIBkFFOOL,970,1265,03/03b4ae30.jpg
71kKuk1A-UL,1000,1000,03/03d24533.jpg
71kNMGAEySL,2200,1879,03/030d370d.jpg
71kNSm5Eg4L,2560,2560,03/03b19c82.jpg
71kNjutfvDL,1970,1970,03/0337af75.jpg
71kWZB9B5kL,2200,1879,03/035f79e5.jpg
71kXJ1KMxhL,2560,860,03/03bdc959.jpg
71krt0YNw1L,2200,1879,03/035ac058.jpg
71ktNEINXrL,2200,1879,03/0305fadc.jpg
71kz8oxZHQL,940,2560,03/03e2f8b1.jpg
71l3S8IhhaL,2560,855,03/0365fcec.jpg
71lFmPHKM+L,2200,1879,03/03b2fe16.jpg
71lJIOWKNAL,2000,2000,03/03860735.jpg
71lXhtqk+8L,1057,2560,03/03c7a7d8.jpg
71lY3kOKDeL,2341,2103,03/03c02a29.jpg
71lhgDkdnVL,2200,1879,03/034a9afe.jpg
71m+S11CkYL,2200,1879,03/03d340d8.jpg
71m-ntjTHCL,2200,1879,03/037f6767.jpg
71m0hNOdkYL,1302,2142,03/03cca5af.jpg
71m8Xw7YvoL,2200,1879,03/032e12ed.jpg
71mDCI-q1uL,2000,1123,03/03ec176d.jpg
71mGFAVM+3L,2000,2000,03/030a92c8.jpg
71mLQE27eFL,2200,1879,03/034e59f3.jpg
71mQrW5++5L,2200,1879,03/037b2c01.jpg
71mSvPWItGL,2181,2181,03/0324fbfd.jpg
71mW8AvmlhL,2560,1969,03/03077d9b.jpg
71nrMmHeJPL,1805,1165,03/030ae61f.jpg
71o-26-FcxL,2015,1815,03/0321c2d2.jpg
71oB-o0DfQL,2200,1879,03/0378e482.jpg
71oGIvD8j2L,2431,2100,03/03552789.jpg
71oKuKDBKXL,2200,1879,03/0310cc0d.jpg
71oNewTgYQL,1258,2374,03/036e6a65.jpg
71oOR-DYCWL,2200,1879,03/035d1605.jpg
71ofZGsCa7L,2200,1879,03/036c9b58.jpg
71oyl-WCwbL,2200,1879,03/039c443a.jpg
71pAJ4E+MTL,2200,1879,03/03c8ea70.jpg
71pNhA2QdfL,2560,2560,03/0351e5c4.jpg
71pSTBf7XhL,2560,2560,03/031e9b92.jpg
71pTpcSU4LL,2560,2560,03/0335ec44.jpg
71paAA6cYkL,2200,1879,03/032ba881.jpg
71pl0W0N1SL,1500,1500,03/039d1fd6.jpg
71pxnbYmgFL,1279,1500,03/03c51525.jpg
71q3XHaX5RL,2257,2560,03/0348ba81.jpg
71qDXi6Hm6L,2200,1879,03/03ca6317.jpg
71qF9xD+jqL,1463,1500,03/03772eda.jpg
71qFozYRd0L,2200,1879,03/0367ddfb.jpg
71qMO0da3iL,1000,770,03/032459c6.jpg
71qQvtOKGtL,2288,694,03/03076aae.jpg
71qWcZrTMXL,2200,1879,03/030f14e4.jpg
71qcoUe7F6L,2200,1879,03/031692ea.jpg
71qioVnGmAL,2269,2269,03/039dfc5b.jpg
71qswUmiYmL,1500,1500,03/038750c5.jpg
71r0le961rL,2560,2560,03/03006af1.jpg
71r5eL2zP8L,912,2560,03/03458623.jpg
71r6lv3NWpL,1316,1308,03/0386a282.jpg
71rbXH9wJ8L,1500,1500,03/038642da.jpg
71rmYC118ZL,2200,1879,03/035dc657.jpg
71rs+Wj-VGL,2560,2315,03/0363263d.jpg
71rum1H2MPL,990,1356,03/03e85177.jpg
71s46cPm1HL,2200,1879,03/03bb0c81.jpg
71sATi5FybL,2063,2148,03/03fdcab3.jpg
71sLDyvIGXL,2145,2145,03/03ec2d33.jpg
71sTVBivUuL,2000,2000,03/0336f4e7.jpg
71sV5piMqwL,2560,1969,03/038f0a62.jpg
71sgE4xMGAL,1584,1563,03/03514243.jpg
71srUl5v3zL,1885,1934,03/036677ae.jpg
71srZnjemeL,2200,1879,03/0396822d.jpg
71tAv0g7hfL,2200,1879,03/0357b174.jpg
71tP5nNITkL,890,1149,03/038ab83c.jpg
71thWqIwjbL,1500,1500,03/032ed0a0.jpg
71ttcQ-zmkL,2273,2560,03/03ba549d.jpg
71u+ZmRZNdL,2071,963,03/0311aea1.jpg
71u+xakAPyL,2560,812,03/03d76d42.jpg
71u-gnKkaaL,1200,1194,03/03eaeb3f.jpg
71uNbhHPo1L,2200,1879,03/0310650b.jpg
71ub02elcSL,2200,1879,03/0310cf1d.jpg
71uha1whDrL,1902,2393,03/03fbd53b.jpg
71unwDYZa5L,804,1519,03/0380b857.jpg
71urIbEBtFL,2200,1879,03/033e99b1.jpg
71utqxR7F7L,2200,1879,03/03ef7929.jpg
71uyElq653L,2200,1879,03/0300bf17.jpg
71uzlun2ndL,2513,1012,03/0361df7c.jpg
71v2BkfeZkL,673,2560,03/037c2b02.jpg
71v45ZaFdBL,2560,1340,03/0366c1d6.jpg
71vRAgGmOTL,1230,2560,03/03c7cd89.jpg
71vU+9Y8H0L,1444,755,03/03694886.jpg
71vU8k-WNHL,813,2560,03/037cff6e.jpg
71vUyfp5CjL,2200,1879,03/03d41145.jpg
71vVbXl8lzL,2560,2560,03/03b20873.jpg
71vX0gTiYrL,2560,710,03/0324b15f.jpg
71vjdVH+YmL,2500,2500,03/0365f457.jpg
71vlg4CqMsL,2200,1879,03/03a41e05.jpg
71vpYfL+KLL,2200,1879,03/03161b2e.jpg
71w+9SNWhbL,2560,1969,03/03b9ac4f.jpg
71w3m-3ZHxL,1365,1500,03/0397c997.jpg
71wGaMa-aWL,2000,2000,03/03b5b5b2.jpg
71wL+exuMmL,1315,1239,03/031965a1.jpg
71wTItnxqOL,2200,1879,03/0306a391.jpg
71wUInYGF2L,2200,1879,03/033a856f.jpg
71wZWrofEDL,2200,1879,03/03feed79.jpg
71wdVKflvvL,2200,1879,03/039f80d2.jpg
71wmd8WWNsL,2200,1879,03/03a940e2.jpg
71wu7NQnvaL,2560,1920,03/03f4802e.jpg
71xJyn-fxgL,2560,2560,03/03a3cde4.jpg
71xLG5By7qL,2200,1879,03/03bae183.jpg
71xQet76QuL,2200,1879,03/035eb28f.jpg
71xhe6P0llL,2191,2191,03/03d97063.jpg
71xlIQVOuLL,2560,2560,03/03de38ef.jpg
71xprJqxSfL,1737,2500,03/031676d5.jpg
71y-lJQstbL,2560,2560,03/03ed444b.jpg
71y1N7hvHOL,1000,1000,03/0385bb44.jpg
71y3JgcMc0L,1021,2560,03/039afd56.jpg
71y3c71iFLL,2200,1879,03/03a8024c.jpg
71y8tEj4ZEL,1169,1169,03/03b76276.jpg
71yDEcNHDVL,2000,2000,03/03d71edb.jpg
71yMP+i0SDL,1125,1500,03/0322912d.jpg
71yQxUvClEL,2200,1879,03/0362d67e.jpg
71yUl0IUZNL,2200,1879,03/03fa75b2.jpg
71yfmuraREL,1064,2560,03/037506eb.jpg
71yi0A7rRkL,2200,1879,03/0338d481.jpg
71ysSq-q2ZL,2200,1879,03/0305ef14.jpg
71yxP9QLYvL,2560,1476,03/033b3609.jpg
71z41SqfR3L,2560,1969,03/032fc718.jpg
71zIGkLk6bL,2200,1879,03/03abf334.jpg
71zVFo++xKL,1374,1088,03/03715a82.jpg
71zXsppnhzL,2396,2396,03/03342fde.jpg
71zz-Rn+0TL,2200,1879,03/03bc302a.jpg
81+2054y56L,2560,2560,03/03397812.jpg
81+f1GcjpKL,2200,1879,03/03f80d71.jpg
81+mzwFtjBL,2521,2521,03/0387a982.jpg
81+oncKg27L,2560,2560,03/03bb1633.jpg
81+oquGV5KL,2560,1707,03/0360590d.jpg
81+r3h9y3SL,2560,2560,03/0326b483.jpg
81+rSIVSTYL,2200,1879,03/0390d830.jpg
81-8pBgoeUL,2560,1377,03/036e170d.jpg
81-ARk8YAvL,2560,2560,03/03d0eaf7.jpg
81-IgTIzsHL,1113,2560,03/033f0a54.jpg
81-PNiX5iPL,2560,1934,03/035f6a91.jpg
81-XUiEiWkL,2386,2560,03/03822f08.jpg
81-Z66JMl-L,2404,2560,03/0340e7d8.jpg
810NOXzpnML,2560,2560,03/031b8b17.jpg
810X1L4T8hL,2200,1879,03/03caaa61.jpg
810qRpr01-L,2560,1352,03/03e10ed6.jpg
811+7Z-950L,2200,1879,03/0305d14c.jpg
8117LgWgCEL,2200,1879,03/0328d341.jpg
811SZQ34n6L,2200,1879,03/03995024.jpg
811qZunKQwL,2200,1879,03/039448a4.jpg
811rIKl11AL,2560,2560,03/03a1e651.jpg
811uEPhl5nL,1892,2560,03/035a4a82.jpg
812+Ws07GtL,2560,2560,03/0307f56a.jpg
8129nr6Mb5L,2200,1879,03/032c2fa8.jpg
812B-A5z7cL,2200,1879,03/039b51ca.jpg
812QFy0rNxL,2200,1879,03/0321431e.jpg
812UQ1a0RoL,2200,1879,03/033215cc.jpg
812b4FrxzAL,2560,1445,03/03a6e323.jpg
812cDBKaSpL,2560,2560,03/0340ae4b.jpg
812xi2fVojL,1321,2560,03/03919a83.jpg
8132GKVJf1L,1040,2119,03/03e6a961.jpg
8137mLiA2ZL,2200,1879,03/033f4434.jpg
813Coc35JDL,2200,1879,03/03f5e323.jpg
813HD5D4AtL,2200,1879,03/03b756e0.jpg
813Raph2GjL,2200,1879,03/0324b994.jpg
813VbhHrVBL,2560,2559,03/03942d41.jpg
813lZmQKKrL,1600,1600,03/03f4e735.jpg
813w5wZNdpL,2544,2544,03/038182ea.jpg
813ySsCKFiL,2200,1879,03/03a795aa.jpg
8141vgQkExL,2560,2560,03/03e9ff31.jpg
8144bqr81HL,2200,1879,03/0308545c.jpg
814AGeo3-lL,2200,1879,03/0397271a.jpg
814N+QKMxAL,2200,1879,03/03f43b88.jpg
814Qs0V5jcL,2200,1879,03/03caf72c.jpg
814Y+gI3gaL,1111,1396,03/036bf6e5.jpg
814dSB51JpL,1241,2560,03/0384d446.jpg
814o1pRpg6L,1500,1500,03/03f72d0d.jpg
814wMNA6kRL,2000,2000,03/0317a5f9.jpg
8153av3LGvL,971,2440,03/03ae0ebf.jpg
8155aaxPmNL,2560,2560,03/039c8cae.jpg
815Dw8aCaFL,1324,2450,03/03bc44e2.jpg
815xvWuzIoL,2200,1879,03/0305fcb0.jpg
8166nil4frL,2200,1879,03/03207324.jpg
8167Ja0jyNL,2560,933,03/03a31c8a.jpg
816NIDcoBfL,2200,1879,03/03c02fd1.jpg
816U-cyKXEL,2200,1879,03/034d7527.jpg
816e5D9cVSL,2000,2000,03/03c6945b.jpg
816f6bExS2L,1658,2050,03/037cea11.jpg
817FRlNIu9L,1500,1500,03/03bb2378.jpg
817PF9BOHZL,2200,1879,03/03d68598.jpg
817PINAKW8L,2000,2000,03/03bc0543.jpg
817eaXHTWAL,2560,1969,03/03708d6a.jpg
817sQGjYNkL,2560,1573,03/033b3cfe.jpg
81811xGtrvS,1727,2500,03/03085f0a.jpg
818EfZ-ggNL,2560,2459,03/03a3bbd0.jpg
818TnKuPWoS,2429,2500,03/036e6c74.jpg
818dFqHTTML,2318,2560,03/038b84d3.jpg
818fXyXLESL,2560,1969,03/037e8b26.jpg
818o-0xeNaL,1749,2560,03/0376b6c3.jpg
8199Oj+EGLL,2560,2560,03/033fb152.jpg
819nuS1MgwL,1487,2560,03/0370f89e.jpg
81A1pl2UG2L,2077,2560,03/031443f2.jpg
81A7muxpkkL,2447,1846,03/03925adf.jpg
81AFXH9PeCL,2200,1879,03/03c92529.jpg
81AHXYjaXGL,2560,2246,03/03d98a36.jpg
81ANZQvRp2L,2000,2000,03/039193b8.jpg
81AW51-N9fL,2200,1879,03/032d1cad.jpg
81AXQLx2ZyL,2200,1879,03/03457818.jpg
81AXbq8HhDL,2200,1879,03/031fbe26.jpg
81AgjcBQfbL,2560,2560,03/039629c0.jpg
81ArNBEqE7L,1177,2560,03/0300b7d7.jpg
81AvjZe+nVL,1920,2560,03/03f50936.jpg
81AzgoGNRaL,2200,1879,03/033f1ad7.jpg
81BD5Q+SbmL,2200,1879,03/03dbee5f.jpg
81BOfsjnt3L,2200,1879,03/036c35dd.jpg
81BZZ13962L,2560,2560,03/0381e892.jpg
81BhBk5MsWL,2200,1879,03/03d5604f.jpg
81BhX8YurjL,2560,2036,03/038deaf5.jpg
81BqUsO0LAL,2200,1879,03/03052ae5.jpg
81C3aGvjBGL,1056,2560,03/03d32edc.jpg
81CLVeVxqnL,2560,1623,03/03813fd0.jpg
81CcfaAYBTL,2200,1879,03/034b031e.jpg
81CflnGQTQL,2200,1879,03/038ae22c.jpg
81CzLqv31EL,1646,2560,03/035d2341.jpg
81D6btzpmTL,1386,2499,03/0399cd42.jpg
81D9TB6lrrL,1500,1500,03/0346b4de.jpg
81DEsebfaiL,2129,934,03/0369fe0a.jpg
81DGYbuZWRL,2200,1879,03/03adf0e9.jpg
81DGvoiVnhL,2560,1862,03/03fdfc6c.jpg
81DOyfMPCyL,2560,1287,03/03e746c5.jpg
81DZf1SYB2L,2560,1313,03/037056c7.jpg
81DaHGdsAsL,1053,2560,03/03091798.jpg
81EUnXCfw5L,2000,2000,03/035456ff.jpg
81F+vhzpclL,2560,2560,03/032a6fec.jpg
81F650rzRzL,1690,2560,03/034fdf20.jpg
81F8DLhP4OL,2200,1879,03/03c0a8dd.jpg
81FDN2CL7QL,2560,1750,03/0368602c.jpg
81FJNqeB6JL,2200,1879,03/0396de10.jpg
81Fz8ALBlIL,2200,1879,03/032fe821.jpg
81G0pOCsuxL,2560,1232,03/03750679.jpg
81G2MXfQQ6L,904,2560,03/03543a3a.jpg
81GHMt-GaZL,1318,2560,03/03d9d5e4.jpg
81GW7jpn1EL,1446,2560,03/034fb3d2.jpg
81Gv-cK6bbL,2560,928,03/030ae11d.jpg
81GwZol+ksL,2560,2560,03/0351841f.jpg
81H2ZW12LJL,1301,2560,03/03602c47.jpg
81HGnA1ySQL,1500,1500,03/0373c699.jpg
81HYZDwD9DL,2000,2000,03/038f5d50.jpg
81HZH7nazuL,2000,2000,03/03fbf41f.jpg
81Hib14meBL,2500,2500,03/03833e09.jpg
81Hj3TRTD4L,2000,2000,03/03b3036a.jpg
81HrJBwhKdL,2200,1879,03/036fe2be.jpg
81I3ZyVtEXL,2100,2100,03/03adbaaf.jpg
81I6gmiBHTL,1221,2560,03/03b764d7.jpg
81IAKyFVilL,2126,2560,03/03d8d034.jpg
81Iquu-63RL,2560,1270,03/030e40b0.jpg
81IskXBLCsL,2200,1879,03/03f32a92.jpg
81J4B7zxk5L,2560,2560,03/03a8b476.jpg
81JBBazPlXL,2200,1879,03/03e588f6.jpg
81JEHP0C+JL,2560,2560,03/034ebd57.jpg
81JGt-Gn5uL,2200,1879,03/033f1765.jpg
81JMxla2ioL,2073,2178,03/033fb842.jpg
81JX+zefwuL,2407,2560,03/03b8f6e2.jpg
81JcAYrATQL,2560,1941,03/03a13015.jpg
81JcS6olEBL,2200,1879,03/037dbd0a.jpg
81JtoUUn-pL,1070,1965,03/03407753.jpg
81K1i+0P6fL,2132,2560,03/0317bb05.jpg
81K1yCW0KWL,2200,1879,03/03b3adb3.jpg
81KCmD9jI8L,2560,1356,03/032c11a2.jpg
81KEp9vyPKL,2000,2000,03/03fc9e3d.jpg
81KS0Ho1H1L,2560,2560,03/035fef67.jpg
81KVl21g9CL,1174,1566,03/0351125b.jpg
81KW0pVTwgL,2200,1879,03/03f55da6.jpg
81KcfQwIw9L,2200,1879,03/031ab99a.jpg
81L1WLRNQiL,2403,2403,03/03967a66.jpg
81LgAA+q0ML,2173,2499,03/03b2587d.jpg
81LgxpNHIVL,2200,1879,03/03ce1805.jpg
81LkGRPJI0L,2000,2000,03/0346675c.jpg
81Lt0PLs3vL,2000,2000,03/03c910b4.jpg
81Lxd0cvGXL,2200,1879,03/03c3d4b1.jpg
81M62hTtaHL,1500,1282,03/030d3459.jpg
81M6dY0hx2L,2560,974,03/036342c2.jpg
81MAtOq-VwL,2000,2000,03/0354a29a.jpg
81MAzZgvVzL,2200,1879,03/0365338d.jpg
81MG8Y+wQpL,1448,2560,03/033add71.jpg
81MOL-k4v1L,2560,2560,03/03cd0729.jpg
81MRsUdS+XL,2560,1969,03/03c8b99d.jpg
81MSHoxh0UL,2560,1424,03/03082789.jpg
81MUbPlz5YL,2200,1879,03/03e78877.jpg
81Ms8fUwCJL,2560,2560,03/03c9c45a.jpg
81Mv7R2cWTL,2200,1879,03/03bcde0a.jpg
81Mwr3gcxOL,2560,1707,03/039f2ef0.jpg
81N38PH1HuL,2394,948,03/03185f5d.jpg
81N6EFWOPUL,2200,1879,03/0354aa88.jpg
81NBaAQE3rL,2560,1187,03/0341a13e.jpg
81NJp2QNAhL,2200,1879,03/037bcad1.jpg
81NO-9bufxL,2560,1189,03/03bda75a.jpg
81NUNstybsL,2560,2560,03/03d59ca5.jpg
81NY66kjw1L,2560,2560,03/03b4aa71.jpg
81Nb9NFP62L,2072,2550,03/03ad0673.jpg
81NdisPp7vL,2200,1879,03/03ac13e4.jpg
81NjfxZ61LL,1298,2560,03/03545a82.jpg
81No+nFKmZL,2200,1879,03/03119119.jpg
81OSu8sKSHL,2200,1879,03/039ff6ed.jpg
81OVOW3zwfL,2560,1422,03/03d8dcc4.jpg
81Ol4TFJd3S,2318,1790,03/030c2afd.jpg
81OqixbLXeL,2560,1516,03/035fc052.jpg
81OqvMi96SL,2560,2560,03/031453cf.jpg
81PA2babmVL,2560,1667,03/0327d6a3.jpg
81PVGj5YZ0L,2200,1879,03/03b1ebe8.jpg
81PXN3C0M6L,2560,1969,03/03c4a89e.jpg
81PfIs4kMcL,2200,1879,03/032ee34b.jpg
81Pg+vv62fL,2200,1879,03/03c9642f.jpg
81PlDqqQTxL,2000,2000,03/03648449.jpg
81PwXt2qtfL,2560,2560,03/03140c1d.jpg
81Q1zFgoTBL,923,2560,03/038a40d0.jpg
81Q6qvDygSL,2200,1879,03/03ae4f64.jpg
81Q7In+oSVL,2480,2476,03/03d98495.jpg
81QMwCjUc2L,1346,1839,03/03847968.jpg
81QORz9DhAL,2200,1879,03/036887dc.jpg
81QPWoma3OL,1599,2560,03/032130f9.jpg
81Qaide0-BL,2560,2329,03/032d5b93.jpg
81Qicnc-l+L,2200,1879,03/036ff3bb.jpg
81QrAxZMq2L,2200,1879,03/036709a8.jpg
81R0PJqEL7L,2000,2000,03/03ae4fa9.jpg
81ROhCiWGrL,2200,1879,03/03c8bf63.jpg
81Rfh5wmAHL,2560,1519,03/035661e8.jpg
81RoEcLnZVL,2200,1879,03/03912a88.jpg
81RoHEBnbwL,2200,1879,03/032aa8f5.jpg
81RouggSb1L,2200,1879,03/03012e44.jpg
81RraTUzvGL,2560,2560,03/0371d2f6.jpg
81S-tkDYjHL,1500,1350,03/0309bc92.jpg
81S1YOHplML,741,2319,03/03c3e427.jpg
81S3B1kbZXL,2200,1879,03/03ca99ea.jpg
81S5BbEXa4L,2200,1879,03/0369d426.jpg
81SRMm+OGRL,2000,2000,03/03ee31f3.jpg
81STguxlgBL,2560,2560,03/030249a8.jpg
81SY-3ZTneL,1142,2560,03/03da410f.jpg
81SYs3EH+GL,2560,1188,03/033a3891.jpg
81SZw7ViaYL,2560,2559,03/03da39cc.jpg
81SbDD8Nb-L,2200,1879,03/03491200.jpg
81SeyWPfpcL,2560,1728,03/03c2c550.jpg
81SwE-bv9wL,987,2560,03/03ccef65.jpg
81SxtHVI+aL,2000,2000,03/038f2e99.jpg
81Sz+ccwWlL,1498,2560,03/03aa51f5.jpg
81TS0WGtM+L,2560,2560,03/03e1a71f.jpg
81TWUHK3UhL,2200,1879,03/0309a330.jpg
81TtWSq6FFL,2560,2560,03/03e91dac.jpg
81TwK9x1eHL,2560,2560,03/03ea21ad.jpg
81TwZPtHc6L,2560,2560,03/0394ede4.jpg
81Tyx9Iho0L,2560,1050,03/039551a3.jpg
81U5Ajg-r6L,1266,2560,03/03b48ece.jpg
81UAOVV0WpL,2000,2000,03/0300b43f.jpg
81UqIjAC0cL,896,2560,03/0313ce0a.jpg
81UvNlN+WBL,2000,2000,03/03e0205b.jpg
81Uy5hjDMOL,2200,1879,03/03b4c5d0.jpg
81UzDLq8-OL,2000,2000,03/0360e593.jpg
81V3GI5qCKL,2560,2560,03/03574154.jpg
81VEPC2OK0L,1409,2560,03/03d438d3.jpg
81VgVXQoj9L,1206,2477,03/03959484.jpg
81Vk9ObsCxL,2200,1879,03/03e81793.jpg
81W4MR7lgBL,2200,1879,03/030b4392.jpg
81WDF2tPyuL,2200,1879,03/03aa2e88.jpg
81WcuVxo3QL,2200,1879,03/030a6331.jpg
81WnE7Yo7jL,2513,1933,03/0358486e.jpg
81Wyn4XPYPL,1850,1850,03/03573d96.jpg
81XAXJ-QRML,2560,2560,03/03500051.jpg
81Xe5ySREZL,2200,1879,03/0325f849.jpg
81XmMrN1luL,1704,1704,03/035bc15b.jpg
81Y3MRVXE4L,2200,1879,03/037113c7.jpg
81Y8JJV-mBL,2560,2560,03/039ecddd.jpg
81YG9OHkmjL,2200,1879,03/037bc8c5.jpg
81YU3D1pd6L,2560,2560,03/035b33a6.jpg
81YVzqGnheL,2560,2560,03/03aaec17.jpg
81Yh8tWvSaL,2000,2000,03/0310c4f9.jpg
81Yj+xAfAcL,2000,2000,03/038b178f.jpg
81YuENdpNsL,1657,1191,03/030cefe4.jpg
81Z+M+69dUL,1186,2402,03/039d9c31.jpg
81ZU77zi3hL,2200,1879,03/031bd764.jpg
81ZVxum5+SL,1336,2560,03/03369526.jpg
81ZmUz5j-2L,2200,1879,03/035a876a.jpg
81Zp+NPQsBL,2200,1879,03/03eabaa5.jpg
81a+1IeIanL,1500,1500,03/030a45a8.jpg
81a4pZk0NML,1389,2560,03/036b8054.jpg
81aKT6-61sL,2000,2000,03/033cbc3a.jpg
81aTfznRuBL,2200,1879,03/03b03293.jpg
81aUE2khwqL,2200,1879,03/03d2e614.jpg
81bcEq1Wa+L,2560,2559,03/0363a6f6.jpg
81byPre0R6L,2073,2073,03/031d2f47.jpg
81c+6Lv+GsL,2560,923,03/034fb6fd.jpg
81caa07ivdL,2044,2044,03/0344bd50.jpg
81cjwGyCy8L,2560,1399,03/03c5f474.jpg
81d-swB+KTL,2200,1879,03/03dc5ea0.jpg
81d7X8I-ooL,2560,1311,03/036ccc68.jpg
81dUYvgHu-L,2200,1879,03/03d96ebe.jpg
81dYuVQYtyL,1867,1309,03/032f0522.jpg
81dicHC55IL,2200,1879,03/031a8a79.jpg
81drQZjklwL,2560,2560,03/03e5263a.jpg
81dwuOI3VhL,2000,2000,03/038a3af8.jpg
81dz53N075L,2348,2348,03/038755ca.jpg
81e2Uu2+mQL,2382,1000,03/036c2573.jpg
81e8c2+wgIL,2303,2306,03/032d170c.jpg
81eE7K+wXfL,2560,1418,03/0323be4e.jpg
81ePiFKhEfL,1046,1763,03/0335edfc.jpg
81ePu2gnWXL,914,2560,03/032aa57d.jpg
81eX3I4MJLL,1500,1500,03/03fb36f4.jpg
81eYrumscrL,2000,2000,03/034c9222.jpg
81egh8jWeUL,2560,2560,03/03b296dd.jpg
81fEVLsYjLL,2267,2560,03/032f349a.jpg
81fYj6bCptL,2169,2169,03/0395ca39.jpg
81feV6gHSTL,2200,1879,03/03e53c94.jpg
81funGDbm1L,2500,2500,03/0371f063.jpg
81g-qgGrB5L,2560,1969,03/03fa3821.jpg
81gGOtXvSZL,2200,1879,03/03ddc98b.jpg
81gKxg1jNuL,1800,1800,03/03423272.jpg
81gWV0J+jGL,2000,2000,03/0320db82.jpg
81gp2rE4R1L,1873,2528,03/03dc4e67.jpg
81h8WifQlHL,2560,2560,03/0377a8f4.jpg
81hS5H2xUWL,2200,1879,03/03019239.jpg
81hZQ--Gj-L,2303,2470,03/03574998.jpg
81hZTwARkyL,2424,2560,03/03f45569.jpg
81hby1PepHL,1966,2560,03/03e7bac2.jpg
81i54Cc-joL,1623,2560,03/036628e0.jpg
81iAni0FQ1L,1462,2560,03/03836deb.jpg
81iBxXiuRCL,2200,1879,03/038c0eac.jpg
81ig4DIcQaL,2026,2026,03/03b0f025.jpg
81irELpF55L,1500,1500,03/03643624.jpg
81jB9zAo0WL,2500,1197,03/03b33193.jpg
81jGWRjUJGL,2200,1879,03/03345021.jpg
81jZkOqmUIL,2200,1879,03/03226fb9.jpg
81joNByEDtL,1387,2560,03/030ce7b3.jpg
81jzkYO3XEL,2560,2560,03/03faa64e.jpg
81k3zMtmf4L,2560,1970,03/030d9e1e.jpg
81kHF8Js3iL,2560,1969,03/030258dc.jpg
81kIh2t9+OL,1816,1816,03/03df8554.jpg
81kN0pkTsfL,2000,2000,03/03f6b4c7.jpg
81keXoWaY9L,2560,2560,03/0382c816.jpg
81koc95+MaL,2560,2560,03/036101a0.jpg
81kuIywH4wL,1736,2075,03/0300fd99.jpg
81kylXF10xL,1707,2560,03/036f8611.jpg
81l9l6fLj-L,1897,2560,03/033b33ca.jpg
81lQg+tXjQL,2560,2560,03/03576c13.jpg
81lYyICGnfL,1715,2560,03/03731290.jpg
81ldZ2f9GbL,2560,1826,03/0378e49d.jpg
81ljwYqefjL,1747,2291,03/03dee3b4.jpg
81lmCS+ZbHL,2560,1946,03/03477801.jpg
81luikg7FnL,2200,1879,03/034aae0f.jpg
81m3wnetanL,1100,2039,03/03baa799.jpg
81mmGbxYhYL,2188,2188,03/0316f51f.jpg
81n9JYr9CJL,2200,1879,03/03057989.jpg
81nAH7JR4hL,2500,2093,03/03d7ef38.jpg
81nRNBqh3VL,2200,1879,03/03b5dcae.jpg
81ndProKhCL,2500,1247,03/03557c6e.jpg
81nvo2LFzJL,2560,2560,03/032677be.jpg
81oOqreGZyL,978,2560,03/03b6a3e8.jpg
81oScLo8R9L,2560,721,03/03ee5024.jpg
81oSwuocHtL,2200,1879,03/03581a8f.jpg
81oWG4MCK5L,2560,2560,03/03f40492.jpg
81onj57azvL,2560,2560,03/036f8134.jpg
81ozXOrOtcL,2200,1879,03/0316d6ea.jpg
81pGlfjoLBL,2560,1969,03/03bcd832.jpg
81pJnWGrbuL,2560,2560,03/03c789b7.jpg
81pNQ+EKvQS,1735,2500,03/03dce974.jpg
81pQ9ssSiYL,2200,1879,03/03d83277.jpg
81pjIUGUb1L,2560,2560,03/03898750.jpg
81psW3GuR+L,2200,1879,03/03e0f2ce.jpg
81pu399XIiL,2200,1879,03/03e84935.jpg
81puAw4eshL,2200,1879,03/0380ab1d.jpg
81pwDjKD4-L,2200,1879,03/03de3948.jpg
81py0H54dTL,1389,1763,03/037839bc.jpg
81pyW8JJYBL,2200,1879,03/0357248b.jpg
81pynjTgoxL,2210,1818,03/0340ec45.jpg
81q-tQnSBbL,1368,2560,03/0336e0f2.jpg
81qFXdDxhHL,2200,1879,03/03e1e0bc.jpg
81qIeQGjYeL,2560,1970,03/03b31227.jpg
81qKbirwVUL,2200,1879,03/030bc8d7.jpg
81qymedgS2L,2141,1919,03/038c0eb1.jpg
81r6vts-7pL,2335,2335,03/03529de6.jpg
81rFm09f0OL,2560,2401,03/03c52591.jpg
81rFo1Y2ORL,2001,2001,03/03fa48ff.jpg
81rTMKUs-cL,2200,1879,03/03653306.jpg
81rW7F2GxGL,2560,2560,03/03a94feb.jpg
81rghg8stfL,1635,2380,03/03d90b47.jpg
81rog7wYGRL,2560,2044,03/039346e1.jpg
81s-aEHCuHL,2290,787,03/039fd4b8.jpg
81s4GmGh6jL,2200,1879,03/0376f99f.jpg
81sDSmn1F8L,2200,1879,03/032a2b93.jpg
81sZWz0T9XL,2560,1188,03/03f677e8.jpg
81sdc7WJ-BL,2560,2560,03/03637ca9.jpg
81sfpsHvqdL,2560,1969,03/0346d3a8.jpg
81t4WyPX-VL,2200,1879,03/03ff5029.jpg
81tGaf0G5ML,2200,1879,03/038f9f37.jpg
81tJ54ldJsL,2560,2560,03/03050dc5.jpg
81tLOyMJj6L,2200,1879,03/03141c13.jpg
81tLhLR-U0L,2000,1016,03/03dd60aa.jpg
81tLtk9S7PL,2200,1879,03/0326c24c.jpg
81tUVXKzleL,2560,2560,03/0378baef.jpg
81tWf0-0wqL,2560,1624,03/031511d4.jpg
81tgEgdnedL,2560,1307,03/03610eb7.jpg
81tj5QW5v3L,2560,1382,03/03ea453b.jpg
81tmTt9fP1L,2000,2000,03/030d69c7.jpg
81tq+WLExwL,2500,2500,03/03d0228d.jpg
81ttP5hq9NL,2200,1879,03/03f3b558.jpg
81tu6tETypL,2140,2560,03/03b85a9d.jpg
81uaRqcxYCL,1184,2304,03/03f3f472.jpg
81ur47UP5TL,2560,2560,03/03fa9720.jpg
81uvPkpmYGL,2560,1952,03/0328a8ba.jpg
81v7V6nhWJL,2200,1879,03/0335cf6e.jpg
81vCj3p7ygL,2560,1969,03/03bf3f42.jpg
81vERGVKd3L,2200,1879,03/0314792e.jpg
81vNGCDtZfL,2000,2000,03/03d0abcf.jpg
81vRWtvEabL,1487,2023,03/03f0f91c.jpg
81vfgQPKqLL,2490,2490,03/031ea8b9.jpg
81viPGwpZcL,2200,1879,03/03c033b2.jpg
81wGojcDJXL,2560,1696,03/03d49fd7.jpg
81wZ3n9bdbL,1953,2456,03/0349a68c.jpg
81woVwcPWrL,2200,1879,03/03e155d8.jpg
81x1sIkD4wL,2560,2560,03/03057276.jpg
81x5OUPc-TL,1346,2560,03/03e091ee.jpg
81xC69IXZpL,2200,1879,03/039401fd.jpg
81xPIssY2kL,2200,1879,03/03e560b4.jpg
81xWJOJiWXL,2200,1879,03/038c6ca1.jpg
81xYLsj0MQL,2560,1042,03/038f5b9c.jpg
81y0ICKhsoL,2163,2560,03/0327cabd.jpg
81yG0GL3etL,2560,1525,03/0363dd8b.jpg
81yS-CsIANL,2500,2501,03/03952668.jpg
81yYlZ9F-nL,1627,2560,03/03fdb88d.jpg
81ydWpFBeRL,1700,1700,03/03c44091.jpg
81ydc7rybhL,2500,1150,03/03fc6008.jpg
81yhyOdUiiL,2400,2000,03/038aa5c9.jpg
81ymjaEkWaL,2436,2436,03/0366c723.jpg
81yp0LXX-cL,2200,1879,03/03c87898.jpg
81z9w0RghFL,2200,1879,03/03b0e041.jpg
81zHxeJCyOL,2560,847,03/037e429c.jpg
81zIE3HlD6L,2200,1879,03/032a1804.jpg
81zMNzA8UJL,2560,1774,03/03998674.jpg
81zRs01hwNL,2560,1970,03/03b408c4.jpg
81zZaFCMRiL,2560,2560,03/03999b6e.jpg
81zeREM9WSL,1920,2560,03/0363d682.jpg
81zjZznwlEL,1331,2560,03/03ddc39f.jpg
81zjzwgWQ8L,2560,1901,03/03448b3e.jpg
81znE58gqIL,2560,2560,03/03cafd0d.jpg
81zpNVvpeBL,2200,1879,03/038a9c2d.jpg
81zwnf3Z1GL,2000,2000,03/03ca4cad.jpg
91+L88i6LbL,2560,1993,03/036bea72.jpg
91+YjVimDjL,2560,2560,03/0386019f.jpg
91-2EUHEriL,2560,2560,03/03fa42e9.jpg
91-cOZxvMmL,2560,2560,03/035565ed.jpg
910-dJg4BzL,2100,2100,03/03a7b9db.jpg
9103htd-nkL,2560,2560,03/0356d052.jpg
910AAQB5wPL,2415,2415,03/03cf3264.jpg
910AOeGFIHL,2560,2560,03/038c8248.jpg
910IrqlnXyL,2272,1673,03/03bb0385.jpg
910saPnd7HL,2500,2500,03/0362670b.jpg
9116mXrA02L,2560,2560,03/039a5915.jpg
911S6MW+PJL,2560,2560,03/03cd2e64.jpg
911wHcQ91JL,2560,1969,03/032e7235.jpg
9129XKSQVcL,2560,2560,03/0336e48d.jpg
912xkS7wwVL,2560,2560,03/03c00be3.jpg
913D8tiQ6US,2500,2383,03/03a735cc.jpg
913OH1tLPCL,2560,2560,03/03621266.jpg
913rn47mR9L,2560,2560,03/03fccd8c.jpg
91474WNGF0L,2560,2560,03/03f4d6a5.jpg
914aPwgVdGL,1344,1344,03/03cbb272.jpg
9168VGyeYsL,2560,1068,03/034e3c8f.jpg
916Fr2jzxzL,2560,2204,03/036991da.jpg
916KaWWuhTL,2560,2559,03/036dc404.jpg
916VlIAPxHL,1743,2560,03/03a14f1d.jpg
9189QbbclcL,2560,2560,03/03318c5b.jpg
918VQoIqq5L,2560,2560,03/03bdf32e.jpg
9199bQmvagL,2262,2262,03/03e083c7.jpg
919rCIt2WDL,2560,1664,03/03ce8e03.jpg
919zusz4SSL,2560,1182,03/03223807.jpg
91A0zC+fJ-L,1714,2560,03/03d0a6de.jpg
91AIoxmc5uL,2560,2560,03/03283d54.jpg
91AJJTRaiKL,2560,2433,03/0329eca2.jpg
91C5LW14X3L,1590,2560,03/03590731.jpg
91E2tCtVSdL,2560,2560,03/03f15a0e.jpg
91FADQFiRyL,2223,1539,03/039fb040.jpg
91HU273dhaL,2560,2062,03/031accaf.jpg
91HtkNdG6kL,2560,2081,03/03505715.jpg
91HwYSbKPqL,2560,2560,03/03657e44.jpg
91IiA+qXeBL,2560,2157,03/034bfab7.jpg
91J8E-+fHLL,2560,2032,03/0306efd6.jpg
91JGlPtRThL,2560,1665,03/0322043d.jpg
91JpwLvmVAL,2233,2560,03/03c0e2a2.jpg
91JqenMIELL,1782,1867,03/03c73582.jpg
91L9mXqDz2L,2560,2560,03/032e00ca.jpg
91LV+ucaIJL,2560,1328,03/034cccf2.jpg
91LYrSyXAzL,2560,2560,03/031ed449.jpg
91MUgESaLhL,2481,2560,03/0388f7b1.jpg
91MneJtsYXL,2560,2334,03/03d53251.jpg
91Mnnx7UyTL,2500,2500,03/032d4df5.jpg
91NCr72XekL,1839,2560,03/03f00c78.jpg
91ORqUG3UfL,2199,2560,03/039e1461.jpg
91Opq20vaAL,2560,2560,03/036717f0.jpg
91PMINs+WuL,2560,2030,03/037f85f5.jpg
91Q2zsM3H6L,2264,2560,03/03831356.jpg
91QBI5oIjwL,2560,1969,03/0348e210.jpg
91R6UoVsY8L,2560,2560,03/03bd5cfd.jpg
91R7-ebZ8RL,2200,1879,03/036e567d.jpg
91S1GNXqL4L,2560,1185,03/03c88e9b.jpg
91STcBtyeZL,2200,1879,03/0336403a.jpg
91Sb2656hUL,2560,2560,03/0379b177.jpg
91SpDQ8h36L,2200,1879,03/037921ed.jpg
91TID+zAJ8L,2560,2560,03/03a4a3ae.jpg
91TO1K165jL,2560,2331,03/03db6135.jpg
91TU7J9ZqUL,2560,2560,03/03f48018.jpg
91TWFcUiXJL,2560,2560,03/03be329e.jpg
91Tzn81nsRL,1130,2560,03/03bdd841.jpg
91UHO3qPmbL,2509,2560,03/03b4a807.jpg
91UeqDYEuLL,2560,2560,03/030bb530.jpg
91UtCqnle+L,2560,2560,03/03ffea3c.jpg
91Uy1wN2f6L,2337,2337,03/033baf24.jpg
91V4mgklQxL,2555,2560,03/03d334e8.jpg
91VaS-IP++L,2560,2560,03/030d9f0d.jpg
91WSZPXdvrL,2560,1945,03/030136ef.jpg
91XRFJVRhJL,2200,1879,03/0345df57.jpg
91Y2OAePO7L,1992,2560,03/03001c89.jpg
91YPbQWr-IL,2560,2560,03/03d8e524.jpg
91YWSk4XqoL,2238,2560,03/0364e531.jpg
91YYhwri8pL,1302,2560,03/033bc2b1.jpg
91ZUjF-JHFL,2114,2560,03/0319a96b.jpg
91aHldLlNKL,2560,2560,03/0370acf7.jpg
91aM+rbqBFL,2560,2560,03/03bc40db.jpg
91aMlgQKFbL,2478,2560,03/03332036.jpg
91awsZXr7rL,2560,2560,03/034b2e24.jpg
91bJ-Nvu7LL,2560,2228,03/03a618bc.jpg
91bjFSSulTL,2560,1742,03/035acf2a.jpg
91cbv4UGyOL,2000,2000,03/035b4130.jpg
91clKsmHlpL,2560,2560,03/03cc8a7e.jpg
91f5pxEY7wL,2000,2000,03/030e374f.jpg
91gclZZEzzL,2560,2560,03/0371bcc0.jpg
91hHKsM2MRL,2560,2545,03/03d71a73.jpg
91izEd84s+L,1828,2560,03/0377da92.jpg
91jUQ2N6MPL,2560,2226,03/03242554.jpg
91ji2VCFBDL,1358,2560,03/034ea827.jpg
91kTTNXD6bL,2287,2135,03/03a4c965.jpg
91kf1Zc84BL,2000,2000,03/03f152f9.jpg
91l4FaUiYUL,2560,1969,03/0367e73c.jpg
91l6itvfjRL,2560,2560,03/0315e68d.jpg
91lLCqZocoL,2060,2560,03/0354e270.jpg
91lpNJbFohL,2560,1969,03/03ccbc27.jpg
91ltSBBj3ML,2560,2560,03/03b124f7.jpg
91mRt1PBiYL,2560,2560,03/03830151.jpg
91maBXQbnsL,2560,2559,03/03e712e3.jpg
91mcnFBa9wL,2560,2560,03/03f57daa.jpg
91nmYegVYGL,2200,1879,03/03adad41.jpg
91nzaW2BikL,2450,2450,03/031689c9.jpg
91onpO48wYL,1400,2100,03/03e6ab5f.jpg
91osUfRBGXL,2385,2384,03/039a2016.jpg
91pDTucsIKL,2560,2407,03/03839e2c.jpg
91pGUA4YGlL,1827,1827,03/0311d978.jpg
91pNkcTDi3L,1940,2560,03/033f2914.jpg
91qtFXkKlDL,1707,2560,03/03a1f3ea.jpg
91rJDoE+k8L,2380,2560,03/03fde183.jpg
91rhrSmHHBL,1351,2560,03/037f67fe.jpg
91rynT9s9ZL,2560,2043,03/03e4e15b.jpg
91sSBJCLWyL,1542,1933,03/03a84fed.jpg
91sbOAvdlwL,2560,2560,03/0314c884.jpg
91t49o1W73L,1755,2560,03/031d8ef5.jpg
91tERGqXDGL,2560,2560,03/03c6e12c.jpg
91tK5XfQ9fL,2560,2560,03/03c3db74.jpg
91tRAmNGyuL,2560,2560,03/0363f928.jpg
91tY1h8-f1L,2560,2560,03/036d941c.jpg
91tis1TVz7L,954,2560,03/03662128.jpg
91uNe0aoBpL,2560,2481,03/0315b8a0.jpg
91uUILo93hL,2560,2560,03/0367a891.jpg
91vOrEP2DoL,848,2560,03/032e215d.jpg
91vUdjW-hmL,2000,2000,03/03d8ab64.jpg
91vfAt-ORNL,2560,2560,03/03e0631c.jpg
91vpzIfOkOL,2427,2560,03/03167ca6.jpg
91vymobl2iL,2560,1969,03/03d10684.jpg
91wqLUZKicL,2560,2560,03/035c8222.jpg
91wzeMoFtyL,2560,2560,03/03d14668.jpg
91xM9-xhMGL,2560,2560,03/035da4ff.jpg
91xX2jE8KNL,2560,2057,03/0308a55c.jpg
91y440NuIQL,952,2560,03/03adf41e.jpg
91y9-dyvAGL,2560,2560,03/03fd4d0b.jpg
91yTybIqMZL,2560,2560,03/03b618f0.jpg
91z2HmakMRL,2553,2560,03/03b0e563.jpg
91zEgZ7Z+nL,2560,2560,03/03b02925.jpg
91zYRY-28NL,918,2560,03/03d6e1b6.jpg
A1+oRQlZe7L,2560,2531,03/030b6a72.jpg
A1-cSbdo4KL,2560,2074,03/034c69de.jpg
A12KUX99ErL,2560,2560,03/034ded2d.jpg
A13FuK2I7rL,2560,2560,03/030ab44d.jpg
A14GKSMlvvL,2560,2560,03/03d05c01.jpg
A16wjHvy8dL,2560,2560,03/0389ee63.jpg
A180gEDD8NS,2391,2500,03/03a76d0b.jpg
A1Anl2XqdfL,2560,2558,03/039f7e92.jpg
A1CPeYOzoVL,2560,2560,03/034fd7db.jpg
A1FcOKdsohL,2542,2542,03/036de926.jpg
A1IY8ZxoAqL,2560,2560,03/0370df2e.jpg
A1IYP3trNhL,2560,2560,03/03475b6b.jpg
A1LrReU2MhL,2411,2318,03/03d64615.jpg
A1Mr8XZJ7zL,2221,2560,03/0372f5fd.jpg
A1OiCakq-CL,2560,2560,03/03d92ca9.jpg
A1R4vw6sehL,2560,2560,03/03b672ca.jpg
A1RjrKf9SLL,2560,2560,03/03bc690b.jpg
A1Sf7Jj5L7L,2560,2560,03/03e5df71.jpg
A1TPKzjNcPL,2560,2560,03/0375fea0.jpg
A1TV51QrbvL,2553,2560,03/0367edb8.jpg
A1YncWlO4aL,2560,1948,03/039eae68.jpg
A1ZlnFrWdhL,2560,2560,03/035b3348.jpg
A1c92MiAQJL,2560,2560,03/03d82b9e.jpg
A1dIXK+A2TL,2560,2560,03/0396e79e.jpg
A1dP14Cbv7L,2560,2560,03/0330aa32.jpg
A1eiuuMEtFL,1862,1862,03/0342989f.jpg
A1ejJ+7jq-L,2560,2560,03/0370c8ba.jpg
A1f60c292dL,2560,2560,03/030a5771.jpg
A1fF+0JBGYL,1999,2560,03/0396d5fd.jpg
A1hHvqSilyL,2560,2560,03/03b3210d.jpg
A1ndFkVsDNL,2560,2560,03/03cd2139.jpg
A1pUWjrtTzL,2560,2560,03/037e62f9.jpg
A1ptCe9UkuL,2560,2560,03/0373f901.jpg
A1qOhUcqsvL,2560,2560,03/032554d0.jpg
A1sT06gbniL,2467,2467,03/034e24df.jpg
A1sxHzehFuL,2560,2560,03/0309d466.jpg
A1tn56dYrlL,2560,2560,03/03159901.jpg
A1uysP7npYL,2560,2560,03/035fbac9.jpg
A1vZIRLbKiL,2560,2560,03/03d9ec43.jpg
A1vh5EvILnL,2560,2560,03/032c64cd.jpg
A1vlOn+wKtL,2471,2515,03/03227fb7.jpg
A1yHrsZaF2L,2097,2097,03/03df3c0f.jpg
B1FewRKDhfS,2529,2529,03/037b1553.jpg
B1LPZ1vCzoS,2560,2560,03/03dd931c.jpg
B1R9OAZmQPS,2560,2560,03/0392351f.jpg
B1RA5odaOrS,2560,2560,03/031f11ec.jpg
B1RyCuFzJ8S,2560,2560,03/03c60be6.jpg
B1r6+C3QzgS,2560,2560,03/039fc14d.jpg
