21OO1WYgjtL,376,500,08/0896aece.jpg
21OgEq2tLaL,500,376,08/08029608.jpg
21XOeyHWPzL,500,375,08/08ce2175.jpg
21eV1t-h0SL,500,375,08/083f1b80.jpg
21jkJvNGWZL,376,500,08/080b96a8.jpg
31-TaOD6x1L,500,375,08/08d543af.jpg
3110Is7fcdL,500,375,08/0804d72f.jpg
312iWhnPF9L,500,375,08/086ee6d7.jpg
314RX9iy5YL,500,375,08/080cb4da.jpg
31BNtsYzqYL,500,375,08/080deeba.jpg
31C5Wikr+-L,500,375,08/08e816f7.jpg
31CtBWNQp3L,500,375,08/084eb8eb.jpg
31D7mDSrhAL,500,375,08/08d765cd.jpg
31EMiAW5WDL,500,375,08/08730415.jpg
31Gp66OTfmL,500,375,08/0858281f.jpg
31NQVGR6tpL,80,500,08/087e0365.jpg
31QAdUqbWmL,500,375,08/08da2cf5.jpg
31RGgwrCP2L,500,375,08/08ee5e5b.jpg
31T8u510FoL,500,375,08/0812ecd2.jpg
31ZdO7NDlwL,83,500,08/0815f3e2.jpg
31areYDXCxL,500,375,08/0836b004.jpg
31bt0pWQKAL,500,375,08/08c98de2.jpg
31e3lsMNDrL,500,375,08/08afbc4f.jpg
31e4XEmoBPL,500,375,08/081eb7ed.jpg
31pFf-FDj7L,131,500,08/08ead79a.jpg
31ppPYMKWiL,500,375,08/0822ce23.jpg
41+Jp+qdkaL,500,500,08/08a76202.jpg
41-KRLjo1CL,473,500,08/08e9d72f.jpg
410N3XWTVEL,500,484,08/083a453d.jpg
411b9r85eUL,1000,1000,08/08fbbf5f.jpg
41459BTYG5L,455,500,08/088d9b89.jpg
4170TJ7qgLL,1200,1200,08/08255aa4.jpg
41AG0nko+WL,227,1000,08/08fb5ae8.jpg
41FpPio8YlL,1001,1000,08/08fc5eee.jpg
41Krbp3x-AL,442,500,08/082a54be.jpg
41M55J9J28L,340,500,08/087df340.jpg
41PxYl2aESL,500,500,08/0891d932.jpg
41S7g+rrebL,185,500,08/08ebe51a.jpg
41WD2t6lg9L,500,500,08/085f57f3.jpg
41ZObHCQuPL,90,500,08/08cc4999.jpg
41buscblhuL,1010,1010,08/08ebf3f8.jpg
41diXu0IScL,1000,218,08/0803fc02.jpg
41gNnxN+LjL,500,375,08/08ce18d1.jpg
41itJmbCBJL,114,1103,08/085f846f.jpg
41j8gbZFlML,170,1000,08/08c5a693.jpg
41na6W+xeVL,1066,1066,08/0870742d.jpg
41ntj3GbqYL,500,500,08/08afff81.jpg
41oGAbE5QBL,500,500,08/088c784e.jpg
41sogTyZ5WL,1000,1000,08/08f4a8a0.jpg
41xDAWAjjkL,1050,1050,08/085d88a4.jpg
41yaTGH8JZL,328,500,08/08ca7ee6.jpg
41ycxr1v93L,1050,538,08/0888b963.jpg
51+R0NXwNLL,1200,1464,08/08764afd.jpg
51-Gt1aiAEL,1000,1000,08/08229fe5.jpg
51-MLACCSiL,1204,1601,08/0837a3cc.jpg
51-koxMZ5vL,1000,362,08/0836e89c.jpg
510EWYASR-L,1100,1100,08/08e5de3c.jpg
510Zj-gw2-L,1000,1000,08/083e64e5.jpg
5118gqFfpgL,1100,1100,08/0879a699.jpg
511AN7qTe9L,1000,1000,08/089b5f26.jpg
511QV2kdq-L,1623,1623,08/08f86799.jpg
512hMt88rsL,1000,1000,08/08ebe1ea.jpg
514GwnW6UzL,1000,1000,08/08b6dd56.jpg
514I06lR3IL,454,500,08/0825470d.jpg
514X4LJrJJL,295,500,08/08e99586.jpg
515V64HV7BL,1000,1000,08/084a6d9a.jpg
515VGXZ3VPL,457,500,08/08af0c85.jpg
515fauWL5TL,1006,1007,08/08cadd22.jpg
515vWEqVgCL,500,264,08/087e6b4d.jpg
516EYcI73rL,173,2556,08/08c4e4e8.jpg
516wiQV5duL,1100,1100,08/0885be1e.jpg
516wx1+CxAL,530,2560,08/08d2ab1f.jpg
517L8BNXi2L,500,404,08/081b857d.jpg
518gaEB8+HL,1200,1200,08/086ff598.jpg
519HG7TA06L,500,474,08/0870dfbe.jpg
519Xd7qM2IL,1000,1000,08/08c5960e.jpg
519krvVG1iL,185,2560,08/08ac0e3c.jpg
51AfRvFBTcL,482,500,08/08f08158.jpg
51An7KcZ7QL,1000,1000,08/08993939.jpg
51BitavXjQL,1000,1000,08/086637a8.jpg
51C34VYzEnL,1100,1100,08/082b32d9.jpg
51CXJ1XZdmL,1000,1000,08/087fc89b.jpg
51DGQfpVt0L,294,1233,08/08604c0f.jpg
51DWs81IX1L,1277,1277,08/089a47c7.jpg
51DynhrbNeL,1000,1000,08/08c015bc.jpg
51E0Yl5GT0L,1000,1500,08/08618c10.jpg
51Ei55M+K5L,1000,325,08/08e36f26.jpg
51F1ygVmUyL,1080,1080,08/0806dc24.jpg
51FRhgrPx6L,1000,1000,08/086c2dcd.jpg
51FpY7BQ2JL,1001,1001,08/0884785d.jpg
51FwLx4R5nL,803,1050,08/08491707.jpg
51GBrbTDaiL,1000,1000,08/0863c1f4.jpg
51GnUlX30kL,1113,1113,08/082c1419.jpg
51H9mBAu0fL,1500,1500,08/08454c74.jpg
51HkHNjMAHL,1000,1000,08/0854301e.jpg
51HsQUwMoyL,900,1200,08/08edadc2.jpg
51I81JUv4yL,314,500,08/0861e819.jpg
51JQFtDTUPL,1444,755,08/08ab6099.jpg
51JsxnlY-qL,1000,1000,08/084979e5.jpg
51KQPTno0aL,1000,1000,08/083927ae.jpg
51LbQSPnfRL,1000,1000,08/085b1507.jpg
51OKd3wOA5L,1100,1100,08/084be361.jpg
51RhEPbfvHL,1500,1500,08/08723767.jpg
51Rhnf5RCAL,1000,1000,08/0886c42e.jpg
51Rl+J8wfLL,1200,1200,08/080bb199.jpg
51UFqb7B8JL,1200,1200,08/08083828.jpg
51V7InECnaL,1200,1200,08/087eb85b.jpg
51Vs9hk5xLL,1000,1000,08/087bcb3e.jpg
51WDRELGFXL,500,500,08/0837e295.jpg
51X+frUPl+L,1000,1000,08/080b2037.jpg
51Yq+d68jLL,1200,1200,08/083a8280.jpg
51YxgcQWQYL,1000,1000,08/08cedffb.jpg
51Z9Z2qDbTL,1200,1200,08/08239bc8.jpg
51ZLIz7yKhL,1000,1000,08/08cf7a46.jpg
51ZRxRq6IAL,817,1500,08/08985a2d.jpg
51a0xiULAxL,1444,755,08/0816eab4.jpg
51avEUWBr-L,354,1914,08/08c50f89.jpg
51bWnAtHYXL,1000,1000,08/08ebdadd.jpg
51bjpnoW1CL,1200,1200,08/087859d0.jpg
51bl43jHjtL,1000,1000,08/08d4cbd9.jpg
51cBRqap-mL,1000,1000,08/081947c4.jpg
51cvV49KbjL,1000,1000,08/088fdc16.jpg
51dLK-ss4xL,1000,1000,08/08d069ca.jpg
51dvG0ap2sL,1001,1001,08/08b28538.jpg
51eegVW0-VL,1148,1148,08/08e6ad2f.jpg
51eyJhnDo9L,1000,1000,08/082c1950.jpg
51fAs4qk+FL,1200,1200,08/084e1892.jpg
51fVvIOQQAL,1000,1000,08/08f5f1de.jpg
51fX-5z5lHL,1000,1000,08/08bd1bbc.jpg
51fYJSE39kL,243,500,08/08335ef1.jpg
51fZ18j-dKL,2560,780,08/08243094.jpg
51frrF+EHpL,1200,1200,08/08514f38.jpg
51gqkeNf-VL,443,500,08/0844c62c.jpg
51iDxJukgXL,1444,1444,08/087435ea.jpg
51iFFUCYtKL,1000,1000,08/080e1f0d.jpg
51jxI3be2uL,375,500,08/089b63d2.jpg
51kSiR6xoGL,1000,1000,08/08e8c1ba.jpg
51kq2UPv61L,1000,1000,08/08b441d7.jpg
51lzd50+iLL,1500,1500,08/08a25b23.jpg
51mz-eM9DyL,838,1208,08/08bcb7da.jpg
51nCXzbcZEL,357,1359,08/08831b5d.jpg
51nlDBBW8gL,1000,1000,08/08b40707.jpg
51oW5hB9cvL,683,1024,08/08536941.jpg
51p5qUv7mwL,1200,1200,08/086046e4.jpg
51pIh5j0h6L,1000,1000,08/08e8bd09.jpg
51psIuA9YLL,1200,1200,08/086e427d.jpg
51qPA3vMDAL,1200,1200,08/089f9388.jpg
51qR-Kk6qEL,1000,330,08/0844a131.jpg
51rilQ2qRLL,1001,1001,08/0886b3d5.jpg
51t1UXQg1BL,1000,1000,08/084656a7.jpg
51uleKJaY3L,1200,1200,08/08d9a573.jpg
51uljBeMg9L,1001,1001,08/08d91624.jpg
51utvxiafaL,1000,1000,08/08bf275d.jpg
51uwn9HifwL,1000,1000,08/0844bbca.jpg
51vBvqQf77L,1200,1200,08/089acbe1.jpg
51vwNAqv65L,1000,1000,08/08194f34.jpg
51wPOhkBxjL,1000,481,08/08c0b88a.jpg
51wjjjbOaHL,1050,1050,08/08b2677d.jpg
51xjGnZDKBL,1000,173,08/08d502a6.jpg
51y+2sqoTHL,1134,1466,08/08047501.jpg
51y4IQJyeKL,1000,1000,08/0848435d.jpg
51yfFLGJouL,1001,1001,08/08a2a463.jpg
51zJDywX6JL,500,327,08/08437d00.jpg
51zwAij+SDL,1000,1000,08/08d7f7ce.jpg
61+Dc-CJfgL,2200,1879,08/08a12221.jpg
61+GAtHB0SL,1000,447,08/081b4021.jpg
61+Vxj8XAqL,1000,525,08/08b0cbf3.jpg
61+qpI3NPLL,1315,1315,08/0841d688.jpg
61+sMpDbFYL,1000,1001,08/0804a1e5.jpg
61-9sh7-qRL,1000,1000,08/08c50fd3.jpg
61-CczmOSaL,1100,1100,08/08754671.jpg
61-KiURAwtL,859,2560,08/08094ada.jpg
6105zXS0H0L,1271,1697,08/08636b80.jpg
610t6+4brkL,551,1178,08/08946141.jpg
611ZbZRrmWL,1100,1100,08/08bd3aad.jpg
612GeyyKS7L,500,500,08/0824a54c.jpg
613QvZdoQFL,722,1361,08/0883d0e6.jpg
613gysLuGiL,499,1500,08/08bd8365.jpg
613rRY1ToRL,1124,642,08/08888f4b.jpg
613riBOnyTL,1444,755,08/08ba26f6.jpg
614+x-hPFtL,2200,1879,08/082c4aeb.jpg
614274wpLVL,1200,1200,08/08f5bd5d.jpg
614AYXCcsUL,1000,1000,08/08da7367.jpg
614cnQgj4ML,2160,2160,08/084c5a13.jpg
614zXZ-8d4L,1100,1100,08/0841ee87.jpg
615BFKs207L,1001,1001,08/08624624.jpg
615QnJlXJVL,1932,1932,08/089f2be6.jpg
615jECIUdAL,2200,1879,08/082a0fff.jpg
615upN36UUL,2000,2000,08/08e86af2.jpg
616HK63+J3L,1000,1000,08/08e00ef7.jpg
616Qxb48-vL,2200,1879,08/08b6fc0f.jpg
617G8ELlQyL,1625,850,08/08986ca4.jpg
617eCLddNWL,1500,1500,08/08149fa3.jpg
618eDiF0O0L,1000,1000,08/08fd004e.jpg
618gNrkof9L,1500,1500,08/08fe4def.jpg
618lxfVIsOL,948,2560,08/08d31bf5.jpg
618mXop6w5L,1500,1500,08/0810dc50.jpg
619VWr76lVL,1024,1024,08/08876ae3.jpg
619Z91Lz4OL,1000,788,08/087192ef.jpg
61A5xwOQmTL,1316,1308,08/08dd620e.jpg
61AO-O8ihKL,1444,755,08/08396fc6.jpg
61AlsMltSbL,1654,776,08/08efc0dc.jpg
61AmXwjAOML,1200,1200,08/08316ce0.jpg
61B4v4fG8NL,1489,2560,08/086e5ef2.jpg
61BEJW8sExL,1920,2560,08/08a5c372.jpg
61BHnNrsupL,454,500,08/08838c57.jpg
61BLgbBTKtL,1000,1000,08/08649796.jpg
61BlWGZiDDL,2445,1052,08/0843543f.jpg
61ByS+UWzoL,1316,1308,08/083dc961.jpg
61C-VmEUu0L,1000,1000,08/084df29a.jpg
61C5oFEMwGL,1920,2560,08/08ec46cd.jpg
61CM9vS4KnL,1316,1308,08/0822a83b.jpg
61ClRm4I6cL,2519,1032,08/08f97688.jpg
61Cqcs8BvLL,1670,1670,08/0835bd83.jpg
61DALBjrpjL,1239,1239,08/08906e5f.jpg
61Dtvu41A1L,1100,1100,08/081c40d3.jpg
61Enc84RROL,2560,1624,08/0859d7e1.jpg
61FUlxldXDL,1185,1000,08/085380ff.jpg
61FhQnbG4JL,1469,1469,08/0853b714.jpg
61G7r3d30WL,1625,850,08/08aa2071.jpg
61GGY5mmeyL,1000,1000,08/08f78a00.jpg
61GGz96V7cL,1001,1001,08/08e13bb6.jpg
61GLsT6u8VL,1100,1100,08/085eaf4d.jpg
61GQCUwR+4L,1000,1000,08/083fcd41.jpg
61GhtEIReDL,1624,1624,08/0843122a.jpg
61GjkuLfogL,1000,312,08/08b44b3c.jpg
61Gujwh-CPL,2241,1082,08/08e302f6.jpg
61H0hglXYGL,1918,1918,08/080a5cfd.jpg
61HS7YTFPeL,1000,1000,08/088437b3.jpg
61HfjGyG+ML,1500,1500,08/080cbd9f.jpg
61HrLpBhlGL,1000,1000,08/0847ed45.jpg
61I7yJx8JZL,1500,1500,08/08f5e772.jpg
61I8ltZPcyL,1000,1000,08/0852ba07.jpg
61IhavVTQNL,1000,1509,08/081ae1f9.jpg
61J2STWxbyL,1492,1492,08/0852edd8.jpg
61J9mm+76OL,1500,1500,08/08be4985.jpg
61JNZEgYMeL,1000,1000,08/08e1f9ef.jpg
61Jb6AVrMJL,1444,755,08/080c4dc5.jpg
61K3ihfCKAL,1500,1500,08/08b78c99.jpg
61K4G3J3xgL,2081,1660,08/0872a3e4.jpg
61KDiuTgbPL,2200,1879,08/087bc597.jpg
61KEKZxcphL,706,2560,08/08e68b9c.jpg
61KpUCwzG3L,1500,1500,08/08b9d02d.jpg
61L1aA+WnoL,1500,1500,08/084035c5.jpg
61LEYksTucL,1000,1000,08/08d95d9e.jpg
61LWSDyYVeL,992,1000,08/0854b184.jpg
61LoAXqdLNL,1001,1001,08/087918a2.jpg
61LqVigHcGL,1000,1000,08/0839582b.jpg
61MIVTInbeL,2200,1879,08/0869f4e3.jpg
61MlnI3+2IL,1444,755,08/085a34b6.jpg
61N-COROXVL,1100,1100,08/08fc05ca.jpg
61N68xzudgL,1500,1500,08/0824538c.jpg
61NCljMVZFL,2560,722,08/0872dfba.jpg
61NxYiL3QlL,2200,1879,08/08b55b71.jpg
61Nz26nrX5L,1000,1000,08/0855b0c2.jpg
61OC4MMV01L,1383,2560,08/084af5db.jpg
61OK-ImOGhL,2200,1879,08/08c6668c.jpg
61OMW4H2hjL,1080,1080,08/08d9f4b8.jpg
61P9ptGh0ZL,1100,1100,08/082aebe6.jpg
61PrJ7w1dPL,2200,1879,08/08be97e0.jpg
61Pw7H1Yx5L,1100,1100,08/0865fa49.jpg
61PwyH4VpQL,1000,1000,08/084c75fa.jpg
61Q+LCOf-bL,970,2560,08/085b274b.jpg
61QDPC37AAL,1000,1000,08/08ba7bad.jpg
61QhvoSTHnL,1227,1000,08/0850ff95.jpg
61QkY95WADL,1200,1200,08/0882c24d.jpg
61QrM30V81L,1000,1000,08/08c8c24c.jpg
61QvOakcoDL,1800,1800,08/083f81be.jpg
61R6mo12nPL,2200,1879,08/082c39e0.jpg
61RKarBEVCL,2200,1879,08/084bc39e.jpg
61Rmpc0RiBL,1500,1500,08/0854a105.jpg
61S8Z4zLt+L,1000,1000,08/086186a0.jpg
61SZQ1wod-L,1444,755,08/08709d8a.jpg
61Si6Fj25xL,2200,1879,08/08eb4acc.jpg
61Sj53jC9BL,1625,850,08/0834c548.jpg
61TDnzN0TqL,825,2499,08/08afe9b3.jpg
61THE5Kz+vL,2206,2206,08/0807e1fa.jpg
61THJWf6txL,1536,1536,08/08e99fe0.jpg
61TIXRp2iCL,1772,1772,08/08ed1e5e.jpg
61TPp8xS85L,1315,1239,08/08fc4121.jpg
61TqvkiWA2L,2200,1879,08/08a2e47e.jpg
61TsG39EqHL,2560,1739,08/085e0045.jpg
61U4JPkQoyL,1500,1500,08/08a9d5af.jpg
61U64oca6lL,1100,1100,08/085e5257.jpg
61UK1Qb93dL,1000,1000,08/08afd372.jpg
61ULZuTkdPL,1500,1500,08/08729d1f.jpg
61UQhw642GL,1500,1500,08/083ff1fa.jpg
61USLFSsmeL,2560,1740,08/0808afe1.jpg
61UfDLULYeL,540,2560,08/0862cde9.jpg
61V0bJPhy-L,1544,2560,08/08efe53d.jpg
61V0z+P4yVL,2200,1879,08/08c61721.jpg
61VJmLdwjLL,1500,1500,08/0854c420.jpg
61VLC914vWL,1000,1000,08/0828b10c.jpg
61VLDxrm-EL,1000,1000,08/083171cb.jpg
61VPEffdzxL,2200,1879,08/08291825.jpg
61VSxRRiDEL,2560,359,08/0863b0ac.jpg
61VkKPHT-3L,2200,1879,08/082afcff.jpg
61WUcYTcpML,1625,850,08/088869fc.jpg
61WXBSJ3FpL,1200,1200,08/08107a5c.jpg
61WmnWPp7ZL,2200,1879,08/08364c5d.jpg
61WumFD9KKL,1500,1500,08/083c45c8.jpg
61X-uax1CqL,1625,850,08/08a1fbd3.jpg
61XRqp0ppAL,1000,1000,08/0878c555.jpg
61Xg5-6nLGL,2200,1879,08/08e81a51.jpg
61Y0tH6KWgL,2200,1879,08/08e1debd.jpg
61Y7N3WtFZL,1481,2560,08/08e669fd.jpg
61YBVCHfcqL,1100,1100,08/08d87efb.jpg
61YEoHf4DQL,1444,755,08/080942b1.jpg
61YbSxvA9zL,2200,1879,08/08c3bdb6.jpg
61YcgdVZaYL,1200,1200,08/08081860.jpg
61Yxn0reXeL,1500,1500,08/08ceb566.jpg
61ZDuOFMvaL,1000,1000,08/08154f95.jpg
61ZJW5x5YHL,2560,2560,08/08be684d.jpg
61aZTospeEL,1500,1500,08/085d7750.jpg
61akUCtbwTL,2200,1879,08/08f90335.jpg
61bTd7tn4LL,1500,1500,08/08fe87e6.jpg
61cE4mAPg8L,1000,1000,08/08488156.jpg
61cK7Srq7YL,1500,1500,08/0829af07.jpg
61cNYdNu1IL,1316,1308,08/08262182.jpg
61ciJl-TEmL,1034,1430,08/080bf355.jpg
61coD0LSS8L,1000,440,08/088dd643.jpg
61d45L7QisL,1000,1000,08/08fb0dc4.jpg
61eiWCVfeCL,1000,1000,08/084f0c65.jpg
61eiYCP325L,2200,1879,08/084e1676.jpg
61eoinY8VyL,1001,1001,08/082cc47b.jpg
61evyAx5QCL,1625,850,08/084b2fc0.jpg
61gTWwRKXAL,1001,1001,08/08f7a570.jpg
61gW+8nnr5L,1000,1000,08/08d6802d.jpg
61gYEiplCeL,1001,1001,08/08a9bdd3.jpg
61gzna41poL,1656,1656,08/08153b06.jpg
61h+3Oxt7XL,652,1500,08/087b66b9.jpg
61h1w7AnC4L,2200,1879,08/0803c741.jpg
61h9+iskHVL,2200,1879,08/0879f578.jpg
61hO6sbjd0L,1315,1239,08/0832a286.jpg
61hcAI+5cSL,1000,1000,08/0814c9db.jpg
61hcOJYeYDL,1148,875,08/089d1f64.jpg
61hfWCKYzyL,2339,1654,08/0830465f.jpg
61ifDhlJWZL,2560,1802,08/08bcad96.jpg
61imfghG1ZL,735,2210,08/0856dde8.jpg
61iqxyrOBlL,1452,1452,08/0848b4b7.jpg
61jAJye3j4L,1500,1500,08/082c51c2.jpg
61jGOBWLCCL,1625,850,08/085bad34.jpg
61jKsrFVAbL,1500,1500,08/0823b031.jpg
61jQcf3W3EL,1316,1308,08/08f0a02c.jpg
61jaUkaF23L,1001,1001,08/08e23c8e.jpg
61ji7jL1seL,1000,1000,08/08d78a9a.jpg
61kDrhxAEnL,923,2560,08/08cde75a.jpg
61kISJcIplL,794,1829,08/083d3b29.jpg
61kQGUwhGmL,1000,1000,08/085e7732.jpg
61lBiiQ8TbL,1200,1200,08/08b26508.jpg
61lU-KFq3cL,2000,2000,08/08660662.jpg
61ltAyuBlrL,1316,1308,08/08c5fa09.jpg
61lujyeCUUL,1500,1500,08/0872ad54.jpg
61m+wj4nK8L,1500,1500,08/0858750d.jpg
61mNwCoqblL,2560,1966,08/0875b017.jpg
61n1M+AnYmL,1000,1000,08/0864b674.jpg
61n4Td+NkkL,1200,1200,08/087d77f2.jpg
61nbUKJ5XfL,2200,1879,08/089e42b5.jpg
61ne57DlyXL,1316,1308,08/08c4a5c5.jpg
61nmWu9aczL,576,1024,08/0875901d.jpg
61nnTjg8qpL,519,1263,08/08a839b1.jpg
61o-mKGjlwL,1126,1501,08/08fc1bc4.jpg
61oPjgAxwPL,1001,1001,08/08899326.jpg
61oU7GwE4aL,912,1010,08/0819a578.jpg
61oZ6x9YxoL,1000,1000,08/086746c2.jpg
61ooPeLL4CL,652,1500,08/08f62131.jpg
61pECAISqnL,1500,1500,08/080358a7.jpg
61pMCY9d5wL,2200,1879,08/08203429.jpg
61qcHnGZH+L,1748,1748,08/08131ecf.jpg
61r+t3q-RhL,1315,1239,08/08f7242b.jpg
61rI7HqO8VL,1050,735,08/08f19835.jpg
61rpHt2pwpL,526,1524,08/086304d7.jpg
61sAqfBcfrL,831,2209,08/08e18c74.jpg
61sSsRhdwjL,1500,1500,08/0834783d.jpg
61sphpaHQqL,1000,1000,08/08628c01.jpg
61tBqo5jCuL,1000,1000,08/08fa9609.jpg
61tZUy5gnhL,1000,1000,08/08d3467e.jpg
61u17ZoEeJL,1000,1000,08/089f3d0f.jpg
61uhww-K+ML,1707,2560,08/087c3734.jpg
61uwDM9RcdL,2200,1879,08/088a75bb.jpg
61vf1g28qCL,1200,1200,08/083a0b59.jpg
61viqLQhHiL,1444,755,08/085a1887.jpg
61vjkb1AOaL,2200,2200,08/08a3db27.jpg
61w28AH7C6L,2560,2560,08/0882adf5.jpg
61w8qYz7UxL,2500,317,08/088d8de7.jpg
61wONRREOJL,2200,1879,08/089939ee.jpg
61wR8z53NiL,1500,1060,08/08dc29fb.jpg
61wZ3SSRFnL,1625,850,08/082ea299.jpg
61wfYMBftgL,1000,1000,08/08bc20ef.jpg
61wilaN4HYL,1000,1000,08/08e5af32.jpg
61wraajpQML,1316,1308,08/089842d3.jpg
61xQgXh9PxL,1000,509,08/0821db11.jpg
61xbejt3sAL,2190,1712,08/084a1efb.jpg
61xjspQBjGL,1000,1000,08/0839a2a1.jpg
61xoFanJ7EL,387,1686,08/08ec94a4.jpg
61xxlI2MaPL,1024,1024,08/08826770.jpg
61yA9G083vL,1315,1239,08/0880ffaf.jpg
61yD16qPTvL,2560,1321,08/08dae958.jpg
61yDJHrX2pL,914,2560,08/08bcff48.jpg
61yR+KMgxxL,2560,1004,08/08faa55f.jpg
61ykEZhk3AL,881,2360,08/08d758cf.jpg
61ymVxjE-HL,1315,1239,08/083a444a.jpg
61zVxxrQnLL,2200,1879,08/080623f5.jpg
71+-6TkgXCL,2200,1879,08/0814963a.jpg
71+0oZLuqEL,2000,2000,08/0883642a.jpg
71+FXRHl6JL,1447,1160,08/08859c88.jpg
71+HnYLmHbL,2200,2057,08/08391998.jpg
71+XKEKZarL,2200,1879,08/08161b08.jpg
71+gZtuQGOL,2200,1879,08/08010485.jpg
71+i9EN9syL,2200,1879,08/087c53b4.jpg
71--tsRMoCL,2200,1879,08/086ace34.jpg
71-8ChryJ-L,2200,1879,08/089984d4.jpg
71-c3qXNtNL,1000,1000,08/08a15ce4.jpg
71-c8fBJS4L,875,2450,08/088c3285.jpg
71-hKDqQPFL,2200,1879,08/084f7841.jpg
71-idka50AL,2200,1879,08/085cfc21.jpg
71-o5WFdXsL,2200,1879,08/08b8e2bd.jpg
7103DbiCoiL,2200,1879,08/08fcdd06.jpg
71098s2XuWL,1800,1800,08/08b8bca9.jpg
7109zIRGxXL,828,2122,08/080dc8f1.jpg
710DELDO8AL,1500,1500,08/080db608.jpg
710bZ5mFcHL,2200,1879,08/08fff4b4.jpg
710iNMAmXuL,1444,755,08/086cafe6.jpg
710zXPpzU4L,1582,1440,08/086af3dd.jpg
7110zYkTz5L,1089,2560,08/08d35409.jpg
7114FUh38hL,2200,1879,08/084f7a04.jpg
711LXSB+HTL,1315,1239,08/089eb741.jpg
711kNronluL,1898,2447,08/08b2b5a7.jpg
712-j9yBkwL,713,2305,08/08ae5131.jpg
7124UFaEdwL,1536,1041,08/08df126b.jpg
712GTa07twL,2560,2560,08/0819fd9f.jpg
712iq5ZjRSL,961,1000,08/080df80a.jpg
7135LmIrJVL,1600,1600,08/086d7ae9.jpg
7138ywbUr9L,2560,1969,08/08a1b3d4.jpg
713M1Y2M5XL,2000,2000,08/083edc28.jpg
713WesCPB2L,1165,2391,08/0855e1b0.jpg
713Xe-riMIL,1625,850,08/0842b48a.jpg
713dYtCLWDL,2048,2048,08/08c68720.jpg
713mtzcv+8L,791,1900,08/0891dcbe.jpg
713tVGk3j6L,2560,2560,08/08ab2da3.jpg
714G1d3mfZL,2291,2291,08/084393b8.jpg
714VV4I3NyL,2200,1879,08/089ffed6.jpg
714eamsT6UL,1500,1500,08/08782cc7.jpg
714qKKTNcNL,411,2001,08/0822f66e.jpg
714sN7O6KUL,2560,2560,08/08358e2b.jpg
714zIsDDwxL,1444,755,08/08eb4ae6.jpg
715-l8F1jjL,1000,1000,08/08701fc8.jpg
715CPkLJG+L,1000,760,08/088ce75c.jpg
715DNvMfRfL,2000,2000,08/088aa76c.jpg
715VxyY3ZVL,1707,2560,08/0811bfac.jpg
715cR16zyML,1961,1961,08/083efb35.jpg
715y8E-P1vL,1500,1500,08/088bafb2.jpg
7160XNz193L,2200,1879,08/08b6e328.jpg
7160cCcmPbL,2200,1879,08/08f403ff.jpg
71623GSG0DL,1994,1063,08/08e47916.jpg
7165EKmIxUL,2200,1879,08/08d5b448.jpg
7168222pmML,2200,1879,08/083c2103.jpg
716Maex+MiL,1500,1500,08/08649999.jpg
716SPj5Ip8L,2405,910,08/0892236e.jpg
716d+F4dwAL,2377,2560,08/083f8a6a.jpg
716gazBIViL,2444,2444,08/083e35de.jpg
716xT3hr7DL,2200,1879,08/08413a75.jpg
7174SMOay6L,682,1980,08/08d9696f.jpg
717G0aZy8VL,1700,1700,08/0800c218.jpg
717N6kVeTjL,2200,1879,08/086737b6.jpg
717OgdeoT-L,2200,1879,08/08ffcc27.jpg
717XfaQrSbL,2560,2119,08/08149686.jpg
717m1XPfhEL,2200,1879,08/084e49e4.jpg
717wcVXZW3L,1920,2560,08/088a0da2.jpg
718aFd1EHiL,1707,2560,08/0854efb7.jpg
718eWI0MLUL,2200,1879,08/0843a665.jpg
718pBX28IvL,792,1798,08/0859d5c3.jpg
718q-jsX0UL,2560,2560,08/08dcf907.jpg
718rB0lIZuL,1500,1500,08/08392651.jpg
718vEOvSPSL,2200,1879,08/085790b0.jpg
718x4lXeW-L,2560,1969,08/0894aca5.jpg
7192DqQUjtL,2560,2007,08/08d1b869.jpg
7198AO6MfgL,1920,2560,08/08b09a30.jpg
719DYoITUQL,2560,860,08/08e263b5.jpg
719GozdOVBL,2200,1879,08/082b4dbc.jpg
719KyA-eGrL,2200,1879,08/08cf69f1.jpg
719PzIylnGL,2200,1879,08/085bbf4e.jpg
719TjwogfUL,2200,1879,08/0891fac4.jpg
719TvVZ+7qL,2200,1879,08/0818b510.jpg
719WQ8WEqiL,2162,2162,08/0821d3aa.jpg
719ha7l1rlL,1444,755,08/08d82fb4.jpg
719r3tNJZzL,2000,2000,08/08838d89.jpg
719tKxzghuL,2560,1662,08/088d9b51.jpg
71A4xs7HvBL,945,2560,08/08d13ed5.jpg
71ABSjqrGpL,2560,2560,08/08ed2d85.jpg
71AC++qRg8L,2560,1479,08/08a25904.jpg
71AG09fNryL,2200,1879,08/08be1d80.jpg
71AN61Lo-pL,2560,1912,08/08ececec.jpg
71AOBz6MJfL,2560,444,08/083bc8dd.jpg
71AeDB8YkLL,1919,2484,08/0829cab4.jpg
71AgQSldG9L,2200,1879,08/083f843c.jpg
71Agvs+uLML,2000,2000,08/08e7fddf.jpg
71AnM1I-zlL,2200,1879,08/08cdaf3a.jpg
71ApFh55KdL,2200,1879,08/0896023f.jpg
71AtYQweAZL,2000,2000,08/08a66a5b.jpg
71Aykj-59uL,1407,2301,08/084dff9a.jpg
71B6VnfZ3mL,2200,1879,08/08c1c6eb.jpg
71BE0oGgFlL,2200,1879,08/08dc2da1.jpg
71BJ1ncYO9L,2200,1879,08/08ed333b.jpg
71BQS1CsNLL,2200,1879,08/080f5e62.jpg
71BQid90uBL,2513,1012,08/08060cfa.jpg
71BTS5GDvbL,2200,1879,08/0870dfd3.jpg
71BwQwBvjBL,1961,936,08/08f489e2.jpg
71Byru8Kt+L,740,1576,08/0806644a.jpg
71C5cKN22vL,2560,790,08/08ceee46.jpg
71CIuG7z0nL,1920,2560,08/089ec09d.jpg
71CP45E78aL,2200,1879,08/08089535.jpg
71CQd-1O5AL,1500,1500,08/08c12dc4.jpg
71CSHqY-ssL,1203,1865,08/08429f0a.jpg
71CpR4JZCBL,777,2445,08/08c8c792.jpg
71CtV-TZZ9L,1315,1239,08/082c4d40.jpg
71D04tpJCXL,2200,1879,08/083274f3.jpg
71D4tal398L,2200,1879,08/08c9d3cf.jpg
71D5xDDo+6L,2200,1879,08/08fcbeeb.jpg
71DHcUgzDsL,1500,1500,08/08c940ac.jpg
71DHckq33HL,2200,1879,08/0836a7b4.jpg
71DNQg8ZSGL,925,2560,08/08e4e4da.jpg
71DS97J4vZL,2200,1879,08/08c547a6.jpg
71DYjaVeSSL,2200,1879,08/08670dec.jpg
71DfYaxMCLL,2200,1879,08/08f2ca2e.jpg
71DqmiGekhL,947,2498,08/08347332.jpg
71DtY4o6QPL,1444,755,08/08342d0a.jpg
71EYffUAmrL,2200,1879,08/0862bd6c.jpg
71Ep+alqjtL,2200,1879,08/0802886b.jpg
71EqERyUHdL,1500,1500,08/0850a98d.jpg
71F3fmJOTtL,1288,1959,08/08f24b7e.jpg
71FAE2vmQhL,2000,2000,08/08062541.jpg
71FCfYXkoeL,1080,1410,08/08437670.jpg
71FU1fRPzdL,2200,1879,08/08b4731b.jpg
71Fhcypzs-L,2200,1879,08/08f033c3.jpg
71FtE8cWAGL,1774,1307,08/08aaa042.jpg
71G23pSZFpL,1053,2142,08/08986447.jpg
71G2sy0hqmL,2020,2020,08/08b815e0.jpg
71GDCn4BuaL,2200,1879,08/08d9ae2e.jpg
71GJlw2KtjL,2200,1879,08/081d2acd.jpg
71GKb1w2UNL,2212,2212,08/083f5c84.jpg
71GNZDH1ecL,2200,1879,08/08734ac3.jpg
71GQbqtsTSL,2230,1243,08/08333547.jpg
71Gj+pinOqL,2262,2560,08/08b911da.jpg
71Goc2zL08L,2200,1879,08/08e74c0b.jpg
71GsK+ctR0L,2560,2560,08/0841f1fb.jpg
71HFIgzt4-L,1809,1809,08/08380813.jpg
71HWvfvj9EL,800,1200,08/08587979.jpg
71HZq3W1e9L,1584,1563,08/08903566.jpg
71HfJD0fnrL,2558,2558,08/0861bd72.jpg
71HgHGglRNL,2200,1879,08/08a11d2a.jpg
71HgavivxXL,2200,1879,08/08789cd6.jpg
71HhIYNahmL,2200,1879,08/08f2d7c0.jpg
71HiH5xt8NL,2200,1879,08/08e84625.jpg
71I9zbr0xRL,1923,908,08/0840df5b.jpg
71IAd-SrhyL,1664,1374,08/08b5f4be.jpg
71IDP0m4ZFL,1500,1500,08/08e35e5c.jpg
71ILOMJF23L,2000,2000,08/086bfb38.jpg
71IXiPtTHGL,1316,1308,08/0882e788.jpg
71IijW0eVyL,2200,1879,08/082bb0c7.jpg
71IkU54juqL,1444,755,08/085e5a91.jpg
71ImvdTxVLL,2200,1879,08/08084d00.jpg
71IowNeQJzL,2560,1337,08/086a1fce.jpg
71J+GpBEzyL,2200,1879,08/08aa1767.jpg
71JLExnZJpL,2200,1879,08/08ddf707.jpg
71JMjC5EkFL,2200,1879,08/083b7daf.jpg
71Jbk1V-bLL,2200,1879,08/08f26e62.jpg
71JgIflF29L,1286,2560,08/084aa939.jpg
71K+lkKPJvL,2200,1879,08/087f0132.jpg
71K-ISU23UL,2200,1879,08/08c3e2fc.jpg
71K-x4VLFAL,2000,2000,08/08ac9adc.jpg
71KL9xgyVRL,1707,2560,08/087d0740.jpg
71KQQWTqr4L,2000,2000,08/08028a21.jpg
71KTgzVDeXL,1796,1796,08/0888d842.jpg
71KomckkrJL,2200,1879,08/08a98bed.jpg
71KqCmeeM3L,2458,1031,08/08fad322.jpg
71LDdxtfTKL,2560,1707,08/08e993bc.jpg
71LLS3ukLyL,2560,1438,08/08c2bc33.jpg
71LLYGohNbL,1764,1764,08/08ff197f.jpg
71LcwYk2rYL,944,1127,08/087e5865.jpg
71LfBH8C4eL,1500,1500,08/0817f79e.jpg
71LpbFlKuJL,1500,1500,08/08b7c393.jpg
71LvmAdYq1L,2000,2000,08/08b991ab.jpg
71M6WnKaeEL,2200,1879,08/08960b11.jpg
71MHh91wd+L,2560,2560,08/08a427a3.jpg
71MRSayj7yL,2200,1879,08/08526cc7.jpg
71MnK+XRElL,2200,1879,08/088b8e6f.jpg
71MxHdmUpaL,1000,667,08/083695c1.jpg
71Mxs9XuobL,1000,1000,08/089381ed.jpg
71N+kTNbyUL,1000,1000,08/08c65a01.jpg
71N1SNTvoML,2200,1879,08/08b7ab73.jpg
71N2cjGcIKL,2200,1879,08/082d1b87.jpg
71N2jxfgl4L,2200,1879,08/08e85621.jpg
71N723xcUCL,2000,2000,08/089251b3.jpg
71NEEyxMnqL,2200,1879,08/0858a5e4.jpg
71NEd7at8rL,1500,1500,08/0891c03c.jpg
71NNhrxTybL,2098,2560,08/08f65e71.jpg
71NO9DsDOZL,2200,1879,08/083a4018.jpg
71NfwqDomjL,1500,1500,08/0898c2ae.jpg
71NhQ3xG-WL,2200,1879,08/087b5748.jpg
71NkFthlk3L,2200,1879,08/0891166f.jpg
71Nm17LJ5bL,2200,1879,08/08b5d3ca.jpg
71Nup4Lla0L,2560,2560,08/08e3a9fd.jpg
71NxD+IFcWL,2200,1879,08/0863d4cb.jpg
71OKpGHeJUL,2200,1879,08/08f5431f.jpg
71ORuc5Nf+L,2200,1879,08/0896806b.jpg
71OSlLc3MLL,1500,1500,08/087d32e6.jpg
71Oa+e4vxiL,1504,1500,08/08427eef.jpg
71OfenN-+XL,2560,2304,08/085f30a6.jpg
71P-bot+T2L,874,1474,08/08ebc704.jpg
71PMml4s75L,2200,1879,08/08dbafa9.jpg
71PeabyVKyL,2560,2560,08/08aaca65.jpg
71PjA1vMfmL,2560,2018,08/08d75660.jpg
71Prnx+FAUL,1000,722,08/089382e0.jpg
71Pz8bdoiEL,2200,1879,08/08b93a3f.jpg
71Q322RqxpL,1625,850,08/08de7884.jpg
71Q9HSbJIAL,2200,1879,08/08694089.jpg
71QGKMuAljL,2200,1879,08/088c06c6.jpg
71QIz8527tL,2560,1969,08/08b871c8.jpg
71QMHmOxgnL,2200,1879,08/086c2734.jpg
71QdKtyyeHL,2000,2000,08/0875fa36.jpg
71Qi1mlbauL,2560,2560,08/08d508eb.jpg
71Qmm8MJV4L,2200,1879,08/0818a03c.jpg
71QrpsaoXQL,2200,1879,08/08d48a9a.jpg
71Qu4mnFs1L,2200,1879,08/082e0046.jpg
71Qze0JSJNL,2552,2552,08/089ad685.jpg
71R-YCcT+5L,2200,1879,08/08fe81c1.jpg
71R-vK4atqL,2200,1879,08/08d8bc35.jpg
71R1xjpDd6L,750,1903,08/0823feeb.jpg
71R2lasORhL,2200,1879,08/083d5abe.jpg
71RAUP86xVL,1444,755,08/0855b369.jpg
71RHtD0aK-L,1402,2560,08/081351bc.jpg
71RI9aePVYL,1000,1000,08/080c6cd5.jpg
71RItNsgWsL,2200,1879,08/0825a7c5.jpg
71RJS3qtfVL,2000,2000,08/08f6a2f7.jpg
71RKsC-rn6L,2000,2000,08/08243d15.jpg
71RYIYXeMCL,2200,1879,08/0887449c.jpg
71RZE7UzFFL,1800,2500,08/08a8d34c.jpg
71RbUdEdf-L,1000,1000,08/088df7ae.jpg
71Rbbv-C+ML,1776,1518,08/08a9a360.jpg
71RfLoorV4L,1414,1285,08/080a3d54.jpg
71RmqyNLdBL,2000,2000,08/086beb45.jpg
71RsIWBKusL,2200,1879,08/08c18641.jpg
71RtbN-k9kL,2000,2000,08/088a2e13.jpg
71Rw0qb9AXL,826,2296,08/08f9de17.jpg
71RwHgDLPtL,1444,755,08/08e92ae6.jpg
71RzKfxP9FL,1500,1500,08/08d3834e.jpg
71S4PIi3vvL,2200,1879,08/08d6b06c.jpg
71SCUIro63L,2314,2314,08/08ba5f08.jpg
71SDDmX9vPL,2000,2000,08/0833a296.jpg
71SJsAoem-L,2200,1879,08/0837c57b.jpg
71SNPr36mfL,1000,1000,08/084e3d9e.jpg
71SgwPYPXqL,1583,1583,08/0835adc1.jpg
71Sh59w8jYL,2200,1879,08/08f5bbca.jpg
71SlC6VRAJL,1618,1393,08/08090c1c.jpg
71SlpkZbStL,2471,2177,08/0880bf67.jpg
71SmVoYGFXL,1265,2437,08/08b9d07d.jpg
71SqhFKDKNL,913,2560,08/08b8145e.jpg
71Sqw19MMgL,1100,1964,08/08235347.jpg
71SwYQKbNpL,2560,2560,08/087717c2.jpg
71SzYImfqyL,2560,2560,08/08632f22.jpg
71T87SbwZNL,2200,1879,08/08837dec.jpg
71TM6XDIg7L,2560,2560,08/08e6e2af.jpg
71TSvhkzV0L,2000,2000,08/08a4ea65.jpg
71TaCXdIV6L,2000,2000,08/08e7ad0c.jpg
71Tct+YYnjL,2200,1879,08/08ecd42b.jpg
71TeJUQmvrL,1000,1000,08/0896d3db.jpg
71TovPFc-5L,2200,1879,08/080dd39f.jpg
71TthN4Lx6L,2000,2000,08/0861ecea.jpg
71Ttpga41DL,1500,1500,08/0801aca2.jpg
71TzIL0qzdL,2560,780,08/08211e51.jpg
71U00US1oRL,2560,993,08/08b0b537.jpg
71U3SvRd7VL,1604,1604,08/082706ab.jpg
71U4q2KQOTL,2200,1879,08/08e9e6fe.jpg
71U5p7-M59L,2200,1879,08/08cda936.jpg
71UAIwVyzRL,2160,2160,08/0870b4fc.jpg
71UPhHJHzmL,2200,1879,08/085e4c32.jpg
71Uj+Q4qUOL,2200,1879,08/0806f11f.jpg
71Urz6S3VIL,2560,2560,08/08a18576.jpg
71Ux+FL6gTL,1608,773,08/0821fcb3.jpg
71V+p1ca--L,1316,2560,08/084d676e.jpg
71V-k0Bin4L,2200,1879,08/083017d1.jpg
71V0Y-dsrSL,2200,1879,08/08a192fa.jpg
71VJLa9+REL,2200,1879,08/0832e1a1.jpg
71VPdQVCSQL,2560,1946,08/0823643b.jpg
71VaK32MWgL,2200,1879,08/082b5992.jpg
71VcpIv9HHL,1215,1526,08/08b26f5b.jpg
71VtjmpJXYL,1075,2091,08/080c0d0f.jpg
71W01vfuw-L,2200,1879,08/082fd930.jpg
71W27gnDQgL,1960,2560,08/089b2b07.jpg
71WHIjKA4uL,1666,984,08/08b2ca9e.jpg
71WKBhLA2LL,2200,1879,08/08966e79.jpg
71WdrySll7L,2200,1879,08/081dedd7.jpg
71Welyn5ZqL,2560,2560,08/08356bfa.jpg
71WsR4e+YyL,2200,1879,08/08b56b73.jpg
71X81Dq6qTL,2560,2226,08/085f86d1.jpg
71XEML0WIML,2200,1879,08/08863a09.jpg
71XIPt0iF0L,1559,1559,08/08f04a3d.jpg
71XJBKZh-pL,1200,2560,08/08a1eff3.jpg
71XPtHrfDCL,854,2560,08/089e4f98.jpg
71XY6uHEcML,2200,1879,08/087cec95.jpg
71XfGC2tMnL,2560,1569,08/08024f8f.jpg
71Xkc5JAGTL,1940,1301,08/08e874e5.jpg
71XljxglcmL,1739,2560,08/08b5cb60.jpg
71XpZm4mkuL,804,2560,08/083e96ae.jpg
71Xst78hJQL,1162,2560,08/086554aa.jpg
71Y1EiYt6oL,2100,2100,08/0882ae1d.jpg
71Y2Hr56cDL,2278,2361,08/08fb6507.jpg
71YCpWT9hrL,1000,600,08/08560a49.jpg
71YDra9V2XL,2560,1582,08/0822cd36.jpg
71YMrvRlk1L,1264,2000,08/08a69aa2.jpg
71YP0OapA7L,2200,1879,08/0808d83a.jpg
71YPD4e2mRL,1200,1200,08/08a3e93b.jpg
71YeGMwKizL,2000,2000,08/08ebf84b.jpg
71YfGO2hDiL,2500,777,08/0867622b.jpg
71YrJp7lwuL,2200,1879,08/0844de5f.jpg
71YtiSQowYL,2200,1879,08/08efa944.jpg
71YupNu45hL,2200,1879,08/08c1c7f6.jpg
71YxhGwd9YL,2560,2560,08/08220356.jpg
71Z+wh0RADL,1500,1500,08/086141aa.jpg
71ZE5RAafNL,710,2272,08/0886831a.jpg
71ZQlIQg7yL,2000,2000,08/08c011ab.jpg
71ZZGx2+7pL,1500,1500,08/08de8497.jpg
71ZZINcih3L,1920,2560,08/08cdf926.jpg
71ZfBVBXAgL,2200,1879,08/08fb0bb0.jpg
71a5seadWmL,2200,1879,08/0820d21d.jpg
71aGBlOWzYL,965,1922,08/08393378.jpg
71aGcUWARVL,1497,2560,08/081ad123.jpg
71ad-m6+eML,2200,1879,08/08e319c5.jpg
71adHlzgrNL,2560,1092,08/0856ed82.jpg
71alrqHOCuL,1100,1100,08/08d0b0c0.jpg
71b2UT4M83L,1267,1817,08/0888a207.jpg
71b8fMjy5mL,2500,2500,08/08d61eac.jpg
71bSnuKd3tL,2200,1879,08/08003f00.jpg
71bYFKclSYL,2200,1879,08/08f137cb.jpg
71bneh8VpaL,1417,1500,08/087f7389.jpg
71bq6maMQOL,1707,2560,08/08e73da2.jpg
71c4tZkBbhL,484,2560,08/08cf531e.jpg
71c6DeGK-6L,2200,1879,08/081ce859.jpg
71cSfz3mqLL,2560,1089,08/08eb5570.jpg
71cZm3VnHxL,2200,1879,08/08872ded.jpg
71cbT-RGvWL,1402,2560,08/083d33d8.jpg
71chFBvCJBL,2560,1969,08/081994f4.jpg
71cja9qLPBL,2560,2560,08/088308a8.jpg
71ckq-+IXSL,828,2281,08/08862262.jpg
71cpSGykGjL,1552,1552,08/08fb2f36.jpg
71cqRX2z1CL,1200,1200,08/08c1e715.jpg
71cs9gwaSYL,1200,1200,08/086c515b.jpg
71cz3FrcYTL,1500,802,08/0835b564.jpg
71dBXn7bnCL,2200,1879,08/08418daa.jpg
71dHYOX87yL,2560,2560,08/08a51194.jpg
71dTuAqxdxL,2200,1879,08/0817af3e.jpg
71dUDOhaxDL,2200,1879,08/08bbb436.jpg
71dYUWl-JzL,2200,1879,08/0894300e.jpg
71ddQi1R3cL,2200,1879,08/0890c989.jpg
71diCD+LFjL,1239,1157,08/089dd453.jpg
71dicYBbbRL,1420,2560,08/08c7fb0e.jpg
71dnIq0EQeL,1503,1056,08/08afb4b7.jpg
71dwHkZrOgL,2200,1879,08/08c354e6.jpg
71dwiIC4HeL,1984,1088,08/082b5be7.jpg
71e52up7flL,2200,1879,08/081ee775.jpg
71e9s6pM2JL,2200,1879,08/08876ffd.jpg
71eUZuuZyrL,2200,1879,08/087edf33.jpg
71ebt2ORCZL,2000,2000,08/08240325.jpg
71emgZKbaiL,1200,1200,08/08bf75b3.jpg
71en0TZuSbL,1707,2560,08/08ea6e30.jpg
71esoYAArqL,2200,1879,08/0865aefd.jpg
71euRgYEm1L,2200,1879,08/08b2adf7.jpg
71f6kB5+tXL,985,2560,08/088fd898.jpg
71f6smBQgHL,2560,634,08/084b6f28.jpg
71fApK64S1L,2200,1879,08/08ac1077.jpg
71fFMY5pwzL,2200,1879,08/089584d9.jpg
71foVfWo8RL,2048,2048,08/0838282f.jpg
71fu4iNUYEL,1316,1308,08/080046b9.jpg
71g2WcdwKeL,2560,2560,08/083b2a8f.jpg
71g6L5g8NtL,1829,2560,08/08caca85.jpg
71gJUqmcbIL,1001,1001,08/083b6fa4.jpg
71gUSY2isqL,2200,1879,08/0856290d.jpg
71gbmEUfnUL,2200,1879,08/089a1d26.jpg
71geGd-FENL,1500,1500,08/08ddc2f8.jpg
71gzhHeoSgL,1621,2068,08/087232c5.jpg
71h4HRc0BOL,2560,1707,08/08fb265b.jpg
71h5M9KrR7L,2200,1879,08/08d4ea49.jpg
71hAqMeKKEL,2200,1879,08/088a2e98.jpg
71hK76o9n-L,2200,1879,08/080a3b89.jpg
71hKiWMTbuL,859,2103,08/084ec571.jpg
71hSqHnjVML,2560,1971,08/08447c0c.jpg
71heTKIK9xL,1358,1876,08/08560365.jpg
71hiC-QTquL,2200,1879,08/080d915d.jpg
71hlzIOQlqL,1122,2299,08/0805e6b3.jpg
71hnpi7-L1L,1585,2560,08/0865a404.jpg
71hp735sSfL,2222,2222,08/080c86ab.jpg
71hxzZb-tYL,1253,1887,08/086cc6b9.jpg
71i6F39ac+L,1121,1822,08/087d9420.jpg
71iBOD1bbgL,2560,2560,08/088f88e6.jpg
71iHJXFolnL,2435,1353,08/080ad6f1.jpg
71iLO9G7wgL,2200,1879,08/0800ffca.jpg
71iWTs8BCvL,1829,2560,08/08de2592.jpg
71iZ1AN7j8L,2000,2000,08/08fa90ca.jpg
71ifHTkZOQL,2200,1879,08/084bf5d0.jpg
71ifX4aSobL,2560,1033,08/088a869b.jpg
71ihc3+nVFL,2200,1879,08/08d5358e.jpg
71ikYiwT-JL,2500,1175,08/0865743c.jpg
71iuJ9FXiEL,2200,1879,08/0886bb04.jpg
71ivp-5SIKL,2200,1879,08/080da158.jpg
71ixbZMlZcL,2200,1879,08/088fe6a1.jpg
71iybsEZrFL,1200,1200,08/0837f9cc.jpg
71j3PeR7kbL,2560,2560,08/08777c74.jpg
71j7lFGaObL,2200,1879,08/08833237.jpg
71jGVu5hBaL,945,1945,08/081f294d.jpg
71jl8bdx3wL,1648,1009,08/087268cb.jpg
71jmw8-cfVL,1500,1500,08/08ba14f1.jpg
71jw3D5pYEL,2560,2560,08/08118228.jpg
71jwtMAsjQL,1538,1501,08/084a2e04.jpg
71jyuloFObL,2200,1879,08/08a397d7.jpg
71k6e-EUgFL,875,2523,08/08b5d726.jpg
71k77YxFOqL,2200,1879,08/08b7e428.jpg
71kMVD+kXaL,2000,2000,08/08084f50.jpg
71kb9S3TwvL,2200,1879,08/0847ccf6.jpg
71kolUVy61L,2200,1879,08/083ed354.jpg
71kyweY55qL,2560,2033,08/08e0b48a.jpg
71lGTHe4CgL,1199,2560,08/08824c43.jpg
71lNDGyWklL,2560,2560,08/08778a8a.jpg
71lfBWOQbCL,2560,2560,08/085d899d.jpg
71lntIgzjdL,2200,1879,08/0809ec1e.jpg
71m5l5KpjLL,2200,1879,08/08faad28.jpg
71m8K7jr+hL,2200,1879,08/08baa9b8.jpg
71mD40nf64L,1500,1500,08/08bb7dc2.jpg
71mJF9mJX6L,1625,850,08/08383378.jpg
71mMF7StU1L,821,2416,08/08738537.jpg
71mVJq2Ui8L,2200,1879,08/08bc3267.jpg
71mc8g+xodL,2560,1350,08/080829c2.jpg
71mdwrTbbuL,1919,2560,08/08c8bf94.jpg
71mfQ9zZD-L,1438,1307,08/08db9bbc.jpg
71mv1kt71rL,2200,1879,08/08fc8683.jpg
71nKJhG2YZL,2200,1879,08/0827ab8a.jpg
71nNjfP8P6L,2200,1879,08/084d0e2d.jpg
71nPsRJFjsL,1000,1000,08/0836cd62.jpg
71nVSIqQfAL,2161,1188,08/08d0ab5d.jpg
71nVZwjTf9L,1081,2546,08/0818268c.jpg
71nY8YYs-kL,1968,1968,08/08b4f3a2.jpg
71nYmEkfZML,1316,1308,08/08474ad7.jpg
71nghRyaQaL,1315,1239,08/08e1385a.jpg
71ngv6QlpzL,1379,1500,08/085fcd22.jpg
71nv7Y9ZnOL,2000,2000,08/080eaa84.jpg
71nxEnvS24L,2200,1879,08/08d207b0.jpg
71o-vMnx05L,2200,1879,08/087a2b26.jpg
71oVaZHc8VL,2200,1879,08/08d2d306.jpg
71p-B60cSeL,2200,1879,08/0885aa50.jpg
71p3wJxFZ1L,2200,1879,08/08dec837.jpg
71p8V1Nh5kL,2200,1879,08/0814f1ba.jpg
71pMkDn9PCL,1001,1001,08/08ea7bb0.jpg
71pSl145k5L,2200,1879,08/0828913f.jpg
71pUpjcKnwL,2200,1879,08/08f7dae8.jpg
71pgldWTPBL,2200,1879,08/08ad0e70.jpg
71q1TMIKN4L,2200,1879,08/08c6feb5.jpg
71qP2pMhSLL,2200,1879,08/0822682b.jpg
71qWZB5EmYL,1875,2560,08/08d3175e.jpg
71qcTUxCwqL,1200,1200,08/084574b2.jpg
71qfrKSJIiL,1444,755,08/08a6e6a9.jpg
71qio7aBjCL,2200,1879,08/0815dcba.jpg
71qrTSf2S+L,2200,1879,08/0869b017.jpg
71quWhXZM+L,1800,1449,08/0896f015.jpg
71r0ioiGSFL,2200,1879,08/08d5d116.jpg
71r2zoTT-IL,2560,947,08/0888185d.jpg
71r9yNzTZ2L,2200,1879,08/08cef82f.jpg
71rHPn863hL,1720,2560,08/08715e85.jpg
71rTdIrEcwL,1100,1100,08/0885ebca.jpg
71rZXH7+t2L,2200,1879,08/08a09c5d.jpg
71rbusFaOrL,1673,2560,08/08b8ea7d.jpg
71rhqBy+ZHL,1200,1200,08/08cb1c76.jpg
71sJtMpkjTL,1276,1591,08/08870623.jpg
71sQouflVcL,2000,2000,08/080c8251.jpg
71seOTZ0isL,2200,1879,08/080d0547.jpg
71soa3b8htL,2200,1879,08/0859cc74.jpg
71sq+TOVJiL,2200,1879,08/0831b1e6.jpg
71t9w2M-qFL,2296,2296,08/08cf2282.jpg
71tPA4U47oL,2560,1224,08/0895611d.jpg
71tSZCnVDyL,2100,2100,08/08359147.jpg
71thVs6CxML,1500,1500,08/08eea8f8.jpg
71trck3XnKL,1000,1000,08/08c0e9d2.jpg
71tzc8FVsVL,2200,1879,08/08111fbf.jpg
71u+1ddwcGL,506,2560,08/08b51b68.jpg
71u-s-G6XjL,832,1704,08/088b1676.jpg
71u2gn4Px1L,2200,1879,08/0849c57f.jpg
71u9A6KxrVL,2200,1879,08/08d94fca.jpg
71uGVxzAz1L,2200,1879,08/082826da.jpg
71uHX7aTSfL,901,2560,08/08a465d2.jpg
71uMdtgiDSL,2560,2560,08/082e3558.jpg
71uPbMhkZLL,2200,1879,08/08a89a11.jpg
71uQ7oUDCpL,1492,2424,08/08d058a5.jpg
71ujTM96wQL,1316,1308,08/084c2965.jpg
71upYo+XkrL,1502,1502,08/08b495b1.jpg
71upwtvnquL,2200,1879,08/0886a376.jpg
71uzKdQlYPL,2200,1879,08/08623062.jpg
71v5Nj5mA2L,2127,1230,08/08983f35.jpg
71vDeIvrkKL,2200,1879,08/085c8531.jpg
71vWsAEcp2L,2560,772,08/08f8ccc0.jpg
71vcpv2nmWL,760,1907,08/087ebad3.jpg
71vgRg8QDpL,1500,1500,08/08d203bb.jpg
71vmWEV--8L,2200,1879,08/081631fe.jpg
71w797H8ulL,2200,1879,08/088ee377.jpg
71wFQGGrf1L,2200,1879,08/08dacebd.jpg
71wH4SuSc5L,1200,1146,08/082d377b.jpg
71wOefPv6XL,2560,1340,08/0847e941.jpg
71wYGWA7DbL,2200,1879,08/08b26fe8.jpg
71wb1M2kbHL,2200,1879,08/08c8f7f7.jpg
71wcuUog54L,2200,1879,08/08efa579.jpg
71wdbvkJlUL,2200,1879,08/08f59d3c.jpg
71weTXVke9L,2200,1879,08/08e9702d.jpg
71wkjNXobzL,1574,1948,08/088fcb27.jpg
71x2UlpudLL,2560,2560,08/082b4e12.jpg
71xDn9BuoML,2356,2356,08/0800151a.jpg
71xGrjlQLDL,2200,1879,08/089a1f98.jpg
71xXg2LB-ZL,2560,2014,08/08c84ce0.jpg
71xZ8-1EaOL,2200,1879,08/08f4bbe5.jpg
71xZT1hAO-L,1157,2263,08/083e291a.jpg
71xc+5KP-qL,2200,1879,08/08984d4a.jpg
71xlHAmlzOL,2003,2000,08/0851a75c.jpg
71xvfwUp60L,2200,1879,08/08943f96.jpg
71xxb2d2ZTL,2200,1879,08/08aa1310.jpg
71y+aWMn-IL,2200,1879,08/08655cff.jpg
71y7FHbfgvL,960,2560,08/08ef0b20.jpg
71yAxu9skSL,2200,1879,08/0814c8ad.jpg
71yE3MIb7mL,1710,1709,08/08de7d39.jpg
71yZNvOiQcL,1315,1239,08/08fc2f4d.jpg
71yf8vvukbL,2200,1879,08/0837a34f.jpg
71yl+DN0lLL,2200,1879,08/083b77c9.jpg
71ylxLUwCEL,1544,1317,08/089508e8.jpg
71yssnZ+dCL,2560,2413,08/08f57341.jpg
71zWEG+ObAL,2560,1707,08/087346b8.jpg
71zZ8bTXKoL,2000,2000,08/08bf7d61.jpg
71zZIODps6L,1500,1500,08/087d2b62.jpg
71zoDRGo6cL,1881,2560,08/086a5411.jpg
71zpjSipVdL,1817,2157,08/0842d584.jpg
81+MDT6f+yL,2513,1012,08/08129bc2.jpg
81+TLz+ApcL,1500,1500,08/08e44e69.jpg
81+fYmdboLL,2428,2428,08/0879664a.jpg
81+nxONRbZL,2560,1042,08/0840a0cc.jpg
81+unh+AKGL,2560,1838,08/085eee8e.jpg
81+vhFrFbHL,2560,1969,08/08921839.jpg
81-3gbDz7GL,2200,1879,08/081eccdb.jpg
81-Ebm7cXxL,1562,1562,08/08a8e434.jpg
81-JURz+kvL,1920,2560,08/0840ac07.jpg
81-P-YMXw+L,2200,1879,08/08c0562e.jpg
81-TSwa8JmL,2200,1879,08/08343080.jpg
81-Y1WDXDmL,1507,1507,08/087949ca.jpg
81-xBjto31L,2165,2165,08/086f2fbe.jpg
8100n22NtTL,2200,1879,08/084fc8aa.jpg
8102M4VwuML,2200,1879,08/085f222f.jpg
810GvWYNr1L,1489,2238,08/08458a3a.jpg
810U8zXPTkL,825,2105,08/08e81b29.jpg
810gx5UxjfL,2560,2560,08/08bdfee8.jpg
8114LBSV8xL,1500,1500,08/08c00cdf.jpg
8115fKSFcTL,2200,1879,08/08e08c0a.jpg
811JAjutV+L,2560,2560,08/085bda5a.jpg
811Swk7rHoL,1162,2560,08/08e35344.jpg
811Vw4EHBhL,2560,1933,08/0834291a.jpg
811gi1n+vWL,1675,2560,08/080d7a03.jpg
811jtqruo2L,2560,1393,08/087d9264.jpg
811mXFnIVmL,1440,2560,08/08f84b7d.jpg
811r7OAEV+L,2200,1879,08/08f4922d.jpg
81251Q5SPWL,1543,2560,08/08fb4341.jpg
812J5VQlZzL,2560,2560,08/08d0626d.jpg
812Q++Pp4NL,2200,1879,08/08c68336.jpg
812RcFVY+tL,1667,2536,08/084516af.jpg
812eb7pMevL,2200,1879,08/088ae5a1.jpg
812jsLtSg2L,2560,2560,08/08b0ac45.jpg
812tUC3s6PL,1920,2560,08/0875d7f8.jpg
812vFuyor4L,2200,1879,08/084fa114.jpg
8131wzX0h7L,2560,2559,08/0847d39d.jpg
8132TCQu9EL,1187,2560,08/089b9cee.jpg
813Xk8x+AZL,2560,1127,08/0828a47c.jpg
813ab5cYMlL,2200,1879,08/0804b682.jpg
813k2yty2xL,2560,2311,08/0849520a.jpg
813yZ2wo0vL,2500,2500,08/08745dd7.jpg
814-UupC07L,1006,2560,08/08982370.jpg
814974VjBRL,2200,1879,08/08c3d645.jpg
814bZCwJazL,2200,1879,08/08090bb9.jpg
814lBUVP7dL,2560,1969,08/08464317.jpg
814mNmEWilL,2560,660,08/08a7263d.jpg
814p5IGdksL,2327,2560,08/08901e54.jpg
814s80AmSyL,1500,1500,08/0869d5fd.jpg
8150cn5NqqL,2200,1879,08/08b48e4e.jpg
8158etnQndL,2200,1879,08/08577c8d.jpg
815QXzkyLVL,2000,2000,08/08df6516.jpg
815fQpr2b0L,2560,1368,08/0898c40f.jpg
815uGezVO5L,2560,2355,08/08a29907.jpg
8168OvB4g0L,2200,1879,08/08483bb1.jpg
8169K7ZmleL,2560,1489,08/08da5aa9.jpg
816JHS0OuqL,2560,2202,08/082ef6e5.jpg
816NSvXUDiL,2560,2560,08/08df87fb.jpg
816XmwZOEiL,2560,2560,08/08d975d1.jpg
816XtQPuRtL,2200,1879,08/08031435.jpg
816eLI6DP0L,2200,1879,08/08021ad8.jpg
816eRRQ-LTL,828,2294,08/08a8c5e8.jpg
817KS-lERKL,1248,2560,08/08e6bfb4.jpg
817T8sOdWnL,2487,2487,08/0816ce9b.jpg
818AK9s-htL,2560,2560,08/085d6bb9.jpg
818BEfG0L-L,2560,2556,08/08297b16.jpg
818DSazn1gL,2469,2469,08/082ecc47.jpg
818PxiIJupL,2200,1879,08/08636e43.jpg
818ZIVz229L,851,2560,08/08990f5b.jpg
818ZKGP3R8L,1716,2560,08/0831e813.jpg
818pRrt-dWL,1773,2560,08/0850bf68.jpg
818sd7C2qwL,1126,2560,08/0862ba55.jpg
818uu3hQL+L,2200,1879,08/08b630e7.jpg
818ygH+xcDL,2560,1415,08/0834f3f8.jpg
819DdD0JWdL,2000,2000,08/0878321a.jpg
819Z5HWRATL,1457,2560,08/08dfbd2d.jpg
819h5RHsIiL,2200,1879,08/081c47d0.jpg
819nSbJCCCL,2560,2560,08/0861ebd1.jpg
819qwdjhJDL,2000,2000,08/08ed22ad.jpg
819vNd+2I2L,2560,2560,08/08f5de46.jpg
81A3ABjt4HL,2560,1669,08/08e56b71.jpg
81AKHbM0H0L,2313,2076,08/085ecf8b.jpg
81ARhlMS0YL,2560,1652,08/0817b7b6.jpg
81AXDqDsd5L,2560,2256,08/080e0a0b.jpg
81AioM2VDyL,1836,1814,08/08588e37.jpg
81AplU0WIlL,2560,2560,08/08006a40.jpg
81AsvliRghL,2200,1879,08/086055f2.jpg
81B3F7eeJML,1500,1500,08/08e10028.jpg
81B8tXIHuHL,2560,2560,08/081a9251.jpg
81BLUo9kTML,1500,1500,08/0817b1b2.jpg
81BUZBPLTNL,2560,1018,08/08012d9a.jpg
81BfjAOxR1L,1707,2560,08/0807533a.jpg
81BrkCfl9uL,2200,1879,08/08ae503f.jpg
81Bt8T6ei7L,2560,1849,08/081d7fc4.jpg
81C9QkAoSaL,2000,2000,08/08d9d474.jpg
81CJn8Vcj7L,2034,1984,08/085bc492.jpg
81CQ6vn8EzL,2200,1879,08/08ba727a.jpg
81CV3x1A0DL,2267,2560,08/0840ae4f.jpg
81Cnw0MEYmL,1512,1400,08/0839122f.jpg
81CoLVvI4uL,2182,2560,08/085a2d50.jpg
81D68Vsg3JL,2200,1879,08/08319e4e.jpg
81DQ8M+NYsL,2200,1879,08/08eb649c.jpg
81DT6eHzo1L,2560,2559,08/0821904d.jpg
81DUqxSXiFL,2200,1879,08/082de070.jpg
81DuPfqFb5L,2560,1681,08/0874281d.jpg
81DxE4+esvL,1500,1500,08/0803927f.jpg
81DyqgSk7rL,2200,1879,08/085efeb6.jpg
81E+NUxER+L,2200,1879,08/08eff96e.jpg
81E0vMMP0WL,2560,2141,08/08aac392.jpg
81EJRfk7gOL,2560,2559,08/081a50ed.jpg
81EK8UsPFgL,2000,2000,08/08ec1512.jpg
81EMCqQqceL,1068,1999,08/0840aaf2.jpg
81EqYO5QWrL,1904,2560,08/08a233cb.jpg
81F5nE1lpqL,2200,1879,08/086bc240.jpg
81F6+ooEQHL,2200,1879,08/08b98183.jpg
81FIzg2FyxL,2000,2000,08/084c9d66.jpg
81FJT4ANrfL,2560,2560,08/087ab834.jpg
81FOKFjiYWL,2200,1879,08/08ec5d2d.jpg
81Fg7jr+dyL,2200,1879,08/08b2e850.jpg
81FnmwzPNnL,2040,2040,08/088052c6.jpg
81FxtXFTPPL,2560,2560,08/08db4962.jpg
81GDNkxN9YL,2257,2560,08/089c7422.jpg
81GVC+EuoQL,2500,2500,08/08003439.jpg
81GjMSt2E4L,1929,2560,08/08aa57fb.jpg
81Gk5U9qc-L,2560,2560,08/0801dda8.jpg
81GkgYUL6GL,2560,1970,08/08dfd3c3.jpg
81H4AazPI4L,1731,2000,08/084bfba2.jpg
81H9aaeOciL,2200,1879,08/082e257f.jpg
81HNFBEMjcL,2560,1592,08/08afa984.jpg
81HcXjHuqRL,2502,2560,08/08eafd8c.jpg
81HjNtpVOHL,2200,1879,08/08f51f7c.jpg
81HwRtUMgeL,1194,2560,08/08502c4e.jpg
81HwyvL6R7L,1818,1818,08/08d7ef5d.jpg
81I0PnMyjAL,2168,1643,08/087ac497.jpg
81I5ZMnCXML,2560,2560,08/08dc5886.jpg
81ICppeSueL,2000,2000,08/088333d5.jpg
81IF-TUGJrL,2560,1970,08/085fbada.jpg
81IH7dcNl0L,2560,1260,08/08d520a7.jpg
81IdZOKvc7L,2560,1003,08/08353471.jpg
81Itz0ORUgL,2200,1879,08/08d889ed.jpg
81JBeL4ttML,2560,2560,08/087d4356.jpg
81JNFgQsKqL,1996,1602,08/08a538b5.jpg
81JW-92K7aL,2560,1844,08/08257982.jpg
81JYuDxkhpL,1740,2072,08/0854ae84.jpg
81JxclTEAkL,2247,2215,08/086aa915.jpg
81KRq6HTB-L,2560,2560,08/0805c662.jpg
81Ke15gh9iL,2200,1879,08/08bfa9f9.jpg
81Ke31OF1dL,2200,1879,08/08a9d18d.jpg
81Ko7tE3UrL,2200,1879,08/082392a4.jpg
81L+sRc7hnL,1029,1029,08/088477b8.jpg
81LIeJSwcVL,927,2560,08/0823ff84.jpg
81LItYlEYcL,922,2541,08/08c43f18.jpg
81LK4U1SLaL,2560,2560,08/0891b863.jpg
81LS8conVhL,2200,1879,08/08f503ad.jpg
81LSNetqdaL,2560,2560,08/08ed599a.jpg
81LVNxBaaqL,2000,2000,08/0853a847.jpg
81LeyfYsH+L,2204,2560,08/086df3dc.jpg
81Lv5HKwVSL,2560,1504,08/08cd2350.jpg
81Lw7TLg1iL,1500,1941,08/08d9e199.jpg
81M7xqx6uAL,2200,1879,08/08ebcccf.jpg
81MAtzHSX0L,2000,2000,08/0823e01a.jpg
81MDe42ef9L,2560,2216,08/0858f6a6.jpg
81MLWns4wpL,1242,2560,08/082ad83a.jpg
81MMSt7VjCL,2560,1970,08/088ec1a5.jpg
81Molrl16UL,2200,1879,08/08867060.jpg
81N02MHQBjL,2033,2000,08/08f8bf1a.jpg
81N3EIub23L,1500,1500,08/08ddcfef.jpg
81NCEfov29L,2500,1335,08/08934e85.jpg
81NCOdUQetL,1300,1300,08/08ed3bbc.jpg
81NNQ+5+jSL,2200,1879,08/08c0aaa5.jpg
81NYEPgHkHL,2560,2560,08/08ce12e2.jpg
81Nd2ExbMkL,2200,1879,08/08740607.jpg
81NfkmlEjwL,2560,2560,08/08345b8b.jpg
81Nr2K4siqL,2560,2516,08/083383c4.jpg
81OIT-DyucL,1701,2560,08/088444ff.jpg
81OKoQyCk+L,2560,1276,08/085537ff.jpg
81OL5Hy9p8L,1018,2560,08/08954486.jpg
81OLOvW4-jL,1500,1500,08/083f2f0b.jpg
81ORBKMKoVL,2200,1879,08/080a871b.jpg
81OdczADQCL,2503,2041,08/08989359.jpg
81OefZqDZTL,2328,2560,08/089e5be5.jpg
81OfRZvkDaL,2101,2393,08/08bc4780.jpg
81P4pHw7xRL,2413,2560,08/08a93547.jpg
81PrtrOxDbL,2560,2138,08/08f0a3c4.jpg
81QFS-Jp5+L,931,2560,08/082dff59.jpg
81QSNJ4Zy7L,2560,2560,08/089322c6.jpg
81QUA54N8+L,2560,1065,08/08c2508f.jpg
81QfVlQgo1L,1327,2560,08/0843390a.jpg
81R2AMukGbL,1591,1591,08/0891745f.jpg
81R2IQFwirL,2200,1879,08/081a5b14.jpg
81RDkPnemUL,2560,1386,08/08d444d2.jpg
81RHclWAcTL,2319,2319,08/08a7641d.jpg
81S3yOkNlJL,2116,2560,08/08919be3.jpg
81S6pKaWu-L,2000,2000,08/08367cb9.jpg
81S7+PiRCcL,2560,1254,08/086e15ce.jpg
81S9ijQo9TL,2200,1879,08/08273d42.jpg
81SBRzKRJGL,1512,2346,08/082457ef.jpg
81SD2fwPirL,2200,1879,08/08eba59e.jpg
81SHvyVpTUL,2200,1879,08/08993aa8.jpg
81SIdHhnaDL,1999,2246,08/08140d8f.jpg
81SQA45qWJL,2560,2560,08/0840424b.jpg
81SZqHtX1ZL,2560,2560,08/0851ab2b.jpg
81Sej8SF1yL,2200,1879,08/08b76485.jpg
81SxmP0HyLL,2560,2560,08/089e9924.jpg
81T-RzDunJL,2560,2560,08/081a8889.jpg
81T0ehwYAHL,1909,1128,08/08a85f98.jpg
81T1LRMw0UL,2200,1879,08/08818e34.jpg
81T44mFrEPL,2200,1879,08/08fb63fc.jpg
81T4DWf32gL,2560,1381,08/08aa29cc.jpg
81THFcylw+L,2509,2509,08/089f54ad.jpg
81TZpDV-jbL,905,2560,08/087cd504.jpg
81U6i0WJd4L,2200,1879,08/08e7ee14.jpg
81UAbHpGL3L,943,2560,08/0846224d.jpg
81UFnG5FS5L,2560,2560,08/08deaf2e.jpg
81Uf0ALtPnL,2000,2000,08/08d598bf.jpg
81UvuWNdikL,2530,2485,08/083546d3.jpg
81VFqhNk6pL,2074,2560,08/08cc57b2.jpg
81VILpjbuJL,2560,2560,08/084a5a60.jpg
81VkHY2VOXL,1637,2560,08/08d18cd3.jpg
81W0SqzMiVL,2346,1136,08/08e2b0d6.jpg
81W7omYhPcL,827,2530,08/080dc118.jpg
81WARE7SZAL,2200,1879,08/08846cb0.jpg
81WDRcSlF3L,2108,2560,08/08e2c39d.jpg
81WgjcFpbOL,2200,1879,08/083bd125.jpg
81WhRibMU0L,867,2478,08/08ea84fa.jpg
81WiMODsvuL,2560,2560,08/08b5fa05.jpg
81Wtr0mlViL,2560,1969,08/089b6d80.jpg
81XGHlqL8yL,2560,2560,08/08c0e02c.jpg
81XHw9Vzl1L,2560,1437,08/08721e61.jpg
81XNvwpepcL,1761,1761,08/08e61166.jpg
81Xm5XIBqDL,2000,2001,08/089e64c9.jpg
81YLXGZtbpL,2560,2560,08/080b29a2.jpg
81YV2DxM8vL,2000,2000,08/08493394.jpg
81YVUeOZsbL,2560,2560,08/08b22d05.jpg
81YY1Ga1KkL,1920,1920,08/085b8c3c.jpg
81YZkJe4NfL,2560,2560,08/082f0ff6.jpg
81YidTtn4sL,994,2560,08/08295181.jpg
81YvsJr24wL,2560,1440,08/08aeb5b5.jpg
81ZAE9kmIPL,2560,2560,08/08285f43.jpg
81ZAle1c9RL,2560,2560,08/08dcbf98.jpg
81ZM9jkncDL,2560,2560,08/08f3aeb5.jpg
81ZME4wRBSL,1106,2351,08/0873122a.jpg
81ZP8knORQL,2560,2560,08/08c7705d.jpg
81ZPmfp4s+L,1703,2051,08/08995732.jpg
81ZZxNGXpSL,2200,1879,08/08ff5907.jpg
81ZkTxIaiRL,1678,1584,08/0806f08d.jpg
81ZuWvs-3mL,2200,1879,08/0826d9cd.jpg
81a-iyw6sjL,2560,2560,08/08ca7cc1.jpg
81a6Ak1nPFL,967,2560,08/085c56c1.jpg
81aAomvSDBL,2113,2113,08/0871c26a.jpg
81aBY0HQrvL,2560,1191,08/082453e6.jpg
81aECJim50L,2200,1879,08/08b179d4.jpg
81aLH8GgrAL,2560,1018,08/08337f9a.jpg
81adc8J2ZkS,2129,2280,08/08f21c9a.jpg
81ao8YbYzLL,2200,1879,08/0882bf23.jpg
81bRF1JMD0L,1588,1371,08/08531183.jpg
81bc3I5K7YL,2200,1879,08/08ab0c19.jpg
81bg6oRfD3L,2400,2400,08/087c1443.jpg
81bgzaXx5iL,1162,2500,08/08ffa6f6.jpg
81bj1d2t18L,2560,2502,08/08222488.jpg
81boad9xk9L,2200,1879,08/08b0bfc3.jpg
81bq6cIZYNL,2200,1879,08/088bf29b.jpg
81broUqwZhL,2560,2560,08/084ebfce.jpg
81bte0c9oPL,2200,1879,08/084f2efa.jpg
81buYgfWKCL,2255,2560,08/08c58078.jpg
81cAb9xwgkL,2560,2560,08/08618ae3.jpg
81cP9jFFX-L,1478,2560,08/0888602b.jpg
81cZcnKeDVL,2560,2560,08/08f4e27d.jpg
81ckf6HIscL,2560,1154,08/081fb735.jpg
81cqnth+k4L,2560,2560,08/08c511fe.jpg
81crdjGVRrL,2200,1879,08/0866ba1f.jpg
81d97O8jAzL,2398,2398,08/08fd0e0f.jpg
81dIaifExkL,2560,1210,08/0852ab24.jpg
81dT3HsoHjL,2200,1879,08/08b0dd61.jpg
81ddnoFes7L,2000,1500,08/087da77f.jpg
81doxWt5RxL,2200,1879,08/08c2e009.jpg
81dxVGl+iWL,1028,1616,08/08c8f7cd.jpg
81e5VxAftcL,2200,1879,08/0878515e.jpg
81eCZtXsNUL,2560,2560,08/08d34d88.jpg
81eD-l0mf1L,1500,1941,08/08cce733.jpg
81eNnsFJ0UL,923,2560,08/087f25eb.jpg
81eOEBLFo-L,2560,864,08/080a3669.jpg
81f8EZGI+EL,2560,2560,08/08c4b2d5.jpg
81fUE6LiITS,2107,2500,08/086bc563.jpg
81fVm+KPLmL,2200,1879,08/082acebc.jpg
81fWX4CvP3L,2560,2214,08/08122e51.jpg
81fZBX9yzVL,2560,2560,08/088151e1.jpg
81fiwDynqLL,2560,1969,08/08d38ecf.jpg
81fpHC4CUGL,2200,1879,08/08a41a0a.jpg
81g3WTuJ7jL,1814,2406,08/0888b05a.jpg
81gOCEKsB1L,2372,1735,08/085ee154.jpg
81gPvXXAwTL,2560,904,08/082dc021.jpg
81gUGfmuhkL,1106,2560,08/08942e40.jpg
81gWfHv6gHL,2560,1564,08/083b2af4.jpg
81gehYqH9kL,2200,1879,08/08be9c81.jpg
81gk0JargKL,2560,2560,08/08761922.jpg
81hDJTQnR7L,1095,2560,08/08c980cc.jpg
81hUoyOpC7L,1159,2560,08/08b7af5e.jpg
81hfymu9wGL,2560,2560,08/08b50d57.jpg
81hhhFWR5wL,1331,2560,08/0892b19a.jpg
81hiykOKv1L,2560,1585,08/0849ac24.jpg
81hma5aMWiL,2560,2560,08/0822d662.jpg
81hr84wPErL,1000,1000,08/08dda50b.jpg
81hrGO8CvxL,2560,1768,08/08ca2d8e.jpg
81hw5MiYpVL,2050,1659,08/08324115.jpg
81hwgKJ3UzL,2200,1879,08/08ae3813.jpg
81hxIHpgZfL,1470,2058,08/08fced04.jpg
81hy+hJ0T5L,1500,1500,08/0800807d.jpg
81i2uRbGktL,2000,2000,08/08af3150.jpg
81i74bsSG6L,2200,1879,08/080b6bf4.jpg
81iDXQlH-cL,2560,2560,08/08a0ef58.jpg
81iEfEoLhBL,1500,1500,08/0809d69e.jpg
81iH24dt7aL,2200,1879,08/0874c968.jpg
81iNf+98OXL,2200,1879,08/08921d49.jpg
81iX9kWyYCL,2560,1991,08/0803f9be.jpg
81idXh960YL,1484,2500,08/08d17f6c.jpg
81ij4E8mvwL,954,2425,08/08f05685.jpg
81iv1bqH34L,1500,1500,08/089183e0.jpg
81jGPKoUCaL,2458,2048,08/0836e8ab.jpg
81jQMZ-4LyL,1454,2560,08/08e6f227.jpg
81jVlRrmUJL,2200,1879,08/084cf2cf.jpg
81jXr8BH0OL,2200,1879,08/08ae451c.jpg
81jadKnRSuL,2200,1879,08/0896d278.jpg
81jocyBF2xL,2200,1879,08/088280cb.jpg
81k4B9CwQ6L,1672,1233,08/0877b696.jpg
81k8HvapR+L,717,2327,08/0883864e.jpg
81k9qTI75VL,1920,2560,08/0820ad92.jpg
81kT-TofppL,2560,2560,08/08b033f4.jpg
81kW7LoltWL,2200,1879,08/08c1d5a5.jpg
81kYCvjDbwL,2200,1879,08/087e3c0a.jpg
81keXPzZ3-L,1224,2414,08/081cb43d.jpg
81l-JpepLLL,2200,1879,08/086bfc10.jpg
81l0MPcxnhL,1165,2560,08/08df5ac9.jpg
81l8MYXLPQL,2560,1116,08/08c34bf6.jpg
81lATi7xncL,2560,2560,08/08680748.jpg
81lM+NoJW8L,2560,2483,08/0887eeaa.jpg
81lOyw1gi5L,1749,2560,08/08cd5557.jpg
81lzP0PKxJL,2560,2560,08/08b56e03.jpg
81mBVU5p9dL,2200,1879,08/08adf9fd.jpg
81mCi-ttWeL,2200,1879,08/08060739.jpg
81mJrwt80RL,2127,1636,08/08b23fa7.jpg
81mThkBF-mS,2110,2110,08/081d4dab.jpg
81mYRM+wIrL,2200,1879,08/085ab916.jpg
81mmE-opx1L,2560,836,08/0808e956.jpg
81msQ-9q+eL,1500,1500,08/08023946.jpg
81nC95DR5hL,2560,1969,08/08ff0384.jpg
81nFUcYIS2L,1787,1031,08/08e4addc.jpg
81nWxzWea3L,2560,2560,08/088fc5f1.jpg
81nb30euZJL,2000,2000,08/089e88c8.jpg
81ndzMvnJZL,1227,1872,08/08a53b5c.jpg
81neW5zB51L,2560,2560,08/08d0acda.jpg
81ngNsTRFdL,2526,2526,08/08d48675.jpg
81niKl3fxwL,2560,1329,08/082ba90b.jpg
81ny0f0ZCpL,2560,1352,08/08b1e572.jpg
81o3jYy-ytL,2560,2560,08/08dad4f0.jpg
81o5yXluHtL,2560,2560,08/085da263.jpg
81o6brl4PKL,2560,1617,08/083d132a.jpg
81oYBKozU4L,2200,1879,08/08ab550f.jpg
81oZh63dhGL,2560,2560,08/08910315.jpg
81obY9UyJqL,1689,1114,08/0893983c.jpg
81ocikjAVeL,2560,1177,08/08589242.jpg
81oeis3d8AL,2560,1615,08/08e97a22.jpg
81oysmq++OL,2025,2538,08/0875d89d.jpg
81p2ctqsdHL,2048,2048,08/08b90af4.jpg
81pAl9QUVFL,2560,1969,08/08518ca7.jpg
81pUUjiVVQL,2000,2000,08/08269297.jpg
81poHTnSjGL,1111,2560,08/08035219.jpg
81ppuh-zldL,2200,1879,08/08573681.jpg
81prcETsnOL,2496,2560,08/0883fe3c.jpg
81psXh9TcdL,2200,1879,08/086c79d9.jpg
81q1IA+mvWL,2560,2560,08/082f90ff.jpg
81q6RJIGHKL,2200,1879,08/08777758.jpg
81q8k9P5qKL,2200,1879,08/08f1e08a.jpg
81qKZD78uvS,1936,2500,08/0870cada.jpg
81qMWFqSpqL,2200,1879,08/08cead8a.jpg
81qYtuL3m4L,2328,2560,08/084e4e28.jpg
81r5MiZftFL,2560,2559,08/0858eab0.jpg
81rM+OLhtAL,2200,1879,08/0837d115.jpg
81rWCi+7TNL,2560,2556,08/087795b8.jpg
81s+wfVxx4L,1500,1034,08/08478a98.jpg
81s2S-8FJrL,2000,2000,08/083cc46d.jpg
81sPXjThXvL,2200,1879,08/0815aab8.jpg
81sUL9g9Z9L,1005,2502,08/08ba3bc8.jpg
81sj708zz6L,1213,2560,08/081dc947.jpg
81slppJ-zCL,2200,1879,08/0864a732.jpg
81svzHPcn7L,2267,2560,08/08971df9.jpg
81t-W+LBkML,2200,1879,08/08f300a7.jpg
81tUl4a7egL,989,2560,08/08c9481c.jpg
81tY4rxhykL,2560,2560,08/08bf4294.jpg
81tzKKNF0oL,1500,1500,08/08709985.jpg
81u5fDv+Q2L,2560,1969,08/08f8d0d0.jpg
81urIDv2evL,2200,1879,08/08c4a551.jpg
81utAxteb4L,1500,1500,08/081aee02.jpg
81v9EI40gvL,2000,2000,08/08fdaf34.jpg
81vANjlkK8L,2200,1879,08/08616796.jpg
81vGvmOG7bL,921,2560,08/08811e52.jpg
81vOzh85eKL,2020,2050,08/08123277.jpg
81vdmHo9-DL,1960,2560,08/08c6345d.jpg
81ve-pdBoWL,2200,1879,08/0812dafd.jpg
81vuNkgvO1L,2059,2560,08/08edfcb1.jpg
81vvJooPErL,1800,1800,08/089cf797.jpg
81vxZAwLEeL,1217,1218,08/081cba20.jpg
81w7CU1v26L,2200,1879,08/0893658a.jpg
81wJ7oiUX0L,2529,857,08/08d9a280.jpg
81wUu3K76hL,1260,2560,08/080cee67.jpg
81wVcyErh6L,2560,1234,08/080ceafa.jpg
81wkmIJ5QSL,2200,1879,08/085a3243.jpg
81x+m64MJBL,2560,2560,08/08cce720.jpg
81x+sq1iE0L,1500,1400,08/08b94cd9.jpg
81xWyYXeOvL,2560,2560,08/080185bb.jpg
81xh+5W1veL,2330,1954,08/0830f046.jpg
81xqtoYkGgL,2200,1879,08/081ef96a.jpg
81y3Pn30fSL,2560,2560,08/08b2b8bc.jpg
81yTY3G1tIL,2200,1879,08/08731eea.jpg
81yjyoW3rAL,1434,2528,08/0876ba0c.jpg
81ynobKOchL,2560,1327,08/087a1703.jpg
81yu5hOMbIL,2200,1879,08/086a9fba.jpg
81yvdY+G+XL,2000,2000,08/086f5de9.jpg
81yz0DttZqL,2000,2000,08/086fc64d.jpg
81zDvTByDxL,2434,2560,08/08df8b5b.jpg
81zF6-6FqeL,2000,1918,08/088b8ce0.jpg
81zff7DS5KL,2560,630,08/083fbc29.jpg
81zkujOfPRL,2500,1429,08/08144828.jpg
81zr+fXyr2L,1500,1500,08/08bf865e.jpg
91+CC5GA-LL,2560,2560,08/08166d55.jpg
91-gW+1i0vL,1823,2560,08/08eb4ea2.jpg
91-vBSbFDPL,2560,2560,08/08204597.jpg
910ABtu6pKL,2560,2560,08/08d28ef8.jpg
910ZMDd9J9L,2560,2560,08/08ffc437.jpg
910dFB4bc6L,2000,2000,08/08115ebc.jpg
910puXsInqL,2560,2560,08/08680ed9.jpg
911UcTZK2sL,2560,2537,08/086ea018.jpg
911da+2-D-L,2560,2560,08/0807b9e6.jpg
911wkX8txGL,2368,2560,08/0837ef14.jpg
913FIp7tl-L,2560,2560,08/08d01afb.jpg
913YkiJyb7L,2560,2560,08/087c112c.jpg
913hdPtzv7L,2560,2095,08/08f873f7.jpg
913yTEMiPxL,1692,2560,08/08922b57.jpg
915FXHuFu1L,2017,2017,08/08f47a83.jpg
915ahIQNMfL,2560,1969,08/087b0d7b.jpg
916PGuNw7VL,1466,2560,08/08ab9bac.jpg
916bJ3udYoL,2560,2560,08/084fb7a8.jpg
916iGKzIkfL,2040,2040,08/0891c48b.jpg
916npJQzhvL,2560,1969,08/084598e0.jpg
917OpECohXL,2560,2406,08/088c7471.jpg
917c5h7QlDL,2500,2500,08/08753c41.jpg
917prvchX-L,2560,2560,08/08d58517.jpg
918DGGuQGCL,2560,2560,08/0811987b.jpg
918RhLbgb1L,2560,1837,08/08f8eff6.jpg
918pdYalE7L,2522,2560,08/08d4e04a.jpg
918u3f4JgIL,2432,2432,08/0850b697.jpg
919BpwSoX+L,2482,2508,08/0818b825.jpg
919Qje0qBIL,914,2560,08/08339796.jpg
919R43zWZCL,2560,1550,08/0826635c.jpg
919SxKhlA6L,2560,2560,08/08d9b20d.jpg
919bCF29LzL,2560,2560,08/0897cb80.jpg
919xLqmaWUL,2560,1175,08/08606953.jpg
91AXR8pyZTL,2560,2560,08/08463bd1.jpg
91C+19PpYjL,2200,1879,08/08848b3b.jpg
91CSzk7mr7L,2560,2304,08/08a89645.jpg
91Cvgk3WUrL,2560,2560,08/08be057e.jpg
91DLTjslezL,2482,1984,08/085a5cae.jpg
91ESVgHNM8L,1707,2560,08/0847a656.jpg
91EpSXJTgqL,2560,2560,08/08327388.jpg
91GAHfXWRgL,1472,2560,08/08066719.jpg
91GE24jp0iL,2560,2560,08/08503d03.jpg
91GQnLlX05L,2560,2560,08/08ed39be.jpg
91GR72JIRZL,2560,2560,08/08fa286f.jpg
91GedX5WVdL,1417,2560,08/08cc9dc5.jpg
91GguPxvs8L,2560,1969,08/08e4ceba.jpg
91HQ8hGy7AL,2560,2560,08/080094ce.jpg
91HjEn7WqeL,2481,2481,08/08a87c3c.jpg
91HlcaPyQ3L,1654,2560,08/083d0f1a.jpg
91I5C2KY+ZL,1985,2560,08/0893abf3.jpg
91Ik10sxLzL,2560,2560,08/08ff58b7.jpg
91JaRRIzg-L,1737,1737,08/081c0e76.jpg
91K+YBbC7GL,1938,1994,08/08fcf964.jpg
91KjOxMCB8L,2362,2560,08/08f9cf85.jpg
91L3oo03-fL,2560,2560,08/08d10dcf.jpg
91L64ZBpL8L,2560,2560,08/086b7902.jpg
91LcTI4GX9L,2560,2559,08/0846facf.jpg
91MUOOQis0L,2560,1969,08/08a5f1a8.jpg
91MpUDZ-FFL,2000,2000,08/0819f666.jpg
91O9Rje5dUL,2560,1842,08/08293e8a.jpg
91PDH7KLQsL,1621,2457,08/0838542f.jpg
91Pyo-Rtx9L,2532,2560,08/08bf6ac9.jpg
91QZ-f0rHUL,2560,2560,08/083cffd1.jpg
91Qa4vuedYL,2560,2560,08/08644e09.jpg
91SEFqRpg1L,2559,2560,08/08053d12.jpg
91Si-ZQEZ-L,2560,2560,08/08f64686.jpg
91ThzwfptcL,1991,2560,08/08f09ae9.jpg
91UKhConaOL,2342,2351,08/08796441.jpg
91V4NVsy1WL,2560,2560,08/080f243f.jpg
91WMxiHOnvL,2560,2560,08/085bc7ed.jpg
91WRLY02GHL,1770,2560,08/08320e9f.jpg
91XGfmxg3aL,2000,2000,08/08390a08.jpg
91YBcGHTH5L,2560,2560,08/08d9a436.jpg
91YROYwNZYL,2560,2560,08/08805c09.jpg
91YZH0qDp4L,2560,2560,08/086eb7fc.jpg
91a8k6hs6fL,2164,2560,08/086b85d1.jpg
91aB04bPHlL,2555,2560,08/0836d59c.jpg
91bBKRbw6GL,2338,2560,08/082cf538.jpg
91bseDU9UFL,2560,2560,08/08a64dcc.jpg
91cD0H1XN3L,2560,1188,08/088335e8.jpg
91cRYFk8FnL,1383,1383,08/08d35d36.jpg
91cZMUZXxJL,2560,2560,08/0828ba67.jpg
91dKr0qBEJL,2560,2560,08/0823e029.jpg
91dg9gxYXCL,1181,2560,08/08d32e0e.jpg
91dv8nW9RWL,2560,2560,08/08a8f415.jpg
91eIT7Ex4zL,2560,2560,08/081aa2af.jpg
91fT4AKt5SL,2000,2000,08/0822cff9.jpg
91fdqXGjVLL,2560,2560,08/08646deb.jpg
91gFTLrnJDL,2560,1808,08/08a3f9f7.jpg
91gr98KWPGL,2560,1724,08/08b679a8.jpg
91hFQ88JMAL,2560,2560,08/08474858.jpg
91hONtyzfgL,2560,2560,08/082f723d.jpg
91i6W1CXSUL,2510,2519,08/081141d0.jpg
91iBVNv44ZL,2560,2560,08/08dea6ac.jpg
91iZidzJwOL,2560,2560,08/081e2b46.jpg
91iqvmiyMWL,2560,2560,08/08a26174.jpg
91iz-6V8-cL,2559,2560,08/0815ce8d.jpg
91j+EjfQwVL,1707,2560,08/08f6d12b.jpg
91j9nz4o6bL,2560,2560,08/08ab666a.jpg
91jQ7NiD4ZL,2559,2560,08/088ee28e.jpg
91jpcPiWXiL,2551,1914,08/08e1cc4e.jpg
91kGQUbqGML,2200,1879,08/08026da4.jpg
91kjrL5DIGL,2560,2560,08/086ff659.jpg
91lOazRIKOL,2558,2560,08/0811f06b.jpg
91lo2qGsDML,2560,2560,08/0883ea00.jpg
91mIi6vli1L,2560,1470,08/08964d18.jpg
91mY8xwnAPL,2560,2560,08/087b2ca9.jpg
91mijLyFFJL,1519,2500,08/08ab0123.jpg
91mrg0e6hgL,2560,2554,08/081fa1f4.jpg
91mylInIMlL,2560,2560,08/08785689.jpg
91nREr1-AwL,2560,2560,08/08718c16.jpg
91nTbCa3YzL,2560,2560,08/08eb8ffa.jpg
91oiA9QPBmL,2560,2560,08/089bfe0e.jpg
91ozOJ7f9OL,2560,2560,08/08a46e43.jpg
91rFMzz8FzL,2560,2560,08/08ff5d7d.jpg
91rJc2OZahL,2227,2560,08/08c7ecdf.jpg
91sBmC4dAvL,2548,2560,08/0890b5df.jpg
91tIl5MAarL,1920,2560,08/08545f36.jpg
91vLMAAT+rL,2516,2511,08/080b4451.jpg
91wvYDTUywL,2560,2560,08/0831df3c.jpg
91xeGhJCaPL,2024,2291,08/089acd5d.jpg
91xjhWF2hpL,2560,2560,08/083ec104.jpg
91xtpzVxERL,2560,1253,08/08e7d900.jpg
91yMT2vkVhL,1275,2560,08/088e516e.jpg
91yqKoCC34L,1380,1670,08/085b57ad.jpg
91zILkxsNWL,2559,2560,08/086f5c0d.jpg
91zafjqkMIL,2560,2560,08/08201ed3.jpg
91zbZxioOYL,2560,2560,08/084e480a.jpg
91zxV6TbxXL,2560,1910,08/08a909cd.jpg
A1+xuZYGU0L,2560,2560,08/086c0841.jpg
A12K95dJlOL,2560,2560,08/08edec16.jpg
A13XtUNzZxL,2560,2560,08/08f3e003.jpg
A15Yt9CTldL,2359,2359,08/0817b7a6.jpg
A16ZONSLp9L,2560,2560,08/0850b79e.jpg
A18JujUZKoL,2560,1889,08/0807c2ef.jpg
A1C5MWMDY4L,2560,2560,08/087a1acb.jpg
A1CCZP6sW6L,2560,2560,08/086154bc.jpg
A1CkzSG7bjL,2560,2560,08/086f00e0.jpg
A1EzKQS8KOL,2560,2560,08/0884f75f.jpg
A1G8TQOgpfL,2560,2560,08/08d3359a.jpg
A1GlUH9UhbL,2560,2432,08/081a8f38.jpg
A1HC6obt--L,2560,2560,08/08cec24b.jpg
A1Hae+EPDIL,2560,2560,08/08fef5de.jpg
A1Me3hR-cxL,1999,2560,08/0830250d.jpg
A1N1JIhWHeL,2454,2560,08/081b18a5.jpg
A1NATvyiELL,2560,2560,08/08880aea.jpg
A1NkaCH34GL,2560,2560,08/082378f3.jpg
A1O9OmPIfiL,2560,2560,08/085bcb11.jpg
A1OHK9kKY7L,2560,1751,08/080db0ed.jpg
A1Ofv4MKR2L,783,2560,08/087c6490.jpg
A1THpdBILhL,2560,2560,08/08b6f6cc.jpg
A1U6U-Sh3CL,2560,2560,08/085334f6.jpg
A1UJqne2EDL,2560,2560,08/0890c872.jpg
A1UcIykXxbL,2560,2560,08/08d12bd9.jpg
A1ViJo12pCL,2560,2560,08/0832c29b.jpg
A1Xy59ajNBL,2560,2560,08/08880fdf.jpg
A1ZgeRbRJeL,2560,2560,08/08fa590f.jpg
A1ag771dKFL,2560,2560,08/08b5e4ed.jpg
A1amZbD+GlL,2560,2560,08/08336038.jpg
A1cWSayDjUL,2560,2560,08/08998942.jpg
A1dM9-0hrnL,2560,1969,08/087af379.jpg
A1eaBnGf27L,2560,2560,08/08421f29.jpg
A1hf-JU9ufL,2550,2550,08/082b7aa7.jpg
A1hsVcYvg+L,2560,2560,08/080282f7.jpg
A1ivBDUhHVL,2560,2560,08/086e17ea.jpg
A1kUiCrcZxL,2190,2354,08/08d5bcda.jpg
A1kifQx1U0L,2560,2560,08/083ebf64.jpg
A1m8z7xOCrL,2560,2560,08/08d545d5.jpg
A1mRdfuzvhL,2467,2560,08/081a68d5.jpg
A1maZYgUMLL,2560,2560,08/0873de2a.jpg
A1nM+YblC2L,2560,2560,08/0857659b.jpg
A1oaAFe4woL,2559,2560,08/08fb3f2f.jpg
A1pOakmVS0L,2560,2560,08/0802db24.jpg
A1qEYN-ew9L,2560,2560,08/08ef36f7.jpg
A1t6O4VVepL,2560,2560,08/0856c24e.jpg
A1tm3TM0xHL,2560,2560,08/0895dbc8.jpg
A1u9xswfPbL,2146,2290,08/08fe4ac4.jpg
A1wBlCSBiiL,2560,2560,08/08af99b8.jpg
A1zkKzP8B9L,2560,2560,08/082af0e9.jpg
A1zkaozUH2L,2560,2560,08/0810cf19.jpg
B1vNgCy0-XS,2560,2560,08/0840ae18.jpg
B1vvKcH7MkS,2560,2560,08/08016b8b.jpg
