218oClSN3mL,500,375,05/0594dee2.jpg
21FH7-+hTfL,376,500,05/055820ce.jpg
21gHNEeSclL,500,375,05/053f80c9.jpg
312vhIXB89L,500,500,05/0504356a.jpg
313iUjVQKSL,500,375,05/05585e75.jpg
314LsKL-fzL,500,500,05/05a07c85.jpg
315LujhbkKL,500,375,05/05e79cc3.jpg
316WBP63nAL,500,375,05/05708bd7.jpg
317GZo5uPCL,500,375,05/05d95d59.jpg
318UTxKBeIL,95,500,05/0528331a.jpg
31Gf8SJ6FLL,1000,119,05/057f54ee.jpg
31KOvxGYSbL,500,375,05/05069c8f.jpg
31Lk2QZRhCL,500,375,05/053e05e3.jpg
31OEob+oosL,500,375,05/05e24e4e.jpg
31OHjt8JSqL,500,375,05/05a8e72a.jpg
31P1GoQ-I1L,500,375,05/05e220e2.jpg
31Py5i3NgyL,500,375,05/055af40f.jpg
31QcEteSs-L,500,375,05/05658d53.jpg
31UGTLYHHiL,269,500,05/05565233.jpg
31Vdg+YpflL,500,375,05/05bc96cf.jpg
31X4+pS5+TL,500,391,05/05e36b15.jpg
31cK87lfWML,134,1023,05/05a33b7d.jpg
31cevxIC2CL,500,375,05/05133a2b.jpg
31cvQcomVLL,500,166,05/0582a67f.jpg
31eG64nFBfL,500,375,05/0525b0b2.jpg
31ij32rB6XL,500,375,05/0512d807.jpg
31ioJafuRNL,500,375,05/0544d7b4.jpg
31noHDvb8oL,333,500,05/0541a96a.jpg
31oxm+kVgiL,500,375,05/0500ee1e.jpg
31sdJ0qw-oL,500,375,05/05e75479.jpg
41+Z8RQX1TL,222,1177,05/0597501a.jpg
410W2SNZgtL,117,2560,05/05e0a4da.jpg
412ZLyQz84L,500,500,05/055be4a8.jpg
414PcKtK5VL,500,500,05/0570f2dc.jpg
4156uj2ZiYL,178,500,05/05994294.jpg
417bMlv+p6L,1023,1050,05/05df24b3.jpg
419vWaI71EL,488,488,05/05c5d98c.jpg
41Ch24gpZIL,375,500,05/051f9146.jpg
41D0-11ejqL,1200,1200,05/058cea81.jpg
41FDUYkhpyL,500,500,05/0592153a.jpg
41HNhi7CkLL,1010,1010,05/053bf252.jpg
41N+30x4J9L,1167,1000,05/05bfb543.jpg
41NVHFKPQHL,278,500,05/05803350.jpg
41OuvDGEpEL,500,500,05/05f5772d.jpg
41PHz49Eq9L,1000,1000,05/05c2c60e.jpg
41Q2F1a1taL,500,500,05/0582fc91.jpg
41SOswoZcIL,298,1073,05/05e30f47.jpg
41UgxFUE-EL,488,500,05/05fff3d6.jpg
41WPQKwPcLL,500,500,05/05f1a696.jpg
41WoG3I0hQL,1200,1200,05/05174fa6.jpg
41cWhVhPVoL,918,1050,05/052bc095.jpg
41dEgItka0L,1000,1000,05/0503a247.jpg
41i07ws-u7L,500,362,05/05a1d37b.jpg
41jM78bAaHL,1091,1091,05/057b4c0d.jpg
41mIlEZ4DWL,1050,788,05/05633a07.jpg
41nlz-FCCvL,1050,1050,05/058b9605.jpg
41sMudzaM0L,1000,1000,05/051a0c63.jpg
41sh9li8NVL,500,432,05/05d39a9e.jpg
41t9PB28taL,500,375,05/05581dd9.jpg
41x7RMwnuwL,112,1000,05/050e9076.jpg
41xJbNRg65L,500,494,05/05adc79b.jpg
51+itXxveeL,396,1046,05/054fbfea.jpg
51-+S03lgXL,2560,416,05/054c5ba6.jpg
51-dWSdaydL,1000,1000,05/05219919.jpg
51-dmiNWD9L,1000,1000,05/05d65602.jpg
5105Dw81wFL,1341,1341,05/057594f7.jpg
510KH7h4llL,1000,1000,05/053ab412.jpg
511u7Ef+qYL,1000,1000,05/05249acb.jpg
513NgjZs5zL,1001,1001,05/05bf6b42.jpg
513iFNSpg6L,1200,1200,05/051c7244.jpg
513loVzvIhL,1000,1000,05/0580cee2.jpg
514yI37HFbL,1756,1756,05/051fde50.jpg
515GK8xFVXL,1200,1200,05/0508ecec.jpg
515eJNRQMKL,500,500,05/05ea5f5e.jpg
515k0C0cY6L,1200,1200,05/05f8fd1e.jpg
516Rppxc+oL,364,1130,05/059b79de.jpg
516jhcDqVJL,1660,604,05/05016372.jpg
516l3svRxzL,1200,1200,05/05fee1fb.jpg
51734mBvysL,1200,1200,05/05e626f7.jpg
5174m9Um-PL,828,1679,05/052541b8.jpg
5188GG0-mdL,1500,1500,05/05153206.jpg
518WYMfYAhL,1000,1000,05/05c8211b.jpg
518igr23c5L,156,2560,05/05f318a8.jpg
5198A-cDU6L,1000,1000,05/05367d14.jpg
51AeaTmUi1L,759,2085,05/05e81624.jpg
51Af7+YofcL,900,1200,05/054a5c26.jpg
51AllfyuDYL,1500,1500,05/052d8af6.jpg
51Au7KkbEZL,1000,1000,05/056c6f2c.jpg
51BkF6+uYHL,1000,1000,05/05cd3cec.jpg
51DGCH21PqL,2193,507,05/0510282c.jpg
51FM1LgmqTL,1000,1000,05/056b0150.jpg
51FcUQW9+OL,1200,1200,05/05166b00.jpg
51FrCqjusWL,720,1185,05/054cbb8b.jpg
51H4WlFnnvL,1300,1300,05/05e1951d.jpg
51IlbXP-f4L,500,500,05/052c44dc.jpg
51JLiIiQLJL,1351,1351,05/05f61e11.jpg
51K2B33YwPL,1000,1000,05/05f89ad0.jpg
51KqJOjl-wL,1000,1000,05/052f73fe.jpg
51LqofqkFRL,1000,1000,05/0521b7ea.jpg
51MC-Nm+IQL,1100,1100,05/0586a9f8.jpg
51MTkRdVbqL,1000,1000,05/05f778b2.jpg
51NAuBHYCQL,551,1000,05/05621f68.jpg
51OKpoaaQTL,1200,1200,05/0520f206.jpg
51OfItSNT1L,1000,1000,05/059b5490.jpg
51PAcVm5WRL,432,1001,05/05e7bc67.jpg
51PH9lvLsNL,1000,1000,05/058b99a5.jpg
51PWqQ8MLyL,1000,1375,05/05ec13d1.jpg
51QWmnBoztL,1000,296,05/0526f3ca.jpg
51QhBLYRv7L,704,1589,05/05454772.jpg
51R1hQ9C6iL,1000,1000,05/05db5d23.jpg
51S4gd7vkSL,1100,1100,05/05e49fe3.jpg
51T1CIecP0L,1000,1000,05/053b4732.jpg
51U7PG4KisL,1200,1200,05/05f2d835.jpg
51UCEtUjyPL,1234,970,05/05b9484a.jpg
51UlyIGaQTL,683,1024,05/05552cd0.jpg
51V0cjnQj8L,1500,1500,05/05c03745.jpg
51VTUCs+ClL,1200,1200,05/05d5f8b5.jpg
51W8Ge1oZaL,277,500,05/05c722a7.jpg
51WGxz1XFuL,1243,1243,05/056a4ca5.jpg
51Xb7IoH7bL,1104,1104,05/0534dbb7.jpg
51ZxAwMka9L,1200,1200,05/05d204bf.jpg
51bOFQ-6UOL,358,500,05/05588d6b.jpg
51bpLbjGeiL,1000,1000,05/053989a5.jpg
51euGOJHUdL,1000,1000,05/05ec75b7.jpg
51f2QtR88LL,1000,1000,05/0503e039.jpg
51fxmzOGqsL,1444,755,05/05f57273.jpg
51hOO+jOUPL,1000,1000,05/052aa3dd.jpg
51hqhssQx0L,1000,1000,05/05a960d4.jpg
51jQfMm0FLL,500,500,05/05ecd5dc.jpg
51jlzLlk1qL,1000,1000,05/05e0f1a6.jpg
51lAy5VLGwL,1000,1000,05/05c206a4.jpg
51mecVRYI1L,1200,1200,05/0591e38b.jpg
51n2aGl5BkL,500,1400,05/05f2f717.jpg
51nFVBGLy3L,1001,1001,05/05795f50.jpg
51niuv1ePIL,353,2560,05/0512714b.jpg
51oE8r3FKpL,1500,1500,05/0583a493.jpg
51pTodbbooL,1050,618,05/050443fd.jpg
51piAUFU1kL,1200,1200,05/0532bfd4.jpg
51qNNd-+R8L,1006,661,05/050c343a.jpg
51s7j6dHhPL,500,269,05/05f66da6.jpg
51sKnXPelEL,1200,1200,05/05027c38.jpg
51tFFGptHwL,1200,1200,05/0524b499.jpg
51wQi+PULlL,1000,1000,05/05f1ffb0.jpg
51wqEL5af4L,359,500,05/05687368.jpg
51xUS2A8b9L,1200,1200,05/053625e7.jpg
51yPDUWPX1L,1200,1200,05/05c68f7a.jpg
51ym8Wj4ncL,1000,1000,05/058f511f.jpg
61+4wXC8CQL,1000,314,05/05154b68.jpg
61+7WC07c4L,1315,1239,05/0516a3bd.jpg
61+QdRFMfzL,1000,1000,05/050fa5d2.jpg
61+S75HPc2L,2160,2160,05/05d1f5cd.jpg
61-ZOBLs6bL,1500,1500,05/05074de0.jpg
61-mnscMqTL,1000,1000,05/05ae3218.jpg
6101MM8UDzL,1000,398,05/050579df.jpg
610MkSuHDtL,764,1000,05/051fcb2d.jpg
610YMtSTmzL,1100,1100,05/05d8702c.jpg
610jDLPVfEL,1080,1410,05/0592c2da.jpg
61139xoqcvL,471,500,05/057ead51.jpg
611H-jcYaHL,1055,635,05/05debae1.jpg
611QSgISZkL,1000,1000,05/057d30b3.jpg
611dyo+xvjL,1000,1000,05/0528b15a.jpg
61228CqiSEL,2000,2000,05/05e2423d.jpg
6126MXhFCOL,2000,2000,05/052a164a.jpg
612JY7n1oiL,1500,1500,05/05288282.jpg
612SEkLTBKL,1000,1000,05/0515575d.jpg
612bvBSN9RL,1000,1000,05/052bc38b.jpg
612ebXzYnzL,1100,1100,05/05287ace.jpg
6139qYTe3RL,1000,1000,05/050cdda2.jpg
613XjlqGtUL,2160,2160,05/05598c47.jpg
613yFD3682L,1569,2474,05/0593218d.jpg
614EoNfiJXL,1316,1308,05/056b7f7e.jpg
614XyvElOdL,1620,1620,05/050d9c83.jpg
614excCAqJL,1000,1000,05/0522522d.jpg
614w3gINPML,1000,1000,05/05710606.jpg
615CJzshi3L,1000,1000,05/05cc1530.jpg
615Jyf9lvGL,1000,1000,05/058abfb8.jpg
615R63SQ6HL,1200,1200,05/05e800fa.jpg
615oNV3pwSL,2000,2000,05/051ca539.jpg
6162+Gm4EyL,1315,1239,05/05423c63.jpg
6163KqKmKXL,1000,1000,05/05dc23b1.jpg
6169G8t2z2L,2312,2312,05/0540dbd5.jpg
616h4npLKHL,2200,1879,05/05fdc32e.jpg
617+oYqih1L,1444,755,05/0503de5e.jpg
617YlbqdDBL,1132,2560,05/058e1a57.jpg
617e0bYbdSL,1500,1500,05/05ca56d5.jpg
618Jy1B1xvL,1000,1000,05/054aa0e4.jpg
618RFxd5X-L,1000,1000,05/050a7656.jpg
618ljb2-jLL,617,1514,05/052cb82b.jpg
618wjmQ-L7L,2200,1879,05/05f01274.jpg
619L9t1sL3L,1000,1500,05/0568348f.jpg
619Rgqcb6nL,652,1500,05/05ef6d95.jpg
619Wnxwk3yL,1500,1500,05/056923f0.jpg
61ABra+57PL,914,2560,05/0566c2fb.jpg
61ATHPX3zFL,1625,850,05/05810a25.jpg
61AiSHc02PL,1000,1000,05/0595e548.jpg
61Am7B4JT6L,2560,1455,05/05e3bd89.jpg
61BDBy3bhSL,1500,1500,05/0580b399.jpg
61Bu5qQQu5L,2000,2000,05/05dd1f10.jpg
61CYbttp3cL,1595,1595,05/05f0ba7d.jpg
61CtEG-suKL,2200,1879,05/05aad7e4.jpg
61CvHE1TgEL,1200,1200,05/05f97b5f.jpg
61DLUdv2ucL,1444,755,05/054da337.jpg
61DMNsDAxxL,814,2156,05/054f16ae.jpg
61DdrHoQ2mL,2200,1879,05/05ba4622.jpg
61DprhtyOPL,1500,1500,05/059266a9.jpg
61E-diBjpQL,1315,1239,05/056deb5e.jpg
61EDOA0Fj2L,1113,1113,05/05fedfc7.jpg
61EIRe+xP2L,1000,1000,05/0575e960.jpg
61ElmsOAYEL,1315,1239,05/0581e1bf.jpg
61F-WvrPPgL,1500,1500,05/05d48c3c.jpg
61F0egX9AzL,1000,1000,05/0527f74f.jpg
61F7w5FOjIL,2200,1879,05/057e77d7.jpg
61FMwE1+VPL,2200,1879,05/05d46493.jpg
61FzlQcCLpL,1707,2560,05/053d6219.jpg
61GIGH7D99L,1000,1000,05/0531755c.jpg
61GUyBUw+HL,1100,1100,05/05934c59.jpg
61GnvWEYVvL,1000,1000,05/05d52232.jpg
61HU6nN3D1L,1025,1483,05/05968f0c.jpg
61I4dLJDUhL,2000,2000,05/05e829b2.jpg
61J+cs0XLxL,1213,1000,05/05c517ad.jpg
61JiANdpKlL,1500,1500,05/0536d84c.jpg
61KYTchpu0L,1200,1200,05/05baa296.jpg
61KmVVvOOsL,2200,1879,05/0507b0ee.jpg
61KrDWUeMKL,1100,1100,05/0516ad7c.jpg
61L8vbXbckL,1315,1239,05/05f670c8.jpg
61LAkm92PjL,531,1000,05/05fc3289.jpg
61LB6p02cCL,1000,485,05/05ed933f.jpg
61LLNUx6RPL,1100,1100,05/05e92253.jpg
61LViILdmkL,1000,1000,05/05c3db42.jpg
61Lly83T9yL,1316,1308,05/05b84d57.jpg
61LxEO6XdYL,1000,214,05/051be19a.jpg
61M7dr4RS0L,808,1688,05/055376fb.jpg
61MFq4aYGIL,1000,1000,05/052d7cce.jpg
61MMCJWKyjL,1000,1000,05/055433d5.jpg
61MW1Xg+oML,2200,1879,05/05dfb219.jpg
61Ml8-KAMML,2200,1879,05/0567046a.jpg
61MvtP5Ax9L,2200,1879,05/05053740.jpg
61N-J23gFHL,2560,250,05/05f17ca4.jpg
61OFhFfeFBL,1250,1250,05/05b43eb8.jpg
61OT2LxolmL,1500,728,05/05d36811.jpg
61P4bN7LkdS,495,1077,05/054dec38.jpg
61P7QfEZbRL,2037,1557,05/055e1ab6.jpg
61PWlPb3SgL,2560,2560,05/05234579.jpg
61PbTKu-hwL,2200,1879,05/057385e8.jpg
61PhKpkPJ-L,1315,1239,05/053c5b0a.jpg
61Ps+g8-7WL,1300,1300,05/05919349.jpg
61QWLnaGKuL,1000,532,05/050cdb1f.jpg
61QiEdkAOBL,1000,1000,05/05286b15.jpg
61Qni4eAUhL,1302,1161,05/054f7923.jpg
61Qy5vFxtrL,1000,1000,05/05658b37.jpg
61RO19r1oJL,1000,1000,05/05db98d0.jpg
61ROArKN2ML,1000,1000,05/05bfa197.jpg
61Ro7S5urGL,1370,1500,05/05cdf973.jpg
61Rq+MWu1PL,1000,1000,05/0595185d.jpg
61Rvjp9F6GL,1200,1200,05/0534e535.jpg
61S-GJsETbL,1001,1001,05/050228af.jpg
61S3b6nLgZL,2560,360,05/05dbbadf.jpg
61S4rxIimFL,1000,1000,05/05f04f51.jpg
61SCXJ98YIL,1358,515,05/05209f55.jpg
61SIsAwuibL,1717,843,05/05bda630.jpg
61Sey+0mm8L,2560,1754,05/05a070d8.jpg
61ShDCqsbiL,2000,2000,05/058ff419.jpg
61St8MJ0ctL,1000,1000,05/0579eb66.jpg
61TIicrCGzL,1201,1201,05/057914fa.jpg
61TxfvJPROL,1300,1300,05/052407fc.jpg
61U-6KHoCGL,2200,1879,05/05595570.jpg
61U6hdSIxuL,1444,755,05/05300195.jpg
61UH4N0Jd9L,1200,1200,05/05c29d9b.jpg
61UNGdNbx-L,2200,1879,05/053d4bfc.jpg
61UNntVESfL,1000,1000,05/059e179a.jpg
61UxOnzBemL,1000,1688,05/05ea78e6.jpg
61VBiyUPPYL,2200,1879,05/058248d0.jpg
61VoWZtyB5L,1550,1550,05/05019c21.jpg
61VtFRcD+5L,961,2560,05/0542cd39.jpg
61WJOiPgXeL,469,500,05/05adb9aa.jpg
61WfJwzcaSL,1125,1100,05/05b30ebf.jpg
61WhyTwtZRL,890,1379,05/05aba4e1.jpg
61WkBcphbwL,2200,1879,05/058d86ed.jpg
61WsJHCMmXL,1500,1500,05/052246b0.jpg
61WxV-kEXAL,875,1419,05/05847818.jpg
61X+1y-WYbL,1100,1100,05/0587dcf1.jpg
61XEF2MUpQL,956,2553,05/05fd48b2.jpg
61XExqHrBRL,1100,1100,05/05446880.jpg
61XTrvwTpyL,1100,1100,05/05082b19.jpg
61XVqI+ba0L,2200,1879,05/05d14a4d.jpg
61XcJEKp4OL,1000,623,05/0561fff9.jpg
61XfAxe3yuL,1000,1000,05/054d976f.jpg
61Y2okGh0LL,2560,192,05/05d6c4f8.jpg
61YBhxtDneL,2000,2000,05/052465a6.jpg
61YXyzj8qLL,1500,1500,05/05f054ea.jpg
61ZgVkckr3L,1000,1000,05/052a8618.jpg
61Zw+RUPJHL,1500,1500,05/05669ed8.jpg
61a-JE6Ne6L,2192,2192,05/0501e4bf.jpg
61a72xi3XsL,645,1298,05/05b76236.jpg
61aF7BB-1XL,1625,850,05/05f3a6ed.jpg
61aYqOmwZEL,751,2560,05/05adda7c.jpg
61aqWM0g5SL,2500,1968,05/05b528de.jpg
61bJj9AAPwL,1000,1000,05/0517f5bf.jpg
61bjHqMzynL,1000,1000,05/0548e5b1.jpg
61bmv-Up3OL,1617,2560,05/0508e5cf.jpg
61botDttb4L,1000,1000,05/05f145dc.jpg
61cKLLzJEdL,2200,1879,05/05fae374.jpg
61cam0zUgLL,721,1200,05/05e74d0b.jpg
61d4fG7HoML,2200,1879,05/05caf9cb.jpg
61d8dVaDhEL,2200,1879,05/051b8985.jpg
61dHCH2F2lL,1000,1000,05/0521a092.jpg
61dYEVfSNdL,1789,1789,05/055e01f5.jpg
61dwJQ5VWwL,2560,2560,05/05a16bf7.jpg
61e83ApC4GL,2560,1724,05/05ddea12.jpg
61ehsn3SVEL,2560,2133,05/05266bed.jpg
61eufeqChRL,1000,1000,05/05f30a67.jpg
61f8QrGliLL,1444,755,05/0543a270.jpg
61fGbnL8iAL,2200,1879,05/05081863.jpg
61fH9aTfMIL,891,2080,05/051b1105.jpg
61fXyrMRQ+L,1625,850,05/0542d99e.jpg
61fenIxUlaL,1200,1200,05/05971957.jpg
61fw0IbOSKL,1077,1047,05/0535ce3f.jpg
61gVE2p8hUL,1928,1928,05/05b96a2f.jpg
61gz07YoaaL,864,2560,05/05706ddb.jpg
61h1kDiel3L,1100,1100,05/05921778.jpg
61hFZ9ca3yL,2560,2560,05/0575a823.jpg
61hPsAWFbML,1001,1001,05/05113523.jpg
61iALfbXMYL,1444,755,05/0501b952.jpg
61iEs5ORYOL,1200,1200,05/051a62e4.jpg
61iMnUlqqZL,1000,1000,05/05f5081b.jpg
61j0o75ZegL,1001,1001,05/05e86f20.jpg
61j9dkVC5BL,851,2229,05/05724896.jpg
61jziZl7g5L,1100,1100,05/05e0ab7b.jpg
61knsfPoCKL,1500,1500,05/05a6c7c9.jpg
61l1EYKq8HL,592,1841,05/05b2c304.jpg
61l7PvkBK7L,1636,1636,05/05804106.jpg
61lNlBDRGpL,1000,1000,05/05fc45d6.jpg
61m5uOmo+wL,1500,1500,05/0569e2f8.jpg
61mNRhvXulL,2200,1879,05/05f50e85.jpg
61mNUwOA1gL,1500,1500,05/0520d9ba.jpg
61mYWM8CB9L,1000,1000,05/054b5942.jpg
61mbjbwCgCL,2200,1879,05/05eb66d4.jpg
61myf+zEb0L,935,2560,05/05b4f3fc.jpg
61n9eXh14bL,2200,1879,05/05d871c2.jpg
61nL7LzruNL,1000,1000,05/056e7e75.jpg
61nZcKHjANL,1444,755,05/0538a984.jpg
61nau5Nup4L,1080,1410,05/055791e7.jpg
61ntw1c+s0L,1315,1239,05/05638dac.jpg
61oDywXyqDL,1000,1000,05/05d49763.jpg
61oEJkTU6xL,1000,1000,05/05040efa.jpg
61p1caXJBeL,1500,1500,05/05c32dcd.jpg
61pfvYGzrbL,1000,1000,05/0526a37b.jpg
61plkIQDenL,1625,850,05/05b68031.jpg
61pyzm5sxAL,1315,1239,05/05e1682e.jpg
61q0C+RUKhL,2560,526,05/05764d1b.jpg
61qAch4UapL,1000,1000,05/05c80e4e.jpg
61qGuWmhQwL,1532,1075,05/05803a3b.jpg
61qNigspLEL,1100,1100,05/05b9dd60.jpg
61qVZjiNPVL,1200,1200,05/0517bd2f.jpg
61qWO5Enq9L,1300,1300,05/05328645.jpg
61qolXbgSwL,1625,850,05/05dd76e3.jpg
61qorPqTkQL,1315,1239,05/05dd21a5.jpg
61rBWLmln6L,1849,1849,05/05ab81ad.jpg
61rBrftO4oL,1500,1500,05/0543d663.jpg
61rOGjjC7iL,2200,1879,05/0518ad8e.jpg
61rZDMtFvTL,2560,641,05/05f15786.jpg
61rx91CEIML,1500,1500,05/055e2b82.jpg
61ryhYzCTTL,1200,1200,05/0512c60d.jpg
61s95ePeMfL,1500,1500,05/058aaba4.jpg
61sj8ByOytL,2560,1949,05/05986d86.jpg
61srhW3b-FL,1000,1000,05/059d99c7.jpg
61sytZLVBFL,1000,1000,05/051d067f.jpg
61tA3X2y3eL,1775,1775,05/05bab294.jpg
61u-KhLsSjL,1000,1000,05/05409718.jpg
61u4dG7G66L,1000,1000,05/058e5a73.jpg
61uWQ52zDBL,1113,1113,05/05c76ca2.jpg
61ujLLNnTEL,1200,1200,05/058de048.jpg
61uy7fGWABL,745,2560,05/0579467a.jpg
61v4AoPeytL,1802,2560,05/05c7e792.jpg
61v6X579VbL,1000,580,05/05b55e8b.jpg
61vQgaEuV6L,2500,759,05/05a4287b.jpg
61vhTG20AsL,1500,1500,05/05b61a37.jpg
61vko91kvWL,1000,1000,05/05447e04.jpg
61vlVbNzp5L,1100,1100,05/05dbd530.jpg
61vlgeA3eEL,1900,1900,05/058347c5.jpg
61w6nseY6RL,2560,2560,05/0585fee1.jpg
61wUjr2kd+L,1586,1586,05/05c450e6.jpg
61wa0qb6eDL,1100,1100,05/05745637.jpg
61xFS-ZfCIL,1000,1000,05/05eb216b.jpg
61xeOMtpreL,1000,1000,05/05bc145b.jpg
61xvZq6J1FL,2200,1879,05/05b917db.jpg
61xx8XQHGyL,1625,850,05/051c73fe.jpg
61yMUmX6d9L,1625,850,05/0501b586.jpg
61ybB3YgYtL,1862,1862,05/052c02f2.jpg
61yoAOvXCyL,1316,1308,05/05e7f9fb.jpg
61yqlF+HS8L,1000,1000,05/05a4cd09.jpg
61ytMeB0SxL,1000,214,05/054dc649.jpg
61z18rGFMUL,1444,755,05/05eb23c4.jpg
61zCMErxrXL,950,1917,05/05787b97.jpg
61zcc79SMBL,1218,670,05/05e2d81b.jpg
71+2iUmCcvL,2200,1879,05/051decf9.jpg
71+DSraPG0L,1200,1200,05/051fe4b1.jpg
71+N4MxzzlL,2200,1879,05/05f8dbeb.jpg
71+Oc+yGkrL,2560,2560,05/058bc7be.jpg
71+X1kXZfgL,989,2560,05/05aa180c.jpg
71+XjGyhtvL,2200,1879,05/05e091d6.jpg
71+bG3Y3jIL,2200,1879,05/05a29b6a.jpg
71+gUR6rt6L,2058,2058,05/05d2e3f5.jpg
71+mFPthSBL,2200,1879,05/059d430e.jpg
71+yLwLhzvL,2200,1879,05/0589cc65.jpg
71-4nMDjVfL,2421,1863,05/0505bf86.jpg
71-5-A8J7aL,2363,2560,05/0551770a.jpg
71-5ysjalwL,2200,1879,05/054a2a7a.jpg
71-IH0nNJwL,2200,1879,05/05f4695a.jpg
71-Igedmy3L,2560,1969,05/05c5bc66.jpg
71-LKmO4vvL,2560,2560,05/05cfdffa.jpg
71-cqXbVRlL,2200,1879,05/05a43de8.jpg
71-g0MvdxhL,2560,2560,05/05b145cf.jpg
71-pYC+5zuL,2000,2000,05/057e7abd.jpg
71-rlHL-2WL,1300,1000,05/050af144.jpg
71-tWgJAwQL,646,1758,05/0506b6d1.jpg
71-u-vJwXTL,2200,1879,05/05cc975d.jpg
710BmsiiJSL,2400,2400,05/05446a5a.jpg
710FPrXk+cL,2200,1879,05/0557b1ab.jpg
710G4XcvjZL,2200,1879,05/05d1130d.jpg
710mB8U3rWL,2200,1879,05/0515f363.jpg
7117rUgt-VL,752,1606,05/05a12587.jpg
711F07-16sL,2200,1879,05/0585ffed.jpg
711FxEorE+L,2560,1969,05/05dc26fc.jpg
711GJxcfWeL,2200,1879,05/0561c3ff.jpg
711HjYNE8LL,927,1393,05/05d7bdbe.jpg
711ILZQ+zUL,393,2560,05/059c6513.jpg
711MK35rfEL,2200,1879,05/05cd7ce9.jpg
711PgFzIH0L,991,2481,05/052d412a.jpg
711Vas9QthL,2200,1879,05/0530fcb9.jpg
711WjqzUsNL,2000,2000,05/052b9ac8.jpg
711aS2IEMOL,1444,755,05/05a82f3a.jpg
711bGYq2k5L,2560,2091,05/05d4724e.jpg
711tv-G2oqL,2200,1879,05/05153fef.jpg
712+aXPF9vL,2200,1879,05/05b4bbe3.jpg
7126CqsXY7L,2560,2441,05/050f2e10.jpg
7129ly5gL6L,2200,1879,05/0514af1d.jpg
712Rt5e6xOL,2200,1879,05/05af4af7.jpg
712d6K+HFPL,2200,1879,05/058b6b38.jpg
712fR3Qi4rL,2560,1118,05/05a573ea.jpg
712qXJ9R1uL,2200,1879,05/05cc210d.jpg
7130LRINXwL,1200,1200,05/05f54c88.jpg
713RxtsmijL,1444,755,05/05dc5f1e.jpg
713Yoi4D7TL,2560,2560,05/0531e969.jpg
713ZYIfsqLL,1337,2249,05/0556492d.jpg
713aomzTpEL,2200,1879,05/056c8f6b.jpg
713nQohUZFL,881,2560,05/05fe1eb5.jpg
714++QJJTxL,2200,1879,05/0540ea0a.jpg
714-bwru5xL,2200,1879,05/05e5e8d1.jpg
714Bhp0nPTL,1500,1500,05/058e604a.jpg
714MIYO+7sL,2200,1879,05/052b6304.jpg
714OLMr-BIL,2200,1879,05/057df53d.jpg
714YOiKKqbL,751,1933,05/0521b820.jpg
714eIJ2BgEL,2200,1879,05/0565d54e.jpg
714mPmgVs4L,2200,1879,05/05f445f8.jpg
7155Qv7RwLL,2200,1879,05/05874833.jpg
715Om0OKO1L,1500,1500,05/0535d157.jpg
715UJmNnKXL,1275,1275,05/05f0fa8e.jpg
715e5l+lHqL,2200,1879,05/058aa5ed.jpg
715j3Bwrg8L,2200,1879,05/0530c1e6.jpg
715zILDT7QL,2200,1879,05/05dd426f.jpg
715zeOcUsCL,2238,2238,05/05b55fa0.jpg
71691BJSagL,2200,1879,05/05353b11.jpg
7169H93Tc0L,2200,1879,05/05cb6fa0.jpg
716AS0NPjKL,2420,823,05/05ab0f7e.jpg
716EGHC0ZCL,2200,1879,05/05412acf.jpg
716Jdjuwm1L,2200,1879,05/0554de18.jpg
716JotStAhL,2560,2560,05/05103580.jpg
716PWHv0jIL,2200,1879,05/05088a7a.jpg
716SDZE6CcL,899,1153,05/0538fdb2.jpg
716UfnrEAZL,2366,2366,05/050c6ef7.jpg
716b5BWQ7WL,2200,1879,05/05435bda.jpg
716cXE1aimL,2200,1879,05/05247cd3.jpg
716pCaqvRAL,2560,2240,05/050e267e.jpg
716vPzIvf7L,2560,2560,05/053c5d73.jpg
716vgSBYLkL,2200,1879,05/05b7f0aa.jpg
7171kA5EeeL,2200,1879,05/05fd4e9f.jpg
7175pR+yMEL,2560,1730,05/05fd3a66.jpg
7176-z59qUL,1104,968,05/059832d2.jpg
717BiYvC0-L,2560,1705,05/0574ab11.jpg
717Jox9SExL,1159,1500,05/055fc180.jpg
717ZT58Rp8L,1444,755,05/05dfa5da.jpg
717dmJCikxL,2560,2560,05/05334265.jpg
717jnLfIRfL,2200,1879,05/05228136.jpg
717nRRs1R0L,2356,2356,05/05ca4f7d.jpg
717pehJ3tCL,2200,1879,05/057c5750.jpg
717prtEuoAL,2056,694,05/05cab9f8.jpg
718IfAwaG0L,2560,751,05/05bf21e4.jpg
718MDgpCAkL,2430,2560,05/052fbe67.jpg
718T9FgRtVL,2200,1879,05/0536e4c0.jpg
718VmOe1cJL,1625,850,05/05350825.jpg
718pVbvz27L,2200,1879,05/05924bfb.jpg
718zvPKZ3FL,967,1200,05/05c99a73.jpg
719+nTKUcFL,2200,1879,05/0537fc4e.jpg
71926i6ANsL,2200,1879,05/052c8072.jpg
719DJtc9NlL,2200,1879,05/051dd382.jpg
719L+vckbeL,1920,2560,05/057a99e7.jpg
719M7BV3CqL,2200,1879,05/05e1d832.jpg
719M8gTCdXL,2200,1879,05/05253baa.jpg
719ZlPBUOGL,2000,2000,05/05e39111.jpg
719gioIuqAL,2200,1879,05/05420843.jpg
719lnwoYInL,2200,1879,05/05b55781.jpg
719mYJ4lLgL,2560,1196,05/05e45df3.jpg
71A-otUqbzL,2200,1879,05/05512774.jpg
71A1Md6MQUL,1216,2560,05/059a20c4.jpg
71ABpbbiiiL,2000,2000,05/05dda903.jpg
71ACbhDmctL,2560,2560,05/050acac7.jpg
71AM2HG-FKL,1402,2560,05/05a7dfe6.jpg
71AQ5GkTyuL,1560,1200,05/055821f0.jpg
71ASDgeTZcL,2200,1879,05/05e23017.jpg
71AgSxTKj0L,1146,2331,05/053927a4.jpg
71AtTOrCspL,2000,2000,05/05b9b770.jpg
71Ax4pIVAHL,1620,1620,05/05db644e.jpg
71B-6yHgZZL,2200,1879,05/05221f68.jpg
71BS1mp9vSL,2560,2560,05/056fc3dd.jpg
71BTZzW2eoL,2200,1879,05/05b11152.jpg
71Bmc4r7AML,2200,1879,05/059b2ccf.jpg
71BqVkar7eL,2200,1879,05/051fa918.jpg
71BqiKLFD5L,2560,2560,05/05c3c2f1.jpg
71BsFpZ4+WL,2560,685,05/0521d272.jpg
71Btid6sLRL,1772,1772,05/052b2cb1.jpg
71C5Jvs3ceL,2200,1879,05/05b01a62.jpg
71CKE8nkvyL,2200,1879,05/057bce80.jpg
71CNRy5SyuL,2200,1879,05/05a34e35.jpg
71CQoOMGLVL,2200,1879,05/05758ead.jpg
71CUuxwx8pL,2000,2000,05/05cc19ba.jpg
71CaT4m4CTL,1000,549,05/050e71d5.jpg
71CasjF3mhL,2200,1879,05/0597cca7.jpg
71CbND8RFyL,2200,1879,05/05d462c1.jpg
71CcFg4yKlL,2200,1879,05/05cdbcbd.jpg
71CdJpvQpzL,2200,1879,05/05b6270a.jpg
71CeIpFJ1yL,1625,850,05/056d1e9e.jpg
71Cj90f7VIL,2200,1879,05/05726204.jpg
71Cl8msunLL,2200,1879,05/057f15d2.jpg
71CsDxeKTDL,2200,1879,05/058d717c.jpg
71D+Aq14j4L,2560,2560,05/0547613e.jpg
71D-Ru+TahL,2200,1879,05/05310f86.jpg
71DGFLO5-ZL,2200,1879,05/05e341a3.jpg
71DIYYYU6qL,1920,2560,05/052dae41.jpg
71Dcof85X7L,2200,1879,05/053a1fea.jpg
71DjhnFKbIL,2200,1879,05/059945c6.jpg
71Dp6F9jLzL,2560,1779,05/05945e20.jpg
71DwecxEADL,2000,2000,05/05057846.jpg
71DyYdjbHNL,1029,2560,05/0505ec17.jpg
71E+fOk74rL,2560,2560,05/05a20763.jpg
71EHh5+EqQL,1424,2560,05/0524eb9a.jpg
71EgmlMgudL,1655,941,05/05718708.jpg
71EjzxEkSNL,2560,2155,05/05888b49.jpg
71F-gyPvXlL,1000,1100,05/056545bd.jpg
71FIz2LcJJL,2063,2560,05/059296b5.jpg
71FM8WlixbL,1500,1500,05/0539ef38.jpg
71FRJP7V+RL,1500,1500,05/059b0d94.jpg
71FdDeJ8grL,2200,1879,05/0580c7a1.jpg
71Ftw-x3GzL,1708,1803,05/053f1670.jpg
71G5dinXjhL,2560,2560,05/052c6214.jpg
71GEB2UwQ9L,1266,2560,05/050a1a3c.jpg
71GItIbs21L,1444,755,05/057d1969.jpg
71GS4Kk8-mL,2200,1879,05/05affb28.jpg
71GkBJ9jtzL,1900,1495,05/05f7d15d.jpg
71GlwfZJ+HL,1000,717,05/05ea7569.jpg
71GrNbs1HAL,2200,1879,05/0515fa88.jpg
71HBcIfYhfL,1211,987,05/0569a8a6.jpg
71HUqKxiF2S,1244,1400,05/052b699a.jpg
71HZByf3T-L,2200,1879,05/05f68870.jpg
71HbbmeVStL,2560,1773,05/053ec0b6.jpg
71HiA7UCvHL,2148,2148,05/0577e9f1.jpg
71Hvb1wqW8L,2560,2560,05/056e52af.jpg
71I2lWd2khL,2200,1879,05/05075538.jpg
71IKu-GDBYL,2200,1879,05/05c75485.jpg
71IW3ELN4-L,494,1386,05/0577f266.jpg
71IXyEkLQvL,1461,1799,05/05a768e7.jpg
71IhYh0ifrL,2560,2560,05/050da4d0.jpg
71ImZXbvO+L,2200,1879,05/055ea39c.jpg
71Ip9aqiI2L,2000,2000,05/055bd558.jpg
71Ipnv0XMsL,2200,1879,05/05f96776.jpg
71IzgsdhE2L,1500,1500,05/05ce1a11.jpg
71J40+JW9ML,1500,1500,05/053f2260.jpg
71JG+6VKYYL,844,2547,05/05315294.jpg
71JGJ1oZuGL,2200,1879,05/05ff16b2.jpg
71JHMgc8TnL,1625,850,05/05983a7c.jpg
71JYUljw+EL,2214,2560,05/054ba7fe.jpg
71K5Gt-eQ1L,952,2260,05/054e35f2.jpg
71KDMvR6d7L,1000,1000,05/05ad31e8.jpg
71KFZCpXcFL,1500,1941,05/056fd9b8.jpg
71KGQJlDMqL,2200,1879,05/055933ea.jpg
71KM46HUPmL,2200,1879,05/05fbebe3.jpg
71KPJDy93GL,2200,1879,05/055056d1.jpg
71KR2zA-8SL,2200,1879,05/0506ce9e.jpg
71Kf6MRIEeL,2000,2000,05/05d56807.jpg
71KkmBwF1aL,1500,1500,05/05e04de0.jpg
71KzYdnQ8LL,2200,1879,05/054f0b27.jpg
71L4Ei0H-SL,2560,1844,05/05cf389f.jpg
71LQ9Et25XL,2560,709,05/0515d1bd.jpg
71MBbfLgOLL,1500,1500,05/05cdc3c7.jpg
71MH8zPrCAL,2200,1879,05/058ad015.jpg
71MVVCHqtHL,2200,1879,05/052eea1d.jpg
71MWAcVZAZL,2200,1879,05/05f6f92d.jpg
71MkCMEKoTL,1301,2051,05/05637c17.jpg
71MmqTzLcuL,2376,1251,05/05f475d6.jpg
71MmuITh01L,2482,2482,05/05b7a8e4.jpg
71Moa9SEbKL,2560,987,05/05fd2be2.jpg
71Mq1c0xPhL,1500,1500,05/054a26e5.jpg
71MvILgZKZL,1523,1080,05/053292e5.jpg
71N+MhtyYuL,2560,1058,05/05309fc9.jpg
71NLhbMMxxL,2560,2560,05/059f5db2.jpg
71NO41p50fL,2000,2000,05/053c3c49.jpg
71NRsIGcWXL,2200,1879,05/053b36ce.jpg
71NS40wHzCL,2200,1879,05/05cb22e6.jpg
71Nl1YOUAkL,2200,1879,05/054e3042.jpg
71OEKtk78eL,2560,2560,05/05eae9d0.jpg
71OFekO+ZxL,1500,1500,05/05a34569.jpg
71OHB4vCroL,2560,1003,05/052c4a64.jpg
71OLrDwyCGL,2560,2560,05/05dfa0d5.jpg
71OLzM-1r8L,2200,1879,05/054d6e6a.jpg
71OPDtVyn4L,1411,1370,05/05f1e194.jpg
71OWwV0XH2L,1458,2560,05/05cd3a35.jpg
71P62FBx8iL,2560,2560,05/05b41784.jpg
71PBcKpr8jL,2200,1879,05/05dcb699.jpg
71PC3uIDbfL,2200,1879,05/05f88836.jpg
71PWLqLzJ2L,1869,1000,05/05c958e1.jpg
71Pk+go71XL,2560,2560,05/057ed39e.jpg
71Pn8vMNycL,1920,2560,05/05db40a2.jpg
71PsVHnchVL,2200,1879,05/05d3fddc.jpg
71PuRhDyG4L,2200,1879,05/05e46379.jpg
71Pv1XJCXPL,2444,2444,05/05bec428.jpg
71Q8E5hDH2L,2329,2329,05/0544839a.jpg
71Q9RmdOa7L,1500,1500,05/054fbcc3.jpg
71QDIVxs6HL,1000,1000,05/055998a5.jpg
71QDVg+JCyL,2200,1879,05/0535d68a.jpg
71QF3TcIuRL,2400,2000,05/051dc6aa.jpg
71QF8NzwlgL,1707,2560,05/05f46faf.jpg
71QLzX0eODL,1200,1200,05/05874c1f.jpg
71QPErsOY6L,2560,1951,05/05604e84.jpg
71QmIGzJ9HL,1500,1500,05/0599471e.jpg
71Qr5ItI9TL,2200,1879,05/05c73775.jpg
71QxbobvRQL,2560,2560,05/05a997d5.jpg
71R8CL4HR8L,2560,2042,05/0544d2a6.jpg
71RJLnF+trL,2200,1879,05/053539d2.jpg
71RQBIaqZ8L,2200,1879,05/05e6fc4c.jpg
71RUX9v9XML,1200,1200,05/0563709c.jpg
71RUlpbGWgL,2560,1074,05/05a28541.jpg
71RaaifyYeL,2200,1879,05/053329c3.jpg
71RbquVTEgL,1000,1000,05/056fe43a.jpg
71S0hodMu5L,1315,1239,05/052e4cd4.jpg
71S2zVL5DxL,2200,1879,05/0536b4d5.jpg
71S3flI2NtL,830,2560,05/0530d34d.jpg
71SBFL83z0L,1885,1885,05/05df35f7.jpg
71SfEYziYlL,2200,1879,05/052724d2.jpg
71StA5DfLAL,970,2500,05/05b227fa.jpg
71StF1AKDDL,1982,1935,05/0552e6ac.jpg
71T15+IBFHL,2200,1879,05/051dc652.jpg
71TZFWo7WcL,2200,1879,05/056f5f63.jpg
71Tcg7C+-+L,1300,1300,05/054cf4de.jpg
71TgupN57IL,2560,755,05/05551b5b.jpg
71ThBdhuV9L,2282,2282,05/05d3f0be.jpg
71TteTyhBuL,2200,1879,05/057a6d69.jpg
71Tuty7HeLL,2560,2560,05/0528ab4d.jpg
71TwW+JuB9L,2000,2000,05/05517d96.jpg
71U+j8ZELVL,2200,1879,05/0557eebd.jpg
71U4lzqiDUL,2200,1879,05/050bcc13.jpg
71U5O14XOZL,2200,1879,05/05321d92.jpg
71UL0Z6S7OL,2200,1879,05/05357b26.jpg
71UTLdraptL,1948,2024,05/05b0d411.jpg
71Um6FEVwlL,1159,1500,05/05231012.jpg
71Unb4u9jmL,2200,1879,05/059732e5.jpg
71UrrGdGFTL,2200,1879,05/05993fc3.jpg
71V-RinyKUL,1000,810,05/057062a7.jpg
71VFgsZpQ7L,2216,2216,05/05ea44e3.jpg
71VKHPlUQoL,1500,1500,05/05d02cb2.jpg
71VNJxhISML,885,2560,05/05838225.jpg
71VdoY7XDLL,1500,1500,05/05016a0c.jpg
71VwlpJW-HL,1000,1000,05/05ad1bb9.jpg
71VypOy2-kL,946,2184,05/05b1febd.jpg
71WDrf5R0xL,2200,1879,05/0535a970.jpg
71WFy+1i2dL,1059,1324,05/05d6f330.jpg
71WWPGTZIML,1500,1500,05/05472ad7.jpg
71Wf+nxXyPL,2200,1879,05/050f2a3b.jpg
71WfMaOc3PL,2200,1879,05/05432aaa.jpg
71WqL08daGL,2560,1969,05/05f1b253.jpg
71WwcgSdVSL,1300,1000,05/056e8739.jpg
71Wxg9nTMaL,2560,2207,05/05a81839.jpg
71X2SMFPMjL,2200,2200,05/0505f975.jpg
71X3NAIswKL,2000,2000,05/05c88d55.jpg
71XCB5GcoyL,1643,1837,05/0558701e.jpg
71XEgSYB-eL,1500,1500,05/05ded2e7.jpg
71XFOnrxVXL,902,2553,05/05b77f17.jpg
71XQ55qoZnL,2200,1879,05/057a73a1.jpg
71XVHu34ANL,1828,2560,05/05bc7fdf.jpg
71Y75nysCPL,2267,2560,05/0519e94a.jpg
71YBE648NRL,1702,1103,05/0531f598.jpg
71YWkmcOZvL,2200,1879,05/05ea0395.jpg
71YxDXTJDsL,2200,1879,05/05bac3ab.jpg
71Z7hOF09VL,854,1280,05/05187aca.jpg
71Z7y12JQjL,1500,1500,05/05d6a709.jpg
71ZFTJ4oXuL,2560,2560,05/05c1351c.jpg
71ZFjxBnEsL,1500,1500,05/05798f3a.jpg
71ZY0fGpQNL,2515,2515,05/05356713.jpg
71ZetW4cB4L,1707,2560,05/05b895a1.jpg
71Zte9Nc9kL,2200,1879,05/05bc6506.jpg
71ZyYoDzSBL,2560,2560,05/0599c906.jpg
71aGgMcwCLL,2200,1879,05/05400bc7.jpg
71aQfmS0xcL,2200,1879,05/053ad0ff.jpg
71aV6Hm7dbL,1616,1616,05/051edbc5.jpg
71af5xNmEZL,2560,1469,05/0552528f.jpg
71akoS3HGJL,932,2560,05/05aa655b.jpg
71b+7x0LnuL,2200,1879,05/0570bbcb.jpg
71b+J8makPL,2200,1879,05/05851b4e.jpg
71bbdqgVllL,2000,2000,05/055144e2.jpg
71btRj2O8YL,2200,1879,05/05aedcb2.jpg
71byXMvjxWL,2200,1879,05/05c05241.jpg
71c4jDKcV4L,2393,2393,05/052aabbb.jpg
71cKSEd-0jL,2145,2145,05/05d37d4c.jpg
71cemR51j6L,2200,1879,05/0599d8f7.jpg
71cq8AsdkjL,2200,1879,05/05847b39.jpg
71cqBfskOCL,2200,1879,05/051237fe.jpg
71d+1xPg1rL,1500,1500,05/057352d5.jpg
71dHcAKNu0L,2000,2000,05/0520a142.jpg
71dLLhsFwSL,2560,2560,05/051c775f.jpg
71dVEM53W5L,630,2560,05/05434d37.jpg
71dbgLlZN7L,2200,1879,05/05402fa3.jpg
71dyMW3VjZL,2200,1879,05/051cecd4.jpg
71e0NJFZs+L,2200,1879,05/05baac5a.jpg
71e0k6xsWFL,869,2454,05/05174418.jpg
71eBRxp0s2L,2200,1879,05/05e2703e.jpg
71ebO2U-uML,2560,2229,05/05844c4f.jpg
71egb-MIDkL,1550,1550,05/05b1d70e.jpg
71f4YGsYL+L,1145,1528,05/057d35eb.jpg
71fDsIvo8HL,2000,2000,05/05f48430.jpg
71fWupxmicL,1642,1826,05/059d8f0a.jpg
71fct+AUqQL,2200,1879,05/056d53f3.jpg
71fkXMFjaSL,2145,2145,05/05f8600c.jpg
71flX4K7PtL,2200,1879,05/05e12a16.jpg
71fmC+EBAwL,1280,2560,05/05326ee8.jpg
71foTCyctzL,2200,1879,05/05edf144.jpg
71frtExtghL,1300,1300,05/0504b8c0.jpg
71fs-zfbaaL,2200,1879,05/05c82d9b.jpg
71fxSE9ShKL,717,2560,05/0507cf97.jpg
71g1JkFaw+L,1200,1200,05/05acd729.jpg
71g5+Y4z-pL,2560,2407,05/05ad15f2.jpg
71gNajbFq8L,2200,1879,05/05b63bea.jpg
71ge+izD7YL,2306,2306,05/054232af.jpg
71ge5Iec7PL,853,1280,05/0501a5e8.jpg
71gztVv1RcL,2200,1879,05/05d1c232.jpg
71h19UV3iJL,2560,2560,05/05906895.jpg
71h2kC9bVnL,2000,2000,05/056bf7c5.jpg
71h50k7+MwL,2200,1879,05/05918497.jpg
71hDpMhHqJL,2200,1879,05/059494f4.jpg
71hR7LjF5LL,1370,1370,05/05991d3d.jpg
71hSR910cpL,1316,2560,05/051a28ca.jpg
71hXV4MFCIL,1315,1239,05/054dedee.jpg
71hc4qs3HHL,890,1165,05/051be488.jpg
71hl64cKUrL,1660,2560,05/059ec648.jpg
71hqjopTELL,2200,1879,05/05b7a6c1.jpg
71i08Eb6QOL,1227,1218,05/05d39794.jpg
71i4tWsE6tL,2200,1879,05/054fa516.jpg
71iQF1RnQML,1200,1200,05/05344907.jpg
71iQvmh7pjL,2000,2000,05/05a21060.jpg
71iVlfbQ-sL,2170,2170,05/059e4020.jpg
71iaNnaz1GL,2250,1500,05/0577e27b.jpg
71ijgD1GaOL,1500,1500,05/0575ad8b.jpg
71iovSFGLaL,2000,2000,05/057eda88.jpg
71izx6usgAL,2560,1145,05/056e867d.jpg
71j97gZAC9L,2000,2000,05/054d9fee.jpg
71jDanqZ-oL,2200,1879,05/05a181bf.jpg
71jOC0bDKdL,2200,1879,05/0523f4bb.jpg
71jXT0avEcL,2200,1879,05/05f2752c.jpg
71kOwy1-ykL,2560,2060,05/05c131b3.jpg
71l2KggcSvL,2560,1501,05/0537c655.jpg
71l6EcYrVvL,2200,1879,05/05c39814.jpg
71lOvqUotxL,2000,2000,05/054be6ce.jpg
71lbuFsoTFL,2200,1879,05/05c3600d.jpg
71lcfxigaXL,895,1500,05/055f62d3.jpg
71ldcDwnTSL,2200,1879,05/052d209f.jpg
71leN+SKijL,2200,1879,05/058dbca2.jpg
71lp7-a-qSL,1707,2560,05/059b1c53.jpg
71lvNzsl7KL,2200,1879,05/05f07847.jpg
71lzgSn1b9L,2560,2560,05/05078c3c.jpg
71m+JNW-ldL,2560,865,05/053e55c9.jpg
71m8W2vlLHL,2560,2560,05/058e3b9f.jpg
71mBk0VjcmL,2560,1581,05/05d971c3.jpg
71mDThHn16L,2200,1879,05/05bc88a6.jpg
71mDtD269DL,2560,2560,05/056cead6.jpg
71mMLK1JqsL,2060,946,05/05b0e85f.jpg
71mOxj0RrtL,2329,2329,05/059ee9df.jpg
71mSdDN6CeL,2200,1879,05/0585c1e5.jpg
71mTTaOKSeL,2200,1879,05/052f00d9.jpg
71mZPCZD4LL,2200,1879,05/0594683a.jpg
71mdnM4uSwL,1585,1585,05/05c2d458.jpg
71mp6iOzZ5L,2200,1879,05/05682ef5.jpg
71mxJBfdgnL,1444,755,05/055853d5.jpg
71n4YBGRdBL,2200,1879,05/0504c179.jpg
71nF4Yge78L,2200,1879,05/05a0f84b.jpg
71nIZRBQuOL,2200,1879,05/0566fe28.jpg
71nK7qBBjhL,2200,1879,05/05c9d9fd.jpg
71nL4xvFtyL,2200,1879,05/0527b976.jpg
71nR7CgKRaL,1500,1500,05/056ff0ef.jpg
71negIpftmL,1707,2560,05/051c806b.jpg
71nkI70heYL,2314,2314,05/05c7d07e.jpg
71ns3HZRSYL,2560,815,05/05d9d0d8.jpg
71nsBdGUPFL,1500,1500,05/05a07f59.jpg
71nywkE3gFL,1000,1000,05/057640aa.jpg
71o+HMksxiL,1444,755,05/052c3d27.jpg
71o9fte8XjL,1188,2560,05/052b4a70.jpg
71oFXGFIKfL,2560,2560,05/050c77dc.jpg
71oFu6wa+SL,2200,1879,05/05f81f97.jpg
71oGrDjwdZL,2200,1879,05/05a92746.jpg
71oNkVbpdrL,2200,1879,05/05a4bd7f.jpg
71oQ9sJPnVL,1821,1821,05/05abdd3b.jpg
71oWevVyihL,2239,2239,05/05b1795e.jpg
71p-1vg9JwL,1067,1400,05/050c12ed.jpg
71pAJEAw4AL,1788,1788,05/05d1a7dc.jpg
71pFRvy-rhL,909,2519,05/05135dce.jpg
71pKHPQ-UhL,2200,1879,05/05ec3d56.jpg
71pULa2QqYL,2200,1879,05/053d6cb7.jpg
71pXvzgmwHL,2200,1879,05/05cdb4e5.jpg
71pYUHCSXSL,2200,1879,05/05f6581b.jpg
71pYY+7pZYL,2107,1210,05/055c0b6d.jpg
71pl81XEt+L,2200,1879,05/05d1dd06.jpg
71plfi0wRXL,2200,1879,05/059b4a18.jpg
71pmFGMXGBL,2200,1879,05/055c76ef.jpg
71q-BSthQGL,1500,1500,05/0595e552.jpg
71q-inT74KL,2200,1879,05/059edfd9.jpg
71q4cR5MPRL,1044,2006,05/0599410c.jpg
71q6rFngj0L,2000,2000,05/054cb00c.jpg
71q978JMVfL,1000,647,05/055bb1ef.jpg
71qJH-CgH7L,1625,850,05/05997ee0.jpg
71qM-J+aIZL,1476,2560,05/05d08a8f.jpg
71qZUhUfFuL,2200,1879,05/05d258df.jpg
71qe0G4BOGL,1000,1567,05/05a53be3.jpg
71qmVs6dlrL,597,1050,05/0516d4ee.jpg
71qo43CH4WL,2560,2560,05/05cee667.jpg
71r0TpV0ZpL,2200,1879,05/054f6feb.jpg
71r0YwlYbnL,2560,2470,05/05d00e65.jpg
71rOtEiG2XL,2560,1971,05/05debe2e.jpg
71rPjCgg+9L,1625,850,05/0543f83f.jpg
71rUlIeT2ZL,1444,755,05/0579663b.jpg
71re1jChUDL,2200,1879,05/05d106d7.jpg
71rj93tpkgL,2000,2000,05/05d00dd8.jpg
71rwcmqGpIL,2200,1879,05/05171264.jpg
71s1wM+mmKL,1702,2560,05/05b5b1ec.jpg
71s7o2lAYsL,2200,1879,05/0532c84b.jpg
71sPVW6o3YL,1500,1941,05/059d0a97.jpg
71sVuFJV8eL,2560,784,05/053da3b9.jpg
71ssPAKgjOL,2200,1879,05/0593784f.jpg
71st4bSqChL,2560,832,05/055d5538.jpg
71stWd5FoAL,2200,1879,05/05cf1b3c.jpg
71tIXZMKxbL,2560,1970,05/05149c46.jpg
71tOT-fXk-L,2200,1879,05/05c4787a.jpg
71tqEdBXIjL,2200,1879,05/05a8bddb.jpg
71tsJ6NlLoL,2200,1879,05/0589db4d.jpg
71tt8hMwewL,1000,1000,05/0526890a.jpg
71txkLA0h0L,2200,1879,05/05ff8149.jpg
71ty4kv2u1L,2560,1663,05/05d65163.jpg
71u0ri4DMOL,2000,2000,05/05595325.jpg
71u4sR+oW4L,2560,2560,05/052bcbb5.jpg
71uNq9KpRML,2200,1879,05/05fe71ec.jpg
71ueGvOQX6L,1444,755,05/056aa38d.jpg
71uskab5P-L,2200,1879,05/05bc899b.jpg
71utxcyGobL,2200,1879,05/056bc862.jpg
71v1eaIg1aL,2560,1910,05/05320530.jpg
71vbqDfD8OL,2200,1879,05/05bda50c.jpg
71vcIvrincL,2200,1879,05/05f17ed6.jpg
71vg2e8SMzL,2200,1879,05/05e41ac1.jpg
71w1dNbklxL,1878,1878,05/05cdc398.jpg
71w8OxxksNL,2200,1879,05/05126693.jpg
71wUPSAEnhL,2007,2007,05/05dad656.jpg
71wYqvzBW7L,2200,1879,05/056f95d3.jpg
71wZS3aeuVL,1410,1410,05/051099da.jpg
71wdS7VJTxL,2108,1885,05/053179c4.jpg
71wfQlRbzTL,1307,1307,05/05109476.jpg
71wfvbstQDL,1293,2560,05/0506b39c.jpg
71wgSJDNA2L,1558,2560,05/05459ca6.jpg
71wvkZ8hn5L,2200,1879,05/05e614d8.jpg
71xAANJ36hL,2200,1879,05/0540c754.jpg
71xBJywOs4L,2200,1879,05/05c0ef64.jpg
71xMIYCkdxL,2200,1879,05/050c8775.jpg
71xwC8b1OhL,2200,1879,05/05aa0050.jpg
71yJo7wrhXL,2000,2438,05/054617ae.jpg
71yUtFad83L,2093,2310,05/0565b633.jpg
71yZ2GxK1sL,1142,2123,05/05741292.jpg
71ya-g+23cL,862,2560,05/05b36bdc.jpg
71yg3ne7r5L,1797,2560,05/051ac0d6.jpg
71yqAaQmuoL,2200,1879,05/055e8ea5.jpg
71ytUSoWIWL,2000,2000,05/05d8fbd6.jpg
71yz2DLSgVL,2200,1879,05/05752c08.jpg
71z3rSki0JL,734,2560,05/05763738.jpg
71zIzHDI6sL,1621,2560,05/0575d20e.jpg
71zXXL1XCSL,2200,1879,05/05720567.jpg
71zeNRpqDcL,635,2560,05/05d78533.jpg
71zgywDhOhL,2200,1879,05/05fb3f49.jpg
71zme1KN84L,2200,1879,05/05b3c6fe.jpg
81++APU4SNL,2500,1889,05/057e63ef.jpg
81+8HoKg1gL,2560,2087,05/0593074a.jpg
81+J9UYQO+L,1364,2075,05/054845a2.jpg
81+SBYXWiaL,2560,1695,05/052b6f47.jpg
81+aaBPQ2gL,2560,2560,05/05dc5663.jpg
81+h6CuV+3L,2200,1879,05/0586028b.jpg
81+qmYevWML,2200,1879,05/053abe90.jpg
81+uFFnsAtL,1920,2560,05/05c347b5.jpg
81+vnvOP3hL,2000,2000,05/051e0d83.jpg
81+wwLFPq2L,1133,2560,05/05d348cc.jpg
81-IbUptRjL,2200,1879,05/0514cd3d.jpg
81-N0XBOCqL,1939,2560,05/0587e451.jpg
81-WDncPJML,2200,1879,05/05179fca.jpg
81-f1A1PEBL,2560,2106,05/05dba1be.jpg
8101n7RiYcL,1833,2051,05/0580aa8b.jpg
8109A+C7rfL,2200,1879,05/05d51c9c.jpg
810CvlvpD8L,2560,1175,05/05a4f039.jpg
810M2LOQAEL,2000,2000,05/05b66a18.jpg
810Q7fsQYSL,2000,2000,05/0552cc7d.jpg
810Zl-twmXL,2560,1920,05/05e09bcf.jpg
811CSIZmf-L,2000,2000,05/05dcf21e.jpg
811NgaZ6T-L,1500,1500,05/059bdc7c.jpg
811RT4-mSSL,2560,1973,05/05079cf0.jpg
811TniTiCPL,2200,1879,05/05696531.jpg
811yFWo7rdL,2200,1879,05/05ecc23a.jpg
812+5opX8sL,2560,2560,05/05cad3aa.jpg
8121jk1ps5L,1200,1200,05/0579761d.jpg
812G3jL79iL,2560,2560,05/05220fc5.jpg
812hDXrB9mL,2200,1879,05/058e15b4.jpg
812t2AWgUGL,2200,1879,05/059f628e.jpg
812vvdImEcL,1541,2054,05/05e5d07d.jpg
813+SiWtX9L,2200,1879,05/05333239.jpg
8130cpCQj9L,2034,2560,05/05d5367b.jpg
8136S6piHnL,1021,2560,05/058110d4.jpg
813CA5EgicL,2500,2494,05/050767c3.jpg
813MK-R40oL,2200,1879,05/05598d08.jpg
813NVQjGPzL,2560,2560,05/052dba5a.jpg
813QtIhrDcL,2560,1920,05/05134efd.jpg
813yUbAT-mL,2560,1314,05/05deeb2f.jpg
8149Jz7yX6L,1500,1500,05/059d190b.jpg
814CShO1SpL,2014,2014,05/0577e54f.jpg
814VEL5R5TL,2000,2000,05/05330172.jpg
814hw2d5jbL,2560,2560,05/05fe3c8d.jpg
814uZhSgxyL,2200,1879,05/0504fa96.jpg
814vv7yolxL,2200,1879,05/05b66fe2.jpg
8151oBumslL,2187,2166,05/057fa7aa.jpg
815ECJ1hxrL,2200,1879,05/056c6348.jpg
815Q1uWuVtL,2560,1969,05/058475fc.jpg
815Y5Ynu43L,2560,1920,05/0575c72b.jpg
815mgWYJ+3L,2560,1055,05/05e57778.jpg
815xpnr-dML,2200,1879,05/050dd77e.jpg
815yZidgkcL,1500,1371,05/05555a1d.jpg
816RjSiywhL,1446,2118,05/05f91969.jpg
816T5Lq7aQL,2560,1364,05/053b47a2.jpg
816VLO5VBXL,2560,1354,05/05b3f1a9.jpg
816kRdi5T3L,2560,2560,05/058da85d.jpg
816wmfnk2+L,2560,2560,05/0514ba47.jpg
816yH0Ixi9L,2048,2048,05/05b415f1.jpg
8172LR9gR7L,2200,1879,05/053cbd45.jpg
8172iSs1z0L,2200,1879,05/05c52ebd.jpg
8172reBc8ML,2200,1879,05/05ba3196.jpg
8179B5RjWCL,1359,2560,05/0555322e.jpg
817G5Lp-+nL,1500,1500,05/05263400.jpg
817Gl6CMjhL,934,2491,05/05775a12.jpg
817sJ62kx2L,2200,1879,05/0558d101.jpg
817ziQTd8uL,2560,1970,05/059914ca.jpg
8186IGfgraL,2560,2560,05/0571861d.jpg
818DHGoUk1L,2200,1879,05/0524eb82.jpg
818JRCxt6SL,2560,2236,05/053caa0a.jpg
818KqjoFcIL,831,2385,05/0541a894.jpg
818MjO-VITL,2200,1879,05/059f9deb.jpg
818QtKm6E1L,1654,1591,05/053bbc05.jpg
818ZULp5QIL,878,2560,05/058112fb.jpg
818avCv9hmL,1840,1840,05/0534b825.jpg
818cY5RgpAL,1698,2560,05/05896d97.jpg
818e1-Qrf-L,2200,1879,05/05aeb735.jpg
818e14BoeYL,2200,1879,05/0582317a.jpg
818h8j53dzL,927,2560,05/05efd067.jpg
818qlmYY2eL,2116,2349,05/05267d7e.jpg
819-uxJ7tFL,2560,1707,05/05924e9c.jpg
819JASjcnML,2200,1879,05/057e7df2.jpg
819P9sS5uRL,2000,2000,05/05edf30e.jpg
819PFegc1FL,2000,2000,05/05fb46da.jpg
819gwkip3LL,2560,2560,05/0522adb6.jpg
819qHNOtsvL,1711,2560,05/0530c17e.jpg
819tiBBiu7L,1971,2560,05/0536adaf.jpg
81A4KbHrabL,2200,1879,05/056aec20.jpg
81AL0z8K+UL,2200,1879,05/054625e3.jpg
81AXxeBapdL,2323,1410,05/05be6fb9.jpg
81Aeb6OTc+L,2560,2560,05/05c740eb.jpg
81Af52FH0hL,2560,1930,05/052ff411.jpg
81Ajj+xAflL,2560,2560,05/057168ac.jpg
81AsrS--ctL,2560,1799,05/05f8f1f6.jpg
81B15IefyML,2200,1879,05/05029875.jpg
81B7kmYXB7L,2108,2166,05/0572f40a.jpg
81BS0-zJFtL,2560,2560,05/05d22058.jpg
81BTSC4DGEL,2200,1879,05/05e74e95.jpg
81BmGMfsHPL,1300,1300,05/059f6cac.jpg
81Bt0GOpGnL,1246,2560,05/05893c23.jpg
81C03uWCxCL,2200,1879,05/05c7f5d9.jpg
81C46tkEutL,2000,2000,05/05559ace.jpg
81CBGpHbqkL,2200,1879,05/05a3afb5.jpg
81CZMJ-2-JL,1284,2560,05/05726dda.jpg
81D-ESDE59L,1084,2560,05/05d3b687.jpg
81D53JIy3gL,2200,1879,05/05a880c1.jpg
81DE41NQeCL,2200,1879,05/05964898.jpg
81DURXKpq7L,2560,2165,05/05f9d5e0.jpg
81DcUECWrfL,2200,1879,05/0578f83a.jpg
81DhrGRrH0L,1426,1741,05/057afae4.jpg
81Dql4sds1L,2200,1879,05/05d9db75.jpg
81DsIlHCDvL,2200,1879,05/05acc0f1.jpg
81E--930QzL,2560,1193,05/05fa30f2.jpg
81E1HH6J58L,2560,2560,05/05434348.jpg
81E2uCGzVnL,1920,2560,05/05a28f38.jpg
81E42J2QfVL,2560,2560,05/059e7fea.jpg
81E8NZkgVzL,1920,2560,05/05f5a065.jpg
81EE5lKraTL,2000,2000,05/05f5c197.jpg
81EEhFJ27ML,1686,2560,05/05b0c3d9.jpg
81EQR76H7pL,2200,1879,05/05f277df.jpg
81EQtxlGZxL,2200,1879,05/05399024.jpg
81Eb41UN+PL,2200,1879,05/052dca9b.jpg
81ExvtYfiqL,1500,1500,05/058f35ec.jpg
81F-D11NxyL,2560,2560,05/05a6baa0.jpg
81F-asCAfVL,1500,1500,05/05c37fa4.jpg
81F9s5ZePJL,2200,1879,05/054597bf.jpg
81FAffzN9WL,1954,2132,05/05e323a4.jpg
81FCR7zkECL,2200,1879,05/058ea135.jpg
81FfhAd2CZL,2217,1109,05/05e15844.jpg
81FlE2zRHxL,1544,2109,05/05a35bb3.jpg
81FtfwbtpKL,2500,1748,05/05768208.jpg
81G1pI13hqL,1945,1878,05/05379dae.jpg
81G4CXPIRRL,2560,868,05/057535aa.jpg
81GHpS2jnCL,2200,1879,05/05a2c46b.jpg
81GdA9oTBQL,2560,1185,05/053ab213.jpg
81GkbZWU5cL,1315,2424,05/0549d9e9.jpg
81GuPnd7efL,2200,1879,05/05810404.jpg
81H3vlYNdHL,2200,1879,05/05b3e463.jpg
81HA2NqJsRL,958,2560,05/05788c1d.jpg
81HCb41mYdL,2205,2560,05/058f8c4e.jpg
81HISLvQdyL,1579,2560,05/054d3297.jpg
81HMKD2EpJL,2200,1879,05/05c9b403.jpg
81HTEPeWn7L,918,2560,05/058aba8a.jpg
81HdZ4YBJML,2500,2500,05/051f3dbe.jpg
81Hf4SytvJL,2000,2000,05/05b664f0.jpg
81HhsghsOUL,2200,1879,05/058463dc.jpg
81HtbttGycL,1497,1497,05/05a6e0d5.jpg
81HymYNnTSL,1770,2560,05/05f71bf7.jpg
81I-t-GriFL,2200,1879,05/05e235d1.jpg
81I0FnibasL,2194,1404,05/05e9b1d1.jpg
81I9VtnAzAL,2548,2560,05/05f582f3.jpg
81IC4pqMDoL,1500,1500,05/05ef2e03.jpg
81IHOekoKXL,2200,1879,05/05fe9223.jpg
81IJQrPuvQL,1920,2560,05/05609771.jpg
81IR2otk0LL,568,1500,05/05eec983.jpg
81IaFsC6jVL,2560,762,05/0541bfc1.jpg
81Ibe-iDH-L,2200,1879,05/052f9b1e.jpg
81IcgfMFmjL,2000,2000,05/05ea83e1.jpg
81If1aL3fuL,2560,1092,05/056e6778.jpg
81IoCPpH1HL,2200,1879,05/05f638dd.jpg
81IvnJ6QYqL,2200,1879,05/05ac07e0.jpg
81JE0-Rc3SL,2200,1879,05/05c01024.jpg
81JGYyws7-L,1855,2560,05/05b63fbd.jpg
81JGbbcL48L,2200,1879,05/05996e78.jpg
81JGvXNg6aL,1669,2560,05/053b46d9.jpg
81JRIm305nL,1037,2178,05/05adf681.jpg
81JRxqjJGWL,2000,1989,05/05affb22.jpg
81JyDuKI5LL,2200,1879,05/056e2abc.jpg
81K-4qoDRjL,2560,2560,05/051f65fb.jpg
81KJvDjVfOL,1633,2560,05/0520c07c.jpg
81KcurJt2tL,2550,1101,05/05b8b8e6.jpg
81Kew7ZwYVL,2560,2559,05/055fe26d.jpg
81Kr2wZSD9L,2560,1607,05/056f76da.jpg
81Kz6bY33-L,1376,1649,05/05aed66e.jpg
81LFLzT8ESL,2200,1879,05/05a2e36c.jpg
81MClfbh7+L,2200,1879,05/05b421ef.jpg
81MHYQlS1KL,2560,2560,05/0564d49c.jpg
81MOnSujkEL,2200,1879,05/05834527.jpg
81MWPIofN9L,2560,2560,05/0547de32.jpg
81MYoUgtzML,2560,2560,05/054429d1.jpg
81MdqV7KY7L,2560,1272,05/05c076cb.jpg
81Mf2vpTmDL,2200,1879,05/05dfee85.jpg
81MpOm-Li-L,2200,1879,05/05c1bc89.jpg
81N46UbQCnL,2560,1605,05/0506ea5c.jpg
81N8XoasVrL,2200,1879,05/058b7e10.jpg
81NGVHy8KFL,1684,1245,05/05cd2de3.jpg
81NHTeeK7bL,2560,2560,05/050010a6.jpg
81NPIpaY1GL,2200,1879,05/0554bbf7.jpg
81NdShtXQxL,2000,2000,05/0552b073.jpg
81NdcmL5XBL,1920,2560,05/05813a5f.jpg
81NjEslfy5L,2450,2450,05/057bfc59.jpg
81O4+OJt4RL,2560,2560,05/05927cf8.jpg
81OZtAnWxOL,2560,2560,05/05cd2e1e.jpg
81OiyBts3zL,2200,1879,05/0535ba44.jpg
81OtPc-PixL,1611,2560,05/05f97553.jpg
81P3w352JLL,2559,2560,05/05548b01.jpg
81P4rnIYVTL,2560,2408,05/0551da8f.jpg
81PRviDsS0L,920,2063,05/0592d0e3.jpg
81PmstTYXLL,2200,1879,05/0518a196.jpg
81Pw0w8t-VL,1086,2560,05/058ec747.jpg
81QM4vbbNPL,2200,1879,05/05b1aa8e.jpg
81QQo1XSKvL,2560,2559,05/05637672.jpg
81QQp2MOsML,2560,987,05/05dd8eea.jpg
81QVj4m3FQL,2560,2560,05/05b92df8.jpg
81QX8lBsJ5L,2200,1879,05/05b28ac4.jpg
81R4hnNXgrL,1621,2560,05/053d4087.jpg
81S1GuDqU5L,1793,2515,05/05e060d4.jpg
81S2M6RlLZL,2560,1688,05/05e130cf.jpg
81SlWn3tFAL,1502,2560,05/0506de7f.jpg
81SpIxKwaAL,2200,1879,05/05b4a5ee.jpg
81T2PuZp6+L,2373,2373,05/05627582.jpg
81TK-csu4hL,2560,2560,05/05a91b7b.jpg
81U5J+Mpa0L,2200,1879,05/05d0e5a9.jpg
81UD+cujJLL,2494,2560,05/05d9be55.jpg
81UK7D+M-zL,2200,1879,05/0599682e.jpg
81UZbA0cN5L,1500,1500,05/051c8be6.jpg
81UaYSFHquL,2200,1879,05/0557d3ca.jpg
81Ud3A0t2aL,2200,1879,05/05ecc439.jpg
81Ud5T+j2HL,2560,2560,05/0577bfd2.jpg
81Ui6LnNPbL,2200,1879,05/0595419b.jpg
81V0bXe8ENL,2267,2560,05/0582f34e.jpg
81V2ofRIC3L,2200,1879,05/05660819.jpg
81VCZuWlNTL,1785,2560,05/05df7855.jpg
81VD9RHICbL,2560,2560,05/05316f0b.jpg
81VGQYsISBL,2560,2560,05/05072b3e.jpg
81VP3V-Y98L,2560,2560,05/053436be.jpg
81VU6nmK7aL,2560,2560,05/05469ffb.jpg
81VVd7fmwzL,2560,1969,05/053bb46a.jpg
81Va-+-mHOL,2200,1879,05/0582e20e.jpg
81Vf9Vg-WaL,2083,2083,05/0573c0ba.jpg
81VsewYXOTL,2560,1241,05/0538204d.jpg
81W3VEm96+L,2200,1879,05/059ec459.jpg
81W4xjhNJIL,2524,1973,05/05fc85c5.jpg
81WBCOzjEkL,2560,1693,05/0567d208.jpg
81WLr-zXGyL,2000,2000,05/05ed7173.jpg
81WYEuwAPqL,966,2560,05/05773735.jpg
81WbinWBwwL,2200,1879,05/057dd85e.jpg
81X8qug0B5L,977,2560,05/05a806ef.jpg
81XCa3rHGhL,2440,2440,05/05214a88.jpg
81XKNncpcSL,1001,1000,05/0582ebdd.jpg
81XKxE4ss7L,2200,1879,05/05112195.jpg
81XNQ8S6MFL,2200,1879,05/05307710.jpg
81XdpptaJEL,2000,2000,05/0595787e.jpg
81XlqbKG3RL,1707,2560,05/05b0f6d7.jpg
81XltvZo60L,2500,2307,05/05855659.jpg
81Xp7DTa1dL,2200,1879,05/0555cf2e.jpg
81XrNKHC-lL,2560,2560,05/05c13903.jpg
81Y50iegxNL,2000,2000,05/05fcb711.jpg
81Y8SZ9G4-L,2500,1283,05/055da66a.jpg
81YKlqPe+AL,1690,2560,05/05f0c8a4.jpg
81YOm7hVh0L,1594,2560,05/05e44b41.jpg
81YjhJcZdtL,2000,2000,05/05bbec5c.jpg
81YnUcDPGbL,2560,1241,05/05f6b2f8.jpg
81Yq0Jj4LJL,2200,1879,05/05c25c75.jpg
81YqEesX9CL,1223,1921,05/05b81e07.jpg
81YuX8Ti21L,2470,2470,05/0511e6f1.jpg
81Z0iKcvNIL,1508,2560,05/05fe9258.jpg
81ZV77aBneL,2000,2000,05/05cf7899.jpg
81ZeTTH45GL,2560,1969,05/054794bc.jpg
81ZoG0oNC9L,2560,2560,05/05f200cf.jpg
81ZqLBFYxRL,2200,1879,05/05e6c944.jpg
81Zsf89hO2L,2000,2000,05/05cc78f6.jpg
81Zza-xOYKL,1827,2560,05/058f03b7.jpg
81aNnHVnBNL,2422,2560,05/059f2c9f.jpg
81aWPA0Aa+L,1019,2560,05/05480199.jpg
81al45+y8bL,1900,2560,05/05693573.jpg
81aqJm3757L,2200,1879,05/0509770d.jpg
81b6sM9CaLL,2560,1969,05/0518d80f.jpg
81bB3u0YXVL,2200,1879,05/05565d03.jpg
81bO5rI3cgL,2560,1969,05/05383b3b.jpg
81bXmAfwquL,2046,2560,05/05608363.jpg
81bYK66Tw8L,2200,1879,05/059ce695.jpg
81bcL+erXYL,2560,2560,05/05035819.jpg
81bp6ojIWKL,2560,1969,05/059ccc06.jpg
81bxQt6QZ1L,2200,1879,05/05803851.jpg
81c54RCiQFL,2200,1879,05/05e121c1.jpg
81cMK+z+ubL,2200,1879,05/0527f201.jpg
81cdiXiQzvL,2200,1879,05/05535ff5.jpg
81ce5cQVS1L,2200,1879,05/058a4940.jpg
81ctMBI5KeL,2560,2560,05/0584cd66.jpg
81d0qsjFdoL,2200,1879,05/0548dab8.jpg
81d8qU+NmRL,2200,1879,05/05f094f9.jpg
81diJ1qBtBL,2200,1879,05/059a9331.jpg
81dopzYFlPL,2560,1969,05/055679a1.jpg
81dwep3eZrL,1659,2560,05/05cc172c.jpg
81e7mzlAXcL,961,2560,05/058c0033.jpg
81eCc6fPLRL,2560,2560,05/052533ae.jpg
81eF4rAOOWL,2560,1826,05/05595b12.jpg
81eI4y+2JyL,2560,2560,05/05a65e0f.jpg
81enrQ6bSOL,1487,1895,05/05ee00dd.jpg
81fB8dHFJ-L,2560,2560,05/0511ea3d.jpg
81fOYq9hjnL,2560,2560,05/0522f2b6.jpg
81fSrHhgKaL,2200,1879,05/051c0527.jpg
81fdu+AEfYL,2200,1879,05/059d3118.jpg
81g-wGUCukL,1938,2560,05/05ede3e1.jpg
81g4-NKudwL,1338,2560,05/057b0925.jpg
81g7bsHHZ7L,2500,1547,05/053722d4.jpg
81gSz3iu0XL,2200,1879,05/0553e4ae.jpg
81gXr37uBfL,2560,2560,05/05f7465e.jpg
81gc9Or68lL,1243,2560,05/05e7d574.jpg
81ge32mNeXL,1407,2560,05/0586f7ba.jpg
81gmirqZ-ZL,2200,1879,05/0568040d.jpg
81gy2AHTyBL,1370,1857,05/05fdc4be.jpg
81h99Z7OyOL,2200,1879,05/052accad.jpg
81hPvDNM9nL,2200,1879,05/051dbb68.jpg
81hTfU3dhOL,2560,1421,05/05e22ae7.jpg
81haVAqrV2L,1500,1500,05/052ca9f4.jpg
81hb6DNVApL,2560,2560,05/05af626e.jpg
81hd8yoNKBL,2407,2560,05/05517ecf.jpg
81hmG32TcWL,1500,1500,05/05fa747d.jpg
81hqfydPN0L,2560,2560,05/05ef3428.jpg
81hr+vlpYEL,2200,1879,05/05025561.jpg
81ht0M7hypL,2560,1969,05/05f2937e.jpg
81iiKjb5IKL,2560,1344,05/05491e35.jpg
81ixIbSxqnL,2200,1879,05/05ce8dd7.jpg
81j1AY24NRL,2560,1969,05/05b2bcaa.jpg
81j3ieISAFL,2200,1879,05/05cc3d07.jpg
81jNHw9YbQL,2560,1969,05/059dfb3d.jpg
81jXbK9Wv8L,2560,2560,05/05f15f9a.jpg
81jcdZJh+sL,1500,1500,05/05d0c1e6.jpg
81jd-ut5VJL,2200,1879,05/05ee5516.jpg
81k+TRhwfKL,2200,1879,05/05571348.jpg
81k1BanIVDL,2200,1879,05/05881dea.jpg
81kA7rRteNL,2200,1879,05/052aaf9c.jpg
81kD-4AOCUL,2277,2560,05/0541bb31.jpg
81kFpmcfVWL,2409,1853,05/05f693bb.jpg
81kiQ6udpaL,2200,1879,05/05af1d97.jpg
81l-0+qNCEL,2560,2560,05/05b40bc0.jpg
81l8YazaTvL,2000,2000,05/05502ffb.jpg
81lV2YImz8L,832,2080,05/051ca700.jpg
81lbe4bqNyL,2560,2560,05/0553173d.jpg
81m4DxPE60L,2560,1969,05/05d19639.jpg
81m7QoMpCxL,2560,2560,05/0522cf59.jpg
81mAByTMuzL,1388,2278,05/05fe6594.jpg
81mF4Sf+gBL,1051,2560,05/05c1ff34.jpg
81mQ-h5EPRL,2560,2560,05/05dbe110.jpg
81mYDFAwaCL,2560,1895,05/0557aa38.jpg
81n2NUKAPML,2560,2554,05/05d9ed37.jpg
81n3rhxc4kL,2200,1879,05/05a64953.jpg
81nTSZRVeTL,2200,1879,05/05cbbc5c.jpg
81nXUXvF+5L,2560,2560,05/05a31caf.jpg
81nnoSv12ML,2469,2469,05/058c236d.jpg
81noZri2tvL,1849,2500,05/058094f4.jpg
81nt6lz1DjL,1154,2560,05/05e61fd4.jpg
81nu5T3hBXL,2200,1879,05/0567ecfb.jpg
81nvtq-HDqL,2200,1879,05/05905ae3.jpg
81nwrJUdEAL,2560,1843,05/05567d5b.jpg
81o6ojeJznL,2560,849,05/05616990.jpg
81oI+IzxzPL,2560,1017,05/058e4d95.jpg
81oLNi+EcFL,1326,1238,05/05a39c46.jpg
81oPZFin3oL,2200,1879,05/05f1a8d9.jpg
81oS7ucriZL,1811,2560,05/05a811b8.jpg
81oYBfJiDUL,2200,1879,05/056bdf7e.jpg
81oa5LFj-LL,2200,1879,05/05610a85.jpg
81okyghxPbL,2560,1177,05/05914bdc.jpg
81olwFfP27L,2560,2560,05/054d1474.jpg
81otUi36W1L,2200,1879,05/05ae3b76.jpg
81p+8iQz3EL,2503,2503,05/053e8341.jpg
81p+qaLuRyL,2294,2294,05/053815d8.jpg
81p0ES39cpL,2200,1879,05/05d725c9.jpg
81p4H6SF41L,864,1975,05/052aeb00.jpg
81pIe8eM8KL,2560,2560,05/05645f1e.jpg
81pIehmBnbL,2200,1879,05/05dcce3b.jpg
81pJHtZgWwL,1572,2560,05/05e95ea8.jpg
81pMYTat1EL,2200,1879,05/05fca855.jpg
81paOGDHwoL,1847,2560,05/05f64410.jpg
81pgqBVDHyL,2560,1765,05/05d8bff1.jpg
81pjJtgiYDL,1500,1500,05/054a2e04.jpg
81pnHjihzDL,2200,1879,05/05560204.jpg
81q2XAaS+fL,2200,1879,05/05aa8f9e.jpg
81qARlqOSEL,2500,1168,05/056efc63.jpg
81qRDkGMjML,2399,2560,05/056cf55f.jpg
81qXyOyvYgL,2560,2560,05/05931b42.jpg
81qdAwdmvkL,2560,2560,05/05c79712.jpg
81qdkKmzEIL,2200,1879,05/05dcfafb.jpg
81r3zckDsEL,2500,2500,05/05ee3b78.jpg
81r4A1asSHL,2048,2524,05/05162ddd.jpg
81rBGo15uWL,2200,1879,05/05f8efe9.jpg
81rTXSLOaBL,2200,1879,05/05e0b538.jpg
81rYLOUt4CL,2552,2560,05/058d255a.jpg
81rhMG1lqML,2560,2432,05/05703ae6.jpg
81rjP9sNI6L,2200,1879,05/05fd934b.jpg
81s6-09dmqL,1491,2560,05/0585297d.jpg
81sKGVcEfkL,1506,1337,05/05044c36.jpg
81sMUR4V41L,2560,872,05/054e92bb.jpg
81sVHBxVaaL,2560,2149,05/0573d15e.jpg
81sXLTv7vAL,2560,2560,05/05bad117.jpg
81sbD0DpmzL,2200,1879,05/05f34506.jpg
81sf28QZRjL,2165,2560,05/05f1190b.jpg
81sk7-veJGL,2560,1521,05/05767409.jpg
81tDR4AlMIL,2000,2000,05/05dcb6ef.jpg
81tE93aE9gL,1500,1941,05/053c0a0c.jpg
81tQF2cJItL,2200,1879,05/05c3ba0d.jpg
81tQjeE64+L,2200,1879,05/05a1f030.jpg
81tTk1yUZZL,1082,2294,05/05cf9005.jpg
81tj2b-+aYL,2560,2098,05/059fbf3d.jpg
81u7nbD-2NL,2200,1879,05/056356c1.jpg
81uANkDYepL,2200,1879,05/05b5a2a3.jpg
81uVOJSvMEL,2560,2560,05/051f98e7.jpg
81uYuNsjd6L,2560,1855,05/05ee8fc8.jpg
81ulafByziL,2560,828,05/05401e89.jpg
81usfplAFzL,2403,2403,05/05085004.jpg
81v--IhDnfL,2545,2560,05/05307534.jpg
81wT0ExYUJL,2560,1769,05/052fdc8e.jpg
81wWlmmayuL,2292,2238,05/0541dcee.jpg
81wdNZv4LXL,962,2560,05/053d468a.jpg
81woJPQE64L,2500,1233,05/054f48b2.jpg
81wu4OrJRoL,2200,1879,05/052ede23.jpg
81wvQJrI4ML,2560,1373,05/05189dbc.jpg
81wzTySDVGL,2500,1875,05/05c605e0.jpg
81xLmwOzAHL,2560,2560,05/05ff0d18.jpg
81xeH1fn6iL,2560,2560,05/05187653.jpg
81xmDPn3dzL,2200,1879,05/05405a96.jpg
81xrrQgPLSL,2200,1879,05/0506ac6e.jpg
81yCrYGhHPL,2182,1487,05/05b67908.jpg
81yW9O4kKGL,2560,1970,05/05dad6f4.jpg
81yWUQLPiuL,2200,1879,05/05f71e8e.jpg
81yZwh7ny1L,2213,2560,05/056f9760.jpg
81yqOQz5ZlL,2200,1879,05/0576a7c1.jpg
81zUkZbqE-L,1140,2560,05/051a512e.jpg
81zVAS-hmZL,2560,1970,05/0515a6e5.jpg
81zVicrJAoL,2000,2000,05/05a6e8bf.jpg
81znEX43TTL,2200,1879,05/05a994ff.jpg
91+zFqhUXrL,1500,1500,05/05cb4f4e.jpg
91-vTLohaFL,2200,1879,05/0537e39c.jpg
9109gXWUNiL,2400,2400,05/05d331d1.jpg
911ETTgjmQL,2444,2560,05/05f7d436.jpg
911MOlZ+RyL,1978,2560,05/058879db.jpg
911cZ2rQpfL,2560,2560,05/0510fc1e.jpg
911sQeCwqUL,2516,2516,05/05c76a3a.jpg
91229OPjYzL,1671,2560,05/0593ff81.jpg
912GLXgkrRL,1694,2560,05/053634e5.jpg
9137eU4jOFL,2560,2560,05/05f17098.jpg
913RR0oqV9L,2560,2300,05/05f13766.jpg
913caWXslyL,1920,2560,05/059b86d6.jpg
914Eq5hyY4L,1573,2521,05/059a7b20.jpg
915AML5iLYL,2560,2560,05/05aa7fd5.jpg
915dKTNoyrL,2560,2560,05/0502565a.jpg
9162nERjlkL,2560,2560,05/0526e549.jpg
917MQGhq7KL,2560,2560,05/05991f27.jpg
917P5jbVQOL,2529,2560,05/0593e0b6.jpg
917zoCh5SOL,2075,2453,05/050b23c7.jpg
9182spQW8ML,2560,2560,05/053ab777.jpg
918he98GGBL,1284,2560,05/05e7561a.jpg
918jJ8bCYlL,2560,2560,05/053098b3.jpg
918xDEf8bjL,2560,2560,05/05f66c95.jpg
91A3ZuEwsqL,2560,2560,05/05a322ab.jpg
91APfRHydVL,2560,1277,05/054d347d.jpg
91AZh48yrbL,2560,2560,05/051f104b.jpg
91BIyY1RNkL,2560,2059,05/05712b6d.jpg
91BWyl-t6tL,2560,2560,05/05896493.jpg
91Btk3IbHRL,2560,1970,05/05bee3c7.jpg
91CJ8JZde6L,1698,1698,05/05a19177.jpg
91CwZx6QbYL,2560,2560,05/0567a481.jpg
91E6fpkpHRL,2560,2560,05/0542c720.jpg
91E8L1tvw3L,2557,2557,05/05e0c471.jpg
91EasbDBGBL,2524,2560,05/0500f462.jpg
91ErsZVGcWL,2560,2560,05/05ab2596.jpg
91GhIb-N1YL,1466,2560,05/0506a532.jpg
91Ghr4kdthL,2560,2560,05/05131f93.jpg
91GnFLNIpAL,2560,2560,05/05a43908.jpg
91Gr-tCG2KL,2560,2560,05/055a1f5f.jpg
91H5I7kjhJL,2560,2560,05/051562da.jpg
91HNjp1kH4L,2560,2560,05/056ca23a.jpg
91Hngw9PQkL,2348,2348,05/0550dbad.jpg
91JYKtDO6xL,2560,2560,05/05f4a1d4.jpg
91Ji7dHIogL,2559,2560,05/0537b3ef.jpg
91Kc1SoZRWL,1832,2560,05/05dc2d2c.jpg
91LJ-o1EhoL,2560,2560,05/0588d865.jpg
91Lq7tYTn4L,2560,2560,05/052539cf.jpg
91LqfuwpJDL,2560,1857,05/05866713.jpg
91Lr+outBlL,2560,1949,05/052693e9.jpg
91M1ANrugfL,2560,2560,05/0536aed6.jpg
91MUYqn6R0L,1823,2560,05/052758f2.jpg
91MyhqTpqjL,2560,2560,05/05e800c6.jpg
91Nj968EbqL,2560,2560,05/05210799.jpg
91O1NC+DQrL,2560,1636,05/051cddfd.jpg
91O6DDavReL,2200,1879,05/052b0ff7.jpg
91OVHgaUiYL,2270,2560,05/0533e2e8.jpg
91PJEKbPNUL,2517,2560,05/05db23d0.jpg
91PkIrpUkhL,2560,2560,05/055c9544.jpg
91QLvJoYBaL,2560,2560,05/05d51e87.jpg
91QbNYFoUTL,2560,2560,05/052ab117.jpg
91R4Jm48TsL,2310,2560,05/053d45c5.jpg
91R708j5rWL,1920,2560,05/053e2957.jpg
91RGrZpOeIL,1727,2560,05/05a8961b.jpg
91SrjLFjJKL,2560,2560,05/05635b0e.jpg
91U0Kuq5n5L,2560,2560,05/0553908e.jpg
91UAcwVjawL,2560,2560,05/05ce50ad.jpg
91UjcoVxSFL,2000,2000,05/05126510.jpg
91V4ffhYBcL,2000,2000,05/05c440e9.jpg
91WunnU29dL,2560,2560,05/05627696.jpg
91Wv88HhsoL,2188,2560,05/05af7bff.jpg
91XcUlq2HiL,2553,2560,05/05711261.jpg
91Y2K3qPWPL,2560,2528,05/057ae331.jpg
91aLbswSzRL,2560,2560,05/056cfd6e.jpg
91aNeOyDxNL,2560,2560,05/056331d8.jpg
91bW4IbqsFL,2400,2400,05/05bb2241.jpg
91baO-Zo3WL,2560,2560,05/056a381c.jpg
91c6jFvmoLL,2522,2560,05/057ac289.jpg
91d8IZI7bDL,2500,2305,05/05727668.jpg
91dS6M3IAtL,2560,2560,05/0572f4cf.jpg
91dTBCzmN6L,2560,2204,05/0596bbc1.jpg
91dXcFYTQ2L,2560,1692,05/051548e1.jpg
91dkj7rGcbL,2560,2294,05/055406e5.jpg
91e9D03sf3L,2550,2550,05/05a7e4c1.jpg
91ebp-fb+4L,2048,2048,05/050d5503.jpg
91fJZ1NO6FL,2500,2500,05/05796b16.jpg
91h7b0aNGlL,1742,2560,05/05b2658d.jpg
91hTJw9ly3L,1883,2560,05/05ac0de8.jpg
91iHXJaDeJL,1835,2560,05/054bbb81.jpg
91iOX+HFI-L,2560,2560,05/05b61853.jpg
91iZZcZlW9L,2560,2560,05/057c47cb.jpg
91ibuHK8BoL,2560,2560,05/05ff303c.jpg
91jGhs2WhAL,2560,2560,05/05884e33.jpg
91jl8JhQf2L,2560,2560,05/05bad30d.jpg
91kDAcztPoL,2524,2560,05/050a3644.jpg
91kKCeyfJ-L,2560,1970,05/05d0f7df.jpg
91kPw+NXCBL,2560,2560,05/05c06559.jpg
91lYK9RVovL,2560,2560,05/05cb2c2e.jpg
91mBd8tWiTL,2560,1969,05/05844e8a.jpg
91mcsba9AyL,1656,1632,05/056595c9.jpg
91n++VljWwL,2560,2234,05/0542dc9b.jpg
91npwkCABNL,2560,2560,05/057405d9.jpg
91oCvjB+wtL,2560,1476,05/0503b6e5.jpg
91oFqlmee4L,2388,2560,05/05027484.jpg
91p-zOZpIIL,2560,2560,05/05d02fd2.jpg
91qjaHQWqKL,1717,2560,05/05a2daff.jpg
91qx1CKGylL,2560,2560,05/053b01f8.jpg
91rhW5hvnFL,2100,2560,05/05aa0c3e.jpg
91spDFFMHRL,2101,2560,05/05818dc6.jpg
91tDCdCgIpL,2560,1969,05/05067f66.jpg
91tYEel1LpL,1296,2560,05/05400050.jpg
91uM72e-SBL,1349,2560,05/05f82de9.jpg
91v1RCgsMhL,2560,2560,05/05d7055a.jpg
91v5PiuOtEL,1565,2076,05/05ae2cd5.jpg
91vHymPg6nL,2348,2348,05/055a9578.jpg
91vSncXPYcL,2200,1879,05/05ce0a8f.jpg
91vkgW9+8QL,2560,2560,05/05c43002.jpg
91w2-lmGXqL,2560,2560,05/059a3109.jpg
91wFOjFjTzL,2560,2560,05/0513a228.jpg
91wsHGov4TL,2560,1794,05/05e89010.jpg
91xHSOPENnL,2560,2559,05/05abd31e.jpg
91xjJAkFX6L,2559,2560,05/05aeb81a.jpg
91xkH0oiGKL,2560,2560,05/0553f691.jpg
91yAExio+wL,2500,2475,05/055c6dab.jpg
91ye9VpGD3L,2482,2500,05/058f85c1.jpg
91zKaSQeKKL,2200,1879,05/055d301b.jpg
A118btRDNpL,2560,2560,05/0551ab56.jpg
A12oWr0Mi6L,2560,2560,05/05cf94da.jpg
A13bIbxh97L,2560,2560,05/05c9df8e.jpg
A145f3TxYjL,2560,2560,05/0506a0fc.jpg
A15fKFmKyJL,1588,2560,05/052370f2.jpg
A16MhfsKu4L,2560,2560,05/05a630a2.jpg
A178JbdoV1L,2000,2000,05/054de944.jpg
A17U44sNlJL,2560,2256,05/0530e484.jpg
A19rlS1NQ2L,2560,2560,05/05cd7f1e.jpg
A1ALRDhTv0L,1709,2560,05/050c37d9.jpg
A1Bybz-l8cL,2120,2486,05/05b8b361.jpg
A1FiU4A0bRS,1410,1730,05/051db0ce.jpg
A1HOQQ2-qOL,2315,2349,05/058b434e.jpg
A1I5UopHyXL,2560,1887,05/05f244dc.jpg
A1JRbw+sDJL,2560,2560,05/053f6197.jpg
A1LnwYf+fVL,2560,2560,05/053b8f0d.jpg
A1O79h1EZAL,2560,2371,05/0575a480.jpg
A1OtdlkAk+L,2560,2560,05/05bf4063.jpg
A1PGg-aEpAL,2560,2553,05/05f26e1f.jpg
A1Rt4bQKRnL,2560,2560,05/057ca63f.jpg
A1SgFXK8w-L,2560,2560,05/051c559c.jpg
A1Vb0iN2q8L,2560,2560,05/05c45c3b.jpg
A1WNL-Z8PgL,2216,2216,05/054e1cd7.jpg
A1YnjFoq4tL,2560,2560,05/05830203.jpg
A1YsX4qvGmL,2048,2560,05/05807bac.jpg
A1Z7OJDH3UL,2457,2560,05/051bcbe8.jpg
A1dWpQsiWtL,2560,2104,05/05308b12.jpg
A1f7OnN2Y7L,2560,2560,05/05b76e2c.jpg
A1iFszOUhyL,2471,2560,05/0552fd86.jpg
A1l8QyFMIbL,2560,2560,05/058d516b.jpg
A1lvY55-OnL,1894,2560,05/0587a799.jpg
A1lyZVOFfgL,2560,1440,05/05a93f5c.jpg
A1nd-wwQmcL,2171,2171,05/05875681.jpg
A1oh8mQqA0L,2560,2560,05/05bb3f34.jpg
A1qge0dbURL,2560,2560,05/05400e6f.jpg
A1si0OUZ0TL,2204,2560,05/055d71c5.jpg
A1t7i5mDM-L,2547,2547,05/05cb1049.jpg
A1utjXOmO7L,2560,2560,05/050b380f.jpg
A1y9TZQkeuL,2560,2560,05/05d2427f.jpg
A1yihpStiPL,2560,2560,05/05a451a7.jpg
A1zrtymPwXL,2560,2560,05/051fe4a1.jpg
B12pS4PlZ4S,2560,2560,05/05bc361b.jpg
B1F7o1M7o2S,2560,2488,05/0537c136.jpg
B1OpEdRuJIS,2560,2560,05/05d68b75.jpg
B1PUnVIFakS,2560,2560,05/05f347b2.jpg
B1PmW6V92CS,2560,2560,05/056177b3.jpg
B1QNx-ek8YS,2560,2560,05/0572d3e4.jpg
B1YZXNUCDqS,2560,2560,05/05400b1f.jpg
B1bgEocp7zS,2560,2560,05/057b2301.jpg
B1vQ1SIk+PS,2560,2560,05/053b563e.jpg
