215IcK0ioaL,500,375,07/078bb2f8.jpg
21d2T+Kea0L,376,500,07/070de1c1.jpg
21hi8gKIX+L,500,375,07/079e67e1.jpg
31-y9RRGJBL,500,375,07/078d9dbb.jpg
313Kog0XCZL,500,500,07/07e9830a.jpg
318zL5EVcmL,95,500,07/07f6e800.jpg
319gnojH4TL,500,375,07/07cb1704.jpg
31AwSPeEHFL,500,375,07/07629260.jpg
31Em5l2KbfL,500,375,07/07913dd1.jpg
31HQsySFSRL,130,500,07/07295fa9.jpg
31JgSqV01UL,91,500,07/0755905e.jpg
31Md1ap8ZRL,500,500,07/071e916a.jpg
31OYrD7-f0L,500,375,07/07e625bb.jpg
31Ph4POp07L,500,375,07/07c2fd58.jpg
31Qv-8B0WGL,427,500,07/0706e957.jpg
31SwUtu3YhL,500,375,07/073b0292.jpg
31U7rPOlmDL,500,500,07/075deb4b.jpg
31W8V7V05nL,413,500,07/0766fddd.jpg
31X9CrELWPL,185,500,07/071938b4.jpg
31YjoXDVVNL,1000,159,07/07527563.jpg
31k9DzrsutL,500,375,07/079ac5b6.jpg
31l6wDrb8IL,500,375,07/07cf6c5f.jpg
31o-YIszRJL,500,375,07/07b46d3b.jpg
31rmekuyTEL,500,375,07/07b924aa.jpg
31sOzMwLsNL,500,375,07/079d601c.jpg
31x+EMsMhcL,500,375,07/07cc1c2f.jpg
41+C+SOWpqL,1000,1000,07/07d70c78.jpg
414hWV9ZjaL,500,393,07/079df948.jpg
415wo1cLt0L,500,192,07/0730886f.jpg
416EVEESiyL,1050,790,07/07653327.jpg
4180EHXI6KL,500,500,07/07cd42e6.jpg
418tcQxwEkL,467,1050,07/07f69ff0.jpg
41CdpPP0zFL,1023,1023,07/07d768ab.jpg
41E8pG2F1wL,110,500,07/0781b824.jpg
41GkW3sXmvL,1000,1000,07/0740fe5e.jpg
41Gs0Q164uL,500,500,07/073afb53.jpg
41P7Wf+pEbL,106,1151,07/07dc474f.jpg
41PkAuw6MCL,333,500,07/0713a3eb.jpg
41Sbh3lbCpL,1050,723,07/07b0be42.jpg
41T6wBPAJUL,1001,1001,07/0730138f.jpg
41UBW7PjuVL,83,1000,07/07d32a8a.jpg
41WNO3-jo4L,1000,1000,07/07c3bf8c.jpg
41XHKhQc4jL,500,500,07/07f199c5.jpg
41XPtfUpD2L,500,500,07/07e42617.jpg
41c0+vpFPdL,1000,1000,07/07cf1603.jpg
41dvRd6xoZL,500,500,07/076b165b.jpg
41gqH+KnqeL,1000,1000,07/07d942d5.jpg
41h0NV93xqL,1000,1000,07/07639c01.jpg
41h61BalbUL,500,362,07/075beccb.jpg
41jxcXt4tGL,157,500,07/076abe27.jpg
41l7rPqoRSL,1050,1050,07/07c86005.jpg
41lXWZ2ZTWL,500,500,07/07a4b6ed.jpg
41mRbp3Y5kL,1000,1000,07/074e483f.jpg
41ms8rDYXSL,1000,348,07/07a4bc01.jpg
41n0b0vdS3L,1000,1000,07/07629038.jpg
41oI+fvZcCL,1000,1000,07/07318b1f.jpg
41ph7nwMn+L,176,1000,07/07580a41.jpg
41phz-8+vqL,1000,1000,07/0787a417.jpg
41poGSVI-CL,1010,1010,07/07da4293.jpg
41qqSMrW03L,500,378,07/076c845d.jpg
41uo2DGvwQL,1000,1000,07/073ae0a4.jpg
41vFFEv2cUL,1200,1200,07/07d9b86e.jpg
41vYiU4ItWL,1001,1001,07/07520d41.jpg
41wWS0qpuCL,350,500,07/07eaf070.jpg
51+D8B-RTXL,1000,1000,07/07b07307.jpg
51+ZRK+0m-L,334,500,07/073ff8b2.jpg
51+uYtMgHPL,1000,1000,07/071238f6.jpg
510Grpv5wGL,1000,1000,07/07890e22.jpg
510QTdXR+eL,1000,1000,07/07d37f12.jpg
510odgGgqLL,1500,1500,07/07a147d0.jpg
511EgkUSaAL,1001,1001,07/074454bb.jpg
511jnkUh2hL,295,1483,07/07563e6e.jpg
512CVihA0oL,1000,1000,07/07c74a5f.jpg
512gdjHtSQL,1000,1000,07/07aa88ba.jpg
512u+BtnnGL,1100,1100,07/07468b39.jpg
513N6xOtCaL,1001,1001,07/07b0e3b0.jpg
515XSRJMzPL,1000,1000,07/077d59a7.jpg
516AYmaia7L,1001,1001,07/07842982.jpg
517eEeYXKOL,496,500,07/072d4c22.jpg
5189QJXWO2L,1200,1200,07/07488b5d.jpg
518edjxWf-L,1100,1100,07/0702d59e.jpg
51AvMBQXydL,1200,1200,07/072b0566.jpg
51AxxMj0ACL,1000,1000,07/07c15dc8.jpg
51AzBQP3tSL,1000,1000,07/077df592.jpg
51BjQVF047L,1200,1200,07/0709ca58.jpg
51CJQDOvejL,862,1267,07/07cdb968.jpg
51D46eRZIZL,1500,1500,07/0717a714.jpg
51D4hivyTIL,1000,1000,07/07e9aeb6.jpg
51DuYJFQdTL,1625,850,07/07309433.jpg
51EzFjzAxbL,1001,1001,07/070f58ad.jpg
51FUWAl2u5L,425,1399,07/07432867.jpg
51FjxjKfRIL,1100,1100,07/073b5dd4.jpg
51J9Xg76H4L,800,1000,07/0715b5b2.jpg
51K9rsaP1fL,999,1302,07/071eb7c4.jpg
51Ka6B8E-vL,228,1005,07/07017cd1.jpg
51KdoooonyL,1100,1100,07/07da5ada.jpg
51LMDZjyF9L,1000,898,07/078d2034.jpg
51NDLTT6plL,582,1176,07/078b9d35.jpg
51NZX3EfWXL,1200,1200,07/07e65110.jpg
51OPi1cC1HL,359,500,07/072c9ca4.jpg
51PxXtNKKaL,1000,1000,07/07f89e8c.jpg
51QFCYcNPML,1100,1100,07/07773f14.jpg
51Qe2l89tbL,816,1171,07/07a0684c.jpg
51Qkts0cOEL,1000,1000,07/077315b6.jpg
51QmMbFSgvL,1000,1000,07/072cf4bb.jpg
51R9J0-5gCL,900,1200,07/0758aa64.jpg
51S3ZTBV8OL,1200,1200,07/07eeee15.jpg
51SxW2lGpbL,1000,1000,07/07658f45.jpg
51TNf6cIUTL,1050,826,07/07d49aed.jpg
51UGv5rdaqL,1001,1001,07/078d2c2f.jpg
51V0PaLacWL,1000,1000,07/07007012.jpg
51WLruZeFBL,1490,1490,07/07af3695.jpg
51WTZwcZEqL,1200,1200,07/071389d1.jpg
51X-3J3bhoL,1000,1000,07/07a0ba6b.jpg
51YDE82DGKL,500,500,07/07f2e9ef.jpg
51YvHoCoj+L,1100,1100,07/076c654a.jpg
51ZPEziMmbL,1000,1000,07/0723f327.jpg
51asWugeBJL,770,1040,07/073ef7dc.jpg
51bHHhU09YL,383,500,07/07a3f624.jpg
51bHzcFfnRL,1499,1500,07/07bbf21b.jpg
51biufSIrML,1001,1001,07/07ab86d4.jpg
51bor4fQZNL,1707,844,07/07655302.jpg
51bv3fO5X1L,1167,684,07/07f2f3de.jpg
51bzguE1CQL,1000,257,07/07779c17.jpg
51c-g9o+zmL,369,500,07/07cb8bbf.jpg
51dLxJBs3sL,1300,1300,07/07e94160.jpg
51eY2lyzkjL,1000,1000,07/073896ff.jpg
51egS3k5gKL,1002,1002,07/072ccccd.jpg
51gVXu9CHLL,1100,1100,07/07c92860.jpg
51h4-Li0raL,1000,1200,07/07510a3f.jpg
51hDhvWMGAL,625,1035,07/07af2f5c.jpg
51hGvh2Q8uL,757,1000,07/07a3f3a0.jpg
51hHBsxLIdL,996,1001,07/077d66bc.jpg
51hHsDaXusL,1576,1576,07/07742abf.jpg
51hQl9lrl6L,1460,792,07/07167256.jpg
51hTF4zsTZL,900,1200,07/07925beb.jpg
51iFNKWXT9L,1000,1000,07/070a00e7.jpg
51ilnzCtGYL,1000,1000,07/07c1e312.jpg
51isfGfCFVL,1000,1000,07/074178cc.jpg
51jre59kiNL,1200,1200,07/0752d56f.jpg
51lwi2hnOoL,1000,1000,07/075281e9.jpg
51m3QM3gSNL,1500,1500,07/073f1ed0.jpg
51ozAlbrehL,1039,611,07/07b8b402.jpg
51qMTSVsXPL,1207,1207,07/07d9fff5.jpg
51qzslSEeGL,1200,1200,07/076bfc07.jpg
51rL+TXy7hL,1001,1001,07/073c6d0e.jpg
51srge21tNL,667,1000,07/078673c1.jpg
51tjxJPLopL,1000,1000,07/072b3606.jpg
51tzLhQuHpL,198,500,07/07b5270b.jpg
51v2VvAGMSL,1000,1000,07/07d4d8c5.jpg
51vEullwpXL,1500,1500,07/07d69e57.jpg
51w48DbYM4L,1001,1001,07/07497b80.jpg
51wcMkLnvjL,1000,1000,07/07b8d448.jpg
51y3S5Y2mjL,1000,1509,07/07eb76b5.jpg
51yunIgq17L,123,2560,07/070d5091.jpg
51zO-RA7AqL,1000,1000,07/07dbb529.jpg
61+N3nW8q9L,2200,1879,07/07569e0b.jpg
61-3qPXcFcL,497,500,07/07e3cb01.jpg
61-6Nzl+NiL,1000,1000,07/07700a0c.jpg
61-F1VBODbL,1315,1239,07/075f0098.jpg
61-FRQWxNdL,2000,2000,07/07189135.jpg
61-KzRqtsjL,2200,1879,07/07e4aa4c.jpg
61-sPC4u5uL,2200,1879,07/07eca5fd.jpg
61-uFOSu+jL,657,2225,07/07e89770.jpg
6107-YIsMhL,2200,1879,07/0791cecc.jpg
610900b9c6L,1000,1000,07/075d8702.jpg
610KDILF4hL,1000,1000,07/07fb97a0.jpg
610QmdHjVtL,1444,755,07/076c6e6d.jpg
610f5mc+09L,1000,1000,07/07a75d99.jpg
610t7lq1POL,1530,1530,07/07d80420.jpg
610tGdRfeTL,1315,1239,07/0750d7cf.jpg
611KRuZ3HxL,1444,755,07/07f100e6.jpg
611MV1f1CqL,1193,1193,07/0710b722.jpg
6120kPvX-kL,2200,1879,07/070b8738.jpg
6130zkHuvBL,1801,1801,07/079c8eec.jpg
6134kwuNeuL,1000,1000,07/0700f70a.jpg
614mzI2p+BL,1444,755,07/070949ed.jpg
614ytDVRoCL,2560,2560,07/0718c6f8.jpg
615jz+G6L+L,2200,1879,07/07caa07c.jpg
615pzfQqdRL,1000,375,07/07febc01.jpg
6160JYGy2XL,1200,1200,07/07eccb51.jpg
616AP9Ex1GL,1000,1000,07/07d76496.jpg
616Phw7RFcL,1200,1200,07/07e94ef4.jpg
616c5M1CpnL,1315,1239,07/07b0d9e5.jpg
616rSkSg8gL,1000,429,07/07890a6c.jpg
617DF6uINuL,1444,755,07/07959eef.jpg
617QTjKw37L,710,1510,07/076b1b70.jpg
617toXAm65L,1000,1000,07/0795e37a.jpg
61831vm48nL,1000,377,07/07246c91.jpg
6184ssU5dLL,2200,1879,07/078a6000.jpg
618ZaOIXHJL,2000,2000,07/072bfa21.jpg
618boQY3fUL,1000,1000,07/07f9992e.jpg
619CcakZHXL,2200,1879,07/07f2883e.jpg
619VlwuEhxL,1000,1000,07/07fa0f21.jpg
619bNkPRbrL,1100,1100,07/07806ef0.jpg
619h0FelNjL,1000,1000,07/0720273e.jpg
61A0RrqQpnL,1068,1602,07/079387ef.jpg
61A2ak2ZM5L,1500,1500,07/07f3ca58.jpg
61A7zT+UmwL,2560,744,07/07e48124.jpg
61AAHCcfWlL,1000,1000,07/071728ef.jpg
61ACCfRfZ-L,1204,1500,07/07e49ddc.jpg
61APTCiLQ8L,1444,755,07/073701d4.jpg
61AS7+AsCEL,1547,1331,07/07a09bbc.jpg
61AVCru2ZnL,1628,1628,07/077d0705.jpg
61AoDZOVesL,1000,1000,07/0745acd0.jpg
61BTWSzIzAL,1000,1000,07/073f5a0d.jpg
61Bo8TjQO-L,1200,1200,07/078526b9.jpg
61Bzd7LgBsL,1444,755,07/0797de9f.jpg
61CD8masMnL,1797,1797,07/07c235fb.jpg
61CYjy9B-wL,2560,2560,07/075fbca4.jpg
61CnHBEgqQL,960,1982,07/075edbe6.jpg
61Cs9+apECL,1802,1802,07/07134bfd.jpg
61CxakL1ZSL,1200,1200,07/073eb790.jpg
61DDrbvkrZL,1000,1000,07/0716a09e.jpg
61DGLxpAvyL,1897,2560,07/076301ec.jpg
61DLekk2tZL,1000,1000,07/076a90a6.jpg
61DPrn3+lnL,2200,1879,07/07ab2db9.jpg
61DQp1LlNTL,2200,1879,07/07cf613e.jpg
61DSm2MzlML,1100,1100,07/0725b1a7.jpg
61DqE9u4ogL,2550,538,07/07c89d53.jpg
61E+ICnWodL,2000,2000,07/07dcba4e.jpg
61E4i5dU9NL,1056,1352,07/07cc104a.jpg
61EEHX7JC8L,1000,1000,07/0798db04.jpg
61EIj+U1NdL,1444,755,07/07893b99.jpg
61EZ5cyjY8L,1000,1000,07/07f88775.jpg
61EZG67enKL,1500,1500,07/073a7f90.jpg
61Ek55Pi9LL,1444,755,07/07fafe96.jpg
61ErNAb1SgL,1000,1000,07/07edaea3.jpg
61F1xyuIHOL,2560,1538,07/07473eb2.jpg
61FLUDdvFsL,1625,850,07/07f2cdf3.jpg
61FOZdXx0uL,2200,1879,07/075c17c5.jpg
61Fw+6V9TDL,1803,1803,07/077beeb3.jpg
61Fw0p8bN+L,2200,1879,07/071f2817.jpg
61G56AecsqL,2013,2013,07/07ebb8a2.jpg
61GKbN9ELkL,1000,1000,07/07650c33.jpg
61GXcGdygZL,1162,2560,07/076d3f20.jpg
61GudhwTIDL,1000,1000,07/07b9a0c7.jpg
61H36iNt7bL,1800,1800,07/0706442d.jpg
61HBcEn0j+L,542,2560,07/073abc98.jpg
61HIRJjhCWL,1444,755,07/070f07b9.jpg
61HkHItSLIL,1200,1200,07/079ad297.jpg
61Hkn8YJYWL,2100,2100,07/07410986.jpg
61HlCMXF-cL,1316,1308,07/07fa3018.jpg
61Hsb7fBnzL,1869,1240,07/076af6e3.jpg
61IGtyJF7QL,2560,983,07/075bf3c2.jpg
61IImIngdeL,527,1173,07/07eb46a8.jpg
61IJVqG+ZmL,1000,415,07/072b5e66.jpg
61IjDyxrmGL,1315,1239,07/07f34f65.jpg
61Im7-xkJxL,1000,1000,07/07972ca0.jpg
61IoFoUecOL,939,2499,07/07f94936.jpg
61K2ZGZ6taL,2560,434,07/0703fd60.jpg
61K5-AUohQL,1444,755,07/07bf3141.jpg
61KaeMNuQ+L,1221,1221,07/078c947f.jpg
61LvrNZAQML,2560,1739,07/07fa37d6.jpg
61MEf7KBv5L,1001,1001,07/07c28fea.jpg
61MRSKWp5WL,493,1691,07/073fd344.jpg
61MVreRfXKL,1096,1379,07/07adad7d.jpg
61MlHOdNXEL,1500,1500,07/078a163c.jpg
61Mr1lm-llL,2560,606,07/074a8513.jpg
61NLcsg4AUL,2000,2000,07/07377651.jpg
61NQFqy85lL,2200,1879,07/075a5889.jpg
61NdF5OXnXL,1000,1000,07/07c1c846.jpg
61NmXQzig-L,1709,2560,07/0747cffa.jpg
61Nt-y8ICuL,1500,1500,07/07bdbac0.jpg
61O4o8W6OEL,1113,1113,07/077534d2.jpg
61OHL5jm6ZL,1428,1591,07/07713dee.jpg
61OMh8VQlaL,1100,1100,07/0791f9d1.jpg
61Ocl1WBmjL,2200,1879,07/078fe03e.jpg
61OcmDHHGOL,1000,1000,07/07e8f301.jpg
61OjQuvx3gL,1000,1000,07/07a6349c.jpg
61P71cwkocL,1315,1239,07/0720e24a.jpg
61P7v90Mb9L,1200,1200,07/07c8dc30.jpg
61QacM781AL,1000,1000,07/070f15b6.jpg
61QeJdAg2FL,1632,2436,07/07f89733.jpg
61QhziXCg8L,1920,2560,07/07381226.jpg
61Qi9jh+nXL,1000,593,07/073f1b49.jpg
61QlJ7ErgNL,1625,850,07/07423db9.jpg
61R+eyyYb9L,1014,2560,07/0726d4c5.jpg
61R5Efz0yuL,1378,1034,07/077732ef.jpg
61RB-M4KTdL,2200,1879,07/07fa5794.jpg
61RFSq6I7dL,1625,850,07/075c6457.jpg
61RP6PnbkjL,1138,1138,07/07e7bd98.jpg
61RPkTbF+GL,1000,1000,07/078ad627.jpg
61RQa1BZrkL,1000,1000,07/0775d3f6.jpg
61RYe05g5XL,964,1444,07/074d2490.jpg
61Rl9Ykgt2L,2560,2037,07/07a582ce.jpg
61RxMSuXQ9L,1001,1001,07/072be3e6.jpg
61S7zlTy3kL,1500,1500,07/07d93a75.jpg
61SntFh-qTL,1316,1308,07/078b9d7e.jpg
61T7ZfexNXL,2200,1879,07/0709309b.jpg
61TCRQWSjRL,854,1500,07/07fa8a68.jpg
61TXvQinCYL,1000,453,07/07b570db.jpg
61U0S7YXshL,2200,1879,07/07b9da1f.jpg
61UKp6Ofv4L,1625,850,07/0751e88a.jpg
61UMi5dDPhL,1000,1000,07/0715d3d1.jpg
61V095eniYL,894,1000,07/0784b8f5.jpg
61V8NvvdSOL,1000,1000,07/07b5bf49.jpg
61V9IvE+GhL,937,2227,07/0721d037.jpg
61VVgGwiVIL,1657,1657,07/07df5c9e.jpg
61VmP6lJK9L,1000,1000,07/078f0ab3.jpg
61W5K5bPWgL,1000,687,07/074e6d67.jpg
61WmLeuqkBL,1444,755,07/07985627.jpg
61X6QL+8wQL,1500,1500,07/072bac4c.jpg
61XTIOqWSxL,1200,1200,07/078b1f94.jpg
61XwfiVlYNL,1010,1010,07/077e839a.jpg
61Y-f7lg0ML,1647,1639,07/0775a188.jpg
61Y0M4HTKFL,1640,1640,07/0747a5c9.jpg
61Y4iACIPzL,2200,1879,07/07dd3544.jpg
61YGZw6wdvL,1100,1100,07/07b5305c.jpg
61YM9bQLc9L,828,1290,07/07f83caa.jpg
61YUoxiBtBL,1500,1500,07/0786d1fd.jpg
61YcF64IyhL,718,1200,07/07118752.jpg
61YcMakyuML,2560,518,07/07659f1d.jpg
61YtTw3V7JL,1500,1500,07/073fe67d.jpg
61Z3HE5r7HL,1497,2560,07/07ba26f2.jpg
61ZBYzO510L,1316,1308,07/0753fa29.jpg
61ZQfXuTFdL,1001,1001,07/075370e2.jpg
61ZTw7CvgxL,1300,712,07/07534976.jpg
61ZdWZGoW1L,1500,594,07/07f15dd2.jpg
61ahkCruGML,1000,1000,07/07e768ce.jpg
61avsSAmDEL,1500,1500,07/07d47c3d.jpg
61azmQQGADL,2200,1879,07/07d097ee.jpg
61b+19AMITL,1000,1000,07/07065fb0.jpg
61b+Gi5JLsL,1100,1100,07/07f94b70.jpg
61bARQnOg9L,1000,1000,07/07513412.jpg
61bhmDDzT+L,2000,2000,07/07eb2f80.jpg
61cIdHn00nL,1500,1500,07/07380919.jpg
61dCL-5KtjL,1100,1100,07/073aefc3.jpg
61dMrr-clvL,2223,666,07/076307fa.jpg
61dv1rdonEL,1316,1308,07/07814779.jpg
61dxLs3PeUL,2200,1879,07/07bf1820.jpg
61eLo3azzYL,2000,2000,07/07f914cf.jpg
61eenVYTKyL,2000,1372,07/073be293.jpg
61eqTnqXCBL,2200,1879,07/07598902.jpg
61ettc6jVwL,1316,1308,07/07956577.jpg
61ezjW03LOL,2000,2000,07/07c30c8b.jpg
61fQc0yh4dL,1500,1500,07/07489abb.jpg
61fWIMZ-6gL,1996,1996,07/077a10e9.jpg
61fYtxFo51L,1500,1500,07/076072ae.jpg
61fhjT4eyFL,917,1100,07/07841f2b.jpg
61fqNMPP1CL,994,1000,07/07671f6c.jpg
61fsgCtKZbL,1500,1500,07/078af224.jpg
61fuFXAGOxL,1000,1000,07/07e871c8.jpg
61fxZEIVfjL,1340,1656,07/0738942b.jpg
61g21Iytt4L,1500,1500,07/077d2a7f.jpg
61g62bQIMDL,1850,1878,07/07dbf143.jpg
61gfqqmR9jL,1000,1000,07/07b8cf31.jpg
61gmWuWfvWL,1500,1500,07/073fad86.jpg
61hOsO04aRL,1000,1000,07/0741ef7b.jpg
61hSM+pBK0L,2200,1879,07/077c85d2.jpg
61hiO2AHFlL,1625,850,07/0749511b.jpg
61hjk1IV6xL,2560,734,07/07855083.jpg
61hlM0T38IL,716,1920,07/07e88906.jpg
61i1lgJuvKL,2200,1879,07/07fe0119.jpg
61iGwLN-ExL,1734,2355,07/07a825f2.jpg
61iXS8JXGEL,852,1024,07/07ecfe6a.jpg
61izEZdhlaL,1197,894,07/075e5d67.jpg
61k1IcGV6KL,2560,614,07/0792d4b5.jpg
61k3A+jCjYL,976,2560,07/07979a87.jpg
61kCO0Cj+sL,2560,2560,07/07217c30.jpg
61kMeDpQNeL,1000,422,07/07712c77.jpg
61kVkZpQFNL,1000,1000,07/07ba7822.jpg
61kauuBALGL,2200,1879,07/07cce613.jpg
61lXKX8zMhL,2200,1879,07/07ad7237.jpg
61lnCzVpzRL,2200,1879,07/077e038a.jpg
61luWZ+QxnL,1500,1500,07/07773f08.jpg
61mUBkz7y-L,1000,1000,07/07e0cdc0.jpg
61mmnJ6huQL,2200,1879,07/0736d546.jpg
61mnpvi3PwL,1000,1000,07/071ceb96.jpg
61n37DsSRhL,1000,1000,07/07e54911.jpg
61n3tyqFoYL,1001,1001,07/07763da9.jpg
61nT1bPMOtL,1444,755,07/07c69eac.jpg
61nW2+4CQzL,1000,740,07/077e066c.jpg
61nyYsAknFL,2200,1879,07/07be0db6.jpg
61o9U0Gjq5L,1316,1308,07/07d5f053.jpg
61od+ArINoL,1511,2560,07/07e075c8.jpg
61p4jvwRGqL,1010,1010,07/07d577b4.jpg
61pWaShbdRL,1444,755,07/07f2d37c.jpg
61pca+Kur1L,2200,1879,07/07fdf7a7.jpg
61pcqwo0r6L,2560,1965,07/07a0556f.jpg
61q8RKeyjbL,877,1925,07/0763cd53.jpg
61qgzKHGHBL,1768,1768,07/07924d27.jpg
61qmb2s0EgL,2560,2560,07/0786d5ca.jpg
61rf56QD2+L,1090,1500,07/07224f92.jpg
61rfeo6ijnL,492,500,07/07c79493.jpg
61rhJtt3ypL,1000,1000,07/07666316.jpg
61s5zQ3emYL,2200,1879,07/075ec419.jpg
61sGfbZyQZL,1055,1385,07/0784cb96.jpg
61slNQ9l2sL,2560,2560,07/07c1b447.jpg
61t23kzxfcL,1000,450,07/0757382b.jpg
61tDQ0YroGL,1000,1000,07/07989991.jpg
61tytRaL0bL,641,1050,07/073528b5.jpg
61u0sNpesYL,2465,771,07/07e97ea1.jpg
61uO8VfOilL,1345,2560,07/07a0fc80.jpg
61ujEgtkBrL,2560,2560,07/078561df.jpg
61ult+Q-9ZL,1800,1800,07/078d751f.jpg
61unCamJqfL,1090,1097,07/0726fef3.jpg
61uwfjQ5rqL,1764,1764,07/0797b2f5.jpg
61v4HIvHi7L,1000,1000,07/07c9a236.jpg
61vBqoWccHL,1444,755,07/07869953.jpg
61vG0fe2atL,1000,1000,07/07ed06bb.jpg
61vVPo2QnlL,1100,1100,07/0767c1b0.jpg
61w+xwg6OTL,1000,1000,07/07e4bd7e.jpg
61wYzBs5W9L,1000,1000,07/0750911b.jpg
61ww2LMOzbL,1200,1200,07/07d194b3.jpg
61x-C4EMJAL,2200,1879,07/073cc66a.jpg
61x-d+zr87L,1000,1000,07/07fca081.jpg
61xIXCgwoqL,2560,1966,07/07203425.jpg
61xMAC-hoHL,2200,1879,07/072982a3.jpg
61xOGiZ9zPL,1100,1100,07/07680cee.jpg
61xtOffaZrL,1753,1753,07/079f7a1e.jpg
61y4nOFmSbL,1000,1000,07/07708722.jpg
61yRY8GxbcL,1069,1000,07/07b7d8f9.jpg
61yevpyqTsL,1100,1100,07/075ef3d2.jpg
61yx9sB5D1L,1315,1239,07/070b6097.jpg
61zG2bwSxtL,2200,1879,07/07487f43.jpg
61zGl7XXA0L,340,2513,07/07457790.jpg
61zJge9+qaL,1600,1600,07/07819d78.jpg
61zUP0G2zKL,600,1464,07/07fa0b19.jpg
61zX7siuOoL,1444,755,07/07820b5c.jpg
61zeBmDkleL,1200,1200,07/0736b4eb.jpg
61ziQsBCEIL,1000,531,07/075b8162.jpg
71+2Gs+J8wL,2200,1879,07/07ceb0b5.jpg
71+5PVjUcAL,1779,1779,07/0775a827.jpg
71+8aykrSBL,2560,986,07/07023baa.jpg
71+QLjLWX8L,869,1311,07/07bd87c7.jpg
71+SJddB4JL,2200,1879,07/07c965fe.jpg
71+XRDyqU0L,1000,829,07/07038330.jpg
71+kOfbcgzL,1500,1500,07/07588818.jpg
71+v+JCyMXL,2560,2560,07/07b50c48.jpg
71--FA+SRaL,2560,601,07/075662c7.jpg
71-2NWXVYVL,2050,2050,07/077bb2fe.jpg
71-Cn702-ZL,2200,1879,07/07d8607e.jpg
71-Dpd5Z6dL,1444,755,07/073a21f1.jpg
71-NonHisbL,1500,1500,07/07cfef43.jpg
71-RCmIVdBL,1500,1500,07/078b3973.jpg
71-cous9zhL,2200,1879,07/07ed4a30.jpg
71-gfzDDA8L,840,1925,07/077ff7c5.jpg
71-w0FlgGGL,2200,1879,07/07750e87.jpg
71-wLeddQCL,2278,1108,07/076ee4e3.jpg
71-wk5pnsPL,2200,1879,07/076e539d.jpg
7102bdcLPNL,1000,1509,07/0737e179.jpg
710E2vWXXHL,2200,1879,07/0730d710.jpg
710EW0Fy9VL,2200,1879,07/07403b86.jpg
710JGTbgw-L,2200,1879,07/07004da7.jpg
710QZw1vTGL,1707,2560,07/0782176b.jpg
710Uw-unn2L,2000,2000,07/07ee27e6.jpg
710W0zEFNaL,2200,1879,07/07cb8db2.jpg
710a6IaiPRL,1324,2199,07/0783db15.jpg
71140UhfpWL,2200,1879,07/07399b16.jpg
711WW809m2L,1006,2560,07/07add092.jpg
711WfNl6RVL,2200,1879,07/07e75c89.jpg
711dnMFY7dL,1500,1500,07/07fd6ab8.jpg
711h7MkLzWL,2200,1879,07/078423f7.jpg
711ti1W239L,2000,2000,07/07c0abd0.jpg
711yIgDI1fL,1264,574,07/07532066.jpg
711ypvO9YaL,1282,849,07/07c68b18.jpg
7128SkpfPZL,2200,1879,07/076875cf.jpg
712CO0Ual3L,2200,1879,07/07ab56ed.jpg
712Gahdq4gL,2200,1879,07/073896f3.jpg
712GvO8A05L,973,1151,07/075aeff4.jpg
712VyRoukLL,2200,1879,07/07b18b80.jpg
712ZC2mGfQL,2200,1879,07/07f11a2e.jpg
712grOXcpBL,2000,2000,07/0706e47d.jpg
712jIS4xk5L,2200,1879,07/07bf4dea.jpg
712kTNpma3L,1855,2560,07/07abd730.jpg
712mgOWpltL,1000,643,07/071b10fb.jpg
712yQeW9UzL,2000,2000,07/07cbfc0f.jpg
7133C0ySccL,2000,2000,07/07662211.jpg
7135CAZB5mL,2200,1879,07/07391b89.jpg
713Q9enaFwL,2560,947,07/0796ed32.jpg
713TzYHJsjL,2000,2000,07/0702cc72.jpg
713WWlrBw7L,2560,1616,07/07a34d2f.jpg
713aT5ERPYL,2560,980,07/07a5fe1b.jpg
713jC49EsSL,2200,1879,07/0726c8f3.jpg
713k7DtKBYL,1500,1500,07/07479cda.jpg
713oLI02I6L,1500,1500,07/07046911.jpg
713tvWjOW9L,2560,2560,07/07c59a4c.jpg
713wXzJ-amL,2200,1879,07/07a4fc01.jpg
714+Rt84vOL,2200,1879,07/07895719.jpg
71487dWtrSL,2560,1953,07/07882f20.jpg
714HpXw9NBL,2200,1879,07/073bda4f.jpg
714IeJoRzDL,2000,2000,07/077f6aca.jpg
714OxitnSFL,2200,1879,07/07c574b5.jpg
714XZpXkIGL,2560,1795,07/07a4f2c6.jpg
714cSUSOn5L,2200,1879,07/071de608.jpg
714e-Wogh7L,2200,1879,07/077e5ce3.jpg
714x2jVpxOL,1500,1500,07/074869a5.jpg
714xsJs9x9L,2560,1464,07/076cb7a2.jpg
7152ebuDCgL,1707,2560,07/07014547.jpg
7158xMDAStL,1734,1734,07/07326183.jpg
715NYDUqXpL,2200,1879,07/07dd0eee.jpg
715sKYHTqfL,1022,2560,07/07a20e6b.jpg
715v-+h3BXL,2107,2560,07/071992bc.jpg
7168m1dd-7L,2200,1879,07/076e47c7.jpg
716K+y9849L,2560,2560,07/0779f09d.jpg
716PNlJ1YnL,2200,1879,07/07f6cf36.jpg
716ZGknfaJL,1920,2560,07/071ffb84.jpg
716bXJZ4AzL,2560,1048,07/0749db71.jpg
716crN6IDGL,2200,1879,07/0762acfb.jpg
7173KBvpucL,2200,1879,07/0790f14f.jpg
717762OcZnL,2560,2207,07/076ded9f.jpg
717BkXamf1L,1061,1061,07/07393296.jpg
717LpuXhzkL,2200,1879,07/071d46f1.jpg
717Q-v6Q5CL,2200,1879,07/07c37209.jpg
717RcqYc7rL,2200,1879,07/077db3ad.jpg
717ZwvUt1vL,1080,1410,07/0729b1d4.jpg
717lGpvBLKL,2113,924,07/076a8d16.jpg
7182XrBGZML,2200,1879,07/072148d7.jpg
718Ar0C95AL,2285,2529,07/076f6772.jpg
718H8WZ-+aL,2200,1879,07/0793e023.jpg
718MLsMklYL,2200,1879,07/07181eac.jpg
718Rgb7hbAL,2200,1879,07/071ff6ad.jpg
718dWkpL-gL,2200,1879,07/07ae27d3.jpg
718fX7SH1PL,2200,1879,07/07cb4760.jpg
718ulXZ9HcL,2200,1879,07/0770c267.jpg
719DvGF9geL,2200,1879,07/07ac8982.jpg
719M1ZBehhL,2200,1879,07/0789edeb.jpg
719ZFq7kBOL,1721,2560,07/0794d08d.jpg
719xwlONCZL,2560,2560,07/07fc8847.jpg
71ACrCCRVbL,1000,1000,07/0748d071.jpg
71ARGEGU0aL,2200,1879,07/070dbc8c.jpg
71AVEjUSgBL,2158,2158,07/07f400d5.jpg
71AjhXuSaYL,1875,2560,07/076da380.jpg
71AlrEYIx0L,2560,1969,07/07c33497.jpg
71AvljSvKLL,2140,2488,07/07ed841c.jpg
71AyiK54faL,2200,1879,07/07b09d0c.jpg
71B0ThCwPeL,2287,2404,07/07d55e41.jpg
71BB44oojmL,2200,1879,07/0756987f.jpg
71BDuugDzBL,2560,1969,07/07013f13.jpg
71BKXwWpteL,2200,1879,07/07367714.jpg
71BVQWleAJL,2200,1879,07/0797b967.jpg
71BVc9E+-hL,811,2385,07/072c5751.jpg
71BXHC3qbcL,2200,1879,07/07f57eba.jpg
71BqFfBXOiL,1144,2560,07/0751e7d6.jpg
71BqMMvxe+L,2200,1879,07/0775164e.jpg
71Bz6bBysdL,2200,1879,07/0777934e.jpg
71C32K0ujzL,2560,1969,07/07c28858.jpg
71CB6vaTAsL,1693,715,07/07f265a7.jpg
71CC1GPqAwL,2200,1879,07/07fbe73c.jpg
71CDETaJ5EL,1950,1350,07/076c70d0.jpg
71CG4nZRNRL,1219,1998,07/071394c4.jpg
71CL6v2jMnL,2200,1879,07/07595fb9.jpg
71CevOQZkmL,2117,1207,07/0725c76d.jpg
71CfINCz1vL,1500,1500,07/07cd3c4b.jpg
71CjNaqiMzL,2200,1879,07/07aebdce.jpg
71Ck1GxYJyL,2200,1879,07/07e33ef5.jpg
71CmsZ9WZ0L,2500,2500,07/072ca9e2.jpg
71CvPNgMnZL,1156,2560,07/07ce6f01.jpg
71D+uQ7xANL,2560,2560,07/075dc9a5.jpg
71D-8b-vhSL,1500,1500,07/0725c433.jpg
71D5X4iaeSL,701,2560,07/071934d3.jpg
71D9lzfZtmL,2200,1879,07/07151be6.jpg
71DO5QILobL,2200,1879,07/071939f6.jpg
71DOeUvLt0L,1200,1200,07/0795a0a5.jpg
71DQDtiNpVL,1600,1600,07/07c580b0.jpg
71DQLj7XhrL,656,2159,07/070d735f.jpg
71Dcj39JyJL,2200,1879,07/07b28b7a.jpg
71Dd+++4Q9L,1100,1100,07/07d42a7f.jpg
71Du5BHZmLL,2200,1879,07/073ad989.jpg
71E0y9WBu9L,2200,1879,07/0734c8a8.jpg
71E5o+kCC+L,2000,2000,07/072e2d11.jpg
71ENsXtZosL,2200,1879,07/07af7254.jpg
71EQH5CySCL,2000,2000,07/07053673.jpg
71EW84jjjRL,2200,1879,07/072f3f6b.jpg
71EX593nNxL,2000,2000,07/079c5ccd.jpg
71EeZQm3NiL,2200,1879,07/070985d5.jpg
71Eft3ZVn0L,538,1676,07/07ce6825.jpg
71EgSUzZmBL,2560,1963,07/07c4de1f.jpg
71Eoa9sM5NL,1450,2560,07/07f71f45.jpg
71Er+vff86L,2200,1879,07/079c233d.jpg
71EstV+3huL,2000,2000,07/077d7867.jpg
71F+jfO-AIL,1500,879,07/07dccdb4.jpg
71FATJlN6dL,2200,1879,07/073e9ecc.jpg
71FiEndshNL,2200,1879,07/0713a5b4.jpg
71FqxohwuKL,2200,1879,07/07f467f6.jpg
71FrdZql6HL,2289,1902,07/07d3e5f5.jpg
71Fwct8dn-L,2200,1879,07/07fb45ff.jpg
71G0TehzeGL,1265,2560,07/0714eb10.jpg
71G28YAnuPL,1100,1100,07/074b4bd4.jpg
71G3ec3d7AL,2200,1879,07/073dcd0f.jpg
71GEZQXslwL,1444,755,07/0780d702.jpg
71GHnnKP9TL,2200,1879,07/07d42cdf.jpg
71GKWV+g+UL,2200,1879,07/07faeeb1.jpg
71GSq1Y0TcL,2200,1879,07/0710d856.jpg
71GUxpvfdJL,2200,1879,07/07c359c7.jpg
71Gd3noxfHL,2200,1879,07/077ebdfc.jpg
71Gou5MMY+L,2200,1879,07/0755c235.jpg
71GrhboEKAL,2200,1879,07/07e40ee7.jpg
71Guf+G+B4S,1881,1443,07/07672cee.jpg
71GwmpnTs0L,2560,2160,07/071a93c6.jpg
71H-8akBqbL,2200,1879,07/079ff4d2.jpg
71H6uFyRKDL,1500,1500,07/0777d4dd.jpg
71HEDKAr2yL,2200,1879,07/0767f826.jpg
71HNqRDRLJL,2200,1879,07/07c26b10.jpg
71HNqdkVZNL,2200,1879,07/07f217ab.jpg
71HSZyHsykL,1500,1500,07/074c3ea0.jpg
71HnWYl5OML,2200,1879,07/070a3b47.jpg
71HqYrXnp7L,2200,1879,07/070e3aef.jpg
71Hvqb6BZqL,2560,2128,07/0775a705.jpg
71I4UQl85AL,1707,2560,07/076a3bf9.jpg
71IHV3lioQL,794,2560,07/0740ea65.jpg
71IOEl1730L,2560,2560,07/07ed8f11.jpg
71IToTyAB5L,2200,1879,07/07056c6d.jpg
71IZLxqUhVL,1596,1152,07/07f800d9.jpg
71IiCC9nHrL,2560,422,07/07404a8a.jpg
71IkwK5SakL,2255,2463,07/0713c45c.jpg
71J0AgnMTJL,2200,1879,07/07564c33.jpg
71JJb7AYIYL,2200,1879,07/073a6e4a.jpg
71JNmCtQ7OL,1707,2560,07/07e7ea73.jpg
71JNvyF2zXL,1852,2437,07/074af0d9.jpg
71JhA3dVQ8L,2000,2000,07/07428c4d.jpg
71JnZ70rZKL,2200,1879,07/07e295e2.jpg
71JpTBhq5wL,1500,2000,07/072438d4.jpg
71K2Llqm+mL,1000,1000,07/07bb55b8.jpg
71K5XSgR-pL,2200,1879,07/070a1ca7.jpg
71KIgaMl+lL,2560,1033,07/0707e656.jpg
71KUZMDyYQL,2000,2000,07/07d1e4fc.jpg
71Kd3DJDXOL,2200,1879,07/071b3cf9.jpg
71KgYp0EoHL,1500,1500,07/07ef7770.jpg
71KsTwC-5-L,1333,2000,07/0753ed75.jpg
71L-XsFT-YL,2200,1879,07/07440e07.jpg
71LFrbksD-L,2200,1879,07/07db44ae.jpg
71LL7bMZAiL,1988,2385,07/07b5fbb0.jpg
71LX9v6Ah1L,2200,1879,07/074e6b7e.jpg
71LldEc+PcL,2200,1879,07/077aed38.jpg
71M4Qk118TL,2560,2560,07/07926586.jpg
71MBv7WLyUL,2200,1879,07/074221eb.jpg
71MLEQu7R9L,1326,2560,07/07962495.jpg
71MVVjimvLL,2200,1879,07/0751f3d6.jpg
71MbRXDqw5L,2000,2000,07/071d93f6.jpg
71MjfDYHnyL,2200,1879,07/07864439.jpg
71Mt1QdWOjL,2560,2560,07/07b128cb.jpg
71Mxl1w5fRL,1339,2560,07/0706616e.jpg
71N80YKDqJL,2031,2029,07/07063661.jpg
71NDOpytPGL,779,2286,07/0744c9a2.jpg
71NNfkExMKL,2036,2036,07/0739a77e.jpg
71NaqH87HCL,2200,1879,07/07b0adb9.jpg
71NjPXcd9uL,2239,2239,07/07f837c6.jpg
71O6y3nnyGL,2200,1879,07/07826925.jpg
71OBM6Me0DL,2200,1879,07/0743bc34.jpg
71OZISyVJlL,2349,2349,07/07342baa.jpg
71OdPfRZEJL,2560,807,07/07bd459e.jpg
71OvJWz+bIL,879,2560,07/07216d8f.jpg
71PCsmRO4mL,2543,2543,07/07f51875.jpg
71PPadQiF3L,2200,1879,07/074b8781.jpg
71PSMVIjL8L,1231,2560,07/074cb3fd.jpg
71PYl67-tIL,2560,1707,07/07d5bf95.jpg
71PZIz1kzqL,2200,1879,07/077d87e5.jpg
71PeTJihHJL,2200,1879,07/07512544.jpg
71PmoSxsV1L,2200,1879,07/07d0be43.jpg
71PvyQDtDfL,2200,1879,07/073b7475.jpg
71QBMq6LEKL,2200,1879,07/07fd97c0.jpg
71QCDOlV9ZL,2200,1879,07/07f73351.jpg
71QDZqUX+9L,2200,1879,07/07764a03.jpg
71QFPcC+D6L,681,1365,07/07ba35c9.jpg
71QHWB5ZWhL,1707,2560,07/07eb816e.jpg
71QMXPRCxEL,1920,2560,07/07aced9c.jpg
71QZcX0eKNL,2560,1219,07/07a11151.jpg
71QfuZuKrEL,2200,1879,07/07b1328f.jpg
71QhLXy5HiL,1000,1000,07/079d8c66.jpg
71Qm7jqwSBL,1316,1308,07/073aa58b.jpg
71QuPvu6X3L,1496,1481,07/077f9fff.jpg
71R-7VF7DjL,2200,1879,07/07fa1232.jpg
71RCAMgSQKL,2200,1879,07/0791885d.jpg
71RHu4t6jiL,2073,2073,07/0751d199.jpg
71RQj+l6+1L,2494,2494,07/07172c1a.jpg
71RXbexMhrL,2200,1879,07/0725ce1a.jpg
71RfT5Z8BLL,2560,1050,07/07ed20cf.jpg
71RrZOm4irL,2560,2560,07/07037e72.jpg
71RxM8C8OcL,1742,1175,07/071790a5.jpg
71Ry3CyZ9FL,2200,1879,07/07b04d87.jpg
71S-7MadmnL,1500,1500,07/072cf374.jpg
71S1MfVz0IL,2200,1879,07/071bc859.jpg
71SDdysCR5L,2200,1879,07/07a1d5ab.jpg
71SEQF3bDAL,2000,2000,07/070a4f0c.jpg
71SGlRgX5VL,2200,1879,07/07722ce2.jpg
71SI2eNAO6L,2200,1879,07/07aaca7d.jpg
71SKUakh2sL,2268,2269,07/07c5ccfa.jpg
71SXiuABeOL,2200,1879,07/0743c915.jpg
71SdFL-63TL,2500,821,07/07e35086.jpg
71SkND9I+sL,1176,1500,07/07825be5.jpg
71Sm7EsgzOL,2200,1879,07/0793c5a3.jpg
71SqH56hRWL,1444,755,07/07b22b00.jpg
71T4qy8a++L,2200,1879,07/07e8ddec.jpg
71T81Hv57mL,2200,1879,07/0726874f.jpg
71TBMjRDuOL,864,2560,07/07084608.jpg
71TC6fWDbQL,2200,1879,07/07c6110f.jpg
71TDu1rY2WL,2083,2083,07/07c60a5a.jpg
71TFPYYoEsL,2486,2214,07/07ef47af.jpg
71TG3jUOigL,1709,2560,07/0750d536.jpg
71TPuUY78uL,2200,1879,07/0752ec85.jpg
71TRfvk1y+L,1175,1500,07/0700c824.jpg
71Thc4bFQmL,2200,1879,07/078f9676.jpg
71TvVxr9CZL,2200,1879,07/078d2331.jpg
71U2r6RYTZL,2200,1879,07/07fe9df4.jpg
71U355ZYBiL,2200,1879,07/07805409.jpg
71U8Awn6y7L,1001,1001,07/07e5972a.jpg
71UH281t09L,2560,2560,07/072cc655.jpg
71UHm8k+AdL,1500,1941,07/07a8d5e2.jpg
71USxdOnc8L,2200,1879,07/073c007d.jpg
71UW0mHJlYL,2000,2000,07/0791cb0f.jpg
71Ue1jH7naL,2200,1879,07/0772617b.jpg
71UeuQInOFL,1000,1000,07/0772a987.jpg
71UgkuYKfNL,2200,1879,07/07f55a8c.jpg
71UoNeWg3yL,2200,1879,07/07f9c36c.jpg
71UsVi5D55L,2200,1879,07/07d034d9.jpg
71UuBuWeuoL,2000,2000,07/07c500b8.jpg
71VGfynHhLL,1550,2560,07/07bfa643.jpg
71VH-uQ4dpL,1200,1200,07/07632694.jpg
71VRY+Wtg-L,1001,1001,07/0720658b.jpg
71VYnnqRnEL,1094,1500,07/07abbeaa.jpg
71Vh7wDzoeL,2200,1879,07/07a7ba26.jpg
71Vw7EkQXDL,2200,1879,07/07ec9e03.jpg
71W84tX7QcL,2506,2067,07/07e89fc9.jpg
71WHs9ktADL,2200,1879,07/07bc0d7c.jpg
71WTQ+A5VEL,2200,1879,07/07f86bfa.jpg
71WZnRlFpBL,1709,2560,07/07ca0883.jpg
71WdaCyHlBL,1444,755,07/0747e207.jpg
71WrTYJpfdL,964,1444,07/076ac935.jpg
71X4S4zLuFL,2200,1879,07/079ef7b9.jpg
71X7aL-fHlL,2196,2196,07/07a6b39e.jpg
71XE41MVuFL,2200,1879,07/078e926b.jpg
71XGmorKOZL,2200,1879,07/07ac1343.jpg
71XbFAeKvbL,2200,1879,07/0794f17d.jpg
71XmZd-NCdL,2200,1879,07/07422b88.jpg
71XxuzM1QiL,2200,1879,07/07bc314b.jpg
71Y+33ZFXIL,2560,2560,07/07a33594.jpg
71Y-Nr4OTbL,2200,1879,07/078485ac.jpg
71YCvkRabNL,2000,2000,07/07f6bc80.jpg
71YGHpuri4L,2200,1879,07/07a17640.jpg
71YZM3G9+iL,1444,755,07/0716bda3.jpg
71Ynv-9ZMJL,2200,1879,07/07d1eb0d.jpg
71YqzJw3h4L,2560,2560,07/07ea1ca9.jpg
71Yr7+6HCKL,2200,1879,07/0798fba1.jpg
71Z04czcUvL,660,2118,07/07d9c985.jpg
71Z0aKAQ8CL,2463,2463,07/07cf1da8.jpg
71ZInrqYCHL,919,1559,07/07dca033.jpg
71ZXUfVYu2L,1361,1589,07/07864a3c.jpg
71ZfLVN9-hL,2560,2560,07/07e20b57.jpg
71Zh9R6YGSL,2200,1879,07/07edf5fb.jpg
71ZmeDSxxYL,652,1500,07/0712f75a.jpg
71a3JB5zSfL,2560,967,07/07a28d3c.jpg
71a447AIO7L,1584,1052,07/07ee0d34.jpg
71aGA-ESSLL,1362,1173,07/07372909.jpg
71aMv5knucL,2033,743,07/07f7f12b.jpg
71aQ46-MapL,2560,2185,07/072e3a48.jpg
71aQypq+ObL,2200,1879,07/07049905.jpg
71aZYDtrklL,2200,1879,07/07fe5e95.jpg
71alUhmHwzL,2300,2300,07/077f3489.jpg
71alZEHd5UL,2200,1879,07/07675f9c.jpg
71aqlGHmhhL,2200,1879,07/070d0e8f.jpg
71at3QR4lzL,2200,1879,07/07710f0f.jpg
71atrVD6W3L,2200,1879,07/0707228e.jpg
71aw2tBXnyL,2200,1879,07/07db66b9.jpg
71bZFr5FnRL,2374,2374,07/0708aa59.jpg
71babb4BtqL,2000,2000,07/07bc2062.jpg
71bwPQp7qKL,2200,1879,07/075c8838.jpg
71bxYcPcy3L,903,2560,07/07d35241.jpg
71c8ls-SJkL,2200,1879,07/070d0e44.jpg
71cGOIE+oHL,2048,2048,07/0783ef0f.jpg
71cHPExGegL,1059,2560,07/07620832.jpg
71cHkoHBWRL,1460,2141,07/077dd44c.jpg
71cO4C9GBEL,1404,2000,07/07df33f5.jpg
71cXwkEPmJL,2000,2000,07/07b73ac5.jpg
71cZ+E8mWNL,2200,1879,07/07ad278a.jpg
71cZgiy7xSL,2200,1879,07/07737c70.jpg
71ciUuCDXNL,2200,1879,07/07903a6a.jpg
71csmNU991L,2560,2560,07/0704ab2e.jpg
71d2xL-vrAL,2200,1879,07/0726dcdb.jpg
71d58LgR-SL,2200,1879,07/07244a97.jpg
71d9WzbLxgL,2200,1879,07/07a18b02.jpg
71dA3kYuGzL,2200,1879,07/07996191.jpg
71dRL7bDldL,2560,897,07/076a4002.jpg
71dUslkd0nL,2560,1970,07/0742b658.jpg
71dXpLUfg6L,2200,1879,07/07b903cd.jpg
71dd0W97Z7L,2560,647,07/07cb5d82.jpg
71dgFkmQpDL,2200,1879,07/078acc49.jpg
71dilvH5QML,2200,1879,07/07d3fe81.jpg
71drM+M0TiL,2200,1879,07/072c4957.jpg
71dwbhh91DL,2200,1879,07/0761789a.jpg
71e6AzHoacL,2000,2000,07/07f35990.jpg
71eA2SvTv+L,2560,2560,07/075e9a0a.jpg
71eOcytzAfL,1518,1157,07/077b04b3.jpg
71eTrQFXH2L,2560,2445,07/07c7c895.jpg
71eYrnm+FGL,2500,2500,07/076aa123.jpg
71eilXrUW9L,2560,2560,07/07bbdd22.jpg
71ejXGESQ4L,2560,1452,07/07b77d84.jpg
71el5nVFH+L,2200,1879,07/0712a2db.jpg
71eqxkMcDhL,2200,1879,07/07b5bf86.jpg
71f9Xu8xEtL,1444,755,07/0738d895.jpg
71fDIAs0p5L,1754,1754,07/079b2785.jpg
71fFwDKkk-L,1444,755,07/07ecf48f.jpg
71fGoiRwjnL,2200,1879,07/07672eaa.jpg
71fK-lXArJL,2000,2000,07/076ffc3f.jpg
71fh2ad0UaL,2560,2560,07/07bb6957.jpg
71fhsiQRUIL,2560,1193,07/073f6441.jpg
71fo6iclR-L,998,1000,07/07d1bd00.jpg
71gUBTJcazL,2200,1879,07/07f09016.jpg
71gUtVEY-YL,2200,1879,07/07d83849.jpg
71ge0mv2d1L,2560,2560,07/070c86bc.jpg
71gfjpuPrtL,2000,2000,07/07157685.jpg
71gtiFSwnAL,2500,1788,07/070fddf7.jpg
71h4qj8pgPL,2200,1879,07/07999a69.jpg
71h7+OpKfSL,2560,2003,07/079ddb81.jpg
71hF1wkphSL,835,2440,07/07c3bc0c.jpg
71hIcJ5j6zL,2200,1879,07/07480fa6.jpg
71hK+aUYy7L,2200,1879,07/07b15597.jpg
71hNGc6zU1L,2200,1879,07/076c5228.jpg
71hVL2NdbnL,1398,1342,07/07b7dc73.jpg
71hlLlynkbL,1000,1000,07/07717770.jpg
71hmsHUrQmL,2200,1879,07/0785ba64.jpg
71hxMZ8J4yL,2200,1879,07/075f7593.jpg
71i+KwTlLuL,2200,1879,07/0756ad8b.jpg
71iOFnYv9vL,1639,1472,07/0783b331.jpg
71ihZB2GILL,2200,1879,07/07d1af81.jpg
71ilNHR5r2L,2200,1879,07/0753bcc3.jpg
71ireW2rYEL,2200,1879,07/0723f964.jpg
71isz0s0WeL,2200,1879,07/07e5a6a7.jpg
71j8BIedx+L,2560,2560,07/0777ea18.jpg
71jN0KlL5eL,2200,1879,07/076da4b0.jpg
71jP+qCWRML,2200,1879,07/07e520e6.jpg
71jTCkp67BL,1825,2560,07/07ea400b.jpg
71jXzZxBh2L,2200,1879,07/073fd8e9.jpg
71jZKmlv1hL,1695,715,07/07893cd7.jpg
71jkR4BBRML,2560,972,07/071f2520.jpg
71joq1XgYaL,2560,2560,07/076d1e7e.jpg
71jrGFEceQL,1500,1941,07/07ec0468.jpg
71jxXmxz7tL,1500,1500,07/07582274.jpg
71jy1jzcSpL,2000,2000,07/07e4dbaf.jpg
71k97nzbPfL,2200,1879,07/07a14df4.jpg
71kDCuEFz8L,2560,2560,07/078d6e5f.jpg
71kMKy6P3BL,2560,788,07/07f2c947.jpg
71khQ6ljjnL,2200,1879,07/075ae2be.jpg
71kjlJqh2EL,1444,755,07/0771b265.jpg
71kkgf2K6ZL,2103,2103,07/076c2740.jpg
71klITyNACL,2200,1879,07/07c26591.jpg
71ksLaTvryL,1600,1600,07/07d4bdbf.jpg
71kwD2r5lnL,2000,2000,07/07cdfeba.jpg
71lDm368QsL,1087,2338,07/07368a08.jpg
71lLXm5nGgL,2560,1969,07/074f80ad.jpg
71lRxBYPaoL,2560,2560,07/0705cb81.jpg
71lXyT8ABHL,2200,1879,07/0792976f.jpg
71lzrBFHXtL,2200,1879,07/07cee192.jpg
71m0SuUimbL,2200,1879,07/0718f78a.jpg
71mAqQ-bElL,1500,1500,07/07a16607.jpg
71mCKaKGdgL,2200,1879,07/07922a56.jpg
71mL6U-9gdL,2200,1879,07/07004d56.jpg
71mLSyyvhPL,2200,1879,07/07c69120.jpg
71mQT0az3kL,2200,1879,07/0760f485.jpg
71mQYvljn-L,2560,2560,07/0789f984.jpg
71mTVtQS3UL,980,2560,07/07dd5f36.jpg
71mc8EvXe0L,1521,2241,07/07c8b80c.jpg
71mcIUoplfL,1465,637,07/075ec95c.jpg
71mejg0UcTL,2200,1879,07/0776febd.jpg
71mfyh3HnEL,1500,1342,07/071ff704.jpg
71n8J2J0cNL,2200,1879,07/078bbf66.jpg
71n96HahqXL,2200,1879,07/0767ac2f.jpg
71nB2HyATtL,2200,1879,07/071190d3.jpg
71nBOvkFpaL,2560,2287,07/07fd9ec8.jpg
71nPwsBixRL,2560,2560,07/0725332e.jpg
71nVe1trHyL,2200,1879,07/07733f5d.jpg
71nqO9dN8TL,977,2560,07/07734de1.jpg
71o+1+e9yVL,2200,1879,07/07fd130f.jpg
71oGiEQAS1L,1000,778,07/07373c57.jpg
71oaZ0pB-ZL,2200,1879,07/0723c3be.jpg
71ocdMISgTL,2560,1919,07/07aabfae.jpg
71ogcInccfL,2200,1879,07/07ac0a68.jpg
71oscUl8gQL,2200,1879,07/07bce9de.jpg
71otQJm4h2L,2560,1969,07/07e94a7c.jpg
71ozPXHh4+L,2200,1879,07/076704ab.jpg
71p2XZvix3L,2200,1879,07/07a42f1c.jpg
71p80ljyFwL,2000,2000,07/07403118.jpg
71pDawAIcpL,2560,1828,07/07029803.jpg
71pTHREPqWL,2200,1879,07/07c90210.jpg
71pfLF3-9wL,2200,1879,07/0752cdf1.jpg
71pgXvrHTFL,1347,1347,07/078e29c0.jpg
71px4lz3VNL,2200,1879,07/073426be.jpg
71qD37chcaL,2200,1879,07/07af9a8b.jpg
71qDrvO5pEL,2560,2560,07/07002eef.jpg
71qEC4nbK7L,2200,1879,07/07845fe1.jpg
71qEuouxgcL,2200,1879,07/0729cce6.jpg
71qGqdjVVfL,2560,897,07/07e25647.jpg
71qJzjijtHL,1333,2000,07/0715e41e.jpg
71qpN1SbmbL,1051,1599,07/074cf560.jpg
71r1VglukOL,2182,2182,07/079fb296.jpg
71rBmjlZOHL,2083,2083,07/0708b13d.jpg
71rD7r6Ag7L,1000,1000,07/07c964f5.jpg
71rDqCKOTWL,2000,2000,07/070b4be2.jpg
71rU0vbU9iL,1660,1120,07/07ac5015.jpg
71rY1s4+JQL,2448,2045,07/0736e9b4.jpg
71rjj-WpRuL,1342,1377,07/07d60841.jpg
71rmjCEPYOL,1454,1500,07/07ad6b1b.jpg
71rohYLQBRL,1716,1716,07/07441a86.jpg
71rpvgjTx8L,2200,1879,07/07ff02d7.jpg
71rw2XIa0DL,1327,1925,07/07d40345.jpg
71s0Z2T-zoL,2560,2560,07/077ceabc.jpg
71sLhd7FsiL,2200,1879,07/07c4a45c.jpg
71sUQB6qieL,2560,2560,07/07cb5452.jpg
71sllhPq5RL,2200,1879,07/07e0ca68.jpg
71smOHtEIoL,2560,767,07/0712dfc1.jpg
71sw4aj8UnL,1279,2560,07/07ded92e.jpg
71t+bohiqFL,2362,2362,07/076642dd.jpg
71t0t9WxbdL,2200,1879,07/07ba6034.jpg
71tAkUm3dhL,1215,1520,07/07f90a0c.jpg
71tJg6ZkkrL,2000,2000,07/07068e27.jpg
71tKkTqySiL,1398,1480,07/07c60fe8.jpg
71trUUcuFZL,2200,1879,07/07c52282.jpg
71tvKgY4TYL,2200,1879,07/07b379bd.jpg
71tvSezjYhL,1200,1200,07/07b4db62.jpg
71uGYN3OTbL,2200,1879,07/070da522.jpg
71uWEdnTWFL,2000,2000,07/07addd89.jpg
71uY+sgx+tL,2000,2000,07/07bf5df9.jpg
71uqEDqt9uL,1890,1418,07/0731053a.jpg
71uuXbX2BML,1000,1000,07/07112e00.jpg
71uvcKC4BRL,1263,1263,07/070f5dca.jpg
71uycqJ0EqL,2200,1879,07/07f9a3de.jpg
71v115VrX-L,893,1556,07/077ff271.jpg
71vFy-RaeCL,2018,1168,07/07ef7bc7.jpg
71vHuyvG0hL,2200,1879,07/074abab8.jpg
71vPWds9L9L,1868,1050,07/075c4b31.jpg
71vYG54AWPL,2560,1585,07/07393e30.jpg
71vZwnYqJKL,2200,1879,07/078823af.jpg
71vieMGkubL,2408,2408,07/07ce8432.jpg
71vmVEr+7YL,1398,2469,07/075e5493.jpg
71vtj0x5zCL,2200,1879,07/0744eb3d.jpg
71vukauTi5L,2200,1879,07/07b57132.jpg
71vvcfthGPL,1903,2560,07/076e85b3.jpg
71wCksrfioL,2560,1348,07/075a0b09.jpg
71wPH2FuITL,2560,2560,07/073b8fb1.jpg
71wRAlpZPWL,2560,2560,07/07e9d9d1.jpg
71wa4+ravyL,2000,2000,07/0760323f.jpg
71wllwgtiqL,2560,1707,07/07d2d89a.jpg
71wn8K0bdsL,1090,2257,07/072e84dc.jpg
71wuvVf+HnL,2560,2560,07/076bd267.jpg
71x1VAGFoWL,1500,1500,07/0734642f.jpg
71xDKtjOmuL,2200,1879,07/07fbc42d.jpg
71xDoXrKLRL,1200,1200,07/07402d44.jpg
71xTJ9QUDuL,2500,2500,07/0771a238.jpg
71xiClR7WIL,1000,1000,07/07f6bfd6.jpg
71xiwSyatBL,1920,2560,07/07e06ce4.jpg
71xw2C5QAwL,1027,1027,07/07702622.jpg
71xwW2ghD0L,2200,1879,07/07c6afb2.jpg
71yEke5wqPL,2200,1879,07/073ab77b.jpg
71yF2saO48L,2000,2000,07/0701d05f.jpg
71yM9Bn5sOL,1000,979,07/07d41709.jpg
71yNZfmkINL,2200,1879,07/074417c4.jpg
71yf4kPCY3L,2200,1879,07/07d4bb76.jpg
71yhS0vuytL,2200,1879,07/07cf7051.jpg
71ynWtEzVeL,2480,2500,07/071943f0.jpg
71z3JumGZwL,2560,1618,07/072436ae.jpg
71zUjYSb1VL,2475,1946,07/074294d5.jpg
71zddwPu00L,2200,1879,07/07ac2425.jpg
71zk-n7TQwL,2487,2560,07/074debd5.jpg
71znJAi3bcL,2200,1879,07/0728b4b1.jpg
71zpydxP+4L,827,2560,07/0793e8de.jpg
71zuoT7MmpL,2560,1406,07/073a085a.jpg
81+Gb-OCJxL,2200,1879,07/07166710.jpg
81+WZi9J1dL,2200,1879,07/07931a18.jpg
81+d3D-9NBL,2500,2500,07/07d95712.jpg
81+qzPhoSVL,1853,1853,07/07d3bd87.jpg
81-0cS2m6JL,1795,1795,07/07ae6ba3.jpg
81-2fPiEJWL,2200,1879,07/077d3e54.jpg
81-G83nuK4L,1397,2560,07/074f96a0.jpg
81-MgeiD6OL,2005,2005,07/0789aa5a.jpg
8108N2oAp9L,1000,1000,07/0730a868.jpg
810IFWfEa-L,1951,1963,07/0750c224.jpg
810TKj9IAcL,955,2560,07/07710491.jpg
810eOIX8hmL,2236,2405,07/071d17f1.jpg
810gG7BY41L,1595,1407,07/07c5c60d.jpg
810hCwF3ihL,2200,1879,07/07747579.jpg
811DJ5wc-jL,1751,2124,07/077f74ba.jpg
811F7teZatL,2560,2560,07/07efce4b.jpg
811L06qpzlL,2200,1879,07/072b39f5.jpg
811P6CFps+L,1931,1070,07/0784bd1d.jpg
811Xy626xkL,2560,2557,07/0744e108.jpg
811oxR8dG7L,2200,1879,07/07ded7b8.jpg
811pVMCgg8L,2200,1879,07/07e696b7.jpg
811qonkMG7L,1969,2560,07/07811521.jpg
811x0UNB90L,2200,1879,07/07d2291e.jpg
8123pGD7KmL,1707,2560,07/0790a134.jpg
8128ldbOnOL,2560,2560,07/070b80a8.jpg
8129AvpLwhL,2560,2560,07/07b54b2f.jpg
812E8BzkNQL,2560,2559,07/07ced117.jpg
812EgGbo3LL,2200,1879,07/077159dc.jpg
812JzxHC3OL,1257,2560,07/078ef715.jpg
812VX86sybL,2200,1879,07/07a32d7f.jpg
812fQ4jyh9L,2200,1879,07/07337b1d.jpg
813141CJR+L,2478,2560,07/07b572f0.jpg
813FtDAKusL,2000,2000,07/07d397b0.jpg
813HebcYrgL,1646,2560,07/07b456bb.jpg
813JeGWQXWL,2200,1879,07/0703f370.jpg
813NBPTR8fL,2500,2093,07/07d0ab13.jpg
813RvRpLVAL,2560,1259,07/07917be3.jpg
813SJu-tIkL,2560,1321,07/0749bc82.jpg
813YE1bawqL,2200,1879,07/07a90a93.jpg
8143NhQeEwL,2000,1347,07/07b1d3a4.jpg
814XIM6pLjL,2200,1879,07/07f4f7a2.jpg
814imW0sclL,2200,1879,07/07f256eb.jpg
814ovXkWb5L,2200,1879,07/07aed242.jpg
814wD5fcxcL,2560,1969,07/072f9b04.jpg
815E+dhz7JL,2560,1132,07/07af1abe.jpg
815VgwZXQ5L,1500,1500,07/07e896dd.jpg
815Y6UtF2YL,1616,2560,07/0704ba3f.jpg
8161dEOh0sL,2560,2112,07/0737ada8.jpg
8162aWcd1TL,1790,2133,07/07e40d5d.jpg
8169WJeXQPL,1921,1921,07/07c59ac3.jpg
816CKcG6K0L,2560,2560,07/07661644.jpg
816NMvQ-QCL,2200,1879,07/0702e31b.jpg
816PPbpgcOL,2560,2102,07/07cb62f1.jpg
816YzxpXqQL,2560,1621,07/07adf298.jpg
816bQ7REfcL,2000,2000,07/07745eed.jpg
816enwMwERL,2560,1969,07/07b2b61d.jpg
816lS9mzK0L,2168,2507,07/076f991e.jpg
817fBfQXQRL,2200,1879,07/078c626a.jpg
817jfWgwXxL,2560,2560,07/07b67ceb.jpg
817rZ6IhYPL,2560,1196,07/072da042.jpg
8189meT87aL,2560,1970,07/07bf25c3.jpg
818FMzdJOzL,2560,1257,07/07730765.jpg
818oCQD6F7L,2560,1757,07/078a189f.jpg
818zPpZNT8L,2200,1879,07/07770e6e.jpg
819-yCz97jL,1766,2560,07/07f25aba.jpg
819AlaKghpL,1079,2560,07/07c42efa.jpg
819BNblQbSL,2200,1879,07/079fbc4d.jpg
819a924soVL,2200,1879,07/070fd79c.jpg
819kd+hr+4L,2560,1372,07/0744f867.jpg
819m4acY75L,2560,1970,07/07c188fb.jpg
819na-ySLlL,2200,1879,07/07415340.jpg
81AP-0Xi0AL,1244,2560,07/07e47750.jpg
81AboHWnbwL,2200,1879,07/07384565.jpg
81Ams1QSHhL,2560,1383,07/07e807c2.jpg
81AzjUiCe2L,2513,1012,07/07cceccc.jpg
81B9ujbcOiL,1146,1682,07/07b2baa1.jpg
81BN3X1f-mL,1189,2560,07/07d92da5.jpg
81BTPI0xBTL,1392,2560,07/07fb5c0b.jpg
81BpBIQd93L,2200,1879,07/07b3d46a.jpg
81BwkwDe+IL,2200,1879,07/0716d713.jpg
81C-FOPrTjL,2560,1261,07/07ff5885.jpg
81C2EK8Xo7L,2200,1879,07/07449e4e.jpg
81C3onKqYAL,1894,1894,07/07b22c57.jpg
81CD2fV8MEL,2560,2206,07/07f50a80.jpg
81CKZY3eWqL,2560,2418,07/07093155.jpg
81CUuHPuhhL,2560,2560,07/0731c4b9.jpg
81CpywBUV+L,2364,2560,07/07f81b20.jpg
81CurL2TTzL,2200,1879,07/0764483c.jpg
81CxkktteKL,2560,1514,07/07f16e4e.jpg
81D-mcEb58L,2342,2560,07/0798f4d9.jpg
81D2RMISfuL,2500,2500,07/07047c66.jpg
81DA7IGuY0L,961,2560,07/0747b3da.jpg
81DNxprC0HL,2000,2000,07/0732b6e5.jpg
81DTTHs7XoL,2200,1879,07/070a768f.jpg
81DepeYUsgL,2091,2560,07/075507a4.jpg
81DsEtOo4xL,2200,1879,07/076feace.jpg
81E6jYQLuBL,1341,2560,07/071210b7.jpg
81ENvOcQWKL,2560,2560,07/07281a93.jpg
81EnBrRvXrL,2560,2560,07/079a051c.jpg
81EvOyHVVxL,1634,2560,07/07409cc0.jpg
81F4O6EAavL,2560,2560,07/072e80ce.jpg
81F6qc128DL,2200,1879,07/07d1fd6d.jpg
81FFxiDh0kL,2560,2185,07/07c6ad85.jpg
81FJUDfmRUL,2200,1879,07/0733c4c8.jpg
81Fc08B9E7L,2200,1879,07/07087c0a.jpg
81FhRtTTELL,1500,1500,07/0744a497.jpg
81G5pvtWLlL,2316,2316,07/07702aba.jpg
81GBilmKqIL,2000,2000,07/07a8d63c.jpg
81GcAY6UH5L,2560,1272,07/07a7a9a6.jpg
81GmgbzTsiL,2560,2560,07/07ce6f37.jpg
81Gn57RpgfL,2200,1879,07/07b1e1e2.jpg
81GnKLNn64L,2560,1920,07/075a9177.jpg
81HqSQn8iYL,1560,2551,07/07f66a2a.jpg
81IL7YJGj3L,2560,2560,07/07160a15.jpg
81ILZWSx8OL,2560,1288,07/07968a37.jpg
81IaiIQFq+L,2200,1879,07/07cf4d3f.jpg
81IfdCiZ4VL,2200,1879,07/078e8376.jpg
81Il0z5CtwL,2200,1879,07/07c074da.jpg
81JAKbT49UL,2321,2288,07/0701bb89.jpg
81JFb671OWL,2560,2560,07/071a1f61.jpg
81JSpzoZbVL,912,2560,07/07fe089a.jpg
81JUFTPoczL,2560,2560,07/07fcefad.jpg
81JXdWHlg1L,1425,2405,07/07b4c9b8.jpg
81K7YpOiaKL,1287,2560,07/07ad5bc4.jpg
81KD0nzx2ZL,2200,1879,07/0793b323.jpg
81KDkHAmzPL,2000,2000,07/07d468d8.jpg
81KP-JI5B9L,2560,1389,07/07d5b653.jpg
81KdVaEgcfL,2200,1879,07/07e620ee.jpg
81KoAzyDBdL,2560,1695,07/07d4beb4.jpg
81LIGMfC9hL,1261,1081,07/07ec5aa0.jpg
81LtNxEt52L,2560,1160,07/07c251a7.jpg
81Lumt0m5cL,2200,1879,07/07077ab8.jpg
81M2-OGhmrL,2560,2560,07/071265e6.jpg
81M9TuxPstL,2560,2560,07/07cc2059.jpg
81MFZbxvSpL,2072,2119,07/075e35a3.jpg
81MGY4cbBZL,2540,2560,07/07a159da.jpg
81MIZAgVJsL,1801,1801,07/07fa4ee3.jpg
81MU9Q4mgnL,2013,2560,07/0765425e.jpg
81Mc5+cZMcL,2200,1879,07/07298d7e.jpg
81Mn1kemseL,2560,2304,07/07db0b13.jpg
81MoxI+I45L,858,2560,07/07bf648c.jpg
81NYWnDZwIL,2200,1879,07/07e33929.jpg
81NZDbdS4jL,2560,2214,07/073835f5.jpg
81NgiQ+5f0L,2560,1548,07/077b1caf.jpg
81Nnc7CAoHL,2560,1782,07/07460ce5.jpg
81OD8HA7aKL,2200,1879,07/072d3205.jpg
81OJOG5BMnL,2000,2000,07/0715e37d.jpg
81OPi2IhEsL,2560,2393,07/0791d5ee.jpg
81OU-gDBMdL,2200,1879,07/07e0a129.jpg
81ObyV4g5TL,2200,1879,07/07c978e2.jpg
81OkLHYFi-L,2200,1879,07/079caa06.jpg
81P7+ua6nOL,2560,1161,07/07570ab1.jpg
81PHhDkXABL,2000,2000,07/0755629f.jpg
81PP8W3rtcL,2200,1879,07/0724a672.jpg
81PQSqByrBL,932,2560,07/07146f4f.jpg
81PQkJHYZTL,2200,1879,07/071ca078.jpg
81PfloP2WOL,2200,1879,07/07782920.jpg
81QY7+X+LiL,1651,2560,07/07b0c139.jpg
81RHDetdycL,2200,1879,07/072965b9.jpg
81RN7xcG37L,1612,2560,07/07846d87.jpg
81RTF7jBQnL,2560,2560,07/07e9f218.jpg
81RVWcPtVUL,1141,2377,07/077eaad6.jpg
81Rh3VOMFNL,2200,1879,07/07438b6c.jpg
81Rl6cGGz0L,2200,1879,07/073dc383.jpg
81Ro6--PNML,2560,2027,07/076ddc50.jpg
81Rv0OtyG3L,2560,2560,07/077985f0.jpg
81S-COM82EL,2200,1879,07/077fbd47.jpg
81S5YjmVPHL,2200,1879,07/07f144bd.jpg
81SM++5OTtL,1500,1500,07/07d0d866.jpg
81SNqzzHXlL,2200,1879,07/07abd4ed.jpg
81SPyyjpFWL,1989,2560,07/07245660.jpg
81Sj9WpqlnL,1050,1500,07/077411f1.jpg
81Sq+sASk+L,2560,2505,07/07e050ef.jpg
81T08p1io-L,1167,2336,07/07b5a2da.jpg
81T2cSDxATL,2200,1879,07/072782c3.jpg
81T4gmWd2ZL,1022,2560,07/07917815.jpg
81T6wd91ONL,2500,2491,07/07b03bc9.jpg
81TDp96-hCL,970,2560,07/0777e381.jpg
81TFEFywTwL,2200,1879,07/077829e3.jpg
81TSr+uvzZL,867,2560,07/07943317.jpg
81TahXTNtdL,1300,1300,07/07cdb6bf.jpg
81TgNH+kQsL,2200,1879,07/074f80f9.jpg
81Th3ClAYnL,2400,2400,07/07fc139b.jpg
81TrDGtpBWL,2560,2147,07/07ff0bea.jpg
81ULB1mD0UL,1500,1500,07/07c0e25e.jpg
81UNZU7E6TL,2200,1879,07/073e5b2e.jpg
81UU36OBfHL,1524,1926,07/07178a5e.jpg
81UXbely9HL,2200,1879,07/0737a503.jpg
81V4yYYMc3L,2200,1879,07/07f3aee4.jpg
81VDX3iGieL,2000,2000,07/07b06007.jpg
81VEA3YEA7L,2237,2237,07/07826304.jpg
81VNdMKzjxL,2560,1295,07/07653df0.jpg
81VYpPb78wL,1271,1271,07/07eecc75.jpg
81VlNYIabOL,1211,2560,07/0720e1aa.jpg
81VyDVUSQsL,2000,2000,07/079a6990.jpg
81WDgzj08AL,968,2560,07/07472cdc.jpg
81WRCLufneL,1500,1500,07/07122d90.jpg
81WgrG8feGL,2550,1943,07/073d4641.jpg
81WtudHbqBL,2560,1507,07/07bbd413.jpg
81X7+n-VB5L,2200,1879,07/07405821.jpg
81XFCMpWoqL,2560,2560,07/0762307f.jpg
81XGc1jZMsL,2200,1879,07/07490bc5.jpg
81XNxxcEkFL,1872,2560,07/07fcfb28.jpg
81XgOPSknuL,2500,2501,07/07c67636.jpg
81XgT3XYBjL,1331,2560,07/07915fae.jpg
81XvfPgZKaL,2000,2000,07/071b67f8.jpg
81Y2pp2ztmL,1500,1500,07/0701567e.jpg
81YEx4wHhSL,1390,2560,07/073e8732.jpg
81YT24A1qhL,2200,1879,07/07bf387f.jpg
81Ye6v-RHkL,2131,2560,07/07ea29b4.jpg
81Yn+KqXeiL,2316,1112,07/07c758a1.jpg
81YojOpkvUL,2200,1879,07/07c971ac.jpg
81Z5bQbv4UL,1213,2560,07/073b0370.jpg
81Z8JvnCPPL,1500,1500,07/07dc468e.jpg
81Z8yw-ZiJL,2200,1879,07/07cda080.jpg
81ZbHjcW0NL,2200,1879,07/0763b629.jpg
81ZbQ8sGyYL,2560,1362,07/07177637.jpg
81Zchgrf3xL,1355,1273,07/079dda56.jpg
81ZdISvkDdL,2200,1879,07/070c0db0.jpg
81ZgbOZx2DL,2560,2560,07/07f7e4f0.jpg
81a3-03peWL,2400,2400,07/07589e28.jpg
81aJS63v6HL,2560,1433,07/0781ccb1.jpg
81aMeduhzWL,2467,2060,07/07c8d0ab.jpg
81aQ6YtE3eL,1998,2323,07/071b2fd5.jpg
81aZ+udnD4L,2200,1879,07/07d7fc1a.jpg
81bmNWELMfL,2500,1370,07/070cb9e2.jpg
81bpA9xZX1L,2200,1879,07/071a74f6.jpg
81bunnu5BXL,2200,1879,07/07d65c9b.jpg
81bwhhWIL9L,2200,1879,07/07935cff.jpg
81c0TXbbdSL,1059,2560,07/0760b4bf.jpg
81cCED6XXpL,2200,1879,07/07f0e80b.jpg
81cDG80U4LL,2560,2560,07/0793f006.jpg
81cLY-bPdFL,2560,1446,07/077d4336.jpg
81cLjJQJUVL,2200,1879,07/07920457.jpg
81dG5yPuD0L,1190,2560,07/07cd7eb3.jpg
81dix45IpYL,2200,1879,07/07142072.jpg
81dukhGMw2L,1849,2507,07/0728bab3.jpg
81e4A0wJvcL,2560,2560,07/0700017f.jpg
81eG4zozFUL,2560,1732,07/0794fc96.jpg
81eGWBEis7S,1517,2500,07/07f31e53.jpg
81eelE4ttNL,2200,1879,07/0736aa45.jpg
81ejGzag4kL,1432,2560,07/07eef6a4.jpg
81erab0DZUL,2200,1879,07/074dbb99.jpg
81ezTFZ0TcL,2200,1879,07/07abe7b3.jpg
81f-1XVrbDL,2500,2500,07/07af5bc6.jpg
81f1vnKx+HL,1734,1481,07/077ab402.jpg
81f4IAEYKKL,2200,1879,07/07136aac.jpg
81f5I1NgTiL,2200,1879,07/07b9271e.jpg
81fFs6hFEIL,2000,2000,07/079b4d9f.jpg
81fGaa+ArIL,2400,2400,07/0732bd23.jpg
81fM5MPC5xL,2200,1879,07/07cb2baf.jpg
81fvFJjp5NL,2160,2208,07/07114c13.jpg
81g65YRJ7eL,2200,1879,07/07c5c727.jpg
81gDABSx3+L,2323,2526,07/0740f168.jpg
81gMvgKh0wL,2560,1970,07/07cf9a6d.jpg
81gQL8jXCWL,2560,1981,07/074c0a25.jpg
81gRj9mNaeL,2560,1665,07/076e32ea.jpg
81gmvvNaZjL,2267,2560,07/07e7bcf8.jpg
81gz+ycAsCL,2500,1881,07/07bd2130.jpg
81h1pbEOBrL,2200,1879,07/07ddfdcf.jpg
81h5gwKyvwL,1819,2499,07/07478ec8.jpg
81hD77YFq+L,2200,1879,07/07da282c.jpg
81hJZTzH4CL,1202,2506,07/072c04f2.jpg
81hxB4RiWFL,2200,1879,07/072b5b83.jpg
81i7H6ttVfL,924,2560,07/07758752.jpg
81i8dxeZbZL,2200,1879,07/07d1c0cd.jpg
81iDZkE+mGL,2560,1722,07/077c25aa.jpg
81iMnAIXJXL,2200,1879,07/07dcf91f.jpg
81iZtAf1xhL,2200,1879,07/07f678db.jpg
81ils6bnAfL,2464,2464,07/0754d481.jpg
81ir3vk8gqL,1854,2478,07/07f2d7d4.jpg
81itXzdpSKL,2200,1879,07/07268284.jpg
81j2hzAiH8L,2560,2560,07/07e51e55.jpg
81j6OqbH4VL,2200,1879,07/07eeb10f.jpg
81jDKmdtjRL,2000,2000,07/0766db5e.jpg
81jTLFmljbL,922,2560,07/0744aaed.jpg
81jeERkh-vL,2200,1879,07/07735504.jpg
81jsY5a8PEL,2200,1879,07/0785ae68.jpg
81k2NRHhtZL,2000,2000,07/07da9428.jpg
81kXQU6jJuL,2560,2560,07/07c8887f.jpg
81kfRV89QaL,2560,2560,07/077986ab.jpg
81lnGzbqYSL,2200,1879,07/07e1bc0b.jpg
81lyzsbRjoL,2200,1879,07/076f8aea.jpg
81mCrG+PqDL,2200,1879,07/07cead75.jpg
81mIQzS2fJL,2200,1879,07/07959dd7.jpg
81mLF46vIwL,2560,2560,07/0759e23a.jpg
81mLxoan2rL,2560,1229,07/07accbbd.jpg
81mSTLny+dL,2560,2560,07/074fd668.jpg
81mUUYdO8TL,1322,2560,07/070d93b1.jpg
81meGuz4IFL,2200,1879,07/072336a0.jpg
81mysmi06BL,2200,1879,07/07a0afd5.jpg
81n-T9f5VOL,2560,1475,07/070d8b2e.jpg
81nBKTcwScL,2011,2560,07/071eb092.jpg
81oZN55Xf9L,2200,1879,07/077ec8f5.jpg
81ogJqhPdXL,2560,2560,07/07c0a04c.jpg
81omQ7XUm+L,2200,1879,07/07b49f39.jpg
81oydJIfVxL,2200,1879,07/07ceff4d.jpg
81p34g7G3kL,865,2201,07/07ab4577.jpg
81pMcSDY3jL,2200,1879,07/07046904.jpg
81pkC3+dklL,2200,1879,07/071cb23e.jpg
81q0AjHptWL,2560,2560,07/07a9c1ed.jpg
81q0WD7LGsL,1200,2560,07/071b3356.jpg
81q2x0I+0mL,2000,2000,07/07062778.jpg
81qU9smX2TL,2000,2000,07/07aa5ed3.jpg
81qb-Ah25KL,2560,1129,07/07e86067.jpg
81qf5EhNvAL,2200,1879,07/078e6743.jpg
81qqs0VXjEL,2560,909,07/0761c670.jpg
81rI+PQ2iUL,2500,2500,07/0740b1ff.jpg
81rSTAJJ-cL,836,2560,07/078f86a9.jpg
81rfxYD9QmL,2200,1879,07/07e543ae.jpg
81rkBco11QS,2402,2122,07/070612a4.jpg
81rmD9tOr+L,2560,2560,07/07f5ace5.jpg
81ro17rXHdL,2200,1879,07/078dfe54.jpg
81ruE3BjemL,2200,1879,07/07fe22fa.jpg
81rwneQxzML,2008,1480,07/0710902d.jpg
81rx3wHLGTL,2560,2560,07/07702dac.jpg
81ryY-58DYL,2241,2498,07/07f865a5.jpg
81s2OyrbyzL,2560,1961,07/07e01fb5.jpg
81s3FjoobkL,1100,1100,07/0761abcb.jpg
81sFVgRPHNL,2560,1969,07/07cbe20c.jpg
81sfOD6dacL,2200,1879,07/07b43c00.jpg
81sgTM+o1iL,2560,2560,07/07a90a48.jpg
81swI4Nqu-L,1264,2560,07/074592cf.jpg
81sxFadH+kL,2200,1879,07/07cf403b.jpg
81t0sYWaHxL,2083,2083,07/073903bc.jpg
81t652XAhpL,2560,1180,07/074f6cc1.jpg
81tD02AxAzL,2560,2560,07/0755b4c3.jpg
81tcqCUEx3L,2560,1964,07/076283d6.jpg
81tiWzCGYZL,2200,1879,07/07be0172.jpg
81tl5EqzkqL,2056,2500,07/0769b53d.jpg
81tmIL-6FuL,2200,1879,07/0727b137.jpg
81to2bF2QVL,646,2560,07/074ddae0.jpg
81tpz1UWPDL,2560,2560,07/07df6b23.jpg
81u1hhdAZmL,2560,969,07/07b6ee5b.jpg
81uL6C3BJzL,1025,2560,07/0778f7c8.jpg
81uQI3lgIPL,1920,2560,07/076ba87f.jpg
81uaNmcKwYL,2190,2190,07/079df24f.jpg
81uhFAUuMJL,2560,1953,07/078b84ae.jpg
81ul2MPRAQL,2560,1933,07/07228f50.jpg
81uyfdqbg6L,2200,1879,07/076e57c5.jpg
81vKcdNs5fL,1179,2560,07/0755ad57.jpg
81vVrG3NvNL,2560,2560,07/074709f8.jpg
81viX1nMw8L,2200,1879,07/078bf5e0.jpg
81vrG0Bu8AL,2200,1879,07/073af22d.jpg
81w7cTlvcvL,2200,1879,07/07c2c053.jpg
81wIOZX0ayL,2267,2560,07/0737db9e.jpg
81wp7FSFsSL,1500,1500,07/075019f5.jpg
81wpzJfHuUL,2200,1879,07/07bb8487.jpg
81x7XVyfHLL,2200,1879,07/073e8a3c.jpg
81xLPgr0PGL,2200,1879,07/074653a9.jpg
81xO8BrYiML,2200,1879,07/07831c20.jpg
81xUw2fL60L,1537,1537,07/07cef14b.jpg
81xVikCaAEL,1500,1500,07/07fa845f.jpg
81y27bCwv5L,2039,1220,07/0784609a.jpg
81yACoAZvYL,1407,2487,07/0774001e.jpg
81yEJoQ4MwL,1523,2284,07/07951796.jpg
81yQU0xEcrL,2306,2306,07/07c90319.jpg
81yTXzsQ-gL,2200,1879,07/07c69d9e.jpg
81ytAsSz6AL,2560,1829,07/07f170d5.jpg
81z0ppQaY9L,2200,1879,07/0719988e.jpg
81z5z2fHPeL,1898,2560,07/07c3f91e.jpg
81z69E458vS,1368,2500,07/0793e5fa.jpg
81zEB4-zZoL,1500,1500,07/079049e5.jpg
81zSe3JzcoL,2560,1666,07/07b27b65.jpg
91-KYOOP5OL,1326,2560,07/07a13d40.jpg
91-MGRymDwL,2560,2560,07/07e8becf.jpg
911F6JAmACL,2560,1969,07/0715c216.jpg
911ntRm0omL,2000,2000,07/07cab227.jpg
911vmL8mhCL,2560,1539,07/0760f034.jpg
9125-++dLAL,1428,2560,07/07a789f0.jpg
9125ecsLPBL,1660,1660,07/07fd535e.jpg
9128qrH+ZaL,2500,2460,07/07584ed1.jpg
912Xpcs5L8L,2559,2560,07/071e58d4.jpg
912glZo5SVL,2560,2560,07/07114fa5.jpg
912iQClQBAL,2560,2559,07/07719729.jpg
912yiejZmrL,2131,2560,07/075dc865.jpg
913mB6rsRPL,2560,2560,07/076cae1e.jpg
915HooCMHAL,2560,1872,07/07a47b54.jpg
916CYBzewNL,2560,2560,07/07b81d17.jpg
916VFako0yL,1382,2114,07/07c7afd5.jpg
916fjvY6SmL,2560,1969,07/07f04b69.jpg
9178b7-IStL,2560,2380,07/071534f4.jpg
917Ix9E80TL,2559,2560,07/078c6a1d.jpg
917hKNd-qnL,2554,2560,07/07ec59d5.jpg
918K+z7zUVL,2560,2560,07/07db2c35.jpg
918ToEvIGKL,2560,2560,07/0777c8f7.jpg
918VCZHtbcL,1999,2000,07/0796e79e.jpg
919OB6UjblL,2106,2101,07/0782d832.jpg
919jmZUABtL,2408,2408,07/077e108a.jpg
919uVAkAdgL,2560,1758,07/0756a954.jpg
91BUINbcAAL,2560,2012,07/073e66de.jpg
91Bce5D9raL,1743,2560,07/07902993.jpg
91BtzKwmkfL,2560,2560,07/072cfb97.jpg
91CZ8BrYDZL,1501,2560,07/071f66d6.jpg
91CtYUS1SLL,2560,2560,07/07c93357.jpg
91D4X8e7sEL,2560,2560,07/071beb31.jpg
91DIWlClOvL,2560,2560,07/079a7bce.jpg
91DunbKrV-L,2560,2560,07/079d4a3b.jpg
91EwTvUxt8L,2309,2309,07/078bcbad.jpg
91G0Hb6EwXL,1400,2560,07/078173a6.jpg
91G9k2DiJQL,2383,2560,07/07806785.jpg
91GNAfi7bwL,2560,2560,07/073494db.jpg
91HDAcMTLpL,1340,2560,07/071de96b.jpg
91HUKN-sfIL,2206,2500,07/07dca970.jpg
91IPCqiOjTL,2456,2456,07/07ab7b48.jpg
91JBBysFnXL,2560,1969,07/07afd706.jpg
91JPDtP-wlL,2093,2560,07/078b26a7.jpg
91JXpiPMZHL,1314,1314,07/0726c9ec.jpg
91KLbWKCI+L,2560,1991,07/0718d7dd.jpg
91LAPnMTIiL,2508,2289,07/07ac9ce1.jpg
91Lk4M6mN8L,2560,1965,07/078d89c4.jpg
91MQBLrgaNL,2268,2268,07/073f21f4.jpg
91MyKKTf0VL,1717,1719,07/07910bd9.jpg
91N+PDTN1YL,2560,1331,07/07520e7d.jpg
91NZOQ6FqKL,2560,1123,07/07d96e40.jpg
91NtMOUo88L,2560,2560,07/07f8f4a0.jpg
91OEHrgVlDL,2560,2033,07/072d3bbb.jpg
91OR5auyVfL,2200,1879,07/07ccc0f7.jpg
91ObptQoAAL,1847,2560,07/0770a84a.jpg
91OvLcLBX3L,2518,2518,07/07415956.jpg
91PDYfmIWVL,2560,2560,07/07adba72.jpg
91POTxJSOJL,2560,2560,07/07b87527.jpg
91PZUYwvGLL,2560,2560,07/075f92ba.jpg
91QkA-JAboL,2560,1643,07/076f0391.jpg
91QoTxCw5lL,2200,1879,07/07e9bf15.jpg
91QxT-xfjGL,2000,2000,07/07b31a7b.jpg
91R+ooSOzXL,1907,2000,07/073afdba.jpg
91RWZTREibL,2560,1969,07/07f6995f.jpg
91SHXE16QcL,2491,2560,07/07ca14ea.jpg
91SOWP5AcOL,1500,1500,07/07389b5a.jpg
91TGoOjduFL,2560,2560,07/07f0688a.jpg
91TJ9c1bDiL,1938,2560,07/071b06b8.jpg
91U63sYXQOL,2433,2433,07/07d5f661.jpg
91UP0t7lrUL,2560,2560,07/0727ff1f.jpg
91Ud9SVjOXL,2498,2500,07/074cd5f7.jpg
91Uob73UXvL,2276,2560,07/07b35886.jpg
91VWIzOrnaL,2553,2560,07/079bc249.jpg
91WVGknvreL,2560,2560,07/07a10580.jpg
91XD9bkmAkL,2560,2560,07/075e65f2.jpg
91Yd8WPa-SL,2560,2560,07/0708cbf5.jpg
91Ym9qTPXaL,2058,2560,07/076acab2.jpg
91ZLDvcouAL,2560,2560,07/07a89d2f.jpg
91Zxx5V56lL,2560,2560,07/07566a34.jpg
91a7Z7VioZL,2048,2560,07/07089d1a.jpg
91bCWozsGhL,2560,2560,07/07872f52.jpg
91bLk5u49RL,1792,2560,07/077599a2.jpg
91cpeHxWbfL,1920,2560,07/0765ce48.jpg
91dtqYIWklL,2560,1746,07/075389d0.jpg
91e6YxRvqQL,2560,2560,07/077beb99.jpg
91ejL+F1jAL,2560,2560,07/0736501b.jpg
91er3fcXNIL,1965,2560,07/0765388f.jpg
91fBdTBd6TL,2560,1636,07/07aa17cf.jpg
91fVHm39i0L,1780,2560,07/077e2f9c.jpg
91g+B2nXccL,2560,2560,07/079709eb.jpg
91gIJflPehL,2560,2560,07/0765d437.jpg
91gps7Q49LL,2560,2560,07/07e5cbba.jpg
91h+4KtTceL,2560,2560,07/071a3d67.jpg
91hmMAkrAwL,2200,1879,07/07c8f36d.jpg
91hoIlN2dYL,2560,2560,07/072b8c91.jpg
91iJ14jrzXL,2560,2560,07/07aa2b6f.jpg
91iT7F4ag+L,2560,2560,07/0723b3ea.jpg
91iuj+f5i5L,2560,1859,07/07d516c8.jpg
91jGhPDU7QL,1802,2560,07/07ba001d.jpg
91k1IRnTt+L,2560,1186,07/077544aa.jpg
91kF1kjdXPL,1707,2560,07/07ab7012.jpg
91kYSOGHM0L,2560,2560,07/07615e8f.jpg
91kp6Btg6vL,2276,2560,07/07f528ef.jpg
91ktdiflLWL,1804,2560,07/07e9232d.jpg
91lcuOr7VAL,2560,1051,07/07c6220d.jpg
91mYf2rj5dL,2523,2523,07/07033735.jpg
91mvpJfaTJL,2560,1969,07/07f37457.jpg
91myWkvXq+L,1469,2560,07/07c030a4.jpg
91nJ0IxdyLL,2248,2248,07/070153c1.jpg
91nYUPZN-VL,2318,2318,07/07e94355.jpg
91nmDgEPcVL,2560,2537,07/07f88c72.jpg
91oMxfENuzL,2367,1594,07/07b89b9b.jpg
91oTqco5aNL,2560,2271,07/077253f1.jpg
91qXVYTWzCL,2096,2096,07/0759aaa6.jpg
91rQrgW1jRL,2560,1969,07/07feeb20.jpg
91ruGbzJRCL,2560,2560,07/076313ae.jpg
91s2Att1K7L,2560,2560,07/072d8e35.jpg
91s39dkrSTL,1991,2500,07/0751a8cb.jpg
91tm6LuQn1L,2560,2560,07/0739f504.jpg
91tqtL5Jp9L,2560,1451,07/07204046.jpg
91uAswZjbqL,2560,2560,07/078b2456.jpg
91v2bi3W9OL,2168,2560,07/071bd815.jpg
91vMyBiqzOL,2560,2292,07/07f948f3.jpg
91xzYuvQbgL,1007,2560,07/07693250.jpg
91yIzFu9q4L,2500,2500,07/0727b188.jpg
91yUY9-JvEL,2560,2560,07/079f367a.jpg
91yWGyaTz+L,1390,2560,07/079752b0.jpg
91yipY9O6vL,2560,2560,07/0764c777.jpg
91zEaP9-UoL,1222,2560,07/074833e2.jpg
91zXilNBWCL,2560,1188,07/073a38e1.jpg
A1-dwuiiklL,2421,2560,07/07794c52.jpg
A10sbjnmCZL,2560,1741,07/074b9ad5.jpg
A11sl6PTWGL,2560,2560,07/070612c6.jpg
A11yYkzrKxL,2560,2560,07/072635bb.jpg
A12JLjcNvCL,1770,2560,07/07bc96cd.jpg
A14rlAjBQ3L,2560,2560,07/07282fd4.jpg
A155tSVcw9L,2560,2560,07/0717ea15.jpg
A18-JYRoIGL,2560,2083,07/070d06fa.jpg
A19yWI72ocL,2347,2560,07/0794632d.jpg
A1AonMWPiYL,2560,2560,07/07545f60.jpg
A1Bue8XbPyL,2560,2560,07/07caafb3.jpg
A1FCLdpc5pL,1720,2401,07/07a5c374.jpg
A1FJgzf95zL,2560,2560,07/0712b809.jpg
A1Fs96s6HVL,2560,2560,07/07cff815.jpg
A1GFaskSleL,2560,2560,07/07bec12c.jpg
A1GgEKELx5L,2560,2560,07/07258397.jpg
A1HCZe++MWL,2560,2560,07/07401f29.jpg
A1IHcDZkSoL,2560,2560,07/07cca1d1.jpg
A1ISpQW6uUL,2560,2560,07/0793c39e.jpg
A1KJk7EbkeL,2560,2560,07/07a1e503.jpg
A1PWamgl21L,2560,2560,07/072dc667.jpg
A1QaGtCwpVL,2560,2560,07/073ca1a7.jpg
A1RUac6gJ0L,2471,2471,07/07c7d88d.jpg
A1VPgSSpacL,2177,2560,07/078d3102.jpg
A1X8poUr8dL,2560,2560,07/070a0cc9.jpg
A1XEntmzxvL,2560,2560,07/07e5c85e.jpg
A1XSWq6NJZL,2560,2560,07/07f2bb87.jpg
A1YW7CFiBRL,2560,2560,07/07cc0cc2.jpg
A1Ym2VU-4vL,2560,2560,07/07d99588.jpg
A1YzSZoCieL,2560,2560,07/070d11d4.jpg
A1Z6btVsw-L,2375,2375,07/07852ee8.jpg
A1ZT3UtMzvL,2560,2494,07/07dae813.jpg
A1b55qQscTL,2560,2560,07/07a3e9c0.jpg
A1drbhRZvVL,2559,2560,07/0764a4bc.jpg
A1eLcjs-aNL,2560,2560,07/07f9550b.jpg
A1gtS0zHWfL,2526,2560,07/07801357.jpg
A1mFdRmmYDL,2500,2500,07/07be669c.jpg
A1pGFpbHMwL,2163,2560,07/07648f42.jpg
A1pLn2T7Y+L,2560,2560,07/0740e9ce.jpg
A1pgcrrZPrL,2560,2560,07/076ade67.jpg
A1pt5CembFL,1997,2560,07/079fc823.jpg
A1rQgq94buL,2141,2560,07/07f3c384.jpg
A1rUatTTJYL,2014,2560,07/07ff0d38.jpg
A1ujkvtm-iL,2019,2560,07/07c38f32.jpg
A1xFUZaVbIL,2559,2560,07/072e3410.jpg
A1yjkcg7y4L,2560,2560,07/07dec45b.jpg
B1HhbAfkcHS,2560,2467,07/072e3e42.jpg
B1L++5kWq3S,2559,2560,07/078f4923.jpg
B1T4NBPNdTS,2560,2560,07/07d99ed2.jpg
B1Ufl6al1XS,2560,2560,07/077c8b92.jpg
B1eCNsbxZoS,2559,2560,07/0701f46c.jpg
B1s6WJFhuTS,2560,2559,07/07a66ad4.jpg
